corpus_id,definition,class,scope,present,present_1sg,imperfective,perfective,imperative,infinitive,consensus_root,set_a_b,translocutive,translocutive_imp_only,partitive,distributive,distributive_fut_prog,stem_type,metathesis_strategy,metathesis_involved,ka_variant,uwa_3rd,aki_1st,3rd_person_object,multiple_explanations
4,it’s bouncing,go[inf2],full,atat,atat,atat,atatin,atat,atat,atat,a,False,False,False,False,False,vowel_a,none,False,False,False,False,False,True
4,it’s bouncing,go[perf2-inf2],full,atat,atat,atat,atat,atat,atat,atat,a,False,False,False,False,False,vowel_a,none,False,False,False,False,False,True
4,it’s bouncing,go[pres2-inf2],full,atatek,atatek,atat,atatin,atat,atat,atatek,a,False,False,False,False,False,vowel_a,none,False,False,False,False,False,True
4,it’s bouncing,go[pres2-perf2-inf2],full,atatek,atatek,atat,atat,atat,atat,atatek,a,False,False,False,False,False,vowel_a,none,False,False,False,False,False,True
5,he/she is limping,go[perf3-inf2],full,atat,atat,atat,atat,atat,atat,atat,a,False,False,False,False,False,vowel_a,none,False,False,False,False,False,True
5,he/she is limping,go[pres2-perf3-inf2],full,atatek,atatek,atat,atat,atat,atat,atatek,a,False,False,False,False,False,vowel_a,none,False,False,False,False,False,True
6,he/she is bouncing it,cause,full,atatinvt,atatinvt,atatinvt,atatinvt,atatinvt,atatinvt,atatinvt,a,False,False,False,False,False,vowel_a,none,False,False,False,False,False,True
6,he/she is bouncing it,cause[perf3],full,atatinvt,atatinvt,atatinvt,atatinvth,atatinvt,atatinvt,atatinvt,a,False,False,False,False,False,vowel_a,none,False,False,False,False,False,True
6,he/she is bouncing it,cause[pres2],full,atatinvtih,atatinvtih,atatinvt,atatinvt,atatinvt,atatinvt,atatinvtih,a,False,False,False,False,False,vowel_a,none,False,False,False,False,False,True
6,he/she is bouncing it,cause[pres2-perf3],full,atatinvtih,atatinvtih,atatinvt,atatinvth,atatinvt,atatinvt,atatinvtih,a,False,False,False,False,False,vowel_a,none,False,False,False,False,False,True
7,he/she is putting on a belt,ih-l[perf3],full,atatloh,atatloh,atatloh,atatlo,atatlo,atatlohs,atatloh,a,False,False,False,False,False,vowel_a,none,False,False,False,False,False,True
7,he/she is putting on a belt,ih-l[perf3-inf2],full,atatloh,atatloh,atatloh,atatlo,atatlo,atatlo,atatloh,a,False,False,False,False,False,vowel_a,none,False,False,False,False,False,True
7,he/she is putting on a belt,ih-l[perf3-inf3],full,atatloh,atatloh,atatloh,atatlo,atatlo,atatlo,atatloh,a,False,False,False,False,False,vowel_a,none,False,False,False,False,False,True
7,he/she is putting on a belt,ih-l[perf3-imp2],full,atatloh,atatloh,atatloh,atatlo,atatlo,atatlohs,atatloh,a,False,False,False,False,False,vowel_a,none,False,False,False,False,False,True
7,he/she is putting on a belt,ih-l[perf3-imp2-inf2],full,atatloh,atatloh,atatloh,atatlo,atatlo,atatlo,atatloh,a,False,False,False,False,False,vowel_a,none,False,False,False,False,False,True
7,he/she is putting on a belt,ih-l[perf3-imp2-inf3],full,atatloh,atatloh,atatloh,atatlo,atatlo,atatlo,atatloh,a,False,False,False,False,False,vowel_a,none,False,False,False,False,False,True
7,he/she is putting on a belt,ih-l[perf3-imp4],full,atatloh,atatloh,atatloh,atatlo,atatlok,atatlohs,atatloh,a,False,False,False,False,False,vowel_a,none,False,False,False,False,False,True
7,he/she is putting on a belt,ih-l[perf3-imp4-inf2],full,atatloh,atatloh,atatloh,atatlo,atatlok,atatlo,atatloh,a,False,False,False,False,False,vowel_a,none,False,False,False,False,False,True
7,he/she is putting on a belt,ih-l[perf3-imp4-inf3],full,atatloh,atatloh,atatloh,atatlo,atatlok,atatlo,atatloh,a,False,False,False,False,False,vowel_a,none,False,False,False,False,False,True
10,he/she is praying,cause,full,atatolihst,atatolihst,atatolihst,atatolihst,atatolihst,atatolihst,atatolihst,a,False,False,False,False,False,vowel_a,none,False,False,False,False,False,True
10,he/she is praying,cause[perf3],full,atatolihst,atatolihst,atatolihst,atatolihsth,atatolihst,atatolihst,atatolihst,a,False,False,False,False,False,vowel_a,none,False,False,False,False,False,True
10,he/she is praying,cause[pres2],full,atatolihstih,atatolihstih,atatolihst,atatolihst,atatolihst,atatolihst,atatolihstih,a,False,False,False,False,False,vowel_a,none,False,False,False,False,False,True
10,he/she is praying,cause[pres2-perf3],full,atatolihstih,atatolihstih,atatolihst,atatolihsth,atatolihst,atatolihst,atatolihstih,a,False,False,False,False,False,vowel_a,none,False,False,False,False,False,True
16,he/she is fanning himself/herself,apl-active,full,atanhoy,atanoy,atanhoy,atanhoy,atanhoy,atanhoy,atanhoy,a,False,False,False,False,False,vowel_a,none,False,False,False,False,False,True
16,he/she is fanning himself/herself,apl-active[inf2],full,atanhoy,atanoy,atanhoy,atanhoy,atanhoy,atanhoye,atanhoy,a,False,False,False,False,False,vowel_a,none,False,False,False,False,False,True
16,he/she is fanning himself/herself,apl-active[imp2],full,atanhoy,atanoy,atanhoy,atanhoy,atanhoyvl,atanhoy,atanhoy,a,False,False,False,False,False,vowel_a,none,False,False,False,False,False,True
16,he/she is fanning himself/herself,apl-active[imp2-inf2],full,atanhoy,atanoy,atanhoy,atanhoy,atanhoyvl,atanhoye,atanhoy,a,False,False,False,False,False,vowel_a,none,False,False,False,False,False,True
18,he/she is visiting,go-around,full,atawhahthvhit,atawahthvhit,atawhahthvhit,atawhahthvhit,atawhahthvhit,atawhahthvhit,atawhahthvhit,a,False,False,False,False,False,vowel_a,none,False,False,False,False,False,True
19,he/she is stretching,cause,full,atayhahst,atayahst,atayhahst,atayhahst,atayhahst,atayhahst,atayhahst,a,False,False,False,False,False,vowel_a,none,False,False,False,False,False,True
19,he/she is stretching,cause[perf3],full,atayhahst,atayahst,atayhahst,atayhahsth,atayhahst,atayhahst,atayhahst,a,False,False,False,False,False,vowel_a,none,False,False,False,False,False,True
19,he/she is stretching,cause[pres2],full,atayhahstih,atayahstih,atayhahst,atayhahst,atayhahst,atayhahst,atayhahstih,a,False,False,False,False,False,vowel_a,none,False,False,False,False,False,True
19,he/she is stretching,cause[pres2-perf3],full,atayhahstih,atayahstih,atayhahst,atayhahsth,atayhahst,atayhahst,atayhahstih,a,False,False,False,False,False,vowel_a,none,False,False,False,False,False,True
21,he/she is denying him/her,ih-l,full,atayh,ata'y,atayh,atayh,atayi,atayhs,atayh,a,False,False,False,False,False,vowel_a,none,False,False,False,False,True,True
21,he/she is denying him/her,ih-l[inf2],full,atayh,ata'y,atayh,atayh,atayi,atay,atayh,a,False,False,False,False,False,vowel_a,none,False,False,False,False,True,True
21,he/she is denying him/her,ih-l[inf3],full,atayh,ata'y,atayh,atayh,atayi,atay,atayh,a,False,False,False,False,False,vowel_a,none,False,False,False,False,True,True
21,he/she is denying him/her,ih-l[imp2],full,atayh,ata'y,atayh,atayh,atayi,atayhs,atayh,a,False,False,False,False,False,vowel_a,none,False,False,False,False,True,True
21,he/she is denying him/her,ih-l[imp2-inf2],full,atayh,ata'y,atayh,atayh,atayi,atay,atayh,a,False,False,False,False,False,vowel_a,none,False,False,False,False,True,True
21,he/she is denying him/her,ih-l[imp2-inf3],full,atayh,ata'y,atayh,atayh,atayi,atay,atayh,a,False,False,False,False,False,vowel_a,none,False,False,False,False,True,True
21,he/she is denying him/her,ih-l[imp4],full,atayh,ata'y,atayh,atayh,atayik,atayhs,atayh,a,False,False,False,False,False,vowel_a,none,False,False,False,False,True,True
21,he/she is denying him/her,ih-l[imp4-inf2],full,atayh,ata'y,atayh,atayh,atayik,atay,atayh,a,False,False,False,False,False,vowel_a,none,False,False,False,False,True,True
21,he/she is denying him/her,ih-l[imp4-inf3],full,atayh,ata'y,atayh,atayh,atayik,atay,atayh,a,False,False,False,False,False,vowel_a,none,False,False,False,False,True,True
21,he/she is denying him/her,ih-l[imp6],full,atayh,ata'y,atayh,atayh,atay,atayhs,atayh,a,False,False,False,False,False,vowel_a,none,False,False,False,False,True,True
21,he/she is denying him/her,ih-l[imp6-inf2],full,atayh,ata'y,atayh,atayh,atay,atay,atayh,a,False,False,False,False,False,vowel_a,none,False,False,False,False,True,True
21,he/she is denying him/her,ih-l[imp6-inf3],full,atayh,ata'y,atayh,atayh,atay,atay,atayh,a,False,False,False,False,False,vowel_a,none,False,False,False,False,True,True
21,he/she is denying him/her,ih-l[perf2],full,atayh,ata'y,atayh,atayhi,atayi,atayhs,atayh,a,False,False,False,False,False,vowel_a,none,False,False,False,False,True,True
21,he/she is denying him/her,ih-l[perf2-inf2],full,atayh,ata'y,atayh,atayhi,atayi,atay,atayh,a,False,False,False,False,False,vowel_a,none,False,False,False,False,True,True
21,he/she is denying him/her,ih-l[perf2-inf3],full,atayh,ata'y,atayh,atayhi,atayi,atay,atayh,a,False,False,False,False,False,vowel_a,none,False,False,False,False,True,True
21,he/she is denying him/her,ih-l[perf2-imp2],full,atayh,ata'y,atayh,atayhi,atayi,atayhs,atayh,a,False,False,False,False,False,vowel_a,none,False,False,False,False,True,True
21,he/she is denying him/her,ih-l[perf2-imp2-inf2],full,atayh,ata'y,atayh,atayhi,atayi,atay,atayh,a,False,False,False,False,False,vowel_a,none,False,False,False,False,True,True
21,he/she is denying him/her,ih-l[perf2-imp2-inf3],full,atayh,ata'y,atayh,atayhi,atayi,atay,atayh,a,False,False,False,False,False,vowel_a,none,False,False,False,False,True,True
21,he/she is denying him/her,ih-l[perf2-imp4],full,atayh,ata'y,atayh,atayhi,atayik,atayhs,atayh,a,False,False,False,False,False,vowel_a,none,False,False,False,False,True,True
21,he/she is denying him/her,ih-l[perf2-imp4-inf2],full,atayh,ata'y,atayh,atayhi,atayik,atay,atayh,a,False,False,False,False,False,vowel_a,none,False,False,False,False,True,True
21,he/she is denying him/her,ih-l[perf2-imp4-inf3],full,atayh,ata'y,atayh,atayhi,atayik,atay,atayh,a,False,False,False,False,False,vowel_a,none,False,False,False,False,True,True
21,he/she is denying him/her,ih-l[perf2-imp6],full,atayh,ata'y,atayh,atayhi,atay,atayhs,atayh,a,False,False,False,False,False,vowel_a,none,False,False,False,False,True,True
21,he/she is denying him/her,ih-l[perf2-imp6-inf2],full,atayh,ata'y,atayh,atayhi,atay,atay,atayh,a,False,False,False,False,False,vowel_a,none,False,False,False,False,True,True
21,he/she is denying him/her,ih-l[perf2-imp6-inf3],full,atayh,ata'y,atayh,atayhi,atay,atay,atayh,a,False,False,False,False,False,vowel_a,none,False,False,False,False,True,True
22,he/she is committing adultery,apl[imp5],full,atayhon,atayon,atayhon,atayhon,atayhon,atayhon,atayhon,a,False,False,False,False,False,vowel_a,none,False,False,False,False,False,True
25,it’s ripping,ih-vh,full,atatsakal,atatsakal,atatsakal,atatsakal,atatsakal,atatsakal,atatsakal,a,False,False,False,False,False,vowel_a,none,False,False,False,False,False,True
25,it’s ripping,ih-vh[inf3],full,atatsakal,atatsakal,atatsakal,atatsakal,atatsakal,atatsaka,atatsakal,a,False,False,False,False,False,vowel_a,none,False,False,False,False,False,True
27,he/she is looking at himself/herself in a mirror,apl-active,full,atakh,atakh,atakh,atakh,atakh,atakh,atakh,a,False,False,False,False,False,vowel_a,none,False,False,False,False,False,True
27,he/she is looking at himself/herself in a mirror,apl-active[inf2],full,atakh,atakh,atakh,atakh,atakh,atakhe,atakh,a,False,False,False,False,False,vowel_a,none,False,False,False,False,False,True
27,he/she is looking at himself/herself in a mirror,apl-active[imp2],full,atakh,atakh,atakh,atakh,atakhvl,atakh,atakh,a,False,False,False,False,False,vowel_a,none,False,False,False,False,False,True
27,he/she is looking at himself/herself in a mirror,apl-active[imp2-inf2],full,atakh,atakh,atakh,atakh,atakhvl,atakhe,atakh,a,False,False,False,False,False,vowel_a,none,False,False,False,False,False,True
29,it’s beginning,ih-vh,full,talen,,talen,talen,,talen,talen,a,False,False,False,False,False,con,none,False,False,False,False,False,True
29,it’s beginning,aspectless,full,talenih,,talenihsk,talenvh,,talen,talenih,a,False,False,False,False,False,con,none,False,False,False,False,False,True
30,he/she is shopping,sk-h[imp3],full,atananehsvhv,atananehsvhv,atananehsvhv,atananehsvn,atananehsvhvka,atananehsvhv,atananehsvhv,a,False,False,False,False,False,vowel_a,none,False,False,False,False,False,True
30,he/she is shopping,hvsk[inf3],full,atananehsv,atananehsv,atananehsv,atananehsv,atananehsv,atananehsv,atananehsv,a,False,False,False,False,False,vowel_a,none,False,False,False,False,False,True
30,he/she is shopping,episodic[inf2],full,atananehs,atananehs,atananehs,atananehs,atananehs,atananehs,atananehs,a,False,False,False,False,False,vowel_a,none,False,False,False,False,False,True
32,he/she is taking off running,cause,full,atanawhst,atanawhst,atanawhst,atanawhst,atanawhst,atanawhst,atanawhst,a,False,False,False,False,False,vowel_a,none,False,False,False,False,False,True
32,he/she is taking off running,cause[perf3],full,atanawhst,atanawhst,atanawhst,atanawhsth,atanawhst,atanawhst,atanawhst,a,False,False,False,False,False,vowel_a,none,False,False,False,False,False,True
32,he/she is taking off running,cause[pres2],full,atanawhstih,atanawhstih,atanawhst,atanawhst,atanawhst,atanawhst,atanawhstih,a,False,False,False,False,False,vowel_a,none,False,False,False,False,False,True
32,he/she is taking off running,cause[pres2-perf3],full,atanawhstih,atanawhstih,atanawhst,atanawhsth,atanawhst,atanawhst,atanawhstih,a,False,False,False,False,False,vowel_a,none,False,False,False,False,False,True
33,he/she is changing,glottal-sk[perf2],full,atanetliyv,atanetliyv,atanetliyv,atanetliyvhs,atanetliyvna,atanetliyv,atanetliyv,a,False,False,False,False,False,vowel_a,none,False,False,False,False,False,True
33,he/she is changing,glottal-sk[perf2-inf2],full,atanetliyv,atanetliyv,atanetliyv,atanetliyvhs,atanetliyvna,atanetliyv,atanetliyv,a,False,False,False,False,False,vowel_a,none,False,False,False,False,False,True
33,he/she is changing,change,full,atanetliy,atanetliy,atanetliy,atanetliy,atanetliy,atanetliy,atanetliy,a,False,False,False,False,False,vowel_a,none,False,False,False,False,False,True
34,he/she is taking turns with him/her,cause,full,atanetliyvhst,atanetliyvhst,atanetliyvhst,atanetliyvhst,atanetliyvhst,atanetliyvhst,atanetliyvhst,a,False,False,False,False,False,vowel_a,none,False,False,False,False,False,True
34,he/she is taking turns with him/her,cause[perf3],full,atanetliyvhst,atanetliyvhst,atanetliyvhst,atanetliyvhsth,atanetliyvhst,atanetliyvhst,atanetliyvhst,a,False,False,False,False,False,vowel_a,none,False,False,False,False,False,True
34,he/she is taking turns with him/her,cause[pres2],full,atanetliyvhstih,atanetliyvhstih,atanetliyvhst,atanetliyvhst,atanetliyvhst,atanetliyvhst,atanetliyvhstih,a,False,False,False,False,False,vowel_a,none,False,False,False,False,False,True
34,he/she is taking turns with him/her,cause[pres2-perf3],full,atanetliyvhstih,atanetliyvhstih,atanetliyvhst,atanetliyvhsth,atanetliyvhst,atanetliyvhst,atanetliyvhstih,a,False,False,False,False,False,vowel_a,none,False,False,False,False,False,True
39,he/she is thinking,apl-active[perf2],full,atanhth,atanvth,atanhth,atanhth,atanhth,atanhth,atanhth,a,False,False,False,False,False,vowel_a,none,False,False,False,False,False,True
39,he/she is thinking,apl-active[perf2-inf2],full,atanhth,atanvth,atanhth,atanhth,atanhth,atanhthe,atanhth,a,False,False,False,False,False,vowel_a,none,False,False,False,False,False,True
39,he/she is thinking,apl-active[perf2-imp2],full,atanhth,atanvth,atanhth,atanhth,atanhthvl,atanhth,atanhth,a,False,False,False,False,False,vowel_a,none,False,False,False,False,False,True
39,he/she is thinking,apl-active[perf2-imp2-inf2],full,atanhth,atanvth,atanhth,atanhth,atanhthvl,atanhthe,atanhth,a,False,False,False,False,False,vowel_a,none,False,False,False,False,False,True
41,he/she is pondering,glottal-sk,full,atanhthehilo,atanvthehilo,atanhthehilo,atanhthehilo,atanhthehilotsa,atanhthehilo,atanhthehilo,a,False,False,False,False,False,vowel_a,none,False,False,False,False,False,True
41,he/she is pondering,glottal-sk[inf2],full,atanhthehilo,atanvthehilo,atanhthehilo,atanhthehilo,atanhthehilotsa,atanhthehilo,atanhthehilo,a,False,False,False,False,False,vowel_a,none,False,False,False,False,False,True
41,he/she is pondering,glottal-sk[perf2],full,atanhthehilo,atanvthehilo,atanhthehilo,atanhthehilo',atanhthehilotsa,atanhthehilo,atanhthehilo,a,False,False,False,False,False,vowel_a,none,False,False,False,False,False,True
41,he/she is pondering,glottal-sk[perf2-inf2],full,atanhthehilo,atanvthehilo,atanhthehilo,atanhthehilo',atanhthehilotsa,atanhthehilo,atanhthehilo,a,False,False,False,False,False,vowel_a,none,False,False,False,False,False,True
41,he/she is pondering,o,full,atanhthehil,atanvthehil,atanhthehil,atanhthehil,atanhthehil,atanhthehil,atanhthehil,a,False,False,False,False,False,vowel_a,none,False,False,False,False,False,True
43,he/she is crawling,go[pres2],full,atanhsin,atanahsin,atanhsin,atanhsin,atanhsin,atanhsin,atanhsin,a,False,False,False,False,False,vowel_a,none,False,False,False,False,False,True
43,he/she is crawling,go[pres2-perf2],full,atanhsin,atanahsin,atanhsin,atanhs,atanhsin,atanhsin,atanhsin,a,False,False,False,False,False,vowel_a,none,False,False,False,False,False,True
44,it’s twisting,around,full,atanuthey,atanuthey,atanuthey,atanuthey,atanuthey,atanuthey,atanuthey,a,False,False,False,False,False,vowel_a,none,False,False,False,False,False,True
44,it’s twisting,around[imp2],full,atanuthey,atanuthey,atanuthey,atanuthey,atanutheya,atanuthey,atanuthey,a,False,False,False,False,False,vowel_a,none,False,False,False,False,False,True
44,it’s twisting,around[imp3],full,atanuthey,atanuthey,atanuthey,atanuthey,atanuthey,atanuthey,atanuthey,a,False,False,False,False,False,vowel_a,none,False,False,False,False,False,True
46,he/she is ordering it,sk-s[imp2-inf2],full,atanv,atanv,atanv,atanv,atanvl,atanv,atanv,a,False,False,False,False,False,vowel_a,none,False,False,False,False,False,True
46,he/she is ordering it,sk-s[imp4-inf2],full,atanv,atanv,atanv,atanv,atanvl,atanv,atanv,a,False,False,False,False,False,vowel_a,none,False,False,False,False,False,True
46,he/she is ordering it,sk-s[imp5-inf2],full,atanv,atanv,atanv,atanv,atanv,atanv,atanv,a,False,False,False,False,False,vowel_a,none,False,False,False,False,False,True
46,he/she is ordering it,sk-s[imp3-inf2],full,atanv,atanv,atanv,atanv,atanvla,atanv,atanv,a,False,False,False,False,False,vowel_a,none,False,False,False,False,False,True
48,he/she is cooking a meal,hvsk,full,atahstayv,atahstayv,atahstayv,atahstayv,atahstayv,atahstay,atahstayv,a,False,False,False,False,False,vowel_a,none,False,False,False,False,False,True
48,he/she is cooking a meal,hvsk[inf2],full,atahstayv,atahstayv,atahstayv,atahstayv,atahstayv,atahstay,atahstayv,a,False,False,False,False,False,vowel_a,none,False,False,False,False,False,True
48,he/she is cooking a meal,episodic,full,atahstay,atahstay,atahstay,atahstay,atahstay,atahstay,atahstay,a,False,False,False,False,False,vowel_a,none,False,False,False,False,False,True
51,it’s burning,glottal-sk[perf2],full,atawelaki,atawelaki,atawelaki,atawelak,atawelaka,atawelaki,atawelaki,a,False,False,False,False,False,vowel_a,none,False,False,False,False,False,True
51,it’s burning,glottal-sk[perf2-inf2],full,atawelaki,atawelaki,atawelaki,atawelak,atawelaka,atawelaki,atawelaki,a,False,False,False,False,False,vowel_a,none,False,False,False,False,False,True
51,it’s burning,eat,full,atawelak,atawelak,atawelak,atawelak,atawelak,atawelak,atawelak,a,False,False,False,False,False,vowel_a,none,False,False,False,False,False,True
54,he/she is resting,cause,full,atawehsolvhst,atawehsolvhst,atawehsolvhst,atawehsolvhst,atawehsolvhst,atawehsolvhst,atawehsolvhst,a,False,False,False,False,False,vowel_a,none,False,False,False,False,False,True
54,he/she is resting,cause[perf3],full,atawehsolvhst,atawehsolvhst,atawehsolvhst,atawehsolvhsth,atawehsolvhst,atawehsolvhst,atawehsolvhst,a,False,False,False,False,False,vowel_a,none,False,False,False,False,False,True
54,he/she is resting,cause[pres2],full,atawehsolvhstih,atawehsolvhstih,atawehsolvhst,atawehsolvhst,atawehsolvhst,atawehsolvhst,atawehsolvhstih,a,False,False,False,False,False,vowel_a,none,False,False,False,False,False,True
54,he/she is resting,cause[pres2-perf3],full,atawehsolvhstih,atawehsolvhstih,atawehsolvhst,atawehsolvhsth,atawehsolvhst,atawehsolvhst,atawehsolvhstih,a,False,False,False,False,False,vowel_a,none,False,False,False,False,False,True
56,he/she is bathing,glottal-sk,full,atawo,atawo,atawo,atawo,atawotsa,atawo,atawo,a,False,False,False,False,False,vowel_a,none,False,False,False,False,False,True
56,he/she is bathing,glottal-sk[inf2],full,atawo,atawo,atawo,atawo,atawotsa,atawo,atawo,a,False,False,False,False,False,vowel_a,none,False,False,False,False,False,True
56,he/she is bathing,glottal-sk[perf2],full,atawo,atawo,atawo,atawo',atawotsa,atawo,atawo,a,False,False,False,False,False,vowel_a,none,False,False,False,False,False,True
56,he/she is bathing,glottal-sk[perf2-inf2],full,atawo,atawo,atawo,atawo',atawotsa,atawo,atawo,a,False,False,False,False,False,vowel_a,none,False,False,False,False,False,True
56,he/she is bathing,o,full,ataw,ataw,ataw,ataw,ataw,ataw,ataw,a,False,False,False,False,False,vowel_a,none,False,False,False,False,False,True
59,he/she is giving him/her it,apl,full,t,t,t,t,ti,t,t,a,False,False,False,False,False,con,none,False,False,False,False,False,True
59,he/she is giving him/her it,apl[imp2],full,t,t,t,t,ti,t,t,a,False,False,False,False,False,con,none,False,False,False,False,False,True
59,he/she is giving him/her it,apl[imp3],full,t,t,t,t,ti,t,t,a,False,False,False,False,False,con,none,False,False,False,False,False,True
59,he/she is giving him/her it,apl[imp4],full,t,t,t,t,t,t,t,a,False,False,False,False,False,con,none,False,False,False,False,False,True
60,he/she is learning,glottal-sk,full,atelhohkwa,atelohkwa,atelhohkwa,atelhohkwa,atelhohkwa,atelhohkwa,atelhohkwa,a,False,False,False,False,False,vowel_a,none,False,False,False,False,False,True
60,he/she is learning,glottal-sk[inf2],full,atelhohkwa,atelohkwa,atelhohkwa,atelhohkwa,atelhohkwa,atelhohkwa,atelhohkwa,a,False,False,False,False,False,vowel_a,none,False,False,False,False,False,True
60,he/she is learning,glottal-sk[perf2],full,atelhohkwa,atelohkwa,atelhohkwa,atelhohkwa',atelhohkwa,atelhohkwa,atelhohkwa,a,False,False,False,False,False,vowel_a,none,False,False,False,False,False,True
60,he/she is learning,glottal-sk[perf2-inf2],full,atelhohkwa,atelohkwa,atelhohkwa,atelhohkwa',atelhohkwa,atelhohkwa,atelhohkwa,a,False,False,False,False,False,vowel_a,none,False,False,False,False,False,True
61,he/she is embarrassing him/her,cause,full,atehohihst,ate'ohihst,atehohihst,atehohihst,ate'ohihst,atehohihst,atehohihst,a,False,False,False,False,False,vowel_a,none,False,False,False,False,True,True
61,he/she is embarrassing him/her,cause[perf3],full,atehohihst,ate'ohihst,atehohihst,atehohihsth,ate'ohihst,atehohihst,atehohihst,a,False,False,False,False,False,vowel_a,none,False,False,False,False,True,True
61,he/she is embarrassing him/her,cause[pres2],full,atehohihstih,ate'ohihstih,atehohihst,atehohihst,ate'ohihst,atehohihst,atehohihstih,a,False,False,False,False,False,vowel_a,none,False,False,False,False,True,True
61,he/she is embarrassing him/her,cause[pres2-perf3],full,atehohihstih,ate'ohihstih,atehohihst,atehohihsth,ate'ohihst,atehohihst,atehohihstih,a,False,False,False,False,False,vowel_a,none,False,False,False,False,True,True
62,he/she is embarrassed,sk-s,full,ateho,ate'o,ateho,ateho,ateho,ateho,ateho,a,False,False,False,False,False,vowel_a,none,False,False,False,False,False,True
62,he/she is embarrassed,sk-s[inf2],full,ateho,ate'o,ateho,ateho,ateho,atehohi,ateho,a,False,False,False,False,False,vowel_a,none,False,False,False,False,False,True
62,he/she is embarrassed,sk-s[inf3],full,ateho,ate'o,ateho,ateho,ateho,atehoh,ateho,a,False,False,False,False,False,vowel_a,none,False,False,False,False,False,True
62,he/she is embarrassed,sk-s[imp3],full,ateho,ate'o,ateho,ateho,atehohi,ateho,ateho,a,False,False,False,False,False,vowel_a,none,False,False,False,False,False,True
62,he/she is embarrassed,sk-s[imp3-inf2],full,ateho,ate'o,ateho,ateho,atehohi,atehohi,ateho,a,False,False,False,False,False,vowel_a,none,False,False,False,False,False,True
62,he/she is embarrassed,sk-s[imp3-inf3],full,ateho,ate'o,ateho,ateho,atehohi,atehoh,ateho,a,False,False,False,False,False,vowel_a,none,False,False,False,False,False,True
63,he/she is being born,hvsk,full,ate,ate,ate,ate,ate,ate,ate,a,False,False,False,False,False,vowel_a,none,False,False,False,False,False,True
63,he/she is being born,hvsk[inf2],full,ate,ate,ate,ate,ate,ate,ate,a,False,False,False,False,False,vowel_a,none,False,False,False,False,False,True
67,he/she is finding it out,sk-s,full,ateloho,atelo'o,ateloho,ateloho,ateloho,ateloho,ateloho,a,False,False,False,False,False,vowel_a,none,False,False,False,False,False,True
67,he/she is finding it out,sk-s[inf2],full,ateloho,atelo'o,ateloho,ateloho,ateloho,atelohohi,ateloho,a,False,False,False,False,False,vowel_a,none,False,False,False,False,False,True
67,he/she is finding it out,sk-s[inf3],full,ateloho,atelo'o,ateloho,ateloho,ateloho,atelohoh,ateloho,a,False,False,False,False,False,vowel_a,none,False,False,False,False,False,True
67,he/she is finding it out,sk-s[imp3],full,ateloho,atelo'o,ateloho,ateloho,atelohohi,ateloho,ateloho,a,False,False,False,False,False,vowel_a,none,False,False,False,False,False,True
67,he/she is finding it out,sk-s[imp3-inf2],full,ateloho,atelo'o,ateloho,ateloho,atelohohi,atelohohi,ateloho,a,False,False,False,False,False,vowel_a,none,False,False,False,False,False,True
67,he/she is finding it out,sk-s[imp3-inf3],full,ateloho,atelo'o,ateloho,ateloho,atelohohi,atelohoh,ateloho,a,False,False,False,False,False,vowel_a,none,False,False,False,False,False,True
69,he/she is diving,v'vsk,full,ateth,atet,ateth,atethi,ateth,ateth,ateth,a,False,False,False,False,False,vowel_a,none,False,False,False,False,False,True
70,he/she is going around a curve,around[inf2],full,atey,atey,atey,atey,atey,atey,atey,a,False,False,False,False,False,vowel_a,none,False,False,False,False,False,True
70,he/she is going around a curve,around[inf3],full,atey,atey,atey,atey,atey,atey,atey,a,False,False,False,False,False,vowel_a,none,False,False,False,False,False,True
70,he/she is going around a curve,around[imp2-inf2],full,atey,atey,atey,atey,ateya,atey,atey,a,False,False,False,False,False,vowel_a,none,False,False,False,False,False,True
70,he/she is going around a curve,around[imp2-inf3],full,atey,atey,atey,atey,ateya,atey,atey,a,False,False,False,False,False,vowel_a,none,False,False,False,False,False,True
70,he/she is going around a curve,around[imp3-inf2],full,atey,atey,atey,atey,atey,atey,atey,a,False,False,False,False,False,vowel_a,none,False,False,False,False,False,True
70,he/she is going around a curve,around[imp3-inf3],full,atey,atey,atey,atey,atey,atey,atey,a,False,False,False,False,False,vowel_a,none,False,False,False,False,False,True
72,he/she is laying it down,eat,full,t,t,t,t,t,t,t,a,False,False,False,False,False,con,none,False,False,False,False,False,True
73,he/she is rising,ih-vh,full,atit,atit,atit,atit,atit,atit,atit,a,False,False,False,False,False,vowel_a,none,False,False,False,False,False,True
74,he/she is scattering it,glottal-sk[perf2],full,atikaleya,atikaleya,atikaleya,atikaley,atikaleya,atikaleya,atikaleya,a,False,False,False,False,False,vowel_a,none,False,False,False,False,False,True
74,he/she is scattering it,glottal-sk[perf2-inf2],full,atikaleya,atikaleya,atikaleya,atikaley,atikaleya,atikaleya,atikaleya,a,False,False,False,False,False,vowel_a,none,False,False,False,False,False,True
75,it’s scattering,become,full,tikaleyo,,tikaleyo,tikaleyo,,tikaleyoy,tikaleyo,a,False,False,False,False,False,con,none,False,False,False,False,False,True
75,it’s scattering,become[inf3],full,tikaleyo,,tikaleyo,tikaleyo,,tikaleyo,tikaleyo,a,False,False,False,False,False,con,none,False,False,False,False,False,True
76,he/she is spinning,around[inf2],full,atikwalvtey,atikwalvtey,atikwalvtey,atikwalvtey,atikwalvtey,atikwalvtey,atikwalvtey,a,False,False,False,False,False,vowel_a,none,False,False,False,False,False,True
76,he/she is spinning,around[inf3],full,atikwalvtey,atikwalvtey,atikwalvtey,atikwalvtey,atikwalvtey,atikwalvtey,atikwalvtey,a,False,False,False,False,False,vowel_a,none,False,False,False,False,False,True
76,he/she is spinning,around[imp2-inf2],full,atikwalvtey,atikwalvtey,atikwalvtey,atikwalvtey,atikwalvteya,atikwalvtey,atikwalvtey,a,False,False,False,False,False,vowel_a,none,False,False,False,False,False,True
76,he/she is spinning,around[imp2-inf3],full,atikwalvtey,atikwalvtey,atikwalvtey,atikwalvtey,atikwalvteya,atikwalvtey,atikwalvtey,a,False,False,False,False,False,vowel_a,none,False,False,False,False,False,True
76,he/she is spinning,around[imp3-inf2],full,atikwalvtey,atikwalvtey,atikwalvtey,atikwalvtey,atikwalvtey,atikwalvtey,atikwalvtey,a,False,False,False,False,False,vowel_a,none,False,False,False,False,False,True
76,he/she is spinning,around[imp3-inf3],full,atikwalvtey,atikwalvtey,atikwalvtey,atikwalvtey,atikwalvtey,atikwalvtey,atikwalvtey,a,False,False,False,False,False,vowel_a,none,False,False,False,False,False,True
77,he/she is saying it,ih-vnh,full,at,at,at,at,at,at,at,a,False,False,False,False,False,vowel_a,none,False,False,False,False,False,True
78,he/she is running over him/her,cause,full,atinvt,atinvt,atinvt,atinvt,atinvt,atinvt,atinvt,a,False,False,False,False,False,vowel_a,none,False,False,False,False,True,True
78,he/she is running over him/her,cause[perf3],full,atinvt,atinvt,atinvt,atinvth,atinvt,atinvt,atinvt,a,False,False,False,False,False,vowel_a,none,False,False,False,False,True,True
78,he/she is running over him/her,cause[pres2],full,atinvtih,atinvtih,atinvt,atinvt,atinvt,atinvt,atinvtih,a,False,False,False,False,False,vowel_a,none,False,False,False,False,True,True
78,he/she is running over him/her,cause[pres2-perf3],full,atinvtih,atinvtih,atinvt,atinvth,atinvt,atinvt,atinvtih,a,False,False,False,False,False,vowel_a,none,False,False,False,False,True,True
79,he/she is hiding,hvsk[perf2],full,atihskal,atihskal,atihskal,atihskal,atihskal,atihskal,atihskal,a,False,False,False,False,False,vowel_a,none,False,False,False,False,False,True
79,he/she is hiding,hvsk[perf2-inf2],full,atihskal,atihskal,atihskal,atihskal,atihskal,atihskal,atihskal,a,False,False,False,False,False,vowel_a,none,False,False,False,False,False,True
79,he/she is hiding,v'vsk,full,atihskalh,atihskalh,atihskalh,atihskalha,atihskalh,atihskalh,atihskalh,a,False,False,False,False,False,vowel_a,none,False,False,False,False,False,True
80,he/she is leaving it behind,glottal-sk[perf2],full,tihsiya,tihsiya,tihsiya,tihsiy,tihsiya,tihsiya,tihsiya,a,False,False,False,False,False,con,none,False,False,False,False,False,True
80,he/she is leaving it behind,glottal-sk[perf2-inf2],full,tihsiya,tihsiya,tihsiya,tihsiy,tihsiya,tihsiya,tihsiya,a,False,False,False,False,False,con,none,False,False,False,False,False,True
82,he/she is drinking it,sk-h,full,atitha,atitha,atitha,atitha,atit,atitha,atitha,a,False,False,False,False,False,vowel_a,none,False,False,False,False,False,True
82,he/she is drinking it,sk-h[imp3],full,atitha,atitha,atitha,atitha,atitha,atitha,atitha,a,False,False,False,False,False,vowel_a,none,False,False,False,False,False,True
85,he/she is scratching,sk-s[imp2-inf2],full,atlako,atlako,atlako,atlako,atlakol,atlako,atlako,a,False,False,False,False,False,vowel_a,none,False,False,False,False,False,True
85,he/she is scratching,sk-s[imp4-inf2],full,atlako,atlako,atlako,atlako,atlakol,atlako,atlako,a,False,False,False,False,False,vowel_a,none,False,False,False,False,False,True
85,he/she is scratching,sk-s[imp5-inf2],full,atlako,atlako,atlako,atlako,atlako,atlako,atlako,a,False,False,False,False,False,vowel_a,none,False,False,False,False,False,True
85,he/she is scratching,sk-s[imp3-inf2],full,atlako,atlako,atlako,atlako,atlakola,atlako,atlako,a,False,False,False,False,False,vowel_a,none,False,False,False,False,False,True
87,he/she is turning off the road,glottal-sk[perf2],full,atle,atle,atle,atlehs,atlaki,atle,atle,a,False,False,False,False,False,vowel_a,none,False,False,False,False,False,True
87,he/she is turning off the road,glottal-sk[perf2-inf2],full,atle,atle,atle,atlehs,atlaki,atle,atle,a,False,False,False,False,False,vowel_a,none,False,False,False,False,False,True
87,he/she is turning off the road,rev-e,full,atl,atl,atl,atl,atl,atl,atl,a,False,False,False,False,False,vowel_a,none,False,False,False,False,False,True
88,he/she is taking revenge against him/her,apl,full,atletsh,atletsh,atletsh,atletsh,atletshi,atletsh,atletsh,a,False,False,False,False,False,vowel_a,none,False,False,False,False,True,True
88,he/she is taking revenge against him/her,apl[imp2],full,atletsh,atletsh,atletsh,atletsh,atletshi,atletsh,atletsh,a,False,False,False,False,False,vowel_a,none,False,False,False,False,True,True
88,he/she is taking revenge against him/her,apl[imp3],full,atletsh,atletsh,atletsh,atletsh,atletshi,atletsh,atletsh,a,False,False,False,False,False,vowel_a,none,False,False,False,False,True,True
88,he/she is taking revenge against him/her,apl[imp4],full,atletsh,atletsh,atletsh,atletsh,atletsh,atletsh,atletsh,a,False,False,False,False,False,vowel_a,none,False,False,False,False,True,True
92,he/she is pouring liquid into a container,glottal-sk[perf2],full,tli,tli,tli,tl,tlika,tli,tli,a,False,False,False,False,False,con,none,False,False,False,False,False,True
92,he/she is pouring liquid into a container,glottal-sk[perf2-inf2],full,tli,tli,tli,tl,tlika,tli,tli,a,False,False,False,False,False,con,none,False,False,False,False,False,True
92,he/she is pouring liquid into a container,eat,full,tl,tl,tl,tl,tlik,tl,tl,a,False,False,False,False,False,con,none,False,False,False,False,False,True
94,it’s pouring into a container,become,full,tli,,tli,tli,,tliy,tli,a,False,False,False,False,False,con,none,False,False,False,False,False,True
94,it’s pouring into a container,become[inf3],full,tli,,tli,tli,,tli,tli,a,False,False,False,False,False,con,none,False,False,False,False,False,True
95,he/she is drawing a liquid out of a container,ih-vh,full,tl,tl,tl,tl,tl,tlv,tl,a,False,False,False,False,False,con,none,False,False,False,False,False,True
95,he/she is drawing a liquid out of a container,ih-vh[inf2],full,tl,tl,tl,tl,tl,tl,tl,a,False,False,False,False,False,con,none,False,False,False,False,False,True
96,he/she is pouring a liquid into a container,cause,full,tlihst,tlihst,tlihst,tlihst,tlihst,tlihst,tlihst,a,False,False,False,False,False,con,none,False,False,False,False,False,True
96,he/she is pouring a liquid into a container,cause[perf3],full,tlihst,tlihst,tlihst,tlihsth,tlihst,tlihst,tlihst,a,False,False,False,False,False,con,none,False,False,False,False,False,True
96,he/she is pouring a liquid into a container,cause[pres2],full,tlihstih,tlihstih,tlihst,tlihst,tlihst,tlihst,tlihstih,a,False,False,False,False,False,con,none,False,False,False,False,False,True
96,he/she is pouring a liquid into a container,cause[pres2-perf3],full,tlihstih,tlihstih,tlihst,tlihsth,tlihst,tlihst,tlihstih,a,False,False,False,False,False,con,none,False,False,False,False,False,True
98,he/she is crying,ih-l,full,atloyh,atloy,atloyh,atloyh,atloyh,atloyhs,atloyh,a,False,False,False,False,False,vowel_a,none,False,False,False,False,False,True
98,he/she is crying,ih-l[inf2],full,atloyh,atloy,atloyh,atloyh,atloyh,atloy,atloyh,a,False,False,False,False,False,vowel_a,none,False,False,False,False,False,True
98,he/she is crying,ih-l[inf3],full,atloyh,atloy,atloyh,atloyh,atloyh,atloy,atloyh,a,False,False,False,False,False,vowel_a,none,False,False,False,False,False,True
98,he/she is crying,ih-l[imp2],full,atloyh,atloy,atloyh,atloyh,atloyh,atloyhs,atloyh,a,False,False,False,False,False,vowel_a,none,False,False,False,False,False,True
98,he/she is crying,ih-l[imp2-inf2],full,atloyh,atloy,atloyh,atloyh,atloyh,atloy,atloyh,a,False,False,False,False,False,vowel_a,none,False,False,False,False,False,True
98,he/she is crying,ih-l[imp2-inf3],full,atloyh,atloy,atloyh,atloyh,atloyh,atloy,atloyh,a,False,False,False,False,False,vowel_a,none,False,False,False,False,False,True
98,he/she is crying,ih-l[imp4],full,atloyh,atloy,atloyh,atloyh,atloyhk,atloyhs,atloyh,a,False,False,False,False,False,vowel_a,none,False,False,False,False,False,True
98,he/she is crying,ih-l[imp4-inf2],full,atloyh,atloy,atloyh,atloyh,atloyhk,atloy,atloyh,a,False,False,False,False,False,vowel_a,none,False,False,False,False,False,True
98,he/she is crying,ih-l[imp4-inf3],full,atloyh,atloy,atloyh,atloyh,atloyhk,atloy,atloyh,a,False,False,False,False,False,vowel_a,none,False,False,False,False,False,True
98,he/she is crying,ih-l[perf2],full,atloyh,atloy,atloyh,atloyhi,atloyh,atloyhs,atloyh,a,False,False,False,False,False,vowel_a,none,False,False,False,False,False,True
98,he/she is crying,ih-l[perf2-inf2],full,atloyh,atloy,atloyh,atloyhi,atloyh,atloy,atloyh,a,False,False,False,False,False,vowel_a,none,False,False,False,False,False,True
98,he/she is crying,ih-l[perf2-inf3],full,atloyh,atloy,atloyh,atloyhi,atloyh,atloy,atloyh,a,False,False,False,False,False,vowel_a,none,False,False,False,False,False,True
98,he/she is crying,ih-l[perf2-imp2],full,atloyh,atloy,atloyh,atloyhi,atloyh,atloyhs,atloyh,a,False,False,False,False,False,vowel_a,none,False,False,False,False,False,True
98,he/she is crying,ih-l[perf2-imp2-inf2],full,atloyh,atloy,atloyh,atloyhi,atloyh,atloy,atloyh,a,False,False,False,False,False,vowel_a,none,False,False,False,False,False,True
98,he/she is crying,ih-l[perf2-imp2-inf3],full,atloyh,atloy,atloyh,atloyhi,atloyh,atloy,atloyh,a,False,False,False,False,False,vowel_a,none,False,False,False,False,False,True
98,he/she is crying,ih-l[perf2-imp4],full,atloyh,atloy,atloyh,atloyhi,atloyhk,atloyhs,atloyh,a,False,False,False,False,False,vowel_a,none,False,False,False,False,False,True
98,he/she is crying,ih-l[perf2-imp4-inf2],full,atloyh,atloy,atloyh,atloyhi,atloyhk,atloy,atloyh,a,False,False,False,False,False,vowel_a,none,False,False,False,False,False,True
98,he/she is crying,ih-l[perf2-imp4-inf3],full,atloyh,atloy,atloyh,atloyhi,atloyhk,atloy,atloyh,a,False,False,False,False,False,vowel_a,none,False,False,False,False,False,True
99,he/she is getting off,sk-s,full,atloy,atloy,atloy,atloy,atlo,atlo,atloy,a,False,False,False,False,False,vowel_a,none,False,False,False,False,False,True
99,he/she is getting off,sk-s[inf2],full,atloy,atloy,atloy,atloy,atlo,atlohi,atloy,a,False,False,False,False,False,vowel_a,none,False,False,False,False,False,True
99,he/she is getting off,sk-s[inf3],full,atloy,atloy,atloy,atloy,atlo,atloh,atloy,a,False,False,False,False,False,vowel_a,none,False,False,False,False,False,True
99,he/she is getting off,sk-s[imp3],full,atloy,atloy,atloy,atloy,atlohi,atlo,atloy,a,False,False,False,False,False,vowel_a,none,False,False,False,False,False,True
99,he/she is getting off,sk-s[imp3-inf2],full,atloy,atloy,atloy,atloy,atlohi,atlohi,atloy,a,False,False,False,False,False,vowel_a,none,False,False,False,False,False,True
99,he/she is getting off,sk-s[imp3-inf3],full,atloy,atloy,atloy,atloy,atlohi,atloh,atloy,a,False,False,False,False,False,vowel_a,none,False,False,False,False,False,True
100,he/she is bragging,sk-s[imp2],full,atlvkw,atlvkwa,atlvkw,atlvkw,atlvkwh,atlvkw,atlvkw,a,False,False,False,False,False,vowel_a,none,False,False,False,False,False,True
100,he/she is bragging,sk-s[imp2-inf2],full,atlvkw,atlvkwa,atlvkw,atlvkw,atlvkwh,atlvkwhi,atlvkw,a,False,False,False,False,False,vowel_a,none,False,False,False,False,False,True
100,he/she is bragging,sk-s[imp2-inf3],full,atlvkw,atlvkwa,atlvkw,atlvkw,atlvkwh,atlvkwh,atlvkw,a,False,False,False,False,False,vowel_a,none,False,False,False,False,False,True
100,he/she is bragging,sk-s[imp4],full,atlvkw,atlvkwa,atlvkw,atlvkw,atlvkwh,atlvkw,atlvkw,a,False,False,False,False,False,vowel_a,none,False,False,False,False,False,True
100,he/she is bragging,sk-s[imp4-inf2],full,atlvkw,atlvkwa,atlvkw,atlvkw,atlvkwh,atlvkwhi,atlvkw,a,False,False,False,False,False,vowel_a,none,False,False,False,False,False,True
100,he/she is bragging,sk-s[imp4-inf3],full,atlvkw,atlvkwa,atlvkw,atlvkw,atlvkwh,atlvkwh,atlvkw,a,False,False,False,False,False,vowel_a,none,False,False,False,False,False,True
100,he/she is bragging,sk-s[imp6],full,atlvkw,atlvkwa,atlvkw,atlvkw,atlvkw,atlvkw,atlvkw,a,False,False,False,False,False,vowel_a,none,False,False,False,False,False,True
100,he/she is bragging,sk-s[imp6-inf2],full,atlvkw,atlvkwa,atlvkw,atlvkw,atlvkw,atlvkwhi,atlvkw,a,False,False,False,False,False,vowel_a,none,False,False,False,False,False,True
100,he/she is bragging,sk-s[imp6-inf3],full,atlvkw,atlvkwa,atlvkw,atlvkw,atlvkw,atlvkwh,atlvkw,a,False,False,False,False,False,vowel_a,none,False,False,False,False,False,True
100,he/she is bragging,sk-s[imp3],full,atlvkw,atlvkwa,atlvkw,atlvkw,atlvkwha,atlvkw,atlvkw,a,False,False,False,False,False,vowel_a,none,False,False,False,False,False,True
100,he/she is bragging,sk-s[imp3-inf2],full,atlvkw,atlvkwa,atlvkw,atlvkw,atlvkwha,atlvkwhi,atlvkw,a,False,False,False,False,False,vowel_a,none,False,False,False,False,False,True
100,he/she is bragging,sk-s[imp3-inf3],full,atlvkw,atlvkwa,atlvkw,atlvkw,atlvkwha,atlvkwh,atlvkw,a,False,False,False,False,False,vowel_a,none,False,False,False,False,False,True
101,he/she is catching up with him/her,sk-h,full,atlvtha,atlvtha,atlvtha,atlvtha,atlvt,atlvtha,atlvtha,a,False,False,False,False,False,vowel_a,none,False,False,False,False,True,True
101,he/she is catching up with him/her,sk-h[imp3],full,atlvtha,atlvtha,atlvtha,atlvtha,atlvtha,atlvtha,atlvtha,a,False,False,False,False,False,vowel_a,none,False,False,False,False,True,True
107,he/she is acting silly,ih-vnh,full,atvnel,atvnel,atvnel,atvnel,atvnel,atvnel,atvnel,a,False,False,False,False,False,vowel_a,none,False,False,False,False,False,True
109,he/she is preparing it,cause,full,atvnv'ihst,atvnv'ihst,atvnv'ihst,atvnv'ihst,atvnv'ihst,atvnv'ihst,atvnv'ihst,a,False,False,False,False,False,vowel_a,none,False,False,False,False,False,True
109,he/she is preparing it,cause[perf3],full,atvnv'ihst,atvnv'ihst,atvnv'ihst,atvnv'ihsth,atvnv'ihst,atvnv'ihst,atvnv'ihst,a,False,False,False,False,False,vowel_a,none,False,False,False,False,False,True
109,he/she is preparing it,cause[pres2],full,atvnv'ihstih,atvnv'ihstih,atvnv'ihst,atvnv'ihst,atvnv'ihst,atvnv'ihst,atvnv'ihstih,a,False,False,False,False,False,vowel_a,none,False,False,False,False,False,True
109,he/she is preparing it,cause[pres2-perf3],full,atvnv'ihstih,atvnv'ihstih,atvnv'ihst,atvnv'ihsth,atvnv'ihst,atvnv'ihst,atvnv'ihstih,a,False,False,False,False,False,vowel_a,none,False,False,False,False,False,True
115,he/she is licking it,glottal-sk[perf2],full,kanati,kanati,kanati,kanat,kanata,kanati,kanati,a,False,False,False,False,False,con,none,False,False,False,False,False,True
115,he/she is licking it,glottal-sk[perf2-inf2],full,kanati,kanati,kanati,kanat,kanata,kanati,kanati,a,False,False,False,False,False,con,none,False,False,False,False,False,True
115,he/she is licking it,eat,full,kanat,kanat,kanat,kanat,kanat,kanat,kanat,a,False,False,False,False,False,con,none,False,False,False,False,False,True
117,he/she is warming it,cause,full,kanawht,kanawot,kanawht,kanawht,kanawht,kanawht,kanawht,a,False,False,False,False,False,con,none,False,False,False,False,False,True
117,he/she is warming it,cause[perf3],full,kanawht,kanawot,kanawht,kanawhth,kanawht,kanawht,kanawht,a,False,False,False,False,False,con,none,False,False,False,False,False,True
117,he/she is warming it,cause[pres2],full,kanawhtih,kanawotih,kanawht,kanawht,kanawht,kanawht,kanawhtih,a,False,False,False,False,False,con,none,False,False,False,False,False,True
117,he/she is warming it,cause[pres2-perf3],full,kanawhtih,kanawotih,kanawht,kanawhth,kanawht,kanawht,kanawhtih,a,False,False,False,False,False,con,none,False,False,False,False,False,True
118,it’s getting warm,sk-s[imp3],full,kanawo,,kanawo,kanawo,,kanawo,kanawo,a,False,False,False,False,False,con,none,False,False,False,False,False,True
118,it’s getting warm,sk-s[imp3-inf2],full,kanawo,,kanawo,kanawo,,kanawohi,kanawo,a,False,False,False,False,False,con,none,False,False,False,False,False,True
118,it’s getting warm,sk-s[imp3-inf3],full,kanawo,,kanawo,kanawo,,kanawoh,kanawo,a,False,False,False,False,False,con,none,False,False,False,False,False,True
119,it’s raining,aspectless,full,akahsk,,akahsk,akanhan,,akan,akahsk,a,False,False,False,False,False,vowel_a,none,False,False,False,False,False,True
127,he/she is eating it,eat,full,k,k,k,k,k,k,k,a,False,False,False,False,False,con,none,False,False,False,False,False,True
128,he/she is picking it up,glottal-sk[perf2],full,ki,ki,ki,kihs,ki,ki,ki,a,False,False,False,False,False,con,none,False,False,False,False,False,True
128,he/she is picking it up,glottal-sk[perf2-inf2],full,ki,ki,ki,kihs,ki,ki,ki,a,False,False,False,False,False,con,none,False,False,False,False,False,True
128,he/she is picking it up,rev-gi,full,,,,,,,,a,False,False,False,False,False,con,none,False,False,False,False,False,True
130,he/she is in agony,become[imp2],full,kilhiyo,kiliyo,kilhiyo,kilhiyo,kilhiyo,kilhiyo,kilhiyo,a,False,False,False,False,False,con,none,False,False,False,False,False,True
133,he/she is chewing it,glottal-sk,full,kihsto,kihsto,kihsto,kihsto,kihstotsa,kihsto,kihsto,a,False,False,False,False,False,con,none,False,False,False,False,False,True
133,he/she is chewing it,glottal-sk[inf2],full,kihsto,kihsto,kihsto,kihsto,kihstotsa,kihsto,kihsto,a,False,False,False,False,False,con,none,False,False,False,False,False,True
133,he/she is chewing it,glottal-sk[perf2],full,kihsto,kihsto,kihsto,kihsto',kihstotsa,kihsto,kihsto,a,False,False,False,False,False,con,none,False,False,False,False,False,True
133,he/she is chewing it,glottal-sk[perf2-inf2],full,kihsto,kihsto,kihsto,kihsto',kihstotsa,kihsto,kihsto,a,False,False,False,False,False,con,none,False,False,False,False,False,True
133,he/she is chewing it,o,full,kihst,kihst,kihst,kihst,kihst,kihst,kihst,a,False,False,False,False,False,con,none,False,False,False,False,False,True
135,he/she is burning him/her,cause,full,akohvhst,akohvhst,akohvhst,akohvhst,akohvhst,akohvhst,akohvhst,a,False,False,False,False,False,vowel_a,none,False,False,False,False,True,True
135,he/she is burning him/her,cause[perf3],full,akohvhst,akohvhst,akohvhst,akohvhsth,akohvhst,akohvhst,akohvhst,a,False,False,False,False,False,vowel_a,none,False,False,False,False,True,True
135,he/she is burning him/her,cause[pres2],full,akohvhstih,akohvhstih,akohvhst,akohvhst,akohvhst,akohvhst,akohvhstih,a,False,False,False,False,False,vowel_a,none,False,False,False,False,True,True
135,he/she is burning him/her,cause[pres2-perf3],full,akohvhstih,akohvhstih,akohvhst,akohvhsth,akohvhst,akohvhst,akohvhstih,a,False,False,False,False,False,vowel_a,none,False,False,False,False,True,True
136,it’s burning,sk-h,full,akohv,akohv,akohv,akon,akon,akohv,akohv,a,False,False,False,False,False,vowel_a,none,False,False,False,False,False,True
136,it’s burning,sk-h[imp3],full,akohv,akohv,akohv,akon,akonha,akohv,akohv,a,False,False,False,False,False,vowel_a,none,False,False,False,False,False,True
136,it’s burning,terminative,full,ak,ak,ak,ak,ak,ak,ak,a,False,False,False,False,False,vowel_a,none,False,False,False,False,False,True
136,it’s burning,terminative-no-o,full,ako,ako,ako,ako,ako,ako,ako,a,False,False,False,False,False,vowel_a,none,False,False,False,False,False,True
138,he/she is reading,rub,full,koliy,koliy,koliy,koliy,koliy,koliy,koliy,a,False,False,False,False,False,con,none,False,False,False,False,False,True
140,he/she is target practicing,ih-vh,full,akon,akon,akon,akon,akon,akon,akon,a,False,False,False,False,False,vowel_a,none,False,False,False,False,False,True
145,he/she is showing it to him/her,cause,full,kowhthvht,kowhthvht,kowhthvht,kowhthvht,kowhthvht,kowhthvht,kowhthvht,a,False,False,False,False,False,con,none,False,False,False,False,False,True
145,he/she is showing it to him/her,cause[perf3],full,kowhthvht,kowhthvht,kowhthvht,kowhthvhth,kowhthvht,kowhthvht,kowhthvht,a,False,False,False,False,False,con,none,False,False,False,False,False,True
145,he/she is showing it to him/her,cause[pres2],full,kowhthvhtih,kowhthvhtih,kowhthvht,kowhthvht,kowhthvht,kowhthvht,kowhthvhtih,a,False,False,False,False,False,con,none,False,False,False,False,False,True
145,he/she is showing it to him/her,cause[pres2-perf3],full,kowhthvhtih,kowhthvhtih,kowhthvht,kowhthvhth,kowhthvht,kowhthvht,kowhthvhtih,a,False,False,False,False,False,con,none,False,False,False,False,False,True
149,he/she is chopping it up,sk-h,full,kvhaluy,kv'aluy,kvhaluy,kvhaluy,kvhaluy,kvhaluy,kvhaluy,a,False,False,False,False,False,con,none,False,False,False,False,False,True
149,he/she is chopping it up,sk-h[imp3],full,kvhaluy,kv'aluy,kvhaluy,kvhaluy,kvhaluyha,kvhaluy,kvhaluy,a,False,False,False,False,False,con,none,False,False,False,False,False,True
149,he/she is chopping it up,sk-yh,full,kvhaluy,kv'aluy,kvhaluy,kvhalu,kvhalu,kvhaluy,kvhaluy,a,False,False,False,False,False,con,none,False,False,False,False,False,True
152,he/she is scolding him/her,v'vsk,full,kvhskol,kvhskol,kvhskol,kvhskolv,kvhskolv',kvhskolv,kvhskol,a,False,False,False,False,False,con,none,False,False,False,False,False,True
152,he/she is scolding him/her,v'vsk[inf2],full,kvhskol,kvhskol,kvhskol,kvhskolv,kvhskolv',kvhskol,kvhskol,a,False,False,False,False,False,con,none,False,False,False,False,False,True
152,he/she is scolding him/her,v'vsk[imp2],full,kvhskol,kvhskol,kvhskol,kvhskolv,kvhskolv,kvhskolv,kvhskol,a,False,False,False,False,False,con,none,False,False,False,False,False,True
152,he/she is scolding him/her,v'vsk[imp2-inf2],full,kvhskol,kvhskol,kvhskol,kvhskolv,kvhskolv,kvhskol,kvhskol,a,False,False,False,False,False,con,none,False,False,False,False,False,True
152,he/she is scolding him/her,v'vsk[imp3],full,kvhskol,kvhskol,kvhskol,kvhskolv,kvhskol,kvhskolv,kvhskol,a,False,False,False,False,False,con,none,False,False,False,False,False,True
152,he/she is scolding him/her,v'vsk[imp3-inf2],full,kvhskol,kvhskol,kvhskol,kvhskolv,kvhskol,kvhskol,kvhskol,a,False,False,False,False,False,con,none,False,False,False,False,False,True
152,he/she is scolding him/her,v'vsk[perf2],full,kvhskol,kvhskol,kvhskol,kvhskol,kvhskolv',kvhskolv,kvhskol,a,False,False,False,False,False,con,none,False,False,False,False,False,True
152,he/she is scolding him/her,v'vsk[perf2-inf2],full,kvhskol,kvhskol,kvhskol,kvhskol,kvhskolv',kvhskol,kvhskol,a,False,False,False,False,False,con,none,False,False,False,False,False,True
152,he/she is scolding him/her,v'vsk[perf2-imp2],full,kvhskol,kvhskol,kvhskol,kvhskol,kvhskolv,kvhskolv,kvhskol,a,False,False,False,False,False,con,none,False,False,False,False,False,True
152,he/she is scolding him/her,v'vsk[perf2-imp2-inf2],full,kvhskol,kvhskol,kvhskol,kvhskol,kvhskolv,kvhskol,kvhskol,a,False,False,False,False,False,con,none,False,False,False,False,False,True
152,he/she is scolding him/her,v'vsk[perf2-imp3],full,kvhskol,kvhskol,kvhskol,kvhskol,kvhskol,kvhskolv,kvhskol,a,False,False,False,False,False,con,none,False,False,False,False,False,True
152,he/she is scolding him/her,v'vsk[perf2-imp3-inf2],full,kvhskol,kvhskol,kvhskol,kvhskol,kvhskol,kvhskol,kvhskol,a,False,False,False,False,False,con,none,False,False,False,False,False,True
153,he/she is washing his face,glottal-sk,full,akvhskwo,akvhskwo,akvhskwo,akvhskwo,akvhskwotsa,akvhskwo,akvhskwo,a,False,False,False,False,False,vowel_a,none,False,False,False,False,False,True
153,he/she is washing his face,glottal-sk[inf2],full,akvhskwo,akvhskwo,akvhskwo,akvhskwo,akvhskwotsa,akvhskwo,akvhskwo,a,False,False,False,False,False,vowel_a,none,False,False,False,False,False,True
153,he/she is washing his face,glottal-sk[perf2],full,akvhskwo,akvhskwo,akvhskwo,akvhskwo',akvhskwotsa,akvhskwo,akvhskwo,a,False,False,False,False,False,vowel_a,none,False,False,False,False,False,True
153,he/she is washing his face,glottal-sk[perf2-inf2],full,akvhskwo,akvhskwo,akvhskwo,akvhskwo',akvhskwotsa,akvhskwo,akvhskwo,a,False,False,False,False,False,vowel_a,none,False,False,False,False,False,True
153,he/she is washing his face,o,full,akvhskw,akvhskw,akvhskw,akvhskw,akvhskw,akvhskw,akvhskw,a,False,False,False,False,False,vowel_a,none,False,False,False,False,False,True
155,he/she is diverting him/her,glottal-sk[perf2],full,haluki,'aluki,haluki,halukihs,'aluki,haluki,haluki,a,False,False,False,False,False,con,none,False,False,False,False,True,True
155,he/she is diverting him/her,glottal-sk[perf2-inf2],full,haluki,'aluki,haluki,halukihs,'aluki,haluki,haluki,a,False,False,False,False,False,con,none,False,False,False,False,True,True
155,he/she is diverting him/her,rev-gi,full,halu,'alu,halu,halu,'alu,halu,halu,a,False,False,False,False,False,con,none,False,False,False,False,True,True
158,he/she is smothering him/her,cause,full,hawohst,'awohst,hawohst,hawohst,'awohst,hawohst,hawohst,a,False,False,False,False,False,con,none,False,False,False,False,True,True
158,he/she is smothering him/her,cause[perf3],full,hawohst,'awohst,hawohst,hawohsth,'awohst,hawohst,hawohst,a,False,False,False,False,False,con,none,False,False,False,False,True,True
158,he/she is smothering him/her,cause[pres2],full,hawohstih,'awohstih,hawohst,hawohst,'awohst,hawohst,hawohstih,a,False,False,False,False,False,con,none,False,False,False,False,True,True
158,he/she is smothering him/her,cause[pres2-perf3],full,hawohstih,'awohstih,hawohst,hawohsth,'awohst,hawohst,hawohstih,a,False,False,False,False,False,con,none,False,False,False,False,True,True
160,he/she is handling it,go-around,full,hit,'it,hit,hit,hit,hit,hit,a,False,False,False,False,False,con,none,False,False,False,False,False,True
165,he/she is leaving it behind,glottal-sk[perf2],full,hiya,'iya,hiya,hiy,hiya,hiya,hiya,a,False,False,False,False,False,con,none,False,False,False,False,False,True
165,he/she is leaving it behind,glottal-sk[perf2-inf2],full,hiya,'iya,hiya,hiy,hiya,hiya,hiya,a,False,False,False,False,False,con,none,False,False,False,False,False,True
166,he/she is placing it on something,hvsk[inf4],full,lha,lha,lha,lha,lha,lh,lha,a,False,False,False,False,False,con,none,False,False,False,False,False,True
167,he/she is taking off flying,ih-vh,full,alhawit,atlawit,alhawit,alhawit,alhawit,alhawit,alhawit,a,False,False,False,False,False,vowel_a,none,False,False,False,False,False,True
169,he/she is making him/her fly,cause[perf3],full,alhawitht,atlawitht,alhawitht,alhawitht,atlawitht,alhawitht,alhawitht,a,False,False,False,False,False,vowel_a,none,False,False,False,False,True,True
169,he/she is making him/her fly,cause[pres2-perf3],full,alhawithtih,atlawithtih,alhawitht,alhawitht,atlawitht,alhawitht,alhawithtih,a,False,False,False,False,False,vowel_a,none,False,False,False,False,True,True
171,he/she is having a nightmare,glottal-sk[perf2],full,alhiki,atliki,alhiki,alhikihs,alhiki,alhiki,alhiki,a,False,False,False,False,False,vowel_a,none,False,False,False,False,False,True
171,he/she is having a nightmare,glottal-sk[perf2-inf2],full,alhiki,atliki,alhiki,alhikihs,alhiki,alhiki,alhiki,a,False,False,False,False,False,vowel_a,none,False,False,False,False,False,True
171,he/she is having a nightmare,rev-gi,full,alhi,atli,alhi,alhi,alhi,alhi,alhi,a,False,False,False,False,False,vowel_a,none,False,False,False,False,False,True
172,it’s taking time,go-around,full,lhi'ilit,,lhi'ilit,lhi'ilit,,lhi'ilit,lhi'ilit,a,False,False,False,False,False,con,none,False,False,False,False,False,True
172,it’s taking time,around[inf2],full,lhi'ilit,,lhi'ilit,lhi'ilit,,lhi'ilita,lhi'ilit,a,False,False,False,False,False,con,none,False,False,False,False,False,True
172,it’s taking time,around[inf3],full,lhi'ilit,,lhi'ilit,lhi'ilit,,lhi'ilita,lhi'ilit,a,False,False,False,False,False,con,none,False,False,False,False,False,True
172,it’s taking time,around[inf4],full,lhi'ilit,,lhi'ilit,lhi'ilit,,lhi'ilit,lhi'ilit,a,False,False,False,False,False,con,none,False,False,False,False,False,True
172,it’s taking time,scared,full,lhi'ilito,,lhi'ilito,lhi'ilito,,lhi'ilita,lhi'ilito,a,False,False,False,False,False,con,none,False,False,False,False,False,True
173,he/she is measuring it,glottal-sk,full,alhilo,atlilo,alhilo,alhilo,alhilotsa,alhilo,alhilo,a,False,False,False,False,False,vowel_a,none,False,False,False,False,False,True
173,he/she is measuring it,glottal-sk[inf2],full,alhilo,atlilo,alhilo,alhilo,alhilotsa,alhilo,alhilo,a,False,False,False,False,False,vowel_a,none,False,False,False,False,False,True
173,he/she is measuring it,glottal-sk[perf2],full,alhilo,atlilo,alhilo,alhilo',alhilotsa,alhilo,alhilo,a,False,False,False,False,False,vowel_a,none,False,False,False,False,False,True
173,he/she is measuring it,glottal-sk[perf2-inf2],full,alhilo,atlilo,alhilo,alhilo',alhilotsa,alhilo,alhilo,a,False,False,False,False,False,vowel_a,none,False,False,False,False,False,True
173,he/she is measuring it,o,full,alhil,atlil,alhil,alhil,alhil,alhil,alhil,a,False,False,False,False,False,vowel_a,none,False,False,False,False,False,True
175,it’s bending,v'vsk,full,lhiyvhkwit,,lhiyvhkwit,lhiyvhkwitv,,lhiyvhkwitv,lhiyvhkwit,a,False,False,False,False,False,con,none,False,False,False,False,False,True
175,it’s bending,v'vsk[inf2],full,lhiyvhkwit,,lhiyvhkwit,lhiyvhkwitv,,lhiyvhkwit,lhiyvhkwit,a,False,False,False,False,False,con,none,False,False,False,False,False,True
175,it’s bending,v'vsk[perf2],full,lhiyvhkwit,,lhiyvhkwit,lhiyvhkwit,,lhiyvhkwitv,lhiyvhkwit,a,False,False,False,False,False,con,none,False,False,False,False,False,True
175,it’s bending,v'vsk[perf2-inf2],full,lhiyvhkwit,,lhiyvhkwit,lhiyvhkwit,,lhiyvhkwit,lhiyvhkwit,a,False,False,False,False,False,con,none,False,False,False,False,False,True
176,he/she is snorting,cause,full,alhiyvhsanawhst,aliyvhsanawhst,alhiyvhsanawhst,alhiyvhsanawhst,alhiyvhsanawhst,alhiyvhsanawhst,alhiyvhsanawhst,a,False,False,False,False,False,vowel_a,none,False,False,False,False,False,True
176,he/she is snorting,cause[perf3],full,alhiyvhsanawhst,aliyvhsanawhst,alhiyvhsanawhst,alhiyvhsanawhsth,alhiyvhsanawhst,alhiyvhsanawhst,alhiyvhsanawhst,a,False,False,False,False,False,vowel_a,none,False,False,False,False,False,True
176,he/she is snorting,cause[pres2],full,alhiyvhsanawhstih,aliyvhsanawhstih,alhiyvhsanawhst,alhiyvhsanawhst,alhiyvhsanawhst,alhiyvhsanawhst,alhiyvhsanawhstih,a,False,False,False,False,False,vowel_a,none,False,False,False,False,False,True
176,he/she is snorting,cause[pres2-perf3],full,alhiyvhsanawhstih,aliyvhsanawhstih,alhiyvhsanawhst,alhiyvhsanawhsth,alhiyvhsanawhst,alhiyvhsanawhst,alhiyvhsanawhstih,a,False,False,False,False,False,vowel_a,none,False,False,False,False,False,True
177,he/she is preaching,hvsk,full,alhtsato,alitsato,alhtsato,alhtsato,alhtsato,alhtsat,alhtsato,a,False,False,False,False,False,vowel_a,none,False,False,False,False,False,True
177,he/she is preaching,hvsk[inf2],full,alhtsato,alitsato,alhtsato,alhtsato,alhtsato,alhtsat,alhtsato,a,False,False,False,False,False,vowel_a,none,False,False,False,False,False,True
179,it’s shattering,sk-h[imp3],full,lhkhotv,,lhkhotv,lhkhotvn,,,lhkhotv,a,False,False,False,False,False,con,none,False,False,False,False,False,True
179,it’s shattering,vsk-vnh,full,lhkhot,,lhkhot,lhkhot,,,lhkhot,a,False,False,False,False,False,con,none,False,False,False,False,False,True
179,it’s shattering,aspectless,full,lhkhotvhsk,,lhkhotvhsk,lhkhotvnh,,,lhkhotvhsk,a,False,False,False,False,False,con,none,False,False,False,False,False,True
180,he/she is shattering it,cause,full,alhkhotht,alikhotht,alhkhotht,alhkhotht,alhkhotht,alhkhotht,alhkhotht,a,False,False,False,False,False,vowel_a,none,False,False,False,False,False,True
180,he/she is shattering it,cause[perf3],full,alhkhotht,alikhotht,alhkhotht,alhkhothth,alhkhotht,alhkhotht,alhkhotht,a,False,False,False,False,False,vowel_a,none,False,False,False,False,False,True
180,he/she is shattering it,cause[pres2],full,alhkhothtih,alikhothtih,alhkhotht,alhkhotht,alhkhotht,alhkhotht,alhkhothtih,a,False,False,False,False,False,vowel_a,none,False,False,False,False,False,True
180,he/she is shattering it,cause[pres2-perf3],full,alhkhothtih,alikhothtih,alhkhotht,alhkhothth,alhkhotht,alhkhotht,alhkhothtih,a,False,False,False,False,False,vowel_a,none,False,False,False,False,False,True
182,he/she is beating him/her at a game,sk-s,full,lho,lho,lho,lho,lho,lho,lho,a,False,False,False,False,False,con,none,False,False,False,False,False,True
182,he/she is beating him/her at a game,sk-s[inf2],full,lho,lho,lho,lho,lho,lhohi,lho,a,False,False,False,False,False,con,none,False,False,False,False,False,True
182,he/she is beating him/her at a game,sk-s[inf3],full,lho,lho,lho,lho,lho,lhoh,lho,a,False,False,False,False,False,con,none,False,False,False,False,False,True
182,he/she is beating him/her at a game,sk-s[imp3],full,lho,lho,lho,lho,lhohi,lho,lho,a,False,False,False,False,False,con,none,False,False,False,False,False,True
182,he/she is beating him/her at a game,sk-s[imp3-inf2],full,lho,lho,lho,lho,lhohi,lhohi,lho,a,False,False,False,False,False,con,none,False,False,False,False,False,True
182,he/she is beating him/her at a game,sk-s[imp3-inf3],full,lho,lho,lho,lho,lhohi,lhoh,lho,a,False,False,False,False,False,con,none,False,False,False,False,False,True
183,he/she is combing his/her hair,glottal-sk,full,alhthawo,alithawo,alhthawo,alhthawo,alhthawotsa,alhthawo,alhthawo,a,False,False,False,False,False,vowel_a,none,False,False,False,False,False,True
183,he/she is combing his/her hair,glottal-sk[inf2],full,alhthawo,alithawo,alhthawo,alhthawo,alhthawotsa,alhthawo,alhthawo,a,False,False,False,False,False,vowel_a,none,False,False,False,False,False,True
183,he/she is combing his/her hair,glottal-sk[perf2],full,alhthawo,alithawo,alhthawo,alhthawo',alhthawotsa,alhthawo,alhthawo,a,False,False,False,False,False,vowel_a,none,False,False,False,False,False,True
183,he/she is combing his/her hair,glottal-sk[perf2-inf2],full,alhthawo,alithawo,alhthawo,alhthawo',alhthawotsa,alhthawo,alhthawo,a,False,False,False,False,False,vowel_a,none,False,False,False,False,False,True
183,he/she is combing his/her hair,o,full,alhthaw,alithaw,alhthaw,alhthaw,alhthaw,alhthaw,alhthaw,a,False,False,False,False,False,vowel_a,none,False,False,False,False,False,True
185,he/she is moving,hvsk,full,alhthelv,alithelv,alhthelv,alhthelv,alhthelv,alhthel,alhthelv,a,False,False,False,False,False,vowel_a,none,False,False,False,False,False,True
185,he/she is moving,hvsk[inf2],full,alhthelv,alithelv,alhthelv,alhthelv,alhthelv,alhthel,alhthelv,a,False,False,False,False,False,vowel_a,none,False,False,False,False,False,True
185,he/she is moving,episodic,full,alhthel,alithel,alhthel,alhthel,alhthel,alhthel,alhthel,a,False,False,False,False,False,vowel_a,none,False,False,False,False,False,True
186,he/she is changing his/her shirt,glottal-sk[perf2],full,anhawa'iyv,aniwa'iyv,anhawa'iyv,anhawa'iyvhs,anhawa'iyvna,anhawa'iyv,anhawa'iyv,a,False,False,False,False,False,vowel_a,none,False,False,False,False,False,True
186,he/she is changing his/her shirt,glottal-sk[perf2-inf2],full,anhawa'iyv,aniwa'iyv,anhawa'iyv,anhawa'iyvhs,anhawa'iyvna,anhawa'iyv,anhawa'iyv,a,False,False,False,False,False,vowel_a,none,False,False,False,False,False,True
186,he/she is changing his/her shirt,change,full,anhawa'iy,aniwa'iy,anhawa'iy,anhawa'iy,anhawa'iy,anhawa'iy,anhawa'iy,a,False,False,False,False,False,vowel_a,none,False,False,False,False,False,True
187,he/she is taking his/her shirt off,glottal-sk[perf2],full,anhawe,aniwe,anhawe,anhawehs,anhawaki,anhawe,anhawe,a,False,False,False,False,False,vowel_a,none,False,False,False,False,False,True
187,he/she is taking his/her shirt off,glottal-sk[perf2-inf2],full,anhawe,aniwe,anhawe,anhawehs,anhawaki,anhawe,anhawe,a,False,False,False,False,False,vowel_a,none,False,False,False,False,False,True
187,he/she is taking his/her shirt off,rev-e,full,anhaw,aniw,anhaw,anhaw,anhaw,anhaw,anhaw,a,False,False,False,False,False,vowel_a,none,False,False,False,False,False,True
189,he/she is putting on a shirt,glottal-sk,full,anhawo,aniwo,anhawo,anhawo,anhawotsa,anhawo,anhawo,a,False,False,False,False,False,vowel_a,none,False,False,False,False,False,True
189,he/she is putting on a shirt,glottal-sk[inf2],full,anhawo,aniwo,anhawo,anhawo,anhawotsa,anhawo,anhawo,a,False,False,False,False,False,vowel_a,none,False,False,False,False,False,True
189,he/she is putting on a shirt,glottal-sk[perf2],full,anhawo,aniwo,anhawo,anhawo',anhawotsa,anhawo,anhawo,a,False,False,False,False,False,vowel_a,none,False,False,False,False,False,True
189,he/she is putting on a shirt,glottal-sk[perf2-inf2],full,anhawo,aniwo,anhawo,anhawo',anhawotsa,anhawo,anhawo,a,False,False,False,False,False,vowel_a,none,False,False,False,False,False,True
189,he/she is putting on a shirt,o,full,anhaw,aniw,anhaw,anhaw,anhaw,anhaw,anhaw,a,False,False,False,False,False,vowel_a,none,False,False,False,False,False,True
191,he/she is wrestling,ih-l[perf3],full,anheh,anheh,anheh,anhe,anhe,anhehs,anheh,a,False,False,False,False,False,vowel_a,none,False,False,False,False,False,True
191,he/she is wrestling,ih-l[perf3-inf2],full,anheh,anheh,anheh,anhe,anhe,anhe,anheh,a,False,False,False,False,False,vowel_a,none,False,False,False,False,False,True
191,he/she is wrestling,ih-l[perf3-inf3],full,anheh,anheh,anheh,anhe,anhe,anhe,anheh,a,False,False,False,False,False,vowel_a,none,False,False,False,False,False,True
191,he/she is wrestling,ih-l[perf3-imp2],full,anheh,anheh,anheh,anhe,anhe,anhehs,anheh,a,False,False,False,False,False,vowel_a,none,False,False,False,False,False,True
191,he/she is wrestling,ih-l[perf3-imp2-inf2],full,anheh,anheh,anheh,anhe,anhe,anhe,anheh,a,False,False,False,False,False,vowel_a,none,False,False,False,False,False,True
191,he/she is wrestling,ih-l[perf3-imp2-inf3],full,anheh,anheh,anheh,anhe,anhe,anhe,anheh,a,False,False,False,False,False,vowel_a,none,False,False,False,False,False,True
191,he/she is wrestling,ih-l[perf3-imp4],full,anheh,anheh,anheh,anhe,anhek,anhehs,anheh,a,False,False,False,False,False,vowel_a,none,False,False,False,False,False,True
191,he/she is wrestling,ih-l[perf3-imp4-inf2],full,anheh,anheh,anheh,anhe,anhek,anhe,anheh,a,False,False,False,False,False,vowel_a,none,False,False,False,False,False,True
191,he/she is wrestling,ih-l[perf3-imp4-inf3],full,anheh,anheh,anheh,anhe,anhek,anhe,anheh,a,False,False,False,False,False,vowel_a,none,False,False,False,False,False,True
192,he/she is interpreting it,cause,full,anhelht,anelht,anhelht,anhelht,anhelht,anhelht,anhelht,a,False,False,False,False,False,vowel_a,none,False,False,False,False,False,True
192,he/she is interpreting it,cause[perf3],full,anhelht,anelht,anhelht,anhelhth,anhelht,anhelht,anhelht,a,False,False,False,False,False,vowel_a,none,False,False,False,False,False,True
192,he/she is interpreting it,cause[pres2],full,anhelhtih,anelhtih,anhelht,anhelht,anhelht,anhelht,anhelhtih,a,False,False,False,False,False,vowel_a,none,False,False,False,False,False,True
192,he/she is interpreting it,cause[pres2-perf3],full,anhelhtih,anelhtih,anhelht,anhelhth,anhelht,anhelht,anhelhtih,a,False,False,False,False,False,vowel_a,none,False,False,False,False,False,True
195,he/she is building a house,apl-active,full,anhehsk,anehsk,anhehsk,anhehsk,anhehsk,anhehsk,anhehsk,a,False,False,False,False,False,vowel_a,none,False,False,False,False,False,True
195,he/she is building a house,apl-active[inf2],full,anhehsk,anehsk,anhehsk,anhehsk,anhehsk,anhehske,anhehsk,a,False,False,False,False,False,vowel_a,none,False,False,False,False,False,True
195,he/she is building a house,apl-active[imp2],full,anhehsk,anehsk,anhehsk,anhehsk,anhehskvl,anhehsk,anhehsk,a,False,False,False,False,False,vowel_a,none,False,False,False,False,False,True
195,he/she is building a house,apl-active[imp2-inf2],full,anhehsk,anehsk,anhehsk,anhehsk,anhehskvl,anhehske,anhehsk,a,False,False,False,False,False,vowel_a,none,False,False,False,False,False,True
196,he/she is leaving,glottal-sk[perf2],full,anhiki,aniki,anhiki,anhikihs,anhiki,anhiki,anhiki,a,False,False,False,False,False,vowel_a,none,False,False,False,False,False,True
196,he/she is leaving,glottal-sk[perf2-inf2],full,anhiki,aniki,anhiki,anhikihs,anhiki,anhiki,anhiki,a,False,False,False,False,False,vowel_a,none,False,False,False,False,False,True
196,he/she is leaving,rev-gi,full,anhi,ani,anhi,anhi,anhi,anhi,anhi,a,False,False,False,False,False,vowel_a,none,False,False,False,False,False,True
197,he/she is starting it,cause,full,anhikihst,anikihst,anhikihst,anhikihst,anhikihst,anhikihst,anhikihst,a,False,False,False,False,False,vowel_a,none,False,False,False,False,False,True
197,he/she is starting it,cause[perf3],full,anhikihst,anikihst,anhikihst,anhikihsth,anhikihst,anhikihst,anhikihst,a,False,False,False,False,False,vowel_a,none,False,False,False,False,False,True
197,he/she is starting it,cause[pres2],full,anhikihstih,anikihstih,anhikihst,anhikihst,anhikihst,anhikihst,anhikihstih,a,False,False,False,False,False,vowel_a,none,False,False,False,False,False,True
197,he/she is starting it,cause[pres2-perf3],full,anhikihstih,anikihstih,anhikihst,anhikihsth,anhikihst,anhikihst,anhikihstih,a,False,False,False,False,False,vowel_a,none,False,False,False,False,False,True
198,he/she is carrying it on his/her shoulder,go,full,anholhin,anolhin,anholhin,anholhin,anholhin,anholhin,anholhin,a,False,False,False,False,False,vowel_a,none,False,False,False,False,False,True
198,he/she is carrying it on his/her shoulder,go[perf2],full,anholhin,anolhin,anholhin,anholh,anholhin,anholhin,anholhin,a,False,False,False,False,False,vowel_a,none,False,False,False,False,False,True
198,he/she is carrying it on his/her shoulder,go[pres2],full,anholhinek,anolhinek,anholhin,anholhin,anholhin,anholhin,anholhinek,a,False,False,False,False,False,vowel_a,none,False,False,False,False,False,True
198,he/she is carrying it on his/her shoulder,go[pres2-perf2],full,anholhinek,anolhinek,anholhin,anholh,anholhin,anholhin,anholhinek,a,False,False,False,False,False,vowel_a,none,False,False,False,False,False,True
200,he/she is putting it in liquid,glottal-sk[perf2],full,huti,'uti,huti,hut,huta,huti,huti,a,False,False,False,False,False,con,none,False,False,False,False,False,True
200,he/she is putting it in liquid,glottal-sk[perf2-inf2],full,huti,'uti,huti,hut,huta,huti,huti,a,False,False,False,False,False,con,none,False,False,False,False,False,True
200,he/she is putting it in liquid,eat,full,hut,'ut,hut,hut,hut,hut,hut,a,False,False,False,False,False,con,none,False,False,False,False,False,True
204,he/she is hitting him/her on the mouth,ih-l,full,hulvn,'ulvn,hulvn,hulvn,'ulvni,hulvnihs,hulvn,a,False,False,False,False,False,con,none,False,False,False,False,True,True
204,he/she is hitting him/her on the mouth,ih-l[inf2],full,hulvn,'ulvn,hulvn,hulvn,'ulvni,hulvni,hulvn,a,False,False,False,False,False,con,none,False,False,False,False,True,True
204,he/she is hitting him/her on the mouth,ih-l[inf3],full,hulvn,'ulvn,hulvn,hulvn,'ulvni,hulvni,hulvn,a,False,False,False,False,False,con,none,False,False,False,False,True,True
204,he/she is hitting him/her on the mouth,ih-l[inf4],full,hulvn,'ulvn,hulvn,hulvn,'ulvni,hulvn,hulvn,a,False,False,False,False,False,con,none,False,False,False,False,True,True
204,he/she is hitting him/her on the mouth,ih-l[imp2],full,hulvn,'ulvn,hulvn,hulvn,'ulvni,hulvnihs,hulvn,a,False,False,False,False,False,con,none,False,False,False,False,True,True
204,he/she is hitting him/her on the mouth,ih-l[imp2-inf2],full,hulvn,'ulvn,hulvn,hulvn,'ulvni,hulvni,hulvn,a,False,False,False,False,False,con,none,False,False,False,False,True,True
204,he/she is hitting him/her on the mouth,ih-l[imp2-inf3],full,hulvn,'ulvn,hulvn,hulvn,'ulvni,hulvni,hulvn,a,False,False,False,False,False,con,none,False,False,False,False,True,True
204,he/she is hitting him/her on the mouth,ih-l[imp2-inf4],full,hulvn,'ulvn,hulvn,hulvn,'ulvni,hulvn,hulvn,a,False,False,False,False,False,con,none,False,False,False,False,True,True
204,he/she is hitting him/her on the mouth,ih-l[imp4],full,hulvn,'ulvn,hulvn,hulvn,'ulvnik,hulvnihs,hulvn,a,False,False,False,False,False,con,none,False,False,False,False,True,True
204,he/she is hitting him/her on the mouth,ih-l[imp4-inf2],full,hulvn,'ulvn,hulvn,hulvn,'ulvnik,hulvni,hulvn,a,False,False,False,False,False,con,none,False,False,False,False,True,True
204,he/she is hitting him/her on the mouth,ih-l[imp4-inf3],full,hulvn,'ulvn,hulvn,hulvn,'ulvnik,hulvni,hulvn,a,False,False,False,False,False,con,none,False,False,False,False,True,True
204,he/she is hitting him/her on the mouth,ih-l[imp4-inf4],full,hulvn,'ulvn,hulvn,hulvn,'ulvnik,hulvn,hulvn,a,False,False,False,False,False,con,none,False,False,False,False,True,True
204,he/she is hitting him/her on the mouth,ih-l[imp6],full,hulvn,'ulvn,hulvn,hulvn,'ulvn,hulvnihs,hulvn,a,False,False,False,False,False,con,none,False,False,False,False,True,True
204,he/she is hitting him/her on the mouth,ih-l[imp6-inf2],full,hulvn,'ulvn,hulvn,hulvn,'ulvn,hulvni,hulvn,a,False,False,False,False,False,con,none,False,False,False,False,True,True
204,he/she is hitting him/her on the mouth,ih-l[imp6-inf3],full,hulvn,'ulvn,hulvn,hulvn,'ulvn,hulvni,hulvn,a,False,False,False,False,False,con,none,False,False,False,False,True,True
204,he/she is hitting him/her on the mouth,ih-l[imp6-inf4],full,hulvn,'ulvn,hulvn,hulvn,'ulvn,hulvn,hulvn,a,False,False,False,False,False,con,none,False,False,False,False,True,True
204,he/she is hitting him/her on the mouth,ih-l[perf2],full,hulvn,'ulvn,hulvn,hulvni,'ulvni,hulvnihs,hulvn,a,False,False,False,False,False,con,none,False,False,False,False,True,True
204,he/she is hitting him/her on the mouth,ih-l[perf2-inf2],full,hulvn,'ulvn,hulvn,hulvni,'ulvni,hulvni,hulvn,a,False,False,False,False,False,con,none,False,False,False,False,True,True
204,he/she is hitting him/her on the mouth,ih-l[perf2-inf3],full,hulvn,'ulvn,hulvn,hulvni,'ulvni,hulvni,hulvn,a,False,False,False,False,False,con,none,False,False,False,False,True,True
204,he/she is hitting him/her on the mouth,ih-l[perf2-inf4],full,hulvn,'ulvn,hulvn,hulvni,'ulvni,hulvn,hulvn,a,False,False,False,False,False,con,none,False,False,False,False,True,True
204,he/she is hitting him/her on the mouth,ih-l[perf2-imp2],full,hulvn,'ulvn,hulvn,hulvni,'ulvni,hulvnihs,hulvn,a,False,False,False,False,False,con,none,False,False,False,False,True,True
204,he/she is hitting him/her on the mouth,ih-l[perf2-imp2-inf2],full,hulvn,'ulvn,hulvn,hulvni,'ulvni,hulvni,hulvn,a,False,False,False,False,False,con,none,False,False,False,False,True,True
204,he/she is hitting him/her on the mouth,ih-l[perf2-imp2-inf3],full,hulvn,'ulvn,hulvn,hulvni,'ulvni,hulvni,hulvn,a,False,False,False,False,False,con,none,False,False,False,False,True,True
204,he/she is hitting him/her on the mouth,ih-l[perf2-imp2-inf4],full,hulvn,'ulvn,hulvn,hulvni,'ulvni,hulvn,hulvn,a,False,False,False,False,False,con,none,False,False,False,False,True,True
204,he/she is hitting him/her on the mouth,ih-l[perf2-imp4],full,hulvn,'ulvn,hulvn,hulvni,'ulvnik,hulvnihs,hulvn,a,False,False,False,False,False,con,none,False,False,False,False,True,True
204,he/she is hitting him/her on the mouth,ih-l[perf2-imp4-inf2],full,hulvn,'ulvn,hulvn,hulvni,'ulvnik,hulvni,hulvn,a,False,False,False,False,False,con,none,False,False,False,False,True,True
204,he/she is hitting him/her on the mouth,ih-l[perf2-imp4-inf3],full,hulvn,'ulvn,hulvn,hulvni,'ulvnik,hulvni,hulvn,a,False,False,False,False,False,con,none,False,False,False,False,True,True
204,he/she is hitting him/her on the mouth,ih-l[perf2-imp4-inf4],full,hulvn,'ulvn,hulvn,hulvni,'ulvnik,hulvn,hulvn,a,False,False,False,False,False,con,none,False,False,False,False,True,True
204,he/she is hitting him/her on the mouth,ih-l[perf2-imp6],full,hulvn,'ulvn,hulvn,hulvni,'ulvn,hulvnihs,hulvn,a,False,False,False,False,False,con,none,False,False,False,False,True,True
204,he/she is hitting him/her on the mouth,ih-l[perf2-imp6-inf2],full,hulvn,'ulvn,hulvn,hulvni,'ulvn,hulvni,hulvn,a,False,False,False,False,False,con,none,False,False,False,False,True,True
204,he/she is hitting him/her on the mouth,ih-l[perf2-imp6-inf3],full,hulvn,'ulvn,hulvn,hulvni,'ulvn,hulvni,hulvn,a,False,False,False,False,False,con,none,False,False,False,False,True,True
204,he/she is hitting him/her on the mouth,ih-l[perf2-imp6-inf4],full,hulvn,'ulvn,hulvn,hulvni,'ulvn,hulvn,hulvn,a,False,False,False,False,False,con,none,False,False,False,False,True,True
205,he/she is moving it from one place to another,glottal-sk[perf2],full,hv,'v,hv,hvhs,hvna,hv,hv,a,False,False,False,False,False,con,none,False,False,False,False,False,True
205,he/she is moving it from one place to another,glottal-sk[perf2-inf2],full,hv,'v,hv,hvhs,hvna,hv,hv,a,False,False,False,False,False,con,none,False,False,False,False,False,True
205,he/she is moving it from one place to another,change,full,h,',h,h,h,h,h,a,False,False,False,False,False,con,none,False,False,False,False,False,True
206,he/she is setting it down,hvsk,full,,,,,,,,a,False,False,False,False,False,con,none,False,False,False,False,False,True
206,he/she is setting it down,hvsk[inf2],full,,,,,,,,a,False,False,False,False,False,con,none,False,False,False,False,False,True
207,he/she is finding him/her,ih-vh,full,whahth,wahth,whahth,whahth,wahth,whahthv,whahth,a,False,False,False,False,False,con,none,False,False,False,False,True,True
207,he/she is finding him/her,ih-vh[inf2],full,whahth,wahth,whahth,whahth,wahth,whahth,whahth,a,False,False,False,False,False,con,none,False,False,False,False,True,True
208,he/she is visiting him/her,go-around,full,whahthvhit,wahthvhit,whahthvhit,whahthvhit,wahthvhit,whahthvhit,whahthvhit,a,False,False,False,False,False,con,none,False,False,False,False,True,True
210,he/she is planting it,sk-s,full,whi,wi,whi,whi,w,w,whi,a,False,False,False,False,False,con,none,False,False,False,False,False,True
210,he/she is planting it,sk-s[inf2],full,whi,wi,whi,whi,w,whi,whi,a,False,False,False,False,False,con,none,False,False,False,False,False,True
210,he/she is planting it,sk-s[inf3],full,whi,wi,whi,whi,w,wh,whi,a,False,False,False,False,False,con,none,False,False,False,False,False,True
210,he/she is planting it,sk-s[imp3],full,whi,wi,whi,whi,whi,w,whi,a,False,False,False,False,False,con,none,False,False,False,False,False,True
210,he/she is planting it,sk-s[imp3-inf2],full,whi,wi,whi,whi,whi,whi,whi,a,False,False,False,False,False,con,none,False,False,False,False,False,True
210,he/she is planting it,sk-s[imp3-inf3],full,whi,wi,whi,whi,whi,wh,whi,a,False,False,False,False,False,con,none,False,False,False,False,False,True
214,it’s becoming frosty,hvsk,full,yhahthv,,yhahthv,yhahthv,,yhahthvt,yhahthv,a,False,False,False,False,False,con,none,False,False,False,False,False,True
214,it’s becoming frosty,hvsk[inf2],full,yhahthv,,yhahthv,yhahthv,,yhahthvt,yhahthv,a,False,False,False,False,False,con,none,False,False,False,False,False,True
214,it’s becoming frosty,episodic,full,yhahth,,yhahth,yhahth,,yhahthvt,yhahth,a,False,False,False,False,False,con,none,False,False,False,False,False,True
214,it’s becoming frosty,vsk-vnh,full,yhahthvh,,yhahthvh,yhahth,,yhahthvt,yhahthvh,a,False,False,False,False,False,con,none,False,False,False,False,False,True
214,it’s becoming frosty,aspectless,full,yhahthvhvhsk,,yhahthvhvhsk,yhahthvnh,,yhahthvt,yhahthvhvhsk,a,False,False,False,False,False,con,none,False,False,False,False,False,True
215,he/she is calling him/her,ih-vh,full,yhan,yan,yhan,yhan,yan,yhan,yhan,a,False,False,False,False,False,con,none,False,False,False,False,True,True
216,he/she is taking it somewhere by hand,go,full,yh,y,yh,yh,yh,yh,yh,a,False,False,False,False,False,con,none,False,False,False,False,False,True
216,he/she is taking it somewhere by hand,go[pres2],full,yhek,yek,yh,yh,yh,yh,yhek,a,False,False,False,False,False,con,none,False,False,False,False,False,True
218,he/she is quilting it,hvsk[perf2],full,yhehkal,yehkal,yhehkal,yhehkal,yhehkal,yhehkal,yhehkal,a,False,False,False,False,False,con,none,False,False,False,False,False,True
218,he/she is quilting it,hvsk[perf2-inf2],full,yhehkal,yehkal,yhehkal,yhehkal,yhehkal,yhehkal,yhehkal,a,False,False,False,False,False,con,none,False,False,False,False,False,True
218,he/she is quilting it,v'vsk,full,yhehkalh,yehkalh,yhehkalh,yhehkalha,yhehkalh,yhehkalh,yhehkalh,a,False,False,False,False,False,con,none,False,False,False,False,False,True
219,he/she is making an incision,around[perf2-inf2],full,yhelh,yelh,yhelh,yhelh,yel,yhel,yhelh,a,False,False,False,False,False,con,none,False,False,False,False,True,True
219,he/she is making an incision,around[perf2-inf3],full,yhelh,yelh,yhelh,yhelh,yel,yhel,yhelh,a,False,False,False,False,False,con,none,False,False,False,False,True,True
219,he/she is making an incision,around[perf2-imp2-inf2],full,yhelh,yelh,yhelh,yhelh,yela,yhel,yhelh,a,False,False,False,False,False,con,none,False,False,False,False,True,True
219,he/she is making an incision,around[perf2-imp2-inf3],full,yhelh,yelh,yhelh,yhelh,yela,yhel,yhelh,a,False,False,False,False,False,con,none,False,False,False,False,True,True
219,he/she is making an incision,around[perf2-imp3-inf2],full,yhelh,yelh,yhelh,yhelh,yel,yhel,yhelh,a,False,False,False,False,False,con,none,False,False,False,False,True,True
219,he/she is making an incision,around[perf2-imp3-inf3],full,yhelh,yelh,yhelh,yhelh,yel,yhel,yhelh,a,False,False,False,False,False,con,none,False,False,False,False,True,True
220,he/she is imitating him/her,glottal-sk[perf2],full,yheli,yeli,yheli,yhelihs,yela,yheli,yheli,a,False,False,False,False,False,con,none,False,False,False,False,True,True
220,he/she is imitating him/her,glottal-sk[perf2-inf2],full,yheli,yeli,yheli,yhelihs,yela,yheli,yheli,a,False,False,False,False,False,con,none,False,False,False,False,True,True
220,he/she is imitating him/her,eat,full,yhel,yel,yhel,yhelihs,yel,yhel,yhel,a,False,False,False,False,False,con,none,False,False,False,False,True,True
220,he/she is imitating him/her,think*,full,yhel,yel,yhel,yhel,yel,yhel,yhel,a,False,False,False,False,False,con,none,False,False,False,False,True,True
222,he/she is looking for him/her,around[perf2-imp2-inf2],full,yh,y,yh,yh,yh,y,yh,a,False,False,False,False,False,con,none,False,False,False,False,False,True
222,he/she is looking for him/her,around[perf2-imp2-inf3],full,yh,y,yh,yh,yh,y,yh,a,False,False,False,False,False,con,none,False,False,False,False,False,True
223,he/she is swimming,go,full,ayhu'in,ayu'in,ayhu'in,ayhu'in,ayhu'in,ayhu'in,ayhu'in,a,False,False,False,False,False,vowel_a,none,False,False,False,False,False,True
223,he/she is swimming,go[perf2],full,ayhu'in,ayu'in,ayhu'in,ayhu',ayhu'in,ayhu'in,ayhu'in,a,False,False,False,False,False,vowel_a,none,False,False,False,False,False,True
223,he/she is swimming,go[pres2],full,ayhu'inek,ayu'inek,ayhu'in,ayhu'in,ayhu'in,ayhu'in,ayhu'inek,a,False,False,False,False,False,vowel_a,none,False,False,False,False,False,True
223,he/she is swimming,go[pres2-perf2],full,ayhu'inek,ayu'inek,ayhu'in,ayhu',ayhu'in,ayhu'in,ayhu'inek,a,False,False,False,False,False,vowel_a,none,False,False,False,False,False,True
224,it’s thundering,glottal-sk,full,yhvtakwalo,,yhvtakwalo,yhvtakwalo,,yhvtakwalo,yhvtakwalo,a,False,False,False,False,False,con,none,False,False,False,False,False,True
224,it’s thundering,glottal-sk[inf2],full,yhvtakwalo,,yhvtakwalo,yhvtakwalo,,yhvtakwalo,yhvtakwalo,a,False,False,False,False,False,con,none,False,False,False,False,False,True
224,it’s thundering,glottal-sk[perf2],full,yhvtakwalo,,yhvtakwalo,yhvtakwalo',,yhvtakwalo,yhvtakwalo,a,False,False,False,False,False,con,none,False,False,False,False,False,True
224,it’s thundering,glottal-sk[perf2-inf2],full,yhvtakwalo,,yhvtakwalo,yhvtakwalo',,yhvtakwalo,yhvtakwalo,a,False,False,False,False,False,con,none,False,False,False,False,False,True
224,it’s thundering,o,full,yhvtakwal,,yhvtakwal,yhvtakwal,,yhvtakwal,yhvtakwal,a,False,False,False,False,False,con,none,False,False,False,False,False,True
228,he/she is bending it,v'vsk,full,yhvhkwit,yvhkwit,yhvhkwit,yhvhkwitv,yhvhkwitv',yhvhkwitv,yhvhkwit,a,False,False,False,False,False,con,none,False,False,False,False,False,True
228,he/she is bending it,v'vsk[inf2],full,yhvhkwit,yvhkwit,yhvhkwit,yhvhkwitv,yhvhkwitv',yhvhkwit,yhvhkwit,a,False,False,False,False,False,con,none,False,False,False,False,False,True
228,he/she is bending it,v'vsk[imp2],full,yhvhkwit,yvhkwit,yhvhkwit,yhvhkwitv,yhvhkwitv,yhvhkwitv,yhvhkwit,a,False,False,False,False,False,con,none,False,False,False,False,False,True
228,he/she is bending it,v'vsk[imp2-inf2],full,yhvhkwit,yvhkwit,yhvhkwit,yhvhkwitv,yhvhkwitv,yhvhkwit,yhvhkwit,a,False,False,False,False,False,con,none,False,False,False,False,False,True
228,he/she is bending it,v'vsk[imp3],full,yhvhkwit,yvhkwit,yhvhkwit,yhvhkwitv,yhvhkwit,yhvhkwitv,yhvhkwit,a,False,False,False,False,False,con,none,False,False,False,False,False,True
228,he/she is bending it,v'vsk[imp3-inf2],full,yhvhkwit,yvhkwit,yhvhkwit,yhvhkwitv,yhvhkwit,yhvhkwit,yhvhkwit,a,False,False,False,False,False,con,none,False,False,False,False,False,True
228,he/she is bending it,v'vsk[perf2],full,yhvhkwit,yvhkwit,yhvhkwit,yhvhkwit,yhvhkwitv',yhvhkwitv,yhvhkwit,a,False,False,False,False,False,con,none,False,False,False,False,False,True
228,he/she is bending it,v'vsk[perf2-inf2],full,yhvhkwit,yvhkwit,yhvhkwit,yhvhkwit,yhvhkwitv',yhvhkwit,yhvhkwit,a,False,False,False,False,False,con,none,False,False,False,False,False,True
228,he/she is bending it,v'vsk[perf2-imp2],full,yhvhkwit,yvhkwit,yhvhkwit,yhvhkwit,yhvhkwitv,yhvhkwitv,yhvhkwit,a,False,False,False,False,False,con,none,False,False,False,False,False,True
228,he/she is bending it,v'vsk[perf2-imp2-inf2],full,yhvhkwit,yvhkwit,yhvhkwit,yhvhkwit,yhvhkwitv,yhvhkwit,yhvhkwit,a,False,False,False,False,False,con,none,False,False,False,False,False,True
228,he/she is bending it,v'vsk[perf2-imp3],full,yhvhkwit,yvhkwit,yhvhkwit,yhvhkwit,yhvhkwit,yhvhkwitv,yhvhkwit,a,False,False,False,False,False,con,none,False,False,False,False,False,True
228,he/she is bending it,v'vsk[perf2-imp3-inf2],full,yhvhkwit,yvhkwit,yhvhkwit,yhvhkwit,yhvhkwit,yhvhkwit,yhvhkwit,a,False,False,False,False,False,con,none,False,False,False,False,False,True
232,he/she is capturing him/her,glottal-sk[perf2],full,yhvkhiti,yvkhiti,yhvkhiti,yhvkhit,yvkhita,yhvkhiti,yhvkhiti,a,False,False,False,False,False,con,none,False,False,False,False,True,True
232,he/she is capturing him/her,glottal-sk[perf2-inf2],full,yhvkhiti,yvkhiti,yhvkhiti,yhvkhit,yvkhita,yhvkhiti,yhvkhiti,a,False,False,False,False,False,con,none,False,False,False,False,True,True
232,he/she is capturing him/her,eat,full,yhvkhit,yvkhit,yhvkhit,yhvkhit,yvkhit,yhvkhit,yhvkhit,a,False,False,False,False,False,con,none,False,False,False,False,True,True
233,he/she is hitting him/her on the nose,hvsk,full,yhvhstelu,yvhstelu,yhvhstelu,yhvhstelu,yvhstelu,yhvhstelu,yhvhstelu,a,False,False,False,False,False,con,none,False,False,False,False,True,True
233,he/she is hitting him/her on the nose,hvsk[inf2],full,yhvhstelu,yvhstelu,yhvhstelu,yhvhstelu,yvhstelu,yhvhstelu,yhvhstelu,a,False,False,False,False,False,con,none,False,False,False,False,True,True
234,he/she is choking him/her,ih-vh,full,yhvhskiy,yvhskiy,yhvhskiy,yhvhskiy,yvhskiy,yhvhskiy,yhvhskiy,a,False,False,False,False,False,con,none,False,False,False,False,True,True
238,it’s hatching,glottal-sk[perf2],full,atsa'i,atsa'i,atsa'i,atsa'ihs,atsa'i,atsa'i,atsa'i,a,False,False,False,False,False,vowel_a,none,False,False,False,False,False,True
238,it’s hatching,glottal-sk[perf2-inf2],full,atsa'i,atsa'i,atsa'i,atsa'ihs,atsa'i,atsa'i,atsa'i,a,False,False,False,False,False,vowel_a,none,False,False,False,False,False,True
238,it’s hatching,rev-i[pres2-imperf2-perf2-imp2-inf2],full,atsa,atsa,atsa,atsa,atsa,atsa,atsa,a,False,False,False,False,False,vowel_a,none,False,False,False,False,False,True
239,he/she is dressing up,vsk-vnh,full,atsan,atsan,atsan,atsan,atsan,atsanv,atsan,a,False,False,False,False,False,vowel_a,none,False,False,False,False,False,True
239,he/she is dressing up,vsk-vnh[inf2],full,atsan,atsan,atsan,atsan,atsan,atsan,atsan,a,False,False,False,False,False,vowel_a,none,False,False,False,False,False,True
240,he/she is getting in,v'vsk,full,atsa',atsa',atsa',atsa,atsa',atso,atsa',a,False,False,False,False,False,vowel_a,none,False,False,False,False,False,True
240,he/she is getting in,v'vsk[imp2],full,atsa',atsa',atsa',atsa,atsa,atso,atsa',a,False,False,False,False,False,vowel_a,none,False,False,False,False,False,True
240,he/she is getting in,v'vsk[imperf2],full,atsa',atsa',atsa,atsa,atsa',atso,atsa',a,False,False,False,False,False,vowel_a,none,False,False,False,False,False,True
240,he/she is getting in,v'vsk[imperf2-imp2],full,atsa',atsa',atsa,atsa,atsa,atso,atsa',a,False,False,False,False,False,vowel_a,none,False,False,False,False,False,True
240,he/she is getting in,v'vsk[pres2],full,atsa,atsa,atsa',atsa,atsa',atso,atsa,a,False,False,False,False,False,vowel_a,none,False,False,False,False,False,True
240,he/she is getting in,v'vsk[pres2-imp2],full,atsa,atsa,atsa',atsa,atsa,atso,atsa,a,False,False,False,False,False,vowel_a,none,False,False,False,False,False,True
240,he/she is getting in,v'vsk[pres2-imperf2],full,atsa,atsa,atsa,atsa,atsa',atso,atsa,a,False,False,False,False,False,vowel_a,none,False,False,False,False,False,True
240,he/she is getting in,v'vsk[pres2-imperf2-imp2],full,atsa,atsa,atsa,atsa,atsa,atso,atsa,a,False,False,False,False,False,vowel_a,none,False,False,False,False,False,True
242,he/she is acting like him/her,vsk-vnh,full,atsel,atsel,atsel,atsel,atsel,atsel,atsel,a,False,False,False,False,False,vowel_a,none,False,False,False,False,False,True
244,he/she is spilling it,glottal-sk[perf2],full,atsewi,atsewi,atsewi,atsew,atsewa,atsewa,atsewi,a,False,False,False,False,False,vowel_a,none,False,False,False,False,False,True
244,he/she is spilling it,glottal-sk[perf2-inf2],full,atsewi,atsewi,atsewi,atsew,atsewa,atsewa,atsewi,a,False,False,False,False,False,vowel_a,none,False,False,False,False,False,True
244,he/she is spilling it,eat[inf2],full,atsew,atsew,atsew,atsew,atsew,atsew,atsew,a,False,False,False,False,False,vowel_a,none,False,False,False,False,False,True
250,it’s blooming,vsk-vnh,full,tsil,,tsil,tsil,,tsil,tsil,a,False,False,False,False,False,con,none,False,False,False,False,False,True
250,it’s blooming,aspectless,full,tsilvhsk,,tsilvhsk,tsilvnh,,tsil,tsilvhsk,a,False,False,False,False,False,con,none,False,False,False,False,False,True
253,he/she is lighting a fire,hvsk[perf2-inf3],full,tsihsl,tsihsl,tsihsl,tsihsl,tsihsl,tsihsl,tsihsl,a,False,False,False,False,False,con,none,False,False,False,False,False,True
253,he/she is lighting a fire,v'vsk,full,tsihslh,tsihslh,tsihslh,tsihslha,tsihslh,tsihslhvhs,tsihslh,a,False,False,False,False,False,con,none,False,False,False,False,False,True
254,he/she is blowing,sk-h,full,atsotha,atsotha,atsotha,atsotha,atsot,atsotha,atsotha,a,False,False,False,False,False,vowel_a,none,False,False,False,False,False,True
254,he/she is blowing,sk-h[imp3],full,atsotha,atsotha,atsotha,atsotha,atsotha,atsotha,atsotha,a,False,False,False,False,False,vowel_a,none,False,False,False,False,False,True
255,he/she is turning on a light,hvsk[perf2-inf3],full,tsvhst,tsvhst,tsvhst,tsvhst,tsvhst,tsvhst,tsvhst,a,False,False,False,False,False,con,none,False,False,False,False,False,True
255,he/she is turning on a light,v'vsk,full,tsvhsth,tsvhsth,tsvhsth,tsvhstha,tsvhsth,tsvhsthvhs,tsvhsth,a,False,False,False,False,False,con,none,False,False,False,False,False,True
259,he/she is chasing him/her,go,full,kheh,kheh,kheh,kheh,kheh,kheh,kheh,a,False,False,False,False,False,con,none,False,False,False,False,False,True
259,he/she is chasing him/her,go[pres2],full,khehek,khehek,kheh,kheh,kheh,kheh,khehek,a,False,False,False,False,False,con,none,False,False,False,False,False,True
261,he/she is riding it,cause,full,akhilvt,akhilvt,akhilvt,akhilvt,akhilvt,akhilvt,akhilvt,a,False,False,False,False,False,vowel_a,none,False,False,False,False,True,True
261,he/she is riding it,cause[perf3],full,akhilvt,akhilvt,akhilvt,akhilvth,akhilvt,akhilvt,akhilvt,a,False,False,False,False,False,vowel_a,none,False,False,False,False,True,True
261,he/she is riding it,cause[pres2],full,akhilvtih,akhilvtih,akhilvt,akhilvt,akhilvt,akhilvt,akhilvtih,a,False,False,False,False,False,vowel_a,none,False,False,False,False,True,True
261,he/she is riding it,cause[pres2-perf3],full,akhilvtih,akhilvtih,akhilvt,akhilvth,akhilvt,akhilvt,akhilvtih,a,False,False,False,False,False,vowel_a,none,False,False,False,False,True,True
263,he/she is swallowing it,sk-s,full,khi,'ki,khi,khi,khi,khi,khi,a,False,False,False,False,False,con,none,False,False,False,False,False,True
263,he/she is swallowing it,sk-s[inf2],full,khi,'ki,khi,khi,khi,khihi,khi,a,False,False,False,False,False,con,none,False,False,False,False,False,True
263,he/she is swallowing it,sk-s[inf3],full,khi,'ki,khi,khi,khi,khih,khi,a,False,False,False,False,False,con,none,False,False,False,False,False,True
263,he/she is swallowing it,sk-s[imp3],full,khi,'ki,khi,khi,khihi,khi,khi,a,False,False,False,False,False,con,none,False,False,False,False,False,True
263,he/she is swallowing it,sk-s[imp3-inf2],full,khi,'ki,khi,khi,khihi,khihi,khi,a,False,False,False,False,False,con,none,False,False,False,False,False,True
263,he/she is swallowing it,sk-s[imp3-inf3],full,khi,'ki,khi,khi,khihi,khih,khi,a,False,False,False,False,False,con,none,False,False,False,False,False,True
266,he/she is shovelling it,glottal-sk[perf2],full,khote,khote,khote,khotehs,khotaki,khote,khote,a,False,False,False,False,False,con,none,False,False,False,False,False,True
266,he/she is shovelling it,glottal-sk[perf2-inf2],full,khote,khote,khote,khotehs,khotaki,khote,khote,a,False,False,False,False,False,con,none,False,False,False,False,False,True
266,he/she is shovelling it,rev-e,full,khot,khot,khot,khot,khot,khot,khot,a,False,False,False,False,False,con,none,False,False,False,False,False,True
270,he/she is going down-hill,sk-s,full,khso,kahso,khso,khso,khso,khso,khso,a,False,False,False,False,False,con,none,False,False,False,False,False,True
270,he/she is going down-hill,sk-s[inf2],full,khso,kahso,khso,khso,khso,khsohi,khso,a,False,False,False,False,False,con,none,False,False,False,False,False,True
270,he/she is going down-hill,sk-s[inf3],full,khso,kahso,khso,khso,khso,khsoh,khso,a,False,False,False,False,False,con,none,False,False,False,False,False,True
270,he/she is going down-hill,sk-s[imp3],full,khso,kahso,khso,khso,khsohi,khso,khso,a,False,False,False,False,False,con,none,False,False,False,False,False,True
270,he/she is going down-hill,sk-s[imp3-inf2],full,khso,kahso,khso,khso,khsohi,khsohi,khso,a,False,False,False,False,False,con,none,False,False,False,False,False,True
270,he/she is going down-hill,sk-s[imp3-inf3],full,khso,kahso,khso,khso,khsohi,khsoh,khso,a,False,False,False,False,False,con,none,False,False,False,False,False,True
273,he/she knows how,scared,full,khtha,katha,khtha,,,,khtha,a,False,False,False,False,False,con,none,False,False,False,False,False,True
273,he/she knows how,aspectless,full,khthah,kathah,khthah,,,,khthah,a,False,False,False,False,False,con,none,False,False,False,False,False,True
273,he/she knows how,aspectless-h,full,khtha,katha,khtha,,,,khtha,a,False,False,False,False,False,con,none,False,False,False,False,False,True
276,he/she is turning back,glottal-sk[perf2],full,akhthahv,akathahv,akhthahv,akhthahvhs,akhthahvna,akhthahv,akhthahv,a,False,False,False,False,False,vowel_a,none,False,False,False,False,False,True
276,he/she is turning back,glottal-sk[perf2-inf2],full,akhthahv,akathahv,akhthahv,akhthahvhs,akhthahvna,akhthahv,akhthahv,a,False,False,False,False,False,vowel_a,none,False,False,False,False,False,True
276,he/she is turning back,change,full,akhthah,akathah,akhthah,akhthah,akhthah,akhthah,akhthah,a,False,False,False,False,False,vowel_a,none,False,False,False,False,False,True
277,he/she is winking,cause,full,akhthahst,akathahst,akhthahst,akhthahst,akhthahst,akhthahst,akhthahst,a,False,False,False,False,False,vowel_a,none,False,False,False,False,False,True
277,he/she is winking,cause[perf3],full,akhthahst,akathahst,akhthahst,akhthahsth,akhthahst,akhthahst,akhthahst,a,False,False,False,False,False,vowel_a,none,False,False,False,False,False,True
277,he/she is winking,cause[pres2],full,akhthahstih,akathahstih,akhthahst,akhthahst,akhthahst,akhthahst,akhthahstih,a,False,False,False,False,False,vowel_a,none,False,False,False,False,False,True
277,he/she is winking,cause[pres2-perf3],full,akhthahstih,akathahstih,akhthahst,akhthahsth,akhthahst,akhthahst,akhthahstih,a,False,False,False,False,False,vowel_a,none,False,False,False,False,False,True
278,he/she is hitting him/her on the eye,hvsk,full,khthelu,kathelu,khthelu,khthelu,kathelu,khthelu,khthelu,a,False,False,False,False,False,con,none,False,False,False,False,True,True
278,he/she is hitting him/her on the eye,hvsk[inf2],full,khthelu,kathelu,khthelu,khthelu,kathelu,khthelu,khthelu,a,False,False,False,False,False,con,none,False,False,False,False,True,True
280,he/she is looking around,go-around,full,khthen,kathen,khthen,khthen,khthenak,khthen,khthen,a,False,False,False,False,False,con,none,False,False,False,False,False,True
280,he/she is looking around,around[inf2],full,khthen,kathen,khthen,khthen,khthen,khthena,khthen,a,False,False,False,False,False,con,none,False,False,False,False,False,True
280,he/she is looking around,around[inf3],full,khthen,kathen,khthen,khthen,khthen,khthena,khthen,a,False,False,False,False,False,con,none,False,False,False,False,False,True
280,he/she is looking around,around[inf4],full,khthen,kathen,khthen,khthen,khthen,khthen,khthen,a,False,False,False,False,False,con,none,False,False,False,False,False,True
280,he/she is looking around,around[imp2-inf2],full,khthen,kathen,khthen,khthen,khthena,khthena,khthen,a,False,False,False,False,False,con,none,False,False,False,False,False,True
280,he/she is looking around,around[imp2-inf3],full,khthen,kathen,khthen,khthen,khthena,khthena,khthen,a,False,False,False,False,False,con,none,False,False,False,False,False,True
280,he/she is looking around,around[imp2-inf4],full,khthen,kathen,khthen,khthen,khthena,khthen,khthen,a,False,False,False,False,False,con,none,False,False,False,False,False,True
280,he/she is looking around,around[imp3-inf2],full,khthen,kathen,khthen,khthen,khthen,khthena,khthen,a,False,False,False,False,False,con,none,False,False,False,False,False,True
280,he/she is looking around,around[imp3-inf3],full,khthen,kathen,khthen,khthen,khthen,khthena,khthen,a,False,False,False,False,False,con,none,False,False,False,False,False,True
280,he/she is looking around,around[imp3-inf4],full,khthen,kathen,khthen,khthen,khthen,khthen,khthen,a,False,False,False,False,False,con,none,False,False,False,False,False,True
281,he/she is peeking through,cause[perf2],full,akhth,akath,akhth,akhth,akhth,akhth,akhth,a,False,False,False,False,False,vowel_a,none,False,False,False,False,False,True
281,he/she is peeking through,cause[pres2-perf2],full,akhthih,akathih,akhth,akhth,akhth,akhth,akhthih,a,False,False,False,False,False,vowel_a,none,False,False,False,False,False,True
286,he/she is becoming wise,sk-s,full,khthohv,kathohv,khthohv,khthohv,khtho'v,khtho'v,khthohv,a,False,False,False,False,False,con,none,False,False,False,False,False,True
286,he/she is becoming wise,sk-s[inf2],full,khthohv,kathohv,khthohv,khthohv,khtho'v,khtho'vhi,khthohv,a,False,False,False,False,False,con,none,False,False,False,False,False,True
286,he/she is becoming wise,sk-s[inf3],full,khthohv,kathohv,khthohv,khthohv,khtho'v,khtho'vh,khthohv,a,False,False,False,False,False,con,none,False,False,False,False,False,True
286,he/she is becoming wise,sk-s[imp3],full,khthohv,kathohv,khthohv,khthohv,khtho'vhi,khtho'v,khthohv,a,False,False,False,False,False,con,none,False,False,False,False,False,True
286,he/she is becoming wise,sk-s[imp3-inf2],full,khthohv,kathohv,khthohv,khthohv,khtho'vhi,khtho'vhi,khthohv,a,False,False,False,False,False,con,none,False,False,False,False,False,True
286,he/she is becoming wise,sk-s[imp3-inf3],full,khthohv,kathohv,khthohv,khthohv,khtho'vhi,khtho'vh,khthohv,a,False,False,False,False,False,con,none,False,False,False,False,False,True
288,he/she is looking at him/her,cause[pres2],full,akhthohst,akathohst,akhthohst,akhthohst,akathohst,akhthohst,akhthohst,a,False,False,False,False,False,vowel_a,none,False,False,False,False,True,True
288,he/she is looking at him/her,cause[pres2-perf3],full,akhthohst,akathohst,akhthohst,akhthohsth,akathohst,akhthohst,akhthohst,a,False,False,False,False,False,vowel_a,none,False,False,False,False,True,True
290,he/she is going through it,sk-s,full,khthvle,kathvle,khthvle,khthvle,khthvle,khthvle,khthvle,a,False,False,False,False,False,con,none,False,False,False,False,False,True
290,he/she is going through it,sk-s[inf2],full,khthvle,kathvle,khthvle,khthvle,khthvle,khthvlehi,khthvle,a,False,False,False,False,False,con,none,False,False,False,False,False,True
290,he/she is going through it,sk-s[inf3],full,khthvle,kathvle,khthvle,khthvle,khthvle,khthvleh,khthvle,a,False,False,False,False,False,con,none,False,False,False,False,False,True
290,he/she is going through it,sk-s[imp3],full,khthvle,kathvle,khthvle,khthvle,khthvlehi,khthvle,khthvle,a,False,False,False,False,False,con,none,False,False,False,False,False,True
290,he/she is going through it,sk-s[imp3-inf2],full,khthvle,kathvle,khthvle,khthvle,khthvlehi,khthvlehi,khthvle,a,False,False,False,False,False,con,none,False,False,False,False,False,True
290,he/she is going through it,sk-s[imp3-inf3],full,khthvle,kathvle,khthvle,khthvle,khthvlehi,khthvleh,khthvle,a,False,False,False,False,False,con,none,False,False,False,False,False,True
291,he/she is dipping liquid,glottal-sk[perf2],full,khuki,'kuki,khuki,khukihs,khuki,khuki,khuki,a,False,False,False,False,False,con,none,False,False,False,False,False,True
291,he/she is dipping liquid,glottal-sk[perf2-inf2],full,khuki,'kuki,khuki,khukihs,khuki,khuki,khuki,a,False,False,False,False,False,con,none,False,False,False,False,False,True
291,he/she is dipping liquid,rev-gi,full,khu,'ku,khu,khu,khu,khu,khu,a,False,False,False,False,False,con,none,False,False,False,False,False,True
293,he/she is paying it,ih-vh,full,akwhiy,akwiy,akwhiy,akwhiy,akwhiy,akwhiy,akwhiy,a,False,False,False,False,False,vowel_a,none,False,False,False,False,False,True
294,he/she is paying him/her,apl,full,akwhiyv',akwiyv',akwhiyv',akwhiyv',akwiyv,akwhiyv',akwhiyv',a,False,False,False,False,False,vowel_a,none,False,False,False,False,True,True
294,he/she is paying him/her,apl[imp2],full,akwhiyv',akwiyv',akwhiyv',akwhiyv',akwiyv,akwhiyv',akwhiyv',a,False,False,False,False,False,vowel_a,none,False,False,False,False,True,True
294,he/she is paying him/her,apl[imp3],full,akwhiyv',akwiyv',akwhiyv',akwhiyv',akwiyv,akwhiyv',akwhiyv',a,False,False,False,False,False,vowel_a,none,False,False,False,False,True,True
296,he/she is tromping on him/her,apl-active[perf2],full,alahsta',alahsta',alahsta',alahsta',alahsta',alahsta',alahsta',a,False,False,False,False,False,vowel_a,none,False,False,False,False,True,True
296,he/she is tromping on him/her,apl-active[perf2-inf2],full,alahsta',alahsta',alahsta',alahsta',alahsta',alahsta'e,alahsta',a,False,False,False,False,False,vowel_a,none,False,False,False,False,True,True
296,he/she is tromping on him/her,apl-active[perf2-imp2],full,alahsta',alahsta',alahsta',alahsta',alahsta'vl,alahsta',alahsta',a,False,False,False,False,False,vowel_a,none,False,False,False,False,True,True
296,he/she is tromping on him/her,apl-active[perf2-imp2-inf2],full,alahsta',alahsta',alahsta',alahsta',alahsta'vl,alahsta'e,alahsta',a,False,False,False,False,False,vowel_a,none,False,False,False,False,True,True
297,he/she is stepping on him/her,v'vsk,full,alahst,alahst,alahst,alahstv,alahstv',alahstv,alahst,a,False,False,False,False,False,vowel_a,none,False,False,False,False,True,True
297,he/she is stepping on him/her,v'vsk[inf2],full,alahst,alahst,alahst,alahstv,alahstv',alahst,alahst,a,False,False,False,False,False,vowel_a,none,False,False,False,False,True,True
297,he/she is stepping on him/her,v'vsk[imp2],full,alahst,alahst,alahst,alahstv,alahstv,alahstv,alahst,a,False,False,False,False,False,vowel_a,none,False,False,False,False,True,True
297,he/she is stepping on him/her,v'vsk[imp2-inf2],full,alahst,alahst,alahst,alahstv,alahstv,alahst,alahst,a,False,False,False,False,False,vowel_a,none,False,False,False,False,True,True
297,he/she is stepping on him/her,v'vsk[imp3],full,alahst,alahst,alahst,alahstv,alahst,alahstv,alahst,a,False,False,False,False,False,vowel_a,none,False,False,False,False,True,True
297,he/she is stepping on him/her,v'vsk[imp3-inf2],full,alahst,alahst,alahst,alahstv,alahst,alahst,alahst,a,False,False,False,False,False,vowel_a,none,False,False,False,False,True,True
297,he/she is stepping on him/her,v'vsk[perf2],full,alahst,alahst,alahst,alahst,alahstv',alahstv,alahst,a,False,False,False,False,False,vowel_a,none,False,False,False,False,True,True
297,he/she is stepping on him/her,v'vsk[perf2-inf2],full,alahst,alahst,alahst,alahst,alahstv',alahst,alahst,a,False,False,False,False,False,vowel_a,none,False,False,False,False,True,True
297,he/she is stepping on him/her,v'vsk[perf2-imp2],full,alahst,alahst,alahst,alahst,alahstv,alahstv,alahst,a,False,False,False,False,False,vowel_a,none,False,False,False,False,True,True
297,he/she is stepping on him/her,v'vsk[perf2-imp2-inf2],full,alahst,alahst,alahst,alahst,alahstv,alahst,alahst,a,False,False,False,False,False,vowel_a,none,False,False,False,False,True,True
297,he/she is stepping on him/her,v'vsk[perf2-imp3],full,alahst,alahst,alahst,alahst,alahst,alahstv,alahst,a,False,False,False,False,False,vowel_a,none,False,False,False,False,True,True
297,he/she is stepping on him/her,v'vsk[perf2-imp3-inf2],full,alahst,alahst,alahst,alahst,alahst,alahst,alahst,a,False,False,False,False,False,vowel_a,none,False,False,False,False,True,True
298,he/she is playing ball,ih-vh,full,alahskal,alahskal,alahskal,alahskal,alahskal,alahskal,alahskal,a,False,False,False,False,False,vowel_a,none,False,False,False,False,False,True
298,he/she is playing ball,ih-vh[inf3],full,alahskal,alahskal,alahskal,alahskal,alahskal,alahska,alahskal,a,False,False,False,False,False,vowel_a,none,False,False,False,False,False,True
300,he/she is taking a step,glottal-sk[perf2],full,alahskv,alahskv,alahskv,alahskvhs,alahskvna,alahskv,alahskv,a,False,False,False,False,False,vowel_a,none,False,False,False,False,False,True
300,he/she is taking a step,glottal-sk[perf2-inf2],full,alahskv,alahskv,alahskv,alahskvhs,alahskvna,alahskv,alahskv,a,False,False,False,False,False,vowel_a,none,False,False,False,False,False,True
300,he/she is taking a step,change,full,alahsk,alahsk,alahsk,alahsk,alahsk,alahsk,alahsk,a,False,False,False,False,False,vowel_a,none,False,False,False,False,False,True
305,he/she is placing it in an upright position,cause,full,aleht,alet,aleht,aleht,aleht,aleht,aleht,a,False,False,False,False,False,vowel_a,none,False,False,False,False,False,True
305,he/she is placing it in an upright position,cause[perf3],full,aleht,alet,aleht,alehth,aleht,aleht,aleht,a,False,False,False,False,False,vowel_a,none,False,False,False,False,False,True
305,he/she is placing it in an upright position,cause[pres2],full,alehtih,aletih,aleht,aleht,aleht,aleht,alehtih,a,False,False,False,False,False,vowel_a,none,False,False,False,False,False,True
305,he/she is placing it in an upright position,cause[pres2-perf3],full,alehtih,aletih,aleht,alehth,aleht,aleht,alehtih,a,False,False,False,False,False,vowel_a,none,False,False,False,False,False,True
306,he/she is standing in a certain spot,hvsk,full,ale,ale,ale,ale,ale,ale,ale,a,False,False,False,False,False,vowel_a,none,False,False,False,False,False,True
306,he/she is standing in a certain spot,hvsk[inf2],full,ale,ale,ale,ale,ale,ale,ale,a,False,False,False,False,False,vowel_a,none,False,False,False,False,False,True
307,he/she is stopping,cause,full,alewhihst,alewihst,alewhihst,alewhihst,alewhihst,alewhihst,alewhihst,a,False,False,False,False,False,vowel_a,none,False,False,False,False,False,True
307,he/she is stopping,cause[perf3],full,alewhihst,alewihst,alewhihst,alewhihsth,alewhihst,alewhihst,alewhihst,a,False,False,False,False,False,vowel_a,none,False,False,False,False,False,True
307,he/she is stopping,cause[pres2],full,alewhihstih,alewihstih,alewhihst,alewhihst,alewhihst,alewhihst,alewhihstih,a,False,False,False,False,False,vowel_a,none,False,False,False,False,False,True
307,he/she is stopping,cause[pres2-perf3],full,alewhihstih,alewihstih,alewhihst,alewhihsth,alewhihst,alewhihst,alewhihstih,a,False,False,False,False,False,vowel_a,none,False,False,False,False,False,True
308,he/she is stopping him/her,cause,full,alewhihstoht,alewihstoht,alewhihstoht,alewhihstoht,alewihstoht,alewhihstoht,alewhihstoht,a,False,False,False,False,False,vowel_a,none,False,False,False,False,True,True
308,he/she is stopping him/her,cause[perf3],full,alewhihstoht,alewihstoht,alewhihstoht,alewhihstohth,alewihstoht,alewhihstoht,alewhihstoht,a,False,False,False,False,False,vowel_a,none,False,False,False,False,True,True
308,he/she is stopping him/her,cause[pres2],full,alewhihstohtih,alewihstohtih,alewhihstoht,alewhihstoht,alewihstoht,alewhihstoht,alewhihstohtih,a,False,False,False,False,False,vowel_a,none,False,False,False,False,True,True
308,he/she is stopping him/her,cause[pres2-perf3],full,alewhihstohtih,alewihstohtih,alewhihstoht,alewhihstohth,alewihstoht,alewhihstoht,alewhihstohtih,a,False,False,False,False,False,vowel_a,none,False,False,False,False,True,True
309,he/she is starting,ih-vh,full,alen,alen,alen,alen,alen,alen,alen,a,False,False,False,False,False,vowel_a,none,False,False,False,False,False,True
311,it’s boiling,ih-vh,full,alitl,,alitl,alitl,,alil,alitl,a,False,False,False,False,False,vowel_a,none,False,False,False,False,False,True
311,it’s boiling,ih-vh[inf3],full,litl,,litl,litl,,li,litl,a,False,False,False,False,False,con,none,False,False,False,False,False,True
311,it’s boiling,aspectless,full,alitlih,,alitlihsk,alitlvh,,alil,alitlih,a,False,False,False,False,False,vowel_a,none,False,False,False,False,False,True
314,he/she is thanking him/her,apl,full,alihelitsh,ali'elitsh,alihelitsh,alihelitsh,ali'elitshi,alihelitsh,alihelitsh,a,False,False,False,False,False,vowel_a,none,False,False,False,False,True,True
314,he/she is thanking him/her,apl[imp2],full,alihelitsh,ali'elitsh,alihelitsh,alihelitsh,ali'elitshi,alihelitsh,alihelitsh,a,False,False,False,False,False,vowel_a,none,False,False,False,False,True,True
314,he/she is thanking him/her,apl[imp3],full,alihelitsh,ali'elitsh,alihelitsh,alihelitsh,ali'elitshi,alihelitsh,alihelitsh,a,False,False,False,False,False,vowel_a,none,False,False,False,False,True,True
314,he/she is thanking him/her,apl[imp4],full,alihelitsh,ali'elitsh,alihelitsh,alihelitsh,ali'elitsh,alihelitsh,alihelitsh,a,False,False,False,False,False,vowel_a,none,False,False,False,False,True,True
315,he/she is happy,become[imp2],full,aliheli,ali'eli,aliheli,aliheli,aliheli,aliheli,aliheli,a,False,False,False,False,False,vowel_a,none,False,False,False,False,False,True
315,he/she is happy,become[imp2-inf5],full,aliheli,ali'eli,aliheli,aliheli,aliheli,alihel,aliheli,a,False,False,False,False,False,vowel_a,none,False,False,False,False,False,True
317,he/she is exchanging it,glottal-sk[perf2],full,ali'iti,ali'iti,ali'iti,ali'it,ali'ita,ali'iti,ali'iti,a,False,False,False,False,False,vowel_a,none,False,False,False,False,False,True
317,he/she is exchanging it,glottal-sk[perf2-inf2],full,ali'iti,ali'iti,ali'iti,ali'it,ali'ita,ali'iti,ali'iti,a,False,False,False,False,False,vowel_a,none,False,False,False,False,False,True
317,he/she is exchanging it,eat,full,ali'it,ali'it,ali'it,ali'it,ali'it,ali'it,ali'it,a,False,False,False,False,False,vowel_a,none,False,False,False,False,False,True
318,he/she is running away,glottal-sk[perf2],full,alithi,alithi,alithi,alithihs,alithi,alithi,alithi,a,False,False,False,False,False,vowel_a,none,False,False,False,False,False,True
318,he/she is running away,glottal-sk[perf2-inf2],full,alithi,alithi,alithi,alithihs,alithi,alithi,alithi,a,False,False,False,False,False,vowel_a,none,False,False,False,False,False,True
318,he/she is running away,rev-i,full,alith,alith,alith,alith,alith,alith,alith,a,False,False,False,False,False,vowel_a,none,False,False,False,False,False,True
320,he/she is taking his/her ring off,glottal-sk[perf2],full,aliyehsuhsthki,aliyehsuhsthki,aliyehsuhsthki,aliyehsuhsthkihs,aliyehsuhsthki,aliyehsuhsthki,aliyehsuhsthki,a,False,False,False,False,False,vowel_a,none,False,False,False,False,False,True
320,he/she is taking his/her ring off,glottal-sk[perf2-inf2],full,aliyehsuhsthki,aliyehsuhsthki,aliyehsuhsthki,aliyehsuhsthkihs,aliyehsuhsthki,aliyehsuhsthki,aliyehsuhsthki,a,False,False,False,False,False,vowel_a,none,False,False,False,False,False,True
320,he/she is taking his/her ring off,rev-gi,full,aliyehsuhsth,aliyehsuhsth,aliyehsuhsth,aliyehsuhsth,aliyehsuhsth,aliyehsuhsth,aliyehsuhsth,a,False,False,False,False,False,vowel_a,none,False,False,False,False,False,True
322,he/she is putting a ring on his/her finger,hvsk[perf2-inf3],full,aliyehsuhst,aliyehsuhst,aliyehsuhst,aliyehsuhst,aliyehsuhst,aliyehsuhst,aliyehsuhst,a,False,False,False,False,False,vowel_a,none,False,False,False,False,False,True
322,he/she is putting a ring on his/her finger,v'vsk,full,aliyehsuhsth,aliyehsuhsth,aliyehsuhsth,aliyehsuhstha,aliyehsuhsth,aliyehsuhsthvhs,aliyehsuhsth,a,False,False,False,False,False,vowel_a,none,False,False,False,False,False,True
324,he/she is spitting,sk-h,full,altsikw,altsikw,altsikw,altsikw,altsikw,altsikw,altsikw,a,False,False,False,False,False,vowel_a,none,False,False,False,False,False,True
324,he/she is spitting,sk-h[imp3],full,altsikw,altsikw,altsikw,altsikw,altsikwha,altsikw,altsikw,a,False,False,False,False,False,vowel_a,none,False,False,False,False,False,True
325,he/she is ascending,hear,full,alhsalat,alihsalat,alhsalat,alhsalat,alhsalat,alhsalat,alhsalat,a,False,False,False,False,False,vowel_a,none,False,False,False,False,False,True
327,he/she is eating a meal,hvsk,full,alhstayv,alihstayv,alhstayv,alhstayv,alhstayv,alhstay,alhstayv,a,False,False,False,False,False,vowel_a,none,False,False,False,False,False,True
327,he/she is eating a meal,hvsk[inf2],full,alhstayv,alihstayv,alhstayv,alhstayv,alhstayv,alhstay,alhstayv,a,False,False,False,False,False,vowel_a,none,False,False,False,False,False,True
327,he/she is eating a meal,episodic,full,alhstay,alihstay,alhstay,alhstay,alhstay,alhstay,alhstay,a,False,False,False,False,False,vowel_a,none,False,False,False,False,False,True
329,he/she is helping,ih-vh,full,alhstel,alihstel,alhstel,alhstel,alhstel,alhstel,alhstel,a,False,False,False,False,False,vowel_a,none,False,False,False,False,False,True
329,he/she is helping,ih-vh[inf3],full,alhstel,alihstel,alhstel,alhstel,alhstel,alhste,alhstel,a,False,False,False,False,False,vowel_a,none,False,False,False,False,False,True
330,he/she is taking off his/her cap,glottal-sk[perf2],full,alhstule,alihstule,alhstule,alhstulehs,alhstulaki,alhstule,alhstule,a,False,False,False,False,False,vowel_a,none,False,False,False,False,False,True
330,he/she is taking off his/her cap,glottal-sk[perf2-inf2],full,alhstule,alihstule,alhstule,alhstulehs,alhstulaki,alhstule,alhstule,a,False,False,False,False,False,vowel_a,none,False,False,False,False,False,True
330,he/she is taking off his/her cap,rev-e,full,alhstul,alihstul,alhstul,alhstul,alhstul,alhstul,alhstul,a,False,False,False,False,False,vowel_a,none,False,False,False,False,False,True
331,he/she is washing his/her hair,apl-active[imp2-inf2],full,alhstul,alihstul,alhstul,alhstul,alhstul,alhstul,alhstul,a,False,False,False,False,False,vowel_a,none,False,False,False,False,False,True
332,he/she is putting on a cap,hear,full,alhstul,alihstul,alhstul,alhstul,alhstul,alhstul,alhstul,a,False,False,False,False,False,vowel_a,none,False,False,False,False,False,True
334,he/she is taking a seat,husk,full,alhstvl,alihstvl,alhstvl,alhstvl,alhstvl,alhstvl,alhstvl,a,False,False,False,False,False,vowel_a,none,False,False,False,False,False,True
335,he/she is shaking his/her head,ih-l,full,alhstvnh,alihstvnh,alhstvnh,alhstvnh,alhstvnh,alhstvnh,alhstvnh,a,False,False,False,False,False,vowel_a,none,False,False,False,False,False,True
335,he/she is shaking his/her head,ih-l[imp2],full,alhstvnh,alihstvnh,alhstvnh,alhstvnh,alhstvnh,alhstvnh,alhstvnh,a,False,False,False,False,False,vowel_a,none,False,False,False,False,False,True
335,he/she is shaking his/her head,ih-l[imp4],full,alhstvnh,alihstvnh,alhstvnh,alhstvnh,alhstvnhk,alhstvnh,alhstvnh,a,False,False,False,False,False,vowel_a,none,False,False,False,False,False,True
335,he/she is shaking his/her head,ih-l[perf2],full,alhstvnh,alihstvnh,alhstvnh,alhstvnhi,alhstvnh,alhstvnh,alhstvnh,a,False,False,False,False,False,vowel_a,none,False,False,False,False,False,True
335,he/she is shaking his/her head,ih-l[perf2-imp2],full,alhstvnh,alihstvnh,alhstvnh,alhstvnhi,alhstvnh,alhstvnh,alhstvnh,a,False,False,False,False,False,vowel_a,none,False,False,False,False,False,True
335,he/she is shaking his/her head,ih-l[perf2-imp4],full,alhstvnh,alihstvnh,alhstvnh,alhstvnhi,alhstvnhk,alhstvnh,alhstvnh,a,False,False,False,False,False,vowel_a,none,False,False,False,False,False,True
336,he/she is dancing,glottal-sk[perf2],full,alhski,alihski,alhski,alhskihs,alhski,alhski,alhski,a,False,False,False,False,False,vowel_a,none,False,False,False,False,False,True
336,he/she is dancing,glottal-sk[perf2-inf2],full,alhski,alihski,alhski,alhskihs,alhski,alhski,alhski,a,False,False,False,False,False,vowel_a,none,False,False,False,False,False,True
336,he/she is dancing,rev-gi,full,alhs,alihs,alhs,alhs,alhs,alhs,alhs,a,False,False,False,False,False,vowel_a,none,False,False,False,False,False,True
337,he/she is permitting him/her,apl,full,alhskolhtan,alihskolhtan,alhskolhtan,alhskolhtan,alihskolhta,alhskolhtan,alhskolhtan,a,False,False,False,False,False,vowel_a,none,False,False,False,False,True,True
337,he/she is permitting him/her,apl[imp2],full,alhskolhtan,alihskolhtan,alhskolhtan,alhskolhtan,alihskolhta,alhskolhtan,alhskolhtan,a,False,False,False,False,False,vowel_a,none,False,False,False,False,True,True
337,he/she is permitting him/her,apl[imp3],full,alhskolhtan,alihskolhtan,alhskolhtan,alhskolhtan,alihskolhta,alhskolhtan,alhskolhtan,a,False,False,False,False,False,vowel_a,none,False,False,False,False,True,True
338,he/she is nodding his/her head,sk-h,full,alhsku,alihsku,alhsku,alhskuy,alhskuy,alhsku,alhsku,a,False,False,False,False,False,vowel_a,none,False,False,False,False,False,True
338,he/she is nodding his/her head,sk-h[imp3],full,alhsku,alihsku,alhsku,alhskuy,alhskuyha,alhsku,alhsku,a,False,False,False,False,False,vowel_a,none,False,False,False,False,False,True
338,he/she is nodding his/her head,sk-yh,full,alhsku,alihsku,alhsku,alhsku,alhsku,alhsku,alhsku,a,False,False,False,False,False,vowel_a,none,False,False,False,False,False,True
339,it’s ending,glottal-sk[perf2],full,lhskwati,,lhskwati,lhskwat,,lhskwati,lhskwati,a,False,False,False,False,False,con,none,False,False,False,False,False,True
339,it’s ending,glottal-sk[perf2-inf2],full,lhskwati,,lhskwati,lhskwat,,lhskwati,lhskwati,a,False,False,False,False,False,con,none,False,False,False,False,False,True
339,it’s ending,eat,full,lhskwat,,lhskwat,lhskwat,,lhskwat,lhskwat,a,False,False,False,False,False,con,none,False,False,False,False,False,True
340,he/she is sticking his/her head out,hear,full,alhskwalut,alihskwalut,alhskwalut,alhskwalut,alhskwalut,alhskwalut,alhskwalut,a,False,False,False,False,False,vowel_a,none,False,False,False,False,False,True
341,he/she is taking his/her hat off,glottal-sk[perf2],full,alhskwethuhki,alihskwethuhki,alhskwethuhki,alhskwethuhkihs,alhskwethuhki,alhskwethuhki,alhskwethuhki,a,False,False,False,False,False,vowel_a,none,False,False,False,False,False,True
341,he/she is taking his/her hat off,glottal-sk[perf2-inf2],full,alhskwethuhki,alihskwethuhki,alhskwethuhki,alhskwethuhkihs,alhskwethuhki,alhskwethuhki,alhskwethuhki,a,False,False,False,False,False,vowel_a,none,False,False,False,False,False,True
341,he/she is taking his/her hat off,rev-gi,full,alhskwethuh,alihskwethuh,alhskwethuh,alhskwethuh,alhskwethuh,alhskwethuh,alhskwethuh,a,False,False,False,False,False,vowel_a,none,False,False,False,False,False,True
342,he/she is putting his/her hat on,sk-h[imp3],full,alhskwethuhv,alihskwethuhv,alhskwethuhv,alhskwethun,alhskwethuhvka,alhskwethu,alhskwethuhv,a,False,False,False,False,False,vowel_a,none,False,False,False,False,False,True
344,he/she is setting a goal,cause,full,alhsohst,alihsohst,alhsohst,alhsohst,alhsohst,alhsohst,alhsohst,a,False,False,False,False,False,vowel_a,none,False,False,False,False,False,True
344,he/she is setting a goal,cause[perf3],full,alhsohst,alihsohst,alhsohst,alhsohsth,alhsohst,alhsohst,alhsohst,a,False,False,False,False,False,vowel_a,none,False,False,False,False,False,True
344,he/she is setting a goal,cause[pres2],full,alhsohstih,alihsohstih,alhsohst,alhsohst,alhsohst,alhsohst,alhsohstih,a,False,False,False,False,False,vowel_a,none,False,False,False,False,False,True
344,he/she is setting a goal,cause[pres2-perf3],full,alhsohstih,alihsohstih,alhsohst,alhsohsth,alhsohst,alhsohst,alhsohstih,a,False,False,False,False,False,vowel_a,none,False,False,False,False,False,True
345,he/she is smelling it,cause,full,alhsvhst,alihsvhst,alhsvhst,alhsvhst,alhsvhst,alhsvhst,alhsvhst,a,False,False,False,False,False,vowel_a,none,False,False,False,False,False,True
345,he/she is smelling it,cause[perf3],full,alhsvhst,alihsvhst,alhsvhst,alhsvhsth,alhsvhst,alhsvhst,alhsvhst,a,False,False,False,False,False,vowel_a,none,False,False,False,False,False,True
345,he/she is smelling it,cause[pres2],full,alhsvhstih,alihsvhstih,alhsvhst,alhsvhst,alhsvhst,alhsvhst,alhsvhstih,a,False,False,False,False,False,vowel_a,none,False,False,False,False,False,True
345,he/she is smelling it,cause[pres2-perf3],full,alhsvhstih,alihsvhstih,alhsvhst,alhsvhsth,alhsvhst,alhsvhst,alhsvhstih,a,False,False,False,False,False,vowel_a,none,False,False,False,False,False,True
356,it’s lightning,ih-vh,full,nakal,,nakal,nakal,,,nakal,a,False,False,False,False,False,con,none,False,False,False,False,False,True
356,it’s lightning,aspectless,full,nakalih,,nakalihsk,nakalvh,,,nakalih,a,False,False,False,False,False,con,none,False,False,False,False,False,True
361,he/she is attempting it,cause,full,anelht,anelht,anelht,anelht,anelht,anelht,anelht,a,False,False,False,False,False,vowel_a,none,False,False,False,False,False,True
361,he/she is attempting it,cause[perf3],full,anelht,anelht,anelht,anelhth,anelht,anelht,anelht,a,False,False,False,False,False,vowel_a,none,False,False,False,False,False,True
361,he/she is attempting it,cause[pres2],full,anelhtih,anelhtih,anelht,anelht,anelht,anelht,anelhtih,a,False,False,False,False,False,vowel_a,none,False,False,False,False,False,True
361,he/she is attempting it,cause[pres2-perf3],full,anelhtih,anelhtih,anelht,anelhth,anelht,anelht,anelhtih,a,False,False,False,False,False,vowel_a,none,False,False,False,False,False,True
362,he is getting married,glottal-sk[perf2],full,anelati,anelati,anelati,anelat,anelata,anelati,anelati,a,False,False,False,False,False,vowel_a,none,False,False,False,False,False,True
362,he is getting married,glottal-sk[perf2-inf2],full,anelati,anelati,anelati,anelat,anelata,anelati,anelati,a,False,False,False,False,False,vowel_a,none,False,False,False,False,False,True
362,he is getting married,eat,full,anelat,anelat,anelat,anelat,anelat,anelat,anelat,a,False,False,False,False,False,vowel_a,none,False,False,False,False,False,True
363,he/she is remembering him/her,glottal-sk[perf2],full,anhtati,anvtati,anhtati,anhtat,anvtata,anhtati,anhtati,a,False,False,False,False,False,vowel_a,none,False,False,False,False,True,True
363,he/she is remembering him/her,glottal-sk[perf2-inf2],full,anhtati,anvtati,anhtati,anhtat,anvtata,anhtati,anhtati,a,False,False,False,False,False,vowel_a,none,False,False,False,False,True,True
363,he/she is remembering him/her,eat,full,anhtat,anvtat,anhtat,anhtat,anvtat,anhtat,anhtat,a,False,False,False,False,False,vowel_a,none,False,False,False,False,True,True
373,he/she is setting a trap,v'vsk,full,hsat,hsat,hsat,hsatv,hsatv',hsatv,hsat,a,False,False,False,False,False,con,none,False,False,False,False,False,True
373,he/she is setting a trap,v'vsk[inf2],full,hsat,hsat,hsat,hsatv,hsatv',hsat,hsat,a,False,False,False,False,False,con,none,False,False,False,False,False,True
373,he/she is setting a trap,v'vsk[imp2],full,hsat,hsat,hsat,hsatv,hsatv,hsatv,hsat,a,False,False,False,False,False,con,none,False,False,False,False,False,True
373,he/she is setting a trap,v'vsk[imp2-inf2],full,hsat,hsat,hsat,hsatv,hsatv,hsat,hsat,a,False,False,False,False,False,con,none,False,False,False,False,False,True
373,he/she is setting a trap,v'vsk[imp3],full,hsat,hsat,hsat,hsatv,hsat,hsatv,hsat,a,False,False,False,False,False,con,none,False,False,False,False,False,True
373,he/she is setting a trap,v'vsk[imp3-inf2],full,hsat,hsat,hsat,hsatv,hsat,hsat,hsat,a,False,False,False,False,False,con,none,False,False,False,False,False,True
373,he/she is setting a trap,v'vsk[perf2],full,hsat,hsat,hsat,hsat,hsatv',hsatv,hsat,a,False,False,False,False,False,con,none,False,False,False,False,False,True
373,he/she is setting a trap,v'vsk[perf2-inf2],full,hsat,hsat,hsat,hsat,hsatv',hsat,hsat,a,False,False,False,False,False,con,none,False,False,False,False,False,True
373,he/she is setting a trap,v'vsk[perf2-imp2],full,hsat,hsat,hsat,hsat,hsatv,hsatv,hsat,a,False,False,False,False,False,con,none,False,False,False,False,False,True
373,he/she is setting a trap,v'vsk[perf2-imp2-inf2],full,hsat,hsat,hsat,hsat,hsatv,hsat,hsat,a,False,False,False,False,False,con,none,False,False,False,False,False,True
373,he/she is setting a trap,v'vsk[perf2-imp3],full,hsat,hsat,hsat,hsat,hsat,hsatv,hsat,a,False,False,False,False,False,con,none,False,False,False,False,False,True
373,he/she is setting a trap,v'vsk[perf2-imp3-inf2],full,hsat,hsat,hsat,hsat,hsat,hsat,hsat,a,False,False,False,False,False,con,none,False,False,False,False,False,True
374,he/she is lifting him/her,hear,full,hsalat,hsalat,hsalat,hsalat,hsalat,hsalat,hsalat,a,False,False,False,False,False,con,none,False,False,False,False,False,True
377,he/she is making it crisp,cause,full,hstakayht,hstakayht,hstakayht,hstakayht,hstakayht,hstakayht,hstakayht,a,False,False,False,False,False,con,none,False,False,False,False,False,True
377,he/she is making it crisp,cause[perf3],full,hstakayht,hstakayht,hstakayht,hstakayhth,hstakayht,hstakayht,hstakayht,a,False,False,False,False,False,con,none,False,False,False,False,False,True
377,he/she is making it crisp,cause[pres2],full,hstakayhtih,hstakayhtih,hstakayht,hstakayht,hstakayht,hstakayht,hstakayhtih,a,False,False,False,False,False,con,none,False,False,False,False,False,True
377,he/she is making it crisp,cause[pres2-perf3],full,hstakayhtih,hstakayhtih,hstakayht,hstakayhth,hstakayht,hstakayht,hstakayhtih,a,False,False,False,False,False,con,none,False,False,False,False,False,True
378,it’s becoming crisp,ih-l[perf3],full,hstakayvh,,hstakayvh,hstakayv,,,hstakayvh,a,False,False,False,False,False,con,none,False,False,False,False,False,True
378,it’s becoming crisp,aspectless,full,hstakayvhih,,hstakayvhih,hstakayvlh,,,hstakayvhih,a,False,False,False,False,False,con,none,False,False,False,False,False,True
378,it’s becoming crisp,aspectless-h,full,hstakayvhi,,hstakayvhi,hstakayvl,,,hstakayvhi,a,False,False,False,False,False,con,none,False,False,False,False,False,True
380,he/she is drawing a line,hvsk[perf2],full,hstanvn,hstanvn,hstanvn,hstanvn,hstanvn,hstanvn,hstanvn,a,False,False,False,False,False,con,none,False,False,False,False,False,True
380,he/she is drawing a line,hvsk[perf2-inf2],full,hstanvn,hstanvn,hstanvn,hstanvn,hstanvn,hstanvn,hstanvn,a,False,False,False,False,False,con,none,False,False,False,False,False,True
380,he/she is drawing a line,v'vsk,full,hstanvnh,hstanvnh,hstanvnh,hstanvnha,hstanvnh,hstanvnh,hstanvnh,a,False,False,False,False,False,con,none,False,False,False,False,False,True
381,he/she is following him/her,go,full,hstawat,hstawat,hstawat,hstawat,hstawat,hstawat,hstawat,a,False,False,False,False,False,con,none,False,False,False,False,False,True
381,he/she is following him/her,go[pres2],full,hstawatek,hstawatek,hstawat,hstawat,hstawat,hstawat,hstawatek,a,False,False,False,False,False,con,none,False,False,False,False,False,True
382,he/she is helping him/her,ih-vh,full,hstel,hstel,hstel,hstel,hstel,hstel,hstel,a,False,False,False,False,False,con,none,False,False,False,False,False,True
382,he/she is helping him/her,ih-vh[inf3],full,hstel,hstel,hstel,hstel,hstel,hste,hstel,a,False,False,False,False,False,con,none,False,False,False,False,False,True
383,he/she is braiding it,around,full,hstey,hstey,hstey,hstey,hstey,hstey,hstey,a,False,False,False,False,False,con,none,False,False,False,False,False,True
383,he/she is braiding it,around[imp2],full,hstey,hstey,hstey,hstey,hsteya,hstey,hstey,a,False,False,False,False,False,con,none,False,False,False,False,False,True
383,he/she is braiding it,around[imp3],full,hstey,hstey,hstey,hstey,hstey,hstey,hstey,a,False,False,False,False,False,con,none,False,False,False,False,False,True
384,he/she is eating it,glottal-sk[perf2],full,hstiki,hstiki,hstiki,hstik,hstika,hstiki,hstiki,a,False,False,False,False,False,con,none,False,False,False,False,False,True
384,he/she is eating it,glottal-sk[perf2-inf2],full,hstiki,hstiki,hstiki,hstik,hstika,hstiki,hstiki,a,False,False,False,False,False,con,none,False,False,False,False,False,True
384,he/she is eating it,eat,full,hstik,hstik,hstik,hstik,hstik,hstik,hstik,a,False,False,False,False,False,con,none,False,False,False,False,False,True
386,he/she is crushing it,glottal-sk,full,hsto,hsto,hsto,hsto,hstotsa,hsto,hsto,a,False,False,False,False,False,con,none,False,False,False,False,False,True
386,he/she is crushing it,glottal-sk[inf2],full,hsto,hsto,hsto,hsto,hstotsa,hsto,hsto,a,False,False,False,False,False,con,none,False,False,False,False,False,True
386,he/she is crushing it,glottal-sk[perf2],full,hsto,hsto,hsto,hsto',hstotsa,hsto,hsto,a,False,False,False,False,False,con,none,False,False,False,False,False,True
386,he/she is crushing it,glottal-sk[perf2-inf2],full,hsto,hsto,hsto,hsto',hstotsa,hsto,hsto,a,False,False,False,False,False,con,none,False,False,False,False,False,True
386,he/she is crushing it,o,full,hst,hst,hst,hst,hst,hst,hst,a,False,False,False,False,False,con,none,False,False,False,False,False,True
388,he/she is trimming it,apl-active[imp2-inf2],full,hstoy,hstoy,hstoy,hstoy,hstoy,hstoy,hstoy,a,False,False,False,False,False,con,none,False,False,False,False,False,True
390,he/she is opening it,glottal-sk[perf2],full,hstu'i,hstu'i,hstu'i,hstu'ihs,hstu'i,hstu'i,hstu'i,a,False,False,False,False,False,con,none,False,False,False,False,False,True
390,he/she is opening it,glottal-sk[perf2-inf2],full,hstu'i,hstu'i,hstu'i,hstu'ihs,hstu'i,hstu'i,hstu'i,a,False,False,False,False,False,con,none,False,False,False,False,False,True
390,he/she is opening it,rev-i[pres2-imperf2-perf2-imp2-inf2],full,hstu,hstu,hstu,hstu,hstu,hstu,hstu,a,False,False,False,False,False,con,none,False,False,False,False,False,True
392,he/she is sandwiching it,hvsk[perf2],full,hstvhal,hstvhal,hstvhal,hstvhal,hstvhal,hstvhal,hstvhal,a,False,False,False,False,False,con,none,False,False,False,False,False,True
392,he/she is sandwiching it,hvsk[perf2-inf2],full,hstvhal,hstvhal,hstvhal,hstvhal,hstvhal,hstvhal,hstvhal,a,False,False,False,False,False,con,none,False,False,False,False,False,True
392,he/she is sandwiching it,v'vsk,full,hstvhalh,hstvhalh,hstvhalh,hstvhalha,hstvhalh,hstvhalh,hstvhalh,a,False,False,False,False,False,con,none,False,False,False,False,False,True
395,he/she is showing him/her,apl,full,ahseh,ahseh,ahseh,ahseh,ahsehi,ahsh,ahseh,a,False,False,False,False,False,vowel_a,none,False,False,False,False,True,True
395,he/she is showing him/her,apl[imp2],full,ahseh,ahseh,ahseh,ahseh,ahsehi,ahsh,ahseh,a,False,False,False,False,False,vowel_a,none,False,False,False,False,True,True
395,he/she is showing him/her,apl[imp3],full,ahseh,ahseh,ahseh,ahseh,ahsehi,ahsh,ahseh,a,False,False,False,False,False,vowel_a,none,False,False,False,False,True,True
395,he/she is showing him/her,apl[imp4],full,ahseh,ahseh,ahseh,ahseh,ahseh,ahsh,ahseh,a,False,False,False,False,False,vowel_a,none,False,False,False,False,True,True
397,he/she is including him/her,cause,full,ahsehst,ahsehst,ahsehst,ahsehst,ahsehst,ahsehst,ahsehst,a,False,False,False,False,False,vowel_a,none,False,False,False,False,True,True
397,he/she is including him/her,cause[perf3],full,ahsehst,ahsehst,ahsehst,ahsehsth,ahsehst,ahsehst,ahsehst,a,False,False,False,False,False,vowel_a,none,False,False,False,False,True,True
397,he/she is including him/her,cause[pres2],full,ahsehstih,ahsehstih,ahsehst,ahsehst,ahsehst,ahsehst,ahsehstih,a,False,False,False,False,False,vowel_a,none,False,False,False,False,True,True
397,he/she is including him/her,cause[pres2-perf3],full,ahsehstih,ahsehstih,ahsehst,ahsehsth,ahsehst,ahsehst,ahsehstih,a,False,False,False,False,False,vowel_a,none,False,False,False,False,True,True
398,he/she is withdrawing,ih-vh,full,ahsehs,ahsehs,ahsehs,ahsehs,ahsehs,ahsehsv,ahsehs,a,False,False,False,False,False,vowel_a,none,False,False,False,False,False,True
398,he/she is withdrawing,ih-vh[inf2],full,ahsehs,ahsehs,ahsehs,ahsehs,ahsehs,ahsehs,ahsehs,a,False,False,False,False,False,vowel_a,none,False,False,False,False,False,True
400,he/she is reprimanding him/her,become[imp2],full,hska,hska,hska,hska,hska,hskay,hska,a,False,False,False,False,False,con,none,False,False,False,False,False,True
400,he/she is reprimanding him/her,become[imp2-inf3],full,hska,hska,hska,hska,hska,hska,hska,a,False,False,False,False,False,con,none,False,False,False,False,False,True
401,he/she is afraid,scared,full,hska,hska,hska,hska,hska,hska,hska,a,False,False,False,False,False,con,none,False,False,False,False,False,True
405,he/she is committing a crime,become[imp2],full,hskanv,hskanv,hskanv,hskanv,hskanv,hskanvy,hskanv,a,False,False,False,False,False,con,none,False,False,False,False,False,True
405,he/she is committing a crime,become[imp2-inf3],full,hskanv,hskanv,hskanv,hskanv,hskanv,hskanv,hskanv,a,False,False,False,False,False,con,none,False,False,False,False,False,True
411,he/she is gnawing it,glottal-sk[perf2],full,hskoki,hskoki,hskoki,hskok,hskoka,hskoki,hskoki,a,False,False,False,False,False,con,none,False,False,False,False,False,True
411,he/she is gnawing it,glottal-sk[perf2-inf2],full,hskoki,hskoki,hskoki,hskok,hskoka,hskoki,hskoki,a,False,False,False,False,False,con,none,False,False,False,False,False,True
411,he/she is gnawing it,eat,full,hskok,hskok,hskok,hskok,hskok,hskok,hskok,a,False,False,False,False,False,con,none,False,False,False,False,False,True
412,he/she is mourning for him/her,ih-l,full,hskonh,hskonh,hskonh,hskonh,hskonh,hskonhs,hskonh,a,False,False,False,False,False,con,none,False,False,False,False,False,True
412,he/she is mourning for him/her,ih-l[inf2],full,hskonh,hskonh,hskonh,hskonh,hskonh,hskon,hskonh,a,False,False,False,False,False,con,none,False,False,False,False,False,True
412,he/she is mourning for him/her,ih-l[inf3],full,hskonh,hskonh,hskonh,hskonh,hskonh,hskon,hskonh,a,False,False,False,False,False,con,none,False,False,False,False,False,True
412,he/she is mourning for him/her,ih-l[imp2],full,hskonh,hskonh,hskonh,hskonh,hskonh,hskonhs,hskonh,a,False,False,False,False,False,con,none,False,False,False,False,False,True
412,he/she is mourning for him/her,ih-l[imp2-inf2],full,hskonh,hskonh,hskonh,hskonh,hskonh,hskon,hskonh,a,False,False,False,False,False,con,none,False,False,False,False,False,True
412,he/she is mourning for him/her,ih-l[imp2-inf3],full,hskonh,hskonh,hskonh,hskonh,hskonh,hskon,hskonh,a,False,False,False,False,False,con,none,False,False,False,False,False,True
412,he/she is mourning for him/her,ih-l[imp4],full,hskonh,hskonh,hskonh,hskonh,hskonhk,hskonhs,hskonh,a,False,False,False,False,False,con,none,False,False,False,False,False,True
412,he/she is mourning for him/her,ih-l[imp4-inf2],full,hskonh,hskonh,hskonh,hskonh,hskonhk,hskon,hskonh,a,False,False,False,False,False,con,none,False,False,False,False,False,True
412,he/she is mourning for him/her,ih-l[imp4-inf3],full,hskonh,hskonh,hskonh,hskonh,hskonhk,hskon,hskonh,a,False,False,False,False,False,con,none,False,False,False,False,False,True
412,he/she is mourning for him/her,ih-l[perf2],full,hskonh,hskonh,hskonh,hskonhi,hskonh,hskonhs,hskonh,a,False,False,False,False,False,con,none,False,False,False,False,False,True
412,he/she is mourning for him/her,ih-l[perf2-inf2],full,hskonh,hskonh,hskonh,hskonhi,hskonh,hskon,hskonh,a,False,False,False,False,False,con,none,False,False,False,False,False,True
412,he/she is mourning for him/her,ih-l[perf2-inf3],full,hskonh,hskonh,hskonh,hskonhi,hskonh,hskon,hskonh,a,False,False,False,False,False,con,none,False,False,False,False,False,True
412,he/she is mourning for him/her,ih-l[perf2-imp2],full,hskonh,hskonh,hskonh,hskonhi,hskonh,hskonhs,hskonh,a,False,False,False,False,False,con,none,False,False,False,False,False,True
412,he/she is mourning for him/her,ih-l[perf2-imp2-inf2],full,hskonh,hskonh,hskonh,hskonhi,hskonh,hskon,hskonh,a,False,False,False,False,False,con,none,False,False,False,False,False,True
412,he/she is mourning for him/her,ih-l[perf2-imp2-inf3],full,hskonh,hskonh,hskonh,hskonhi,hskonh,hskon,hskonh,a,False,False,False,False,False,con,none,False,False,False,False,False,True
412,he/she is mourning for him/her,ih-l[perf2-imp4],full,hskonh,hskonh,hskonh,hskonhi,hskonhk,hskonhs,hskonh,a,False,False,False,False,False,con,none,False,False,False,False,False,True
412,he/she is mourning for him/her,ih-l[perf2-imp4-inf2],full,hskonh,hskonh,hskonh,hskonhi,hskonhk,hskon,hskonh,a,False,False,False,False,False,con,none,False,False,False,False,False,True
412,he/she is mourning for him/her,ih-l[perf2-imp4-inf3],full,hskonh,hskonh,hskonh,hskonhi,hskonhk,hskon,hskonh,a,False,False,False,False,False,con,none,False,False,False,False,False,True
413,he/she is rubbing him/her,rub,full,ahskoliy,ahskoliy,ahskoliy,ahskoliy,ahskoliy,ahskoliy,ahskoliy,a,False,False,False,False,False,vowel_a,none,False,False,False,False,True,True
414,he/she is erasing it,glottal-sk[perf2],full,hskolvti,hskolvti,hskolvti,hskolvti'i,hskolvta,hskolvti,hskolvti,a,False,False,False,False,False,con,none,False,False,False,False,False,True
414,he/she is erasing it,glottal-sk[perf2-inf2],full,hskolvti,hskolvti,hskolvti,hskolvti'i,hskolvta,hskolvti,hskolvti,a,False,False,False,False,False,con,none,False,False,False,False,False,True
414,he/she is erasing it,eat,full,hskolvt,hskolvt,hskolvt,hskolvti'i,hskolvt,hskolvt,hskolvt,a,False,False,False,False,False,con,none,False,False,False,False,False,True
416,it’s fading,become,full,hskolv,,hskolv,hskolv,,hskolvy,hskolv,a,False,False,False,False,False,con,none,False,False,False,False,False,True
416,it’s fading,become[inf3],full,hskolv,,hskolv,hskolv,,hskolv,hskolv,a,False,False,False,False,False,con,none,False,False,False,False,False,True
417,he/she is digging it,sk-s[imp2-inf2],full,ahsko,ahsko,ahsko,ahsko,ahskol,ahsko,ahsko,a,False,False,False,False,False,vowel_a,none,False,False,False,False,False,True
417,he/she is digging it,sk-s[imp4-inf2],full,ahsko,ahsko,ahsko,ahsko,ahskol,ahsko,ahsko,a,False,False,False,False,False,vowel_a,none,False,False,False,False,False,True
417,he/she is digging it,sk-s[imp5-inf2],full,ahsko,ahsko,ahsko,ahsko,ahsko,ahsko,ahsko,a,False,False,False,False,False,vowel_a,none,False,False,False,False,False,True
417,he/she is digging it,sk-s[imp3-inf2],full,ahsko,ahsko,ahsko,ahsko,ahskola,ahsko,ahsko,a,False,False,False,False,False,vowel_a,none,False,False,False,False,False,True
419,he/she is finishing it,glottal-sk[perf2],full,hskwati,hskwati,hskwati,hskwat,hskwata,hskwati,hskwati,a,False,False,False,False,False,con,none,False,False,False,False,False,True
419,he/she is finishing it,glottal-sk[perf2-inf2],full,hskwati,hskwati,hskwati,hskwat,hskwata,hskwati,hskwati,a,False,False,False,False,False,con,none,False,False,False,False,False,True
419,he/she is finishing it,eat,full,hskwat,hskwat,hskwat,hskwat,hskwat,hskwat,hskwat,a,False,False,False,False,False,con,none,False,False,False,False,False,True
421,he/she is catching him/her,glottal-sk[perf2],full,hskwalhe,hskwalhe,hskwalhe,hskwalhehs,hskwalhaki,hskwalhe,hskwalhe,a,False,False,False,False,False,con,none,False,False,False,False,False,True
421,he/she is catching him/her,glottal-sk[perf2-inf2],full,hskwalhe,hskwalhe,hskwalhe,hskwalhehs,hskwalhaki,hskwalhe,hskwalhe,a,False,False,False,False,False,con,none,False,False,False,False,False,True
421,he/she is catching him/her,rev-e,full,hskwalh,hskwalh,hskwalh,hskwalh,hskwalh,hskwalh,hskwalh,a,False,False,False,False,False,con,none,False,False,False,False,False,True
423,it’s getting shorter,become[imp2],full,hskwalo,hskwalo,hskwalo,hskwalo,hskwalo,hskwaloy,hskwalo,a,False,False,False,False,False,con,none,False,False,False,False,False,True
423,it’s getting shorter,become[imp2-inf3],full,hskwalo,hskwalo,hskwalo,hskwalo,hskwalo,hskwalo,hskwalo,a,False,False,False,False,False,con,none,False,False,False,False,False,True
424,he/she is breaking it,sk-s[imp2-inf2],full,hskwal,hskwal,hskwal,hskwal,hskwal,hskwal,hskwal,a,False,False,False,False,False,con,none,False,False,False,False,False,True
424,he/she is breaking it,sk-s[imp4-inf2],full,hskwal,hskwal,hskwal,hskwal,hskwal,hskwal,hskwal,a,False,False,False,False,False,con,none,False,False,False,False,False,True
424,he/she is breaking it,sk-s[imp5-inf2],full,hskwal,hskwal,hskwal,hskwal,hskwa,hskwal,hskwal,a,False,False,False,False,False,con,none,False,False,False,False,False,True
424,he/she is breaking it,sk-s[imp3-inf2],full,hskwal,hskwal,hskwal,hskwal,hskwala,hskwal,hskwal,a,False,False,False,False,False,con,none,False,False,False,False,False,True
425,he/she is hitting him/her on the head with it,ih-l,full,hskwalvn,hskwalvn,hskwalvn,hskwalvn,hskwalvni,hskwalvnihs,hskwalvn,a,False,False,False,False,False,con,none,False,False,False,False,False,True
425,he/she is hitting him/her on the head with it,ih-l[inf2],full,hskwalvn,hskwalvn,hskwalvn,hskwalvn,hskwalvni,hskwalvni,hskwalvn,a,False,False,False,False,False,con,none,False,False,False,False,False,True
425,he/she is hitting him/her on the head with it,ih-l[inf3],full,hskwalvn,hskwalvn,hskwalvn,hskwalvn,hskwalvni,hskwalvni,hskwalvn,a,False,False,False,False,False,con,none,False,False,False,False,False,True
425,he/she is hitting him/her on the head with it,ih-l[inf4],full,hskwalvn,hskwalvn,hskwalvn,hskwalvn,hskwalvni,hskwalvn,hskwalvn,a,False,False,False,False,False,con,none,False,False,False,False,False,True
425,he/she is hitting him/her on the head with it,ih-l[imp2],full,hskwalvn,hskwalvn,hskwalvn,hskwalvn,hskwalvni,hskwalvnihs,hskwalvn,a,False,False,False,False,False,con,none,False,False,False,False,False,True
425,he/she is hitting him/her on the head with it,ih-l[imp2-inf2],full,hskwalvn,hskwalvn,hskwalvn,hskwalvn,hskwalvni,hskwalvni,hskwalvn,a,False,False,False,False,False,con,none,False,False,False,False,False,True
425,he/she is hitting him/her on the head with it,ih-l[imp2-inf3],full,hskwalvn,hskwalvn,hskwalvn,hskwalvn,hskwalvni,hskwalvni,hskwalvn,a,False,False,False,False,False,con,none,False,False,False,False,False,True
425,he/she is hitting him/her on the head with it,ih-l[imp2-inf4],full,hskwalvn,hskwalvn,hskwalvn,hskwalvn,hskwalvni,hskwalvn,hskwalvn,a,False,False,False,False,False,con,none,False,False,False,False,False,True
425,he/she is hitting him/her on the head with it,ih-l[imp4],full,hskwalvn,hskwalvn,hskwalvn,hskwalvn,hskwalvnik,hskwalvnihs,hskwalvn,a,False,False,False,False,False,con,none,False,False,False,False,False,True
425,he/she is hitting him/her on the head with it,ih-l[imp4-inf2],full,hskwalvn,hskwalvn,hskwalvn,hskwalvn,hskwalvnik,hskwalvni,hskwalvn,a,False,False,False,False,False,con,none,False,False,False,False,False,True
425,he/she is hitting him/her on the head with it,ih-l[imp4-inf3],full,hskwalvn,hskwalvn,hskwalvn,hskwalvn,hskwalvnik,hskwalvni,hskwalvn,a,False,False,False,False,False,con,none,False,False,False,False,False,True
425,he/she is hitting him/her on the head with it,ih-l[imp4-inf4],full,hskwalvn,hskwalvn,hskwalvn,hskwalvn,hskwalvnik,hskwalvn,hskwalvn,a,False,False,False,False,False,con,none,False,False,False,False,False,True
425,he/she is hitting him/her on the head with it,ih-l[imp6],full,hskwalvn,hskwalvn,hskwalvn,hskwalvn,hskwalvn,hskwalvnihs,hskwalvn,a,False,False,False,False,False,con,none,False,False,False,False,False,True
425,he/she is hitting him/her on the head with it,ih-l[imp6-inf2],full,hskwalvn,hskwalvn,hskwalvn,hskwalvn,hskwalvn,hskwalvni,hskwalvn,a,False,False,False,False,False,con,none,False,False,False,False,False,True
425,he/she is hitting him/her on the head with it,ih-l[imp6-inf3],full,hskwalvn,hskwalvn,hskwalvn,hskwalvn,hskwalvn,hskwalvni,hskwalvn,a,False,False,False,False,False,con,none,False,False,False,False,False,True
425,he/she is hitting him/her on the head with it,ih-l[imp6-inf4],full,hskwalvn,hskwalvn,hskwalvn,hskwalvn,hskwalvn,hskwalvn,hskwalvn,a,False,False,False,False,False,con,none,False,False,False,False,False,True
425,he/she is hitting him/her on the head with it,ih-l[perf2],full,hskwalvn,hskwalvn,hskwalvn,hskwalvni,hskwalvni,hskwalvnihs,hskwalvn,a,False,False,False,False,False,con,none,False,False,False,False,False,True
425,he/she is hitting him/her on the head with it,ih-l[perf2-inf2],full,hskwalvn,hskwalvn,hskwalvn,hskwalvni,hskwalvni,hskwalvni,hskwalvn,a,False,False,False,False,False,con,none,False,False,False,False,False,True
425,he/she is hitting him/her on the head with it,ih-l[perf2-inf3],full,hskwalvn,hskwalvn,hskwalvn,hskwalvni,hskwalvni,hskwalvni,hskwalvn,a,False,False,False,False,False,con,none,False,False,False,False,False,True
425,he/she is hitting him/her on the head with it,ih-l[perf2-inf4],full,hskwalvn,hskwalvn,hskwalvn,hskwalvni,hskwalvni,hskwalvn,hskwalvn,a,False,False,False,False,False,con,none,False,False,False,False,False,True
425,he/she is hitting him/her on the head with it,ih-l[perf2-imp2],full,hskwalvn,hskwalvn,hskwalvn,hskwalvni,hskwalvni,hskwalvnihs,hskwalvn,a,False,False,False,False,False,con,none,False,False,False,False,False,True
425,he/she is hitting him/her on the head with it,ih-l[perf2-imp2-inf2],full,hskwalvn,hskwalvn,hskwalvn,hskwalvni,hskwalvni,hskwalvni,hskwalvn,a,False,False,False,False,False,con,none,False,False,False,False,False,True
425,he/she is hitting him/her on the head with it,ih-l[perf2-imp2-inf3],full,hskwalvn,hskwalvn,hskwalvn,hskwalvni,hskwalvni,hskwalvni,hskwalvn,a,False,False,False,False,False,con,none,False,False,False,False,False,True
425,he/she is hitting him/her on the head with it,ih-l[perf2-imp2-inf4],full,hskwalvn,hskwalvn,hskwalvn,hskwalvni,hskwalvni,hskwalvn,hskwalvn,a,False,False,False,False,False,con,none,False,False,False,False,False,True
425,he/she is hitting him/her on the head with it,ih-l[perf2-imp4],full,hskwalvn,hskwalvn,hskwalvn,hskwalvni,hskwalvnik,hskwalvnihs,hskwalvn,a,False,False,False,False,False,con,none,False,False,False,False,False,True
425,he/she is hitting him/her on the head with it,ih-l[perf2-imp4-inf2],full,hskwalvn,hskwalvn,hskwalvn,hskwalvni,hskwalvnik,hskwalvni,hskwalvn,a,False,False,False,False,False,con,none,False,False,False,False,False,True
425,he/she is hitting him/her on the head with it,ih-l[perf2-imp4-inf3],full,hskwalvn,hskwalvn,hskwalvn,hskwalvni,hskwalvnik,hskwalvni,hskwalvn,a,False,False,False,False,False,con,none,False,False,False,False,False,True
425,he/she is hitting him/her on the head with it,ih-l[perf2-imp4-inf4],full,hskwalvn,hskwalvn,hskwalvn,hskwalvni,hskwalvnik,hskwalvn,hskwalvn,a,False,False,False,False,False,con,none,False,False,False,False,False,True
425,he/she is hitting him/her on the head with it,ih-l[perf2-imp6],full,hskwalvn,hskwalvn,hskwalvn,hskwalvni,hskwalvn,hskwalvnihs,hskwalvn,a,False,False,False,False,False,con,none,False,False,False,False,False,True
425,he/she is hitting him/her on the head with it,ih-l[perf2-imp6-inf2],full,hskwalvn,hskwalvn,hskwalvn,hskwalvni,hskwalvn,hskwalvni,hskwalvn,a,False,False,False,False,False,con,none,False,False,False,False,False,True
425,he/she is hitting him/her on the head with it,ih-l[perf2-imp6-inf3],full,hskwalvn,hskwalvn,hskwalvn,hskwalvni,hskwalvn,hskwalvni,hskwalvn,a,False,False,False,False,False,con,none,False,False,False,False,False,True
425,he/she is hitting him/her on the head with it,ih-l[perf2-imp6-inf4],full,hskwalvn,hskwalvn,hskwalvn,hskwalvni,hskwalvn,hskwalvn,hskwalvn,a,False,False,False,False,False,con,none,False,False,False,False,False,True
427,he/she is amazed,sk-s,full,hskwaniko,hskwaniko,hskwaniko,hskwaniko,hskwaniko,hskwaniko,hskwaniko,a,False,False,False,False,False,con,none,False,False,False,False,False,True
427,he/she is amazed,sk-s[inf2],full,hskwaniko,hskwaniko,hskwaniko,hskwaniko,hskwaniko,hskwanikohi,hskwaniko,a,False,False,False,False,False,con,none,False,False,False,False,False,True
427,he/she is amazed,sk-s[inf3],full,hskwaniko,hskwaniko,hskwaniko,hskwaniko,hskwaniko,hskwanikoh,hskwaniko,a,False,False,False,False,False,con,none,False,False,False,False,False,True
427,he/she is amazed,sk-s[imp3],full,hskwaniko,hskwaniko,hskwaniko,hskwaniko,hskwanikohi,hskwaniko,hskwaniko,a,False,False,False,False,False,con,none,False,False,False,False,False,True
427,he/she is amazed,sk-s[imp3-inf2],full,hskwaniko,hskwaniko,hskwaniko,hskwaniko,hskwanikohi,hskwanikohi,hskwaniko,a,False,False,False,False,False,con,none,False,False,False,False,False,True
427,he/she is amazed,sk-s[imp3-inf3],full,hskwaniko,hskwaniko,hskwaniko,hskwaniko,hskwanikohi,hskwanikoh,hskwaniko,a,False,False,False,False,False,con,none,False,False,False,False,False,True
429,he/she is hitting him/her on the abdomen with it,ih-l,full,hskwohalvn,hskwohalvn,hskwohalvn,hskwohalvn,hskwohalvni,hskwohalvnihs,hskwohalvn,a,False,False,False,False,False,con,none,False,False,False,False,False,True
429,he/she is hitting him/her on the abdomen with it,ih-l[inf2],full,hskwohalvn,hskwohalvn,hskwohalvn,hskwohalvn,hskwohalvni,hskwohalvni,hskwohalvn,a,False,False,False,False,False,con,none,False,False,False,False,False,True
429,he/she is hitting him/her on the abdomen with it,ih-l[inf3],full,hskwohalvn,hskwohalvn,hskwohalvn,hskwohalvn,hskwohalvni,hskwohalvni,hskwohalvn,a,False,False,False,False,False,con,none,False,False,False,False,False,True
429,he/she is hitting him/her on the abdomen with it,ih-l[inf4],full,hskwohalvn,hskwohalvn,hskwohalvn,hskwohalvn,hskwohalvni,hskwohalvn,hskwohalvn,a,False,False,False,False,False,con,none,False,False,False,False,False,True
429,he/she is hitting him/her on the abdomen with it,ih-l[imp2],full,hskwohalvn,hskwohalvn,hskwohalvn,hskwohalvn,hskwohalvni,hskwohalvnihs,hskwohalvn,a,False,False,False,False,False,con,none,False,False,False,False,False,True
429,he/she is hitting him/her on the abdomen with it,ih-l[imp2-inf2],full,hskwohalvn,hskwohalvn,hskwohalvn,hskwohalvn,hskwohalvni,hskwohalvni,hskwohalvn,a,False,False,False,False,False,con,none,False,False,False,False,False,True
429,he/she is hitting him/her on the abdomen with it,ih-l[imp2-inf3],full,hskwohalvn,hskwohalvn,hskwohalvn,hskwohalvn,hskwohalvni,hskwohalvni,hskwohalvn,a,False,False,False,False,False,con,none,False,False,False,False,False,True
429,he/she is hitting him/her on the abdomen with it,ih-l[imp2-inf4],full,hskwohalvn,hskwohalvn,hskwohalvn,hskwohalvn,hskwohalvni,hskwohalvn,hskwohalvn,a,False,False,False,False,False,con,none,False,False,False,False,False,True
429,he/she is hitting him/her on the abdomen with it,ih-l[imp4],full,hskwohalvn,hskwohalvn,hskwohalvn,hskwohalvn,hskwohalvnik,hskwohalvnihs,hskwohalvn,a,False,False,False,False,False,con,none,False,False,False,False,False,True
429,he/she is hitting him/her on the abdomen with it,ih-l[imp4-inf2],full,hskwohalvn,hskwohalvn,hskwohalvn,hskwohalvn,hskwohalvnik,hskwohalvni,hskwohalvn,a,False,False,False,False,False,con,none,False,False,False,False,False,True
429,he/she is hitting him/her on the abdomen with it,ih-l[imp4-inf3],full,hskwohalvn,hskwohalvn,hskwohalvn,hskwohalvn,hskwohalvnik,hskwohalvni,hskwohalvn,a,False,False,False,False,False,con,none,False,False,False,False,False,True
429,he/she is hitting him/her on the abdomen with it,ih-l[imp4-inf4],full,hskwohalvn,hskwohalvn,hskwohalvn,hskwohalvn,hskwohalvnik,hskwohalvn,hskwohalvn,a,False,False,False,False,False,con,none,False,False,False,False,False,True
429,he/she is hitting him/her on the abdomen with it,ih-l[imp6],full,hskwohalvn,hskwohalvn,hskwohalvn,hskwohalvn,hskwohalvn,hskwohalvnihs,hskwohalvn,a,False,False,False,False,False,con,none,False,False,False,False,False,True
429,he/she is hitting him/her on the abdomen with it,ih-l[imp6-inf2],full,hskwohalvn,hskwohalvn,hskwohalvn,hskwohalvn,hskwohalvn,hskwohalvni,hskwohalvn,a,False,False,False,False,False,con,none,False,False,False,False,False,True
429,he/she is hitting him/her on the abdomen with it,ih-l[imp6-inf3],full,hskwohalvn,hskwohalvn,hskwohalvn,hskwohalvn,hskwohalvn,hskwohalvni,hskwohalvn,a,False,False,False,False,False,con,none,False,False,False,False,False,True
429,he/she is hitting him/her on the abdomen with it,ih-l[imp6-inf4],full,hskwohalvn,hskwohalvn,hskwohalvn,hskwohalvn,hskwohalvn,hskwohalvn,hskwohalvn,a,False,False,False,False,False,con,none,False,False,False,False,False,True
429,he/she is hitting him/her on the abdomen with it,ih-l[perf2],full,hskwohalvn,hskwohalvn,hskwohalvn,hskwohalvni,hskwohalvni,hskwohalvnihs,hskwohalvn,a,False,False,False,False,False,con,none,False,False,False,False,False,True
429,he/she is hitting him/her on the abdomen with it,ih-l[perf2-inf2],full,hskwohalvn,hskwohalvn,hskwohalvn,hskwohalvni,hskwohalvni,hskwohalvni,hskwohalvn,a,False,False,False,False,False,con,none,False,False,False,False,False,True
429,he/she is hitting him/her on the abdomen with it,ih-l[perf2-inf3],full,hskwohalvn,hskwohalvn,hskwohalvn,hskwohalvni,hskwohalvni,hskwohalvni,hskwohalvn,a,False,False,False,False,False,con,none,False,False,False,False,False,True
429,he/she is hitting him/her on the abdomen with it,ih-l[perf2-inf4],full,hskwohalvn,hskwohalvn,hskwohalvn,hskwohalvni,hskwohalvni,hskwohalvn,hskwohalvn,a,False,False,False,False,False,con,none,False,False,False,False,False,True
429,he/she is hitting him/her on the abdomen with it,ih-l[perf2-imp2],full,hskwohalvn,hskwohalvn,hskwohalvn,hskwohalvni,hskwohalvni,hskwohalvnihs,hskwohalvn,a,False,False,False,False,False,con,none,False,False,False,False,False,True
429,he/she is hitting him/her on the abdomen with it,ih-l[perf2-imp2-inf2],full,hskwohalvn,hskwohalvn,hskwohalvn,hskwohalvni,hskwohalvni,hskwohalvni,hskwohalvn,a,False,False,False,False,False,con,none,False,False,False,False,False,True
429,he/she is hitting him/her on the abdomen with it,ih-l[perf2-imp2-inf3],full,hskwohalvn,hskwohalvn,hskwohalvn,hskwohalvni,hskwohalvni,hskwohalvni,hskwohalvn,a,False,False,False,False,False,con,none,False,False,False,False,False,True
429,he/she is hitting him/her on the abdomen with it,ih-l[perf2-imp2-inf4],full,hskwohalvn,hskwohalvn,hskwohalvn,hskwohalvni,hskwohalvni,hskwohalvn,hskwohalvn,a,False,False,False,False,False,con,none,False,False,False,False,False,True
429,he/she is hitting him/her on the abdomen with it,ih-l[perf2-imp4],full,hskwohalvn,hskwohalvn,hskwohalvn,hskwohalvni,hskwohalvnik,hskwohalvnihs,hskwohalvn,a,False,False,False,False,False,con,none,False,False,False,False,False,True
429,he/she is hitting him/her on the abdomen with it,ih-l[perf2-imp4-inf2],full,hskwohalvn,hskwohalvn,hskwohalvn,hskwohalvni,hskwohalvnik,hskwohalvni,hskwohalvn,a,False,False,False,False,False,con,none,False,False,False,False,False,True
429,he/she is hitting him/her on the abdomen with it,ih-l[perf2-imp4-inf3],full,hskwohalvn,hskwohalvn,hskwohalvn,hskwohalvni,hskwohalvnik,hskwohalvni,hskwohalvn,a,False,False,False,False,False,con,none,False,False,False,False,False,True
429,he/she is hitting him/her on the abdomen with it,ih-l[perf2-imp4-inf4],full,hskwohalvn,hskwohalvn,hskwohalvn,hskwohalvni,hskwohalvnik,hskwohalvn,hskwohalvn,a,False,False,False,False,False,con,none,False,False,False,False,False,True
429,he/she is hitting him/her on the abdomen with it,ih-l[perf2-imp6],full,hskwohalvn,hskwohalvn,hskwohalvn,hskwohalvni,hskwohalvn,hskwohalvnihs,hskwohalvn,a,False,False,False,False,False,con,none,False,False,False,False,False,True
429,he/she is hitting him/her on the abdomen with it,ih-l[perf2-imp6-inf2],full,hskwohalvn,hskwohalvn,hskwohalvn,hskwohalvni,hskwohalvn,hskwohalvni,hskwohalvn,a,False,False,False,False,False,con,none,False,False,False,False,False,True
429,he/she is hitting him/her on the abdomen with it,ih-l[perf2-imp6-inf3],full,hskwohalvn,hskwohalvn,hskwohalvn,hskwohalvni,hskwohalvn,hskwohalvni,hskwohalvn,a,False,False,False,False,False,con,none,False,False,False,False,False,True
429,he/she is hitting him/her on the abdomen with it,ih-l[perf2-imp6-inf4],full,hskwohalvn,hskwohalvn,hskwohalvn,hskwohalvni,hskwohalvn,hskwohalvn,hskwohalvn,a,False,False,False,False,False,con,none,False,False,False,False,False,True
430,he/she is placing his/her hand on him/her,glottal-sk[perf2],full,ahsihthati,ahsihthati,ahsihthati,ahsihthat,ahsihthata,ahsihthati,ahsihthati,a,False,False,False,False,False,vowel_a,none,False,False,False,False,True,True
430,he/she is placing his/her hand on him/her,glottal-sk[perf2-inf2],full,ahsihthati,ahsihthati,ahsihthati,ahsihthat,ahsihthata,ahsihthati,ahsihthati,a,False,False,False,False,False,vowel_a,none,False,False,False,False,True,True
430,he/she is placing his/her hand on him/her,eat,full,ahsihthat,ahsihthat,ahsihthat,ahsihthat,ahsihthat,ahsihthat,ahsihthat,a,False,False,False,False,False,vowel_a,none,False,False,False,False,True,True
431,he/she is slapping him/her,ih-l,full,ahsihthvn,ahsihthvn,ahsihthvn,ahsihthvn,ahsihthvni,ahsihthvnihs,ahsihthvn,a,False,False,False,False,False,vowel_a,none,False,False,False,False,True,True
431,he/she is slapping him/her,ih-l[inf2],full,ahsihthvn,ahsihthvn,ahsihthvn,ahsihthvn,ahsihthvni,ahsihthvni,ahsihthvn,a,False,False,False,False,False,vowel_a,none,False,False,False,False,True,True
431,he/she is slapping him/her,ih-l[inf3],full,ahsihthvn,ahsihthvn,ahsihthvn,ahsihthvn,ahsihthvni,ahsihthvni,ahsihthvn,a,False,False,False,False,False,vowel_a,none,False,False,False,False,True,True
431,he/she is slapping him/her,ih-l[inf4],full,ahsihthvn,ahsihthvn,ahsihthvn,ahsihthvn,ahsihthvni,ahsihthvn,ahsihthvn,a,False,False,False,False,False,vowel_a,none,False,False,False,False,True,True
431,he/she is slapping him/her,ih-l[imp2],full,ahsihthvn,ahsihthvn,ahsihthvn,ahsihthvn,ahsihthvni,ahsihthvnihs,ahsihthvn,a,False,False,False,False,False,vowel_a,none,False,False,False,False,True,True
431,he/she is slapping him/her,ih-l[imp2-inf2],full,ahsihthvn,ahsihthvn,ahsihthvn,ahsihthvn,ahsihthvni,ahsihthvni,ahsihthvn,a,False,False,False,False,False,vowel_a,none,False,False,False,False,True,True
431,he/she is slapping him/her,ih-l[imp2-inf3],full,ahsihthvn,ahsihthvn,ahsihthvn,ahsihthvn,ahsihthvni,ahsihthvni,ahsihthvn,a,False,False,False,False,False,vowel_a,none,False,False,False,False,True,True
431,he/she is slapping him/her,ih-l[imp2-inf4],full,ahsihthvn,ahsihthvn,ahsihthvn,ahsihthvn,ahsihthvni,ahsihthvn,ahsihthvn,a,False,False,False,False,False,vowel_a,none,False,False,False,False,True,True
431,he/she is slapping him/her,ih-l[imp4],full,ahsihthvn,ahsihthvn,ahsihthvn,ahsihthvn,ahsihthvnik,ahsihthvnihs,ahsihthvn,a,False,False,False,False,False,vowel_a,none,False,False,False,False,True,True
431,he/she is slapping him/her,ih-l[imp4-inf2],full,ahsihthvn,ahsihthvn,ahsihthvn,ahsihthvn,ahsihthvnik,ahsihthvni,ahsihthvn,a,False,False,False,False,False,vowel_a,none,False,False,False,False,True,True
431,he/she is slapping him/her,ih-l[imp4-inf3],full,ahsihthvn,ahsihthvn,ahsihthvn,ahsihthvn,ahsihthvnik,ahsihthvni,ahsihthvn,a,False,False,False,False,False,vowel_a,none,False,False,False,False,True,True
431,he/she is slapping him/her,ih-l[imp4-inf4],full,ahsihthvn,ahsihthvn,ahsihthvn,ahsihthvn,ahsihthvnik,ahsihthvn,ahsihthvn,a,False,False,False,False,False,vowel_a,none,False,False,False,False,True,True
431,he/she is slapping him/her,ih-l[imp6],full,ahsihthvn,ahsihthvn,ahsihthvn,ahsihthvn,ahsihthvn,ahsihthvnihs,ahsihthvn,a,False,False,False,False,False,vowel_a,none,False,False,False,False,True,True
431,he/she is slapping him/her,ih-l[imp6-inf2],full,ahsihthvn,ahsihthvn,ahsihthvn,ahsihthvn,ahsihthvn,ahsihthvni,ahsihthvn,a,False,False,False,False,False,vowel_a,none,False,False,False,False,True,True
431,he/she is slapping him/her,ih-l[imp6-inf3],full,ahsihthvn,ahsihthvn,ahsihthvn,ahsihthvn,ahsihthvn,ahsihthvni,ahsihthvn,a,False,False,False,False,False,vowel_a,none,False,False,False,False,True,True
431,he/she is slapping him/her,ih-l[imp6-inf4],full,ahsihthvn,ahsihthvn,ahsihthvn,ahsihthvn,ahsihthvn,ahsihthvn,ahsihthvn,a,False,False,False,False,False,vowel_a,none,False,False,False,False,True,True
431,he/she is slapping him/her,ih-l[perf2],full,ahsihthvn,ahsihthvn,ahsihthvn,ahsihthvni,ahsihthvni,ahsihthvnihs,ahsihthvn,a,False,False,False,False,False,vowel_a,none,False,False,False,False,True,True
431,he/she is slapping him/her,ih-l[perf2-inf2],full,ahsihthvn,ahsihthvn,ahsihthvn,ahsihthvni,ahsihthvni,ahsihthvni,ahsihthvn,a,False,False,False,False,False,vowel_a,none,False,False,False,False,True,True
431,he/she is slapping him/her,ih-l[perf2-inf3],full,ahsihthvn,ahsihthvn,ahsihthvn,ahsihthvni,ahsihthvni,ahsihthvni,ahsihthvn,a,False,False,False,False,False,vowel_a,none,False,False,False,False,True,True
431,he/she is slapping him/her,ih-l[perf2-inf4],full,ahsihthvn,ahsihthvn,ahsihthvn,ahsihthvni,ahsihthvni,ahsihthvn,ahsihthvn,a,False,False,False,False,False,vowel_a,none,False,False,False,False,True,True
431,he/she is slapping him/her,ih-l[perf2-imp2],full,ahsihthvn,ahsihthvn,ahsihthvn,ahsihthvni,ahsihthvni,ahsihthvnihs,ahsihthvn,a,False,False,False,False,False,vowel_a,none,False,False,False,False,True,True
431,he/she is slapping him/her,ih-l[perf2-imp2-inf2],full,ahsihthvn,ahsihthvn,ahsihthvn,ahsihthvni,ahsihthvni,ahsihthvni,ahsihthvn,a,False,False,False,False,False,vowel_a,none,False,False,False,False,True,True
431,he/she is slapping him/her,ih-l[perf2-imp2-inf3],full,ahsihthvn,ahsihthvn,ahsihthvn,ahsihthvni,ahsihthvni,ahsihthvni,ahsihthvn,a,False,False,False,False,False,vowel_a,none,False,False,False,False,True,True
431,he/she is slapping him/her,ih-l[perf2-imp2-inf4],full,ahsihthvn,ahsihthvn,ahsihthvn,ahsihthvni,ahsihthvni,ahsihthvn,ahsihthvn,a,False,False,False,False,False,vowel_a,none,False,False,False,False,True,True
431,he/she is slapping him/her,ih-l[perf2-imp4],full,ahsihthvn,ahsihthvn,ahsihthvn,ahsihthvni,ahsihthvnik,ahsihthvnihs,ahsihthvn,a,False,False,False,False,False,vowel_a,none,False,False,False,False,True,True
431,he/she is slapping him/her,ih-l[perf2-imp4-inf2],full,ahsihthvn,ahsihthvn,ahsihthvn,ahsihthvni,ahsihthvnik,ahsihthvni,ahsihthvn,a,False,False,False,False,False,vowel_a,none,False,False,False,False,True,True
431,he/she is slapping him/her,ih-l[perf2-imp4-inf3],full,ahsihthvn,ahsihthvn,ahsihthvn,ahsihthvni,ahsihthvnik,ahsihthvni,ahsihthvn,a,False,False,False,False,False,vowel_a,none,False,False,False,False,True,True
431,he/she is slapping him/her,ih-l[perf2-imp4-inf4],full,ahsihthvn,ahsihthvn,ahsihthvn,ahsihthvni,ahsihthvnik,ahsihthvn,ahsihthvn,a,False,False,False,False,False,vowel_a,none,False,False,False,False,True,True
431,he/she is slapping him/her,ih-l[perf2-imp6],full,ahsihthvn,ahsihthvn,ahsihthvn,ahsihthvni,ahsihthvn,ahsihthvnihs,ahsihthvn,a,False,False,False,False,False,vowel_a,none,False,False,False,False,True,True
431,he/she is slapping him/her,ih-l[perf2-imp6-inf2],full,ahsihthvn,ahsihthvn,ahsihthvn,ahsihthvni,ahsihthvn,ahsihthvni,ahsihthvn,a,False,False,False,False,False,vowel_a,none,False,False,False,False,True,True
431,he/she is slapping him/her,ih-l[perf2-imp6-inf3],full,ahsihthvn,ahsihthvn,ahsihthvn,ahsihthvni,ahsihthvn,ahsihthvni,ahsihthvn,a,False,False,False,False,False,vowel_a,none,False,False,False,False,True,True
431,he/she is slapping him/her,ih-l[perf2-imp6-inf4],full,ahsihthvn,ahsihthvn,ahsihthvn,ahsihthvni,ahsihthvn,ahsihthvn,ahsihthvn,a,False,False,False,False,False,vowel_a,none,False,False,False,False,True,True
432,he/she is backing up,go,full,ahsin,ahsin,ahsin,ahsin,ahsin,ahsin,ahsin,a,False,False,False,False,False,vowel_a,none,False,False,False,False,False,True
432,he/she is backing up,go[perf2],full,ahsin,ahsin,ahsin,ahs,ahsin,ahsin,ahsin,a,False,False,False,False,False,vowel_a,none,False,False,False,False,False,True
432,he/she is backing up,go[pres2],full,ahsinek,ahsinek,ahsin,ahsin,ahsin,ahsin,ahsinek,a,False,False,False,False,False,vowel_a,none,False,False,False,False,False,True
432,he/she is backing up,go[pres2-perf2],full,ahsinek,ahsinek,ahsin,ahs,ahsin,ahsin,ahsinek,a,False,False,False,False,False,vowel_a,none,False,False,False,False,False,True
436,he/she is roping him/her,glottal-sk[perf2],full,hslhati,hslhati,hslhati,hslhat,hslhata,hslhati,hslhati,a,False,False,False,False,False,con,none,False,False,False,False,False,True
436,he/she is roping him/her,glottal-sk[perf2-inf2],full,hslhati,hslhati,hslhati,hslhat,hslhata,hslhati,hslhati,a,False,False,False,False,False,con,none,False,False,False,False,False,True
436,he/she is roping him/her,eat,full,hslhat,hslhat,hslhat,hslhat,hslhat,hslhat,hslhat,a,False,False,False,False,False,con,none,False,False,False,False,False,True
437,he/she is building a fence,around[perf2-imp2-inf2],full,ahsoyh,ahsoyh,ahsoyh,ahsoyh,ahsoyh,ahsoy,ahsoyh,a,False,False,False,False,False,vowel_a,none,False,False,False,False,False,True
437,he/she is building a fence,around[perf2-imp2-inf3],full,ahsoyh,ahsoyh,ahsoyh,ahsoyh,ahsoyh,ahsoy,ahsoyh,a,False,False,False,False,False,vowel_a,none,False,False,False,False,False,True
439,he/she is waving his/her hand,glottal-sk[perf2],full,ahsolvtaki,ahsolvtaki,ahsolvtaki,ahsolvtakihs,ahsolvtaki,ahsolvtaki,ahsolvtaki,a,False,False,False,False,False,vowel_a,none,False,False,False,False,False,True
439,he/she is waving his/her hand,glottal-sk[perf2-inf2],full,ahsolvtaki,ahsolvtaki,ahsolvtaki,ahsolvtakihs,ahsolvtaki,ahsolvtaki,ahsolvtaki,a,False,False,False,False,False,vowel_a,none,False,False,False,False,False,True
439,he/she is waving his/her hand,rev-gi,full,ahsolvta,ahsolvta,ahsolvta,ahsolvta,ahsolvta,ahsolvta,ahsolvta,a,False,False,False,False,False,vowel_a,none,False,False,False,False,False,True
440,he/she is pressing down on him/her,cause,full,ahsonhst,ahsonhst,ahsonhst,ahsonhst,ahsonhst,ahsonhst,ahsonhst,a,False,False,False,False,False,vowel_a,none,False,False,False,False,True,True
440,he/she is pressing down on him/her,cause[perf3],full,ahsonhst,ahsonhst,ahsonhst,ahsonhsth,ahsonhst,ahsonhst,ahsonhst,a,False,False,False,False,False,vowel_a,none,False,False,False,False,True,True
440,he/she is pressing down on him/her,cause[pres2],full,ahsonhstih,ahsonhstih,ahsonhst,ahsonhst,ahsonhst,ahsonhst,ahsonhstih,a,False,False,False,False,False,vowel_a,none,False,False,False,False,True,True
440,he/she is pressing down on him/her,cause[pres2-perf3],full,ahsonhstih,ahsonhstih,ahsonhst,ahsonhsth,ahsonhst,ahsonhst,ahsonhstih,a,False,False,False,False,False,vowel_a,none,False,False,False,False,True,True
441,he/she is wounding him/her,sk-h[imp3],full,hsonv,hsonv,hsonv,hsonvn,hsonvna,hsonv,hsonv,a,False,False,False,False,False,con,none,False,False,False,False,False,True
441,he/she is wounding him/her,vsk-vnh[inf4],full,hson,hson,hson,hson,hson,hson,hson,a,False,False,False,False,False,con,none,False,False,False,False,False,True
443,he/she is sopping it,glottal-sk[perf2],full,ahsu,ahsu,ahsu,ahsuhs,ahsutsa,ahsu,ahsu,a,False,False,False,False,False,vowel_a,none,False,False,False,False,False,True
443,he/she is sopping it,glottal-sk[perf2-inf2],full,ahsu,ahsu,ahsu,ahsuhs,ahsutsa,ahsu,ahsu,a,False,False,False,False,False,vowel_a,none,False,False,False,False,False,True
444,he/she is fishing,hvsk,full,ahsu,ahsu,ahsu,ahsu,ahsu,ahsu,ahsu,a,False,False,False,False,False,vowel_a,none,False,False,False,False,False,True
444,he/she is fishing,hvsk[inf2],full,ahsu,ahsu,ahsu,ahsu,ahsu,ahsu,ahsu,a,False,False,False,False,False,vowel_a,none,False,False,False,False,False,True
445,he/she is painting it,sk-s[imp2],full,hsuwhi,hsuwhi,hsuwhi,hsuwhi,hsuwh,hsuw,hsuwhi,a,False,False,False,False,False,con,none,False,False,False,False,False,True
445,he/she is painting it,sk-s[imp2-inf2],full,hsuwhi,hsuwhi,hsuwhi,hsuwhi,hsuwh,hsuwhi,hsuwhi,a,False,False,False,False,False,con,none,False,False,False,False,False,True
445,he/she is painting it,sk-s[imp2-inf3],full,hsuwhi,hsuwhi,hsuwhi,hsuwhi,hsuwh,hsuwh,hsuwhi,a,False,False,False,False,False,con,none,False,False,False,False,False,True
445,he/she is painting it,sk-s[imp4],full,hsuwhi,hsuwhi,hsuwhi,hsuwhi,hsuwh,hsuw,hsuwhi,a,False,False,False,False,False,con,none,False,False,False,False,False,True
445,he/she is painting it,sk-s[imp4-inf2],full,hsuwhi,hsuwhi,hsuwhi,hsuwhi,hsuwh,hsuwhi,hsuwhi,a,False,False,False,False,False,con,none,False,False,False,False,False,True
445,he/she is painting it,sk-s[imp4-inf3],full,hsuwhi,hsuwhi,hsuwhi,hsuwhi,hsuwh,hsuwh,hsuwhi,a,False,False,False,False,False,con,none,False,False,False,False,False,True
445,he/she is painting it,sk-s[imp6],full,hsuwhi,hsuwhi,hsuwhi,hsuwhi,hsuw,hsuw,hsuwhi,a,False,False,False,False,False,con,none,False,False,False,False,False,True
445,he/she is painting it,sk-s[imp6-inf2],full,hsuwhi,hsuwhi,hsuwhi,hsuwhi,hsuw,hsuwhi,hsuwhi,a,False,False,False,False,False,con,none,False,False,False,False,False,True
445,he/she is painting it,sk-s[imp6-inf3],full,hsuwhi,hsuwhi,hsuwhi,hsuwhi,hsuw,hsuwh,hsuwhi,a,False,False,False,False,False,con,none,False,False,False,False,False,True
445,he/she is painting it,sk-s[imp3],full,hsuwhi,hsuwhi,hsuwhi,hsuwhi,hsuwha,hsuw,hsuwhi,a,False,False,False,False,False,con,none,False,False,False,False,False,True
445,he/she is painting it,sk-s[imp3-inf2],full,hsuwhi,hsuwhi,hsuwhi,hsuwhi,hsuwha,hsuwhi,hsuwhi,a,False,False,False,False,False,con,none,False,False,False,False,False,True
445,he/she is painting it,sk-s[imp3-inf3],full,hsuwhi,hsuwhi,hsuwhi,hsuwhi,hsuwha,hsuwh,hsuwhi,a,False,False,False,False,False,con,none,False,False,False,False,False,True
446,he/she is changing his/her pants,glottal-sk[perf2],full,ahsula'iyv,ahsula'iyv,ahsula'iyv,ahsula'iyvhs,ahsula'iyvna,ahsula'iyv,ahsula'iyv,a,False,False,False,False,False,vowel_a,none,False,False,False,False,False,True
446,he/she is changing his/her pants,glottal-sk[perf2-inf2],full,ahsula'iyv,ahsula'iyv,ahsula'iyv,ahsula'iyvhs,ahsula'iyvna,ahsula'iyv,ahsula'iyv,a,False,False,False,False,False,vowel_a,none,False,False,False,False,False,True
446,he/she is changing his/her pants,change,full,ahsula'iy,ahsula'iy,ahsula'iy,ahsula'iy,ahsula'iy,ahsula'iy,ahsula'iy,a,False,False,False,False,False,vowel_a,none,False,False,False,False,False,True
447,he/she is taking his/her pants off,glottal-sk[perf2],full,ahsule,ahsule,ahsule,ahsulehs,ahsulaki,ahsule,ahsule,a,False,False,False,False,False,vowel_a,none,False,False,False,False,False,True
447,he/she is taking his/her pants off,glottal-sk[perf2-inf2],full,ahsule,ahsule,ahsule,ahsulehs,ahsulaki,ahsule,ahsule,a,False,False,False,False,False,vowel_a,none,False,False,False,False,False,True
447,he/she is taking his/her pants off,rev-e,full,ahsul,ahsul,ahsul,ahsul,ahsul,ahsul,ahsul,a,False,False,False,False,False,vowel_a,none,False,False,False,False,False,True
448,he/she is putting his/her pants on,hear,full,ahsul,ahsul,ahsul,ahsul,ahsul,ahsul,ahsul,a,False,False,False,False,False,vowel_a,none,False,False,False,False,False,True
449,he/she is quitting,become,full,hsuliko,hsuliko,hsuliko,hsuliko,hsuliko,hsuliko,hsuliko,a,False,False,False,False,False,con,none,False,False,False,False,False,True
452,he/she is choosing him/her,glottal-sk[perf2],full,ahsuye,ahsuye,ahsuye,ahsuyehs,ahsuyaki,ahsuye,ahsuye,a,False,False,False,False,False,vowel_a,none,False,False,False,False,True,True
452,he/she is choosing him/her,glottal-sk[perf2-inf2],full,ahsuye,ahsuye,ahsuye,ahsuyehs,ahsuyaki,ahsuye,ahsuye,a,False,False,False,False,False,vowel_a,none,False,False,False,False,True,True
452,he/she is choosing him/her,rev-e,full,ahsuy,ahsuy,ahsuy,ahsuy,ahsuy,ahsuy,ahsuy,a,False,False,False,False,False,vowel_a,none,False,False,False,False,True,True
453,he/she is stirring it,apl-active,full,ahsuy,ahsuy,ahsuy,ahsuy,ahsuy,ahsuy,ahsuy,a,False,False,False,False,False,vowel_a,none,False,False,False,False,False,True
453,he/she is stirring it,apl-active[inf2],full,ahsuy,ahsuy,ahsuy,ahsuy,ahsuy,ahsuye,ahsuy,a,False,False,False,False,False,vowel_a,none,False,False,False,False,False,True
453,he/she is stirring it,apl-active[imp2],full,ahsuy,ahsuy,ahsuy,ahsuy,ahsuyvl,ahsuy,ahsuy,a,False,False,False,False,False,vowel_a,none,False,False,False,False,False,True
453,he/she is stirring it,apl-active[imp2-inf2],full,ahsuy,ahsuy,ahsuy,ahsuy,ahsuyvl,ahsuye,ahsuy,a,False,False,False,False,False,vowel_a,none,False,False,False,False,False,True
454,he/she is mixing it in,v'vsk,full,ahsuy,ahsuy,ahsuy,ahsuyv,ahsuyv',ahsuyv,ahsuy,a,False,False,False,False,False,vowel_a,none,False,False,False,False,False,True
454,he/she is mixing it in,v'vsk[inf2],full,ahsuy,ahsuy,ahsuy,ahsuyv,ahsuyv',ahsuy,ahsuy,a,False,False,False,False,False,vowel_a,none,False,False,False,False,False,True
454,he/she is mixing it in,v'vsk[imp2],full,ahsuy,ahsuy,ahsuy,ahsuyv,ahsuyv,ahsuyv,ahsuy,a,False,False,False,False,False,vowel_a,none,False,False,False,False,False,True
454,he/she is mixing it in,v'vsk[imp2-inf2],full,ahsuy,ahsuy,ahsuy,ahsuyv,ahsuyv,ahsuy,ahsuy,a,False,False,False,False,False,vowel_a,none,False,False,False,False,False,True
454,he/she is mixing it in,v'vsk[imp3],full,ahsuy,ahsuy,ahsuy,ahsuyv,ahsuy,ahsuyv,ahsuy,a,False,False,False,False,False,vowel_a,none,False,False,False,False,False,True
454,he/she is mixing it in,v'vsk[imp3-inf2],full,ahsuy,ahsuy,ahsuy,ahsuyv,ahsuy,ahsuy,ahsuy,a,False,False,False,False,False,vowel_a,none,False,False,False,False,False,True
454,he/she is mixing it in,v'vsk[perf2],full,ahsuy,ahsuy,ahsuy,ahsuy,ahsuyv',ahsuyv,ahsuy,a,False,False,False,False,False,vowel_a,none,False,False,False,False,False,True
454,he/she is mixing it in,v'vsk[perf2-inf2],full,ahsuy,ahsuy,ahsuy,ahsuy,ahsuyv',ahsuy,ahsuy,a,False,False,False,False,False,vowel_a,none,False,False,False,False,False,True
454,he/she is mixing it in,v'vsk[perf2-imp2],full,ahsuy,ahsuy,ahsuy,ahsuy,ahsuyv,ahsuyv,ahsuy,a,False,False,False,False,False,vowel_a,none,False,False,False,False,False,True
454,he/she is mixing it in,v'vsk[perf2-imp2-inf2],full,ahsuy,ahsuy,ahsuy,ahsuy,ahsuyv,ahsuy,ahsuy,a,False,False,False,False,False,vowel_a,none,False,False,False,False,False,True
454,he/she is mixing it in,v'vsk[perf2-imp3],full,ahsuy,ahsuy,ahsuy,ahsuy,ahsuy,ahsuyv,ahsuy,a,False,False,False,False,False,vowel_a,none,False,False,False,False,False,True
454,he/she is mixing it in,v'vsk[perf2-imp3-inf2],full,ahsuy,ahsuy,ahsuy,ahsuy,ahsuy,ahsuy,ahsuy,a,False,False,False,False,False,vowel_a,none,False,False,False,False,False,True
455,it smells,become,full,hsv,hsv,hsv,,,,hsv,a,False,False,False,False,False,con,none,False,False,False,False,False,True
455,it smells,aspectless,full,hsvk,hsvk,hsvk,,,,hsvk,a,False,False,False,False,False,con,none,False,False,False,False,False,True
458,he/she is touching him/her,ih-l,full,ahsvnh,ahsvnh,ahsvnh,ahsvnh,ahsvnh,ahsvnhs,ahsvnh,a,False,False,False,False,False,vowel_a,none,False,False,False,False,True,True
458,he/she is touching him/her,ih-l[inf2],full,ahsvnh,ahsvnh,ahsvnh,ahsvnh,ahsvnh,ahsvn,ahsvnh,a,False,False,False,False,False,vowel_a,none,False,False,False,False,True,True
458,he/she is touching him/her,ih-l[inf3],full,ahsvnh,ahsvnh,ahsvnh,ahsvnh,ahsvnh,ahsvn,ahsvnh,a,False,False,False,False,False,vowel_a,none,False,False,False,False,True,True
458,he/she is touching him/her,ih-l[imp2],full,ahsvnh,ahsvnh,ahsvnh,ahsvnh,ahsvnh,ahsvnhs,ahsvnh,a,False,False,False,False,False,vowel_a,none,False,False,False,False,True,True
458,he/she is touching him/her,ih-l[imp2-inf2],full,ahsvnh,ahsvnh,ahsvnh,ahsvnh,ahsvnh,ahsvn,ahsvnh,a,False,False,False,False,False,vowel_a,none,False,False,False,False,True,True
458,he/she is touching him/her,ih-l[imp2-inf3],full,ahsvnh,ahsvnh,ahsvnh,ahsvnh,ahsvnh,ahsvn,ahsvnh,a,False,False,False,False,False,vowel_a,none,False,False,False,False,True,True
458,he/she is touching him/her,ih-l[imp4],full,ahsvnh,ahsvnh,ahsvnh,ahsvnh,ahsvnhk,ahsvnhs,ahsvnh,a,False,False,False,False,False,vowel_a,none,False,False,False,False,True,True
458,he/she is touching him/her,ih-l[imp4-inf2],full,ahsvnh,ahsvnh,ahsvnh,ahsvnh,ahsvnhk,ahsvn,ahsvnh,a,False,False,False,False,False,vowel_a,none,False,False,False,False,True,True
458,he/she is touching him/her,ih-l[imp4-inf3],full,ahsvnh,ahsvnh,ahsvnh,ahsvnh,ahsvnhk,ahsvn,ahsvnh,a,False,False,False,False,False,vowel_a,none,False,False,False,False,True,True
458,he/she is touching him/her,ih-l[perf2],full,ahsvnh,ahsvnh,ahsvnh,ahsvnhi,ahsvnh,ahsvnhs,ahsvnh,a,False,False,False,False,False,vowel_a,none,False,False,False,False,True,True
458,he/she is touching him/her,ih-l[perf2-inf2],full,ahsvnh,ahsvnh,ahsvnh,ahsvnhi,ahsvnh,ahsvn,ahsvnh,a,False,False,False,False,False,vowel_a,none,False,False,False,False,True,True
458,he/she is touching him/her,ih-l[perf2-inf3],full,ahsvnh,ahsvnh,ahsvnh,ahsvnhi,ahsvnh,ahsvn,ahsvnh,a,False,False,False,False,False,vowel_a,none,False,False,False,False,True,True
458,he/she is touching him/her,ih-l[perf2-imp2],full,ahsvnh,ahsvnh,ahsvnh,ahsvnhi,ahsvnh,ahsvnhs,ahsvnh,a,False,False,False,False,False,vowel_a,none,False,False,False,False,True,True
458,he/she is touching him/her,ih-l[perf2-imp2-inf2],full,ahsvnh,ahsvnh,ahsvnh,ahsvnhi,ahsvnh,ahsvn,ahsvnh,a,False,False,False,False,False,vowel_a,none,False,False,False,False,True,True
458,he/she is touching him/her,ih-l[perf2-imp2-inf3],full,ahsvnh,ahsvnh,ahsvnh,ahsvnhi,ahsvnh,ahsvn,ahsvnh,a,False,False,False,False,False,vowel_a,none,False,False,False,False,True,True
458,he/she is touching him/her,ih-l[perf2-imp4],full,ahsvnh,ahsvnh,ahsvnh,ahsvnhi,ahsvnhk,ahsvnhs,ahsvnh,a,False,False,False,False,False,vowel_a,none,False,False,False,False,True,True
458,he/she is touching him/her,ih-l[perf2-imp4-inf2],full,ahsvnh,ahsvnh,ahsvnh,ahsvnhi,ahsvnhk,ahsvn,ahsvnh,a,False,False,False,False,False,vowel_a,none,False,False,False,False,True,True
458,he/she is touching him/her,ih-l[perf2-imp4-inf3],full,ahsvnh,ahsvnh,ahsvnh,ahsvnhi,ahsvnhk,ahsvn,ahsvnh,a,False,False,False,False,False,vowel_a,none,False,False,False,False,True,True
459,he/she is drinking it up,sk-h,full,hsvhv,hsvhv,hsvhv,hsvn,hsvn,hsvhv,hsvhv,a,False,False,False,False,False,con,none,False,False,False,False,False,True
459,he/she is drinking it up,sk-h[imp3],full,hsvhv,hsvhv,hsvhv,hsvn,hsvnha,hsvhv,hsvhv,a,False,False,False,False,False,con,none,False,False,False,False,False,True
459,he/she is drinking it up,terminative-no-o,full,hsv,hsv,hsv,hsv,hsv,hsv,hsv,a,False,False,False,False,False,con,none,False,False,False,False,False,True
463,he/she is holding his/her breath,cause,full,athawhohst,a'tawhohst,athawhohst,athawhohst,athawhohst,athawhohst,athawhohst,a,False,False,False,False,False,vowel_a,none,False,False,False,False,False,True
463,he/she is holding his/her breath,cause[perf3],full,athawhohst,a'tawhohst,athawhohst,athawhohsth,athawhohst,athawhohst,athawhohst,a,False,False,False,False,False,vowel_a,none,False,False,False,False,False,True
463,he/she is holding his/her breath,cause[pres2],full,athawhohstih,a'tawhohstih,athawhohst,athawhohst,athawhohst,athawhohst,athawhohstih,a,False,False,False,False,False,vowel_a,none,False,False,False,False,False,True
463,he/she is holding his/her breath,cause[pres2-perf3],full,athawhohstih,a'tawhohstih,athawhohst,athawhohsth,athawhohst,athawhohst,athawhohstih,a,False,False,False,False,False,vowel_a,none,False,False,False,False,False,True
464,he/she is mooring a boat,glottal-sk[perf2],full,thalati,thalati,thalati,thalat,thalata,thalati,thalati,a,False,False,False,False,False,con,none,False,False,False,False,False,True
464,he/she is mooring a boat,glottal-sk[perf2-inf2],full,thalati,thalati,thalati,thalat,thalata,thalati,thalati,a,False,False,False,False,False,con,none,False,False,False,False,False,True
464,he/she is mooring a boat,eat,full,thalat,thalat,thalat,thalat,thalat,thalat,thalat,a,False,False,False,False,False,con,none,False,False,False,False,False,True
465,he/she is drilling a hole,sk-s[imp2-inf2],full,thale,thale,thale,thale,thalak,thale,thale,a,False,False,False,False,False,con,none,False,False,False,False,False,True
465,he/she is drilling a hole,sk-s[imp4-inf2],full,thale,thale,thale,thale,thalak,thale,thale,a,False,False,False,False,False,con,none,False,False,False,False,False,True
465,he/she is drilling a hole,sk-s[imp3-inf2],full,thale,thale,thale,thale,thalaka,thale,thale,a,False,False,False,False,False,con,none,False,False,False,False,False,True
467,it’s steaming,go,full,thanol,,thanol,thanol,,thanol,thanol,a,False,False,False,False,False,con,none,False,False,False,False,False,True
467,it’s steaming,go[pres2],full,thanolek,,thanol,thanol,,thanol,thanolek,a,False,False,False,False,False,con,none,False,False,False,False,False,True
469,it’s exploding,glottal-sk[perf2],full,athahski,,athahski,athahskihs,athahski,athahski,athahski,a,False,False,False,False,False,vowel_a,none,False,False,False,False,False,True
469,it’s exploding,glottal-sk[perf2-inf2],full,athahski,,athahski,athahskihs,athahski,athahski,athahski,a,False,False,False,False,False,vowel_a,none,False,False,False,False,False,True
469,it’s exploding,rev-gi,full,athahs,,athahs,athahs,athahs,athahs,athahs,a,False,False,False,False,False,vowel_a,none,False,False,False,False,False,True
472,he/she is kissing him/her,v'vsk,full,thaweto',taweto',thaweto',thaweto,taweto',thaweto,thaweto',a,False,False,False,False,False,con,none,False,False,False,False,True,True
472,he/she is kissing him/her,v'vsk[imp2],full,thaweto',taweto',thaweto',thaweto,taweto,thaweto,thaweto',a,False,False,False,False,False,con,none,False,False,False,False,True,True
472,he/she is kissing him/her,v'vsk[imperf2],full,thaweto',taweto',thaweto,thaweto,taweto',thaweto,thaweto',a,False,False,False,False,False,con,none,False,False,False,False,True,True
472,he/she is kissing him/her,v'vsk[imperf2-imp2],full,thaweto',taweto',thaweto,thaweto,taweto,thaweto,thaweto',a,False,False,False,False,False,con,none,False,False,False,False,True,True
472,he/she is kissing him/her,v'vsk[pres2],full,thaweto,taweto,thaweto',thaweto,taweto',thaweto,thaweto,a,False,False,False,False,False,con,none,False,False,False,False,True,True
472,he/she is kissing him/her,v'vsk[pres2-imp2],full,thaweto,taweto,thaweto',thaweto,taweto,thaweto,thaweto,a,False,False,False,False,False,con,none,False,False,False,False,True,True
472,he/she is kissing him/her,v'vsk[pres2-imperf2],full,thaweto,taweto,thaweto,thaweto,taweto',thaweto,thaweto,a,False,False,False,False,False,con,none,False,False,False,False,True,True
472,he/she is kissing him/her,v'vsk[pres2-imperf2-imp2],full,thaweto,taweto,thaweto,thaweto,taweto,thaweto,thaweto,a,False,False,False,False,False,con,none,False,False,False,False,True,True
473,he/she is combing someone’s hair,glottal-sk,full,thawo,thawo,thawo,thawo,thawotsa,thahso,thawo,a,False,False,False,False,False,con,none,False,False,False,False,False,True
473,he/she is combing someone’s hair,glottal-sk[inf2],full,thawo,thawo,thawo,thawo,thawotsa,thahso,thawo,a,False,False,False,False,False,con,none,False,False,False,False,False,True
473,he/she is combing someone’s hair,glottal-sk[perf2],full,thawo,thawo,thawo,thawo',thawotsa,thahso,thawo,a,False,False,False,False,False,con,none,False,False,False,False,False,True
473,he/she is combing someone’s hair,glottal-sk[perf2-inf2],full,thawo,thawo,thawo,thawo',thawotsa,thahso,thawo,a,False,False,False,False,False,con,none,False,False,False,False,False,True
473,he/she is combing someone’s hair,o,full,thaw,thaw,thaw,thaw,thaw,thahs,thaw,a,False,False,False,False,False,con,none,False,False,False,False,False,True
474,he/she is asking for it,ih-l[perf3-imp4],full,thayoh,thayoh,thayoh,thayo,thayoh,thayohs,thayoh,a,False,False,False,False,False,con,none,False,False,False,False,False,True
474,he/she is asking for it,ih-l[perf3-imp4-inf2],full,thayoh,thayoh,thayoh,thayo,thayoh,thayo,thayoh,a,False,False,False,False,False,con,none,False,False,False,False,False,True
474,he/she is asking for it,ih-l[perf3-imp4-inf3],full,thayoh,thayoh,thayoh,thayo,thayoh,thayo,thayoh,a,False,False,False,False,False,con,none,False,False,False,False,False,True
477,he/she is shaking him/her,episodic[imp2],full,thel,thel,thel,thel,thel,thel,thel,a,False,False,False,False,False,con,none,False,False,False,False,False,True
477,he/she is shaking him/her,vsk-vnh,full,thelvh,thelvh,thelvh,thel,thel,thel,thelvh,a,False,False,False,False,False,con,none,False,False,False,False,False,True
479,he/she is leading him/her,go[pres2],full,athinh,athinh,athinh,athinh,athinh,athinh,athinh,a,False,False,False,False,False,vowel_a,none,False,False,False,False,True,True
480,he/she is arguing,ih-l[perf3],full,athiyoh,a'tiyoh,athiyoh,athiyo,athiyo,athiyohs,athiyoh,a,False,False,False,False,False,vowel_a,none,False,False,False,False,False,True
480,he/she is arguing,ih-l[perf3-inf2],full,athiyoh,a'tiyoh,athiyoh,athiyo,athiyo,athiyo,athiyoh,a,False,False,False,False,False,vowel_a,none,False,False,False,False,False,True
480,he/she is arguing,ih-l[perf3-inf3],full,athiyoh,a'tiyoh,athiyoh,athiyo,athiyo,athiyo,athiyoh,a,False,False,False,False,False,vowel_a,none,False,False,False,False,False,True
480,he/she is arguing,ih-l[perf3-imp2],full,athiyoh,a'tiyoh,athiyoh,athiyo,athiyo,athiyohs,athiyoh,a,False,False,False,False,False,vowel_a,none,False,False,False,False,False,True
480,he/she is arguing,ih-l[perf3-imp2-inf2],full,athiyoh,a'tiyoh,athiyoh,athiyo,athiyo,athiyo,athiyoh,a,False,False,False,False,False,vowel_a,none,False,False,False,False,False,True
480,he/she is arguing,ih-l[perf3-imp2-inf3],full,athiyoh,a'tiyoh,athiyoh,athiyo,athiyo,athiyo,athiyoh,a,False,False,False,False,False,vowel_a,none,False,False,False,False,False,True
480,he/she is arguing,ih-l[perf3-imp4],full,athiyoh,a'tiyoh,athiyoh,athiyo,athiyok,athiyohs,athiyoh,a,False,False,False,False,False,vowel_a,none,False,False,False,False,False,True
480,he/she is arguing,ih-l[perf3-imp4-inf2],full,athiyoh,a'tiyoh,athiyoh,athiyo,athiyok,athiyo,athiyoh,a,False,False,False,False,False,vowel_a,none,False,False,False,False,False,True
480,he/she is arguing,ih-l[perf3-imp4-inf3],full,athiyoh,a'tiyoh,athiyoh,athiyo,athiyok,athiyo,athiyoh,a,False,False,False,False,False,vowel_a,none,False,False,False,False,False,True
483,he/she is racing,glottal-sk[perf2],full,athohkiya,athohkiya,athohkiya,athohkiy,athohkiya,athohkiya,athohkiya,a,False,False,False,False,False,vowel_a,none,False,False,False,False,False,True
483,he/she is racing,glottal-sk[perf2-inf2],full,athohkiya,athohkiya,athohkiya,athohkiy,athohkiya,athohkiya,athohkiya,a,False,False,False,False,False,vowel_a,none,False,False,False,False,False,True
486,he/she is loaning it to him/her,cause,full,atholhst,atholhst,atholhst,atholhst,atholhst,atholhst,atholhst,a,False,False,False,False,False,vowel_a,none,False,False,False,False,True,True
486,he/she is loaning it to him/her,cause[perf3],full,atholhst,atholhst,atholhst,atholhsth,atholhst,atholhst,atholhst,a,False,False,False,False,False,vowel_a,none,False,False,False,False,True,True
486,he/she is loaning it to him/her,cause[pres2],full,atholhstih,atholhstih,atholhst,atholhst,atholhst,atholhst,atholhstih,a,False,False,False,False,False,vowel_a,none,False,False,False,False,True,True
486,he/she is loaning it to him/her,cause[pres2-perf3],full,atholhstih,atholhstih,atholhst,atholhsth,atholhst,atholhst,atholhstih,a,False,False,False,False,False,vowel_a,none,False,False,False,False,True,True
487,he/she is borrowing him/her,sk-s[imp2],full,athol,athol,athol,athol,athol,athol,athol,a,False,False,False,False,False,vowel_a,none,False,False,False,False,False,True
487,he/she is borrowing him/her,sk-s[imp2-inf2],full,athol,athol,athol,athol,athol,atholhi,athol,a,False,False,False,False,False,vowel_a,none,False,False,False,False,False,True
487,he/she is borrowing him/her,sk-s[imp2-inf3],full,athol,athol,athol,athol,athol,atholh,athol,a,False,False,False,False,False,vowel_a,none,False,False,False,False,False,True
487,he/she is borrowing him/her,sk-s[imp4],full,athol,athol,athol,athol,athol,athol,athol,a,False,False,False,False,False,vowel_a,none,False,False,False,False,False,True
487,he/she is borrowing him/her,sk-s[imp4-inf2],full,athol,athol,athol,athol,athol,atholhi,athol,a,False,False,False,False,False,vowel_a,none,False,False,False,False,False,True
487,he/she is borrowing him/her,sk-s[imp4-inf3],full,athol,athol,athol,athol,athol,atholh,athol,a,False,False,False,False,False,vowel_a,none,False,False,False,False,False,True
487,he/she is borrowing him/her,sk-s[imp5],full,athol,athol,athol,athol,atho,athol,athol,a,False,False,False,False,False,vowel_a,none,False,False,False,False,False,True
487,he/she is borrowing him/her,sk-s[imp5-inf2],full,athol,athol,athol,athol,atho,atholhi,athol,a,False,False,False,False,False,vowel_a,none,False,False,False,False,False,True
487,he/she is borrowing him/her,sk-s[imp5-inf3],full,athol,athol,athol,athol,atho,atholh,athol,a,False,False,False,False,False,vowel_a,none,False,False,False,False,False,True
487,he/she is borrowing him/her,sk-s[imp3],full,athol,athol,athol,athol,athola,athol,athol,a,False,False,False,False,False,vowel_a,none,False,False,False,False,False,True
487,he/she is borrowing him/her,sk-s[imp3-inf2],full,athol,athol,athol,athol,athola,atholhi,athol,a,False,False,False,False,False,vowel_a,none,False,False,False,False,False,True
487,he/she is borrowing him/her,sk-s[imp3-inf3],full,athol,athol,athol,athol,athola,atholh,athol,a,False,False,False,False,False,vowel_a,none,False,False,False,False,False,True
488,it’s flashing,sk-s[imp3-inf2],full,thoyaw,,thoyaw,thoyaw,,thoyaw,thoyaw,a,False,False,False,False,False,con,none,False,False,False,False,False,True
489,he/she is taking a bite,glottal-sk[perf2],full,atste,atsihste,atste,atstehs,atstaki,atste,atste,a,False,False,False,False,False,vowel_a,none,False,False,False,False,False,True
489,he/she is taking a bite,glottal-sk[perf2-inf2],full,atste,atsihste,atste,atstehs,atstaki,atste,atste,a,False,False,False,False,False,vowel_a,none,False,False,False,False,False,True
489,he/she is taking a bite,rev-e,full,atst,atsihst,atst,atst,atst,atst,atst,a,False,False,False,False,False,vowel_a,none,False,False,False,False,False,True
490,he/she is lying,v'vsk,full,atsko',atsihsko',atsko',atsko,atsko',atsko,atsko',a,False,False,False,False,False,vowel_a,none,False,False,False,False,False,True
490,he/she is lying,v'vsk[imp2],full,atsko',atsihsko',atsko',atsko,atsko,atsko,atsko',a,False,False,False,False,False,vowel_a,none,False,False,False,False,False,True
490,he/she is lying,v'vsk[imperf2],full,atsko',atsihsko',atsko,atsko,atsko',atsko,atsko',a,False,False,False,False,False,vowel_a,none,False,False,False,False,False,True
490,he/she is lying,v'vsk[imperf2-imp2],full,atsko',atsihsko',atsko,atsko,atsko,atsko,atsko',a,False,False,False,False,False,vowel_a,none,False,False,False,False,False,True
490,he/she is lying,v'vsk[pres2],full,atsko,atsihsko,atsko',atsko,atsko',atsko,atsko,a,False,False,False,False,False,vowel_a,none,False,False,False,False,False,True
490,he/she is lying,v'vsk[pres2-imp2],full,atsko,atsihsko,atsko',atsko,atsko,atsko,atsko,a,False,False,False,False,False,vowel_a,none,False,False,False,False,False,True
490,he/she is lying,v'vsk[pres2-imperf2],full,atsko,atsihsko,atsko,atsko,atsko',atsko,atsko,a,False,False,False,False,False,vowel_a,none,False,False,False,False,False,True
490,he/she is lying,v'vsk[pres2-imperf2-imp2],full,atsko,atsihsko,atsko,atsko,atsko,atsko,atsko,a,False,False,False,False,False,vowel_a,none,False,False,False,False,False,True
491,he/she is taking a drink,glottal-sk[perf2],full,athuki,a'tuki,athuki,athukihs,athuki,athuki,athuki,a,False,False,False,False,False,vowel_a,none,False,False,False,False,False,True
491,he/she is taking a drink,glottal-sk[perf2-inf2],full,athuki,a'tuki,athuki,athukihs,athuki,athuki,athuki,a,False,False,False,False,False,vowel_a,none,False,False,False,False,False,True
491,he/she is taking a drink,rev-gi,full,athu,a'tu,athu,athu,athu,athu,athu,a,False,False,False,False,False,vowel_a,none,False,False,False,False,False,True
493,he/she is promising,cause,full,thu'ihst,thu'ihst,thu'ihst,thu'ihst,thu'ihst,thu'ihst,thu'ihst,a,False,False,False,False,False,con,none,False,False,False,False,False,True
493,he/she is promising,cause[perf3],full,thu'ihst,thu'ihst,thu'ihst,thu'ihsth,thu'ihst,thu'ihst,thu'ihst,a,False,False,False,False,False,con,none,False,False,False,False,False,True
493,he/she is promising,cause[pres2],full,thu'ihstih,thu'ihstih,thu'ihst,thu'ihst,thu'ihst,thu'ihst,thu'ihstih,a,False,False,False,False,False,con,none,False,False,False,False,False,True
493,he/she is promising,cause[pres2-perf3],full,thu'ihstih,thu'ihstih,thu'ihst,thu'ihsth,thu'ihst,thu'ihst,thu'ihstih,a,False,False,False,False,False,con,none,False,False,False,False,False,True
494,he/she is listening to him/her,cause,full,athvtahst,athvtahst,athvtahst,athvtahst,athvtahst,athvtahst,athvtahst,a,False,False,False,False,False,vowel_a,none,False,False,False,False,True,True
494,he/she is listening to him/her,cause[perf3],full,athvtahst,athvtahst,athvtahst,athvtahsth,athvtahst,athvtahst,athvtahst,a,False,False,False,False,False,vowel_a,none,False,False,False,False,True,True
494,he/she is listening to him/her,cause[pres2],full,athvtahstih,athvtahstih,athvtahst,athvtahst,athvtahst,athvtahst,athvtahstih,a,False,False,False,False,False,vowel_a,none,False,False,False,False,True,True
494,he/she is listening to him/her,cause[pres2-perf3],full,athvtahstih,athvtahstih,athvtahst,athvtahsth,athvtahst,athvtahst,athvtahstih,a,False,False,False,False,False,vowel_a,none,False,False,False,False,True,True
495,he/she is asking him/her a question,hvsk,full,athvtv,athvtv,athvtv,athvtv,athvtv,athvt,athvtv,a,False,False,False,False,False,vowel_a,none,False,False,False,False,True,True
495,he/she is asking him/her a question,hvsk[inf2],full,athvtv,athvtv,athvtv,athvtv,athvtv,athvt,athvtv,a,False,False,False,False,False,vowel_a,none,False,False,False,False,True,True
495,he/she is asking him/her a question,episodic,full,athvt,athvt,athvt,athvt,athvt,athvt,athvt,a,False,False,False,False,False,vowel_a,none,False,False,False,False,True,True
496,he/she hears him/her,hear,full,athvk,athvk,athvk,athvk,athvk,athvk,athvk,a,False,False,False,False,False,vowel_a,none,False,False,False,False,True,True
497,he/she is raising him/her,cause,full,athvhihst,a'tvhihst,athvhihst,athvhihst,a'tvhihst,athvhihst,athvhihst,a,False,False,False,False,False,vowel_a,none,False,False,False,False,True,True
497,he/she is raising him/her,cause[perf3],full,athvhihst,a'tvhihst,athvhihst,athvhihsth,a'tvhihst,athvhihst,athvhihst,a,False,False,False,False,False,vowel_a,none,False,False,False,False,True,True
497,he/she is raising him/her,cause[pres2],full,athvhihstih,a'tvhihstih,athvhihst,athvhihst,a'tvhihst,athvhihst,athvhihstih,a,False,False,False,False,False,vowel_a,none,False,False,False,False,True,True
497,he/she is raising him/her,cause[pres2-perf3],full,athvhihstih,a'tvhihstih,athvhihst,athvhihsth,a'tvhihst,athvhihst,athvhihstih,a,False,False,False,False,False,vowel_a,none,False,False,False,False,True,True
498,he/she is growing,sk-s,full,athv,a'tv,athv,athv,athv,athv,athv,a,False,False,False,False,False,vowel_a,none,False,False,False,False,False,True
498,he/she is growing,sk-s[inf2],full,athv,a'tv,athv,athv,athv,athvhi,athv,a,False,False,False,False,False,vowel_a,none,False,False,False,False,False,True
498,he/she is growing,sk-s[inf3],full,athv,a'tv,athv,athv,athv,athvh,athv,a,False,False,False,False,False,vowel_a,none,False,False,False,False,False,True
498,he/she is growing,sk-s[imp3],full,athv,a'tv,athv,athv,athvhi,athv,athv,a,False,False,False,False,False,vowel_a,none,False,False,False,False,False,True
498,he/she is growing,sk-s[imp3-inf2],full,athv,a'tv,athv,athv,athvhi,athvhi,athv,a,False,False,False,False,False,vowel_a,none,False,False,False,False,False,True
498,he/she is growing,sk-s[imp3-inf3],full,athv,a'tv,athv,athv,athvhi,athvh,athv,a,False,False,False,False,False,vowel_a,none,False,False,False,False,False,True
502,he/she is inside,aspectless,full,ya',ya',ya',,,,ya',a,False,False,False,False,False,con,none,False,False,False,False,False,True
504,he/she is distributing it,ih-l[perf3-imp5],full,yathoh,yathoh,yathoh,yatho,yathoh,yathohihs,yathoh,a,False,False,False,False,False,con,none,False,False,False,False,False,True
504,he/she is distributing it,ih-l[perf3-imp5-inf2],full,yathoh,yathoh,yathoh,yatho,yathoh,yathohi,yathoh,a,False,False,False,False,False,con,none,False,False,False,False,False,True
504,he/she is distributing it,ih-l[perf3-imp5-inf3],full,yathoh,yathoh,yathoh,yatho,yathoh,yathohi,yathoh,a,False,False,False,False,False,con,none,False,False,False,False,False,True
504,he/she is distributing it,ih-l[perf3-imp5-inf4],full,yathoh,yathoh,yathoh,yatho,yathoh,yathoh,yathoh,a,False,False,False,False,False,con,none,False,False,False,False,False,True
507,he/she is waking up,become[imp2],full,ye,ye,ye,ye,ye,ye'i,ye,a,False,False,False,False,False,con,none,False,False,False,False,False,True
507,he/she is waking up,become[imp2-inf4],full,ye,ye,ye,ye,ye,ye,ye,a,False,False,False,False,False,con,none,False,False,False,False,False,True
507,he/she is waking up,become[imp2-inf5],full,ye,ye,ye,ye,ye,ye',ye,a,False,False,False,False,False,con,none,False,False,False,False,False,True
509,he/she is waking him/her up,cause,full,ye'ihst,ye'ihst,ye'ihst,ye'ihst,ye'ihst,ye'ihst,ye'ihst,a,False,False,False,False,False,con,none,False,False,False,False,False,True
509,he/she is waking him/her up,cause[perf3],full,ye'ihst,ye'ihst,ye'ihst,ye'ihsth,ye'ihst,ye'ihst,ye'ihst,a,False,False,False,False,False,con,none,False,False,False,False,False,True
509,he/she is waking him/her up,cause[pres2],full,ye'ihstih,ye'ihstih,ye'ihst,ye'ihst,ye'ihst,ye'ihst,ye'ihstih,a,False,False,False,False,False,con,none,False,False,False,False,False,True
509,he/she is waking him/her up,cause[pres2-perf3],full,ye'ihstih,ye'ihstih,ye'ihst,ye'ihsth,ye'ihst,ye'ihst,ye'ihstih,a,False,False,False,False,False,con,none,False,False,False,False,False,True
511,he/she is putting him/her inside,cause,full,yht,yvt,yht,yht,yvt,yht,yht,a,False,False,False,False,False,con,none,False,False,False,False,True,True
511,he/she is putting him/her inside,cause[perf3],full,yht,yvt,yht,yhth,yvt,yht,yht,a,False,False,False,False,False,con,none,False,False,False,False,True,True
511,he/she is putting him/her inside,cause[pres2],full,yhtih,yvtih,yht,yht,yvt,yht,yhtih,a,False,False,False,False,False,con,none,False,False,False,False,True,True
511,he/she is putting him/her inside,cause[pres2-perf3],full,yhtih,yvtih,yht,yhth,yvt,yht,yhtih,a,False,False,False,False,False,con,none,False,False,False,False,True,True
513,he/she is getting it,ih-vh,full,y,y,y,y,y,y,y,a,False,False,False,False,False,con,none,False,False,False,False,False,True
515,it’s breaking,become[imp2],full,yo,yo,yo,yo,yo,yoy,yo,a,False,False,False,False,False,con,none,False,False,False,False,False,True
515,it’s breaking,become[imp2-inf3],full,yo,yo,yo,yo,yo,yo,yo,a,False,False,False,False,False,con,none,False,False,False,False,False,True
516,he/she is shooting him/her,ih-l[perf3-imp4],full,yoh,yo',yoh,yo,yo',yohs,yoh,a,False,False,False,False,False,con,none,False,False,False,False,True,True
516,he/she is shooting him/her,ih-l[perf3-imp4-inf2],full,yoh,yo',yoh,yo,yo',yo,yoh,a,False,False,False,False,False,con,none,False,False,False,False,True,True
516,he/she is shooting him/her,ih-l[perf3-imp4-inf3],full,yoh,yo',yoh,yo,yo',yo,yoh,a,False,False,False,False,False,con,none,False,False,False,False,True,True
519,he/she is whittling it,hvsk[perf2-inf3],full,yol,yol,yol,yol,yol,yol,yol,a,False,False,False,False,False,con,none,False,False,False,False,False,True
519,he/she is whittling it,v'vsk,full,yolh,yol,yolh,yolha,yolh,yolhvhs,yolh,a,False,False,False,False,False,con,none,False,False,False,False,False,True
523,he/she is greeting him/her,ih-l,full,yol,yol,yol,yol,yoli,yolihs,yol,a,False,False,False,False,False,con,none,False,False,False,False,False,True
523,he/she is greeting him/her,ih-l[inf2],full,yol,yol,yol,yol,yoli,yoli,yol,a,False,False,False,False,False,con,none,False,False,False,False,False,True
523,he/she is greeting him/her,ih-l[inf3],full,yol,yol,yol,yol,yoli,yoli,yol,a,False,False,False,False,False,con,none,False,False,False,False,False,True
523,he/she is greeting him/her,ih-l[inf4],full,yol,yol,yol,yol,yoli,yol,yol,a,False,False,False,False,False,con,none,False,False,False,False,False,True
523,he/she is greeting him/her,ih-l[imp2],full,yol,yol,yol,yol,yoli,yolihs,yol,a,False,False,False,False,False,con,none,False,False,False,False,False,True
523,he/she is greeting him/her,ih-l[imp2-inf2],full,yol,yol,yol,yol,yoli,yoli,yol,a,False,False,False,False,False,con,none,False,False,False,False,False,True
523,he/she is greeting him/her,ih-l[imp2-inf3],full,yol,yol,yol,yol,yoli,yoli,yol,a,False,False,False,False,False,con,none,False,False,False,False,False,True
523,he/she is greeting him/her,ih-l[imp2-inf4],full,yol,yol,yol,yol,yoli,yol,yol,a,False,False,False,False,False,con,none,False,False,False,False,False,True
523,he/she is greeting him/her,ih-l[imp4],full,yol,yol,yol,yol,yolik,yolihs,yol,a,False,False,False,False,False,con,none,False,False,False,False,False,True
523,he/she is greeting him/her,ih-l[imp4-inf2],full,yol,yol,yol,yol,yolik,yoli,yol,a,False,False,False,False,False,con,none,False,False,False,False,False,True
523,he/she is greeting him/her,ih-l[imp4-inf3],full,yol,yol,yol,yol,yolik,yoli,yol,a,False,False,False,False,False,con,none,False,False,False,False,False,True
523,he/she is greeting him/her,ih-l[imp4-inf4],full,yol,yol,yol,yol,yolik,yol,yol,a,False,False,False,False,False,con,none,False,False,False,False,False,True
523,he/she is greeting him/her,ih-l[imp6],full,yol,yol,yol,yol,yol,yolihs,yol,a,False,False,False,False,False,con,none,False,False,False,False,False,True
523,he/she is greeting him/her,ih-l[imp6-inf2],full,yol,yol,yol,yol,yol,yoli,yol,a,False,False,False,False,False,con,none,False,False,False,False,False,True
523,he/she is greeting him/her,ih-l[imp6-inf3],full,yol,yol,yol,yol,yol,yoli,yol,a,False,False,False,False,False,con,none,False,False,False,False,False,True
523,he/she is greeting him/her,ih-l[imp6-inf4],full,yol,yol,yol,yol,yol,yol,yol,a,False,False,False,False,False,con,none,False,False,False,False,False,True
523,he/she is greeting him/her,ih-l[perf2],full,yol,yol,yol,yoli,yoli,yolihs,yol,a,False,False,False,False,False,con,none,False,False,False,False,False,True
523,he/she is greeting him/her,ih-l[perf2-inf2],full,yol,yol,yol,yoli,yoli,yoli,yol,a,False,False,False,False,False,con,none,False,False,False,False,False,True
523,he/she is greeting him/her,ih-l[perf2-inf3],full,yol,yol,yol,yoli,yoli,yoli,yol,a,False,False,False,False,False,con,none,False,False,False,False,False,True
523,he/she is greeting him/her,ih-l[perf2-inf4],full,yol,yol,yol,yoli,yoli,yol,yol,a,False,False,False,False,False,con,none,False,False,False,False,False,True
523,he/she is greeting him/her,ih-l[perf2-imp2],full,yol,yol,yol,yoli,yoli,yolihs,yol,a,False,False,False,False,False,con,none,False,False,False,False,False,True
523,he/she is greeting him/her,ih-l[perf2-imp2-inf2],full,yol,yol,yol,yoli,yoli,yoli,yol,a,False,False,False,False,False,con,none,False,False,False,False,False,True
523,he/she is greeting him/her,ih-l[perf2-imp2-inf3],full,yol,yol,yol,yoli,yoli,yoli,yol,a,False,False,False,False,False,con,none,False,False,False,False,False,True
523,he/she is greeting him/her,ih-l[perf2-imp2-inf4],full,yol,yol,yol,yoli,yoli,yol,yol,a,False,False,False,False,False,con,none,False,False,False,False,False,True
523,he/she is greeting him/her,ih-l[perf2-imp4],full,yol,yol,yol,yoli,yolik,yolihs,yol,a,False,False,False,False,False,con,none,False,False,False,False,False,True
523,he/she is greeting him/her,ih-l[perf2-imp4-inf2],full,yol,yol,yol,yoli,yolik,yoli,yol,a,False,False,False,False,False,con,none,False,False,False,False,False,True
523,he/she is greeting him/her,ih-l[perf2-imp4-inf3],full,yol,yol,yol,yoli,yolik,yoli,yol,a,False,False,False,False,False,con,none,False,False,False,False,False,True
523,he/she is greeting him/her,ih-l[perf2-imp4-inf4],full,yol,yol,yol,yoli,yolik,yol,yol,a,False,False,False,False,False,con,none,False,False,False,False,False,True
523,he/she is greeting him/her,ih-l[perf2-imp6],full,yol,yol,yol,yoli,yol,yolihs,yol,a,False,False,False,False,False,con,none,False,False,False,False,False,True
523,he/she is greeting him/her,ih-l[perf2-imp6-inf2],full,yol,yol,yol,yoli,yol,yoli,yol,a,False,False,False,False,False,con,none,False,False,False,False,False,True
523,he/she is greeting him/her,ih-l[perf2-imp6-inf3],full,yol,yol,yol,yoli,yol,yoli,yol,a,False,False,False,False,False,con,none,False,False,False,False,False,True
523,he/she is greeting him/her,ih-l[perf2-imp6-inf4],full,yol,yol,yol,yoli,yol,yol,yol,a,False,False,False,False,False,con,none,False,False,False,False,False,True
524,he/she is breaking it,cause,full,yohst,yohst,yohst,yohst,yohst,yohst,yohst,a,False,False,False,False,False,con,none,False,False,False,False,False,True
524,he/she is breaking it,cause[perf3],full,yohst,yohst,yohst,yohsth,yohst,yohst,yohst,a,False,False,False,False,False,con,none,False,False,False,False,False,True
524,he/she is breaking it,cause[pres2],full,yohstih,yohstih,yohst,yohst,yohst,yohst,yohstih,a,False,False,False,False,False,con,none,False,False,False,False,False,True
524,he/she is breaking it,cause[pres2-perf3],full,yohstih,yohstih,yohst,yohsth,yohst,yohst,yohstih,a,False,False,False,False,False,con,none,False,False,False,False,False,True
526,he/she is destroying it,sk-h,full,yohsthanohv,yohsthanohv,yohsthanohv,yohsthanon,yohsthanon,yohsthanohv,yohsthanohv,a,False,False,False,False,False,con,none,False,False,False,False,False,True
526,he/she is destroying it,sk-h[imp3],full,yohsthanohv,yohsthanohv,yohsthanohv,yohsthanon,yohsthanonha,yohsthanohv,yohsthanohv,a,False,False,False,False,False,con,none,False,False,False,False,False,True
526,he/she is destroying it,terminative,full,yohsthan,yohsthan,yohsthan,yohsthan,yohsthan,yohsthan,yohsthan,a,False,False,False,False,False,con,none,False,False,False,False,False,True
526,he/she is destroying it,terminative-no-o,full,yohsthano,yohsthano,yohsthano,yohsthano,yohsthano,yohsthano,yohsthano,a,False,False,False,False,False,con,none,False,False,False,False,False,True
529,he/she is entering it,ih-l[perf3-imp4],full,yvh,yv',yvh,yv,yvh,yvhs,yvh,a,False,False,False,False,False,con,none,False,False,False,False,False,True
529,he/she is entering it,ih-l[perf3-imp4-inf2],full,yvh,yv',yvh,yv,yvh,yv,yvh,a,False,False,False,False,False,con,none,False,False,False,False,False,True
529,he/she is entering it,ih-l[perf3-imp4-inf3],full,yvh,yv',yvh,yv,yvh,yv,yvh,a,False,False,False,False,False,con,none,False,False,False,False,False,True
530,he/she is finding it,ih-vh,full,yvwhahth,yvwahth,yvwhahth,yvwhahth,yvwhahth,yvwhahthv,yvwhahth,a,False,False,False,False,False,con,none,False,False,False,False,False,True
530,he/she is finding it,ih-vh[inf2],full,yvwhahth,yvwahth,yvwhahth,yvwhahth,yvwhahth,yvwhahth,yvwhahth,a,False,False,False,False,False,con,none,False,False,False,False,False,True
531,he/she is taking it somewhere,ih-vh,full,yvwhit,yvwit,yvwhit,yvwhit,yvwhit,yvwhit,yvwhit,a,False,False,False,False,False,con,none,False,False,False,False,False,True
539,he/she is making an X,cause,full,atanhawhst,atanawhst,atanhawhst,atanhawhst,atanhawhst,atanhawhst,atanhawhst,a,False,False,False,True,False,vowel_a,none,False,False,False,False,False,True
539,he/she is making an X,cause[perf3],full,atanhawhst,atanawhst,atanhawhst,atanhawhsth,atanhawhst,atanhawhst,atanhawhst,a,False,False,False,True,False,vowel_a,none,False,False,False,False,False,True
539,he/she is making an X,cause[pres2],full,atanhawhstih,atanawhstih,atanhawhst,atanhawhst,atanhawhst,atanhawhst,atanhawhstih,a,False,False,False,True,False,vowel_a,none,False,False,False,False,False,True
539,he/she is making an X,cause[pres2-perf3],full,atanhawhstih,atanawhstih,atanhawhst,atanhawhsth,atanhawhst,atanhawhst,atanhawhstih,a,False,False,False,True,False,vowel_a,none,False,False,False,False,False,True
541,he/she is conjuring,glottal-sk,full,atanhehse,atanehse,atanhehse,atanhehsa,atanhehsaka,atanhehse,atanhehse,a,False,False,False,True,False,vowel_a,none,False,False,False,False,False,True
541,he/she is conjuring,glottal-sk[inf2],full,atanhehse,atanehse,atanhehse,atanhehsa,atanhehsaka,atanhehse,atanhehse,a,False,False,False,True,False,vowel_a,none,False,False,False,False,False,True
541,he/she is conjuring,glottal-sk[perf2],full,atanhehse,atanehse,atanhehse,atanhehsa',atanhehsaka,atanhehse,atanhehse,a,False,False,False,True,False,vowel_a,none,False,False,False,False,False,True
541,he/she is conjuring,glottal-sk[perf2-inf2],full,atanhehse,atanehse,atanhehse,atanhehsa',atanhehsaka,atanhehse,atanhehse,a,False,False,False,True,False,vowel_a,none,False,False,False,False,False,True
541,he/she is conjuring,e-aka,full,atanhehs,atanehs,atanhehs,atanhehs,atanhehs,atanhehs,atanhehs,a,False,False,False,True,False,vowel_a,none,False,False,False,False,False,True
542,he/she is accepting him/her,become[imp2],full,atanilv,atanilv,atanilv,atanilv,atanilv,atanilv,atanilv,a,False,False,False,True,False,vowel_a,none,False,False,False,False,True,True
543,he/she is dodging,cause,full,atanvtihst,atanvtihst,atanvtihst,atanvtihst,atanvtihst,atanvtihst,atanvtihst,a,False,False,False,True,False,vowel_a,none,False,False,False,False,False,True
543,he/she is dodging,cause[perf3],full,atanvtihst,atanvtihst,atanvtihst,atanvtihsth,atanvtihst,atanvtihst,atanvtihst,a,False,False,False,True,False,vowel_a,none,False,False,False,False,False,True
543,he/she is dodging,cause[pres2],full,atanvtihstih,atanvtihstih,atanvtihst,atanvtihst,atanvtihst,atanvtihst,atanvtihstih,a,False,False,False,True,False,vowel_a,none,False,False,False,False,False,True
543,he/she is dodging,cause[pres2-perf3],full,atanvtihstih,atanvtihstih,atanvtihst,atanvtihsth,atanvtihst,atanvtihst,atanvtihstih,a,False,False,False,True,False,vowel_a,none,False,False,False,False,False,True
544,he/she is performing baptism,glottal-sk,full,atawo,atawo,atawo,atawo,atawotsa,atawo,atawo,a,False,False,False,True,False,vowel_a,none,False,False,False,False,False,True
544,he/she is performing baptism,glottal-sk[inf2],full,atawo,atawo,atawo,atawo,atawotsa,atawo,atawo,a,False,False,False,True,False,vowel_a,none,False,False,False,False,False,True
544,he/she is performing baptism,glottal-sk[perf2],full,atawo,atawo,atawo,atawo',atawotsa,atawo,atawo,a,False,False,False,True,False,vowel_a,none,False,False,False,False,False,True
544,he/she is performing baptism,glottal-sk[perf2-inf2],full,atawo,atawo,atawo,atawo',atawotsa,atawo,atawo,a,False,False,False,True,False,vowel_a,none,False,False,False,False,False,True
544,he/she is performing baptism,o,full,ataw,ataw,ataw,ataw,ataw,ataw,ataw,a,False,False,False,True,False,vowel_a,none,False,False,False,False,False,True
545,he/she is giving up,sk-s,full,atayo,atayo,atayo,atayo,atayo,atayo,atayo,a,False,False,False,True,False,vowel_a,none,False,False,False,False,False,True
545,he/she is giving up,sk-s[inf2],full,atayo,atayo,atayo,atayo,atayo,atayohi,atayo,a,False,False,False,True,False,vowel_a,none,False,False,False,False,False,True
545,he/she is giving up,sk-s[inf3],full,atayo,atayo,atayo,atayo,atayo,atayoh,atayo,a,False,False,False,True,False,vowel_a,none,False,False,False,False,False,True
545,he/she is giving up,sk-s[imp3],full,atayo,atayo,atayo,atayo,atayohi,atayo,atayo,a,False,False,False,True,False,vowel_a,none,False,False,False,False,False,True
545,he/she is giving up,sk-s[imp3-inf2],full,atayo,atayo,atayo,atayo,atayohi,atayohi,atayo,a,False,False,False,True,False,vowel_a,none,False,False,False,False,False,True
545,he/she is giving up,sk-s[imp3-inf3],full,atayo,atayo,atayo,atayo,atayohi,atayoh,atayo,a,False,False,False,True,False,vowel_a,none,False,False,False,False,False,True
546,he/she is teaching,hvsk,full,ateyho,ateyo,ateyho,ateyo,ateyho,ateyho,ateyho,a,False,False,False,True,False,vowel_a,none,False,False,False,False,False,True
546,he/she is teaching,hvsk[inf2],full,ateyho,ateyo,ateyho,ateyo,ateyho,ateyho,ateyho,a,False,False,False,True,False,vowel_a,none,False,False,False,False,False,True
546,he/she is teaching,hvsk[inf4],full,ateyho,ateyo,ateyho,ateyo,ateyho,ateyh,ateyho,a,False,False,False,True,False,vowel_a,none,False,False,False,False,False,True
547,he/she is weeping,ih-l,full,atloyh,atloy,atloyh,atloyh,atloyh,atloyhs,atloyh,a,False,False,False,True,False,vowel_a,none,False,False,False,False,False,True
547,he/she is weeping,ih-l[inf2],full,atloyh,atloy,atloyh,atloyh,atloyh,atloy,atloyh,a,False,False,False,True,False,vowel_a,none,False,False,False,False,False,True
547,he/she is weeping,ih-l[inf3],full,atloyh,atloy,atloyh,atloyh,atloyh,atloy,atloyh,a,False,False,False,True,False,vowel_a,none,False,False,False,False,False,True
547,he/she is weeping,ih-l[imp2],full,atloyh,atloy,atloyh,atloyh,atloyh,atloyhs,atloyh,a,False,False,False,True,False,vowel_a,none,False,False,False,False,False,True
547,he/she is weeping,ih-l[imp2-inf2],full,atloyh,atloy,atloyh,atloyh,atloyh,atloy,atloyh,a,False,False,False,True,False,vowel_a,none,False,False,False,False,False,True
547,he/she is weeping,ih-l[imp2-inf3],full,atloyh,atloy,atloyh,atloyh,atloyh,atloy,atloyh,a,False,False,False,True,False,vowel_a,none,False,False,False,False,False,True
547,he/she is weeping,ih-l[imp4],full,atloyh,atloy,atloyh,atloyh,atloyhk,atloyhs,atloyh,a,False,False,False,True,False,vowel_a,none,False,False,False,False,False,True
547,he/she is weeping,ih-l[imp4-inf2],full,atloyh,atloy,atloyh,atloyh,atloyhk,atloy,atloyh,a,False,False,False,True,False,vowel_a,none,False,False,False,False,False,True
547,he/she is weeping,ih-l[imp4-inf3],full,atloyh,atloy,atloyh,atloyh,atloyhk,atloy,atloyh,a,False,False,False,True,False,vowel_a,none,False,False,False,False,False,True
547,he/she is weeping,ih-l[perf2],full,atloyh,atloy,atloyh,atloyhi,atloyh,atloyhs,atloyh,a,False,False,False,True,False,vowel_a,none,False,False,False,False,False,True
547,he/she is weeping,ih-l[perf2-inf2],full,atloyh,atloy,atloyh,atloyhi,atloyh,atloy,atloyh,a,False,False,False,True,False,vowel_a,none,False,False,False,False,False,True
547,he/she is weeping,ih-l[perf2-inf3],full,atloyh,atloy,atloyh,atloyhi,atloyh,atloy,atloyh,a,False,False,False,True,False,vowel_a,none,False,False,False,False,False,True
547,he/she is weeping,ih-l[perf2-imp2],full,atloyh,atloy,atloyh,atloyhi,atloyh,atloyhs,atloyh,a,False,False,False,True,False,vowel_a,none,False,False,False,False,False,True
547,he/she is weeping,ih-l[perf2-imp2-inf2],full,atloyh,atloy,atloyh,atloyhi,atloyh,atloy,atloyh,a,False,False,False,True,False,vowel_a,none,False,False,False,False,False,True
547,he/she is weeping,ih-l[perf2-imp2-inf3],full,atloyh,atloy,atloyh,atloyhi,atloyh,atloy,atloyh,a,False,False,False,True,False,vowel_a,none,False,False,False,False,False,True
547,he/she is weeping,ih-l[perf2-imp4],full,atloyh,atloy,atloyh,atloyhi,atloyhk,atloyhs,atloyh,a,False,False,False,True,False,vowel_a,none,False,False,False,False,False,True
547,he/she is weeping,ih-l[perf2-imp4-inf2],full,atloyh,atloy,atloyh,atloyhi,atloyhk,atloy,atloyh,a,False,False,False,True,False,vowel_a,none,False,False,False,False,False,True
547,he/she is weeping,ih-l[perf2-imp4-inf3],full,atloyh,atloy,atloyh,atloyhi,atloyhk,atloy,atloyh,a,False,False,False,True,False,vowel_a,none,False,False,False,False,False,True
550,he/she is setting a price,cause,full,kvwalht,kvwalot,kvwalht,kvwalht,kvwalht,kvwalht,kvwalht,a,False,False,False,True,False,con,none,False,False,False,False,False,True
550,he/she is setting a price,cause[perf3],full,kvwalht,kvwalot,kvwalht,kvwalhth,kvwalht,kvwalht,kvwalht,a,False,False,False,True,False,con,none,False,False,False,False,False,True
550,he/she is setting a price,cause[pres2],full,kvwalhtih,kvwalotih,kvwalht,kvwalht,kvwalht,kvwalht,kvwalhtih,a,False,False,False,True,False,con,none,False,False,False,False,False,True
550,he/she is setting a price,cause[pres2-perf3],full,kvwalhtih,kvwalotih,kvwalht,kvwalhth,kvwalht,kvwalht,kvwalhtih,a,False,False,False,True,False,con,none,False,False,False,False,False,True
552,he/she is rocking,apl-active,full,alhihk,alihk,alhihk,alhihk,alhihk,alhihk,alhihk,a,False,False,False,True,False,vowel_a,none,False,False,False,False,False,True
552,he/she is rocking,apl-active[inf2],full,alhihk,alihk,alhihk,alhihk,alhihk,alhihke,alhihk,a,False,False,False,True,False,vowel_a,none,False,False,False,False,False,True
552,he/she is rocking,apl-active[imp2],full,alhihk,alihk,alhihk,alhihk,alhihkvl,alhihk,alhihk,a,False,False,False,True,False,vowel_a,none,False,False,False,False,False,True
552,he/she is rocking,apl-active[imp2-inf2],full,alhihk,alihk,alhihk,alhihk,alhihkvl,alhihke,alhihk,a,False,False,False,True,False,vowel_a,none,False,False,False,False,False,True
553,he/she is drawing a picture of him/her,cause,full,alhilohst,atlilohst,alhilohst,alhilohst,atlilohst,alhilohst,alhilohst,a,False,False,False,True,False,vowel_a,none,False,False,False,False,True,True
553,he/she is drawing a picture of him/her,cause[perf3],full,alhilohst,atlilohst,alhilohst,alhilohsth,atlilohst,alhilohst,alhilohst,a,False,False,False,True,False,vowel_a,none,False,False,False,False,True,True
553,he/she is drawing a picture of him/her,cause[pres2],full,alhilohstih,atlilohstih,alhilohst,alhilohst,atlilohst,alhilohst,alhilohstih,a,False,False,False,True,False,vowel_a,none,False,False,False,False,True,True
553,he/she is drawing a picture of him/her,cause[pres2-perf3],full,alhilohstih,atlilohstih,alhilohst,alhilohsth,atlilohst,alhilohst,alhilohstih,a,False,False,False,True,False,vowel_a,none,False,False,False,False,True,True
554,he/she is conversing,apl-active[perf2],full,alhinoh,alinoh,alhinoh,alhinoh,alhinoh,alhinoh,alhinoh,a,False,False,False,True,False,vowel_a,none,False,False,False,False,False,True
554,he/she is conversing,apl-active[perf2-inf2],full,alhinoh,alinoh,alhinoh,alhinoh,alhinoh,alhinohe,alhinoh,a,False,False,False,True,False,vowel_a,none,False,False,False,False,False,True
554,he/she is conversing,apl-active[perf2-imp2],full,alhinoh,alinoh,alhinoh,alhinoh,alhinohvl,alhinoh,alhinoh,a,False,False,False,True,False,vowel_a,none,False,False,False,False,False,True
554,he/she is conversing,apl-active[perf2-imp2-inf2],full,alhinoh,alinoh,alhinoh,alhinoh,alhinohvl,alhinohe,alhinoh,a,False,False,False,True,False,vowel_a,none,False,False,False,False,False,True
555,he/she is jumping,go[inf2],full,alhthat,alithat,alhthat,alhthatin,alhthat,alhthat,alhthat,a,False,False,False,True,False,vowel_a,none,False,False,False,False,False,True
555,he/she is jumping,go[perf2-inf2],full,alhthat,alithat,alhthat,alhthat,alhthat,alhthat,alhthat,a,False,False,False,True,False,vowel_a,none,False,False,False,False,False,True
555,he/she is jumping,go[pres2-inf2],full,alhthatek,alithatek,alhthat,alhthatin,alhthat,alhthat,alhthatek,a,False,False,False,True,False,vowel_a,none,False,False,False,False,False,True
555,he/she is jumping,go[pres2-perf2-inf2],full,alhthatek,alithatek,alhthat,alhthat,alhthat,alhthat,alhthatek,a,False,False,False,True,False,vowel_a,none,False,False,False,False,False,True
557,he/she is changing clothes,glottal-sk[perf2],full,anhawa'iyv,aniwa'iyv,anhawa'iyv,anhawa'iyvhs,anhawa'iyvna,anhawa'iyv,anhawa'iyv,a,False,False,False,True,False,vowel_a,none,False,False,False,False,False,True
557,he/she is changing clothes,glottal-sk[perf2-inf2],full,anhawa'iyv,aniwa'iyv,anhawa'iyv,anhawa'iyvhs,anhawa'iyvna,anhawa'iyv,anhawa'iyv,a,False,False,False,True,False,vowel_a,none,False,False,False,False,False,True
557,he/she is changing clothes,change,full,anhawa'iy,aniwa'iy,anhawa'iy,anhawa'iy,anhawa'iy,anhawa'iy,anhawa'iy,a,False,False,False,True,False,vowel_a,none,False,False,False,False,False,True
558,he/she is undressing,glottal-sk[perf2],full,anhawe,aniwe,anhawe,anhawehs,anhawaki,anhawe,anhawe,a,False,False,False,True,False,vowel_a,none,False,False,False,False,False,True
558,he/she is undressing,glottal-sk[perf2-inf2],full,anhawe,aniwe,anhawe,anhawehs,anhawaki,anhawe,anhawe,a,False,False,False,True,False,vowel_a,none,False,False,False,False,False,True
558,he/she is undressing,rev-e,full,anhaw,aniw,anhaw,anhaw,anhaw,anhaw,anhaw,a,False,False,False,True,False,vowel_a,none,False,False,False,False,False,True
559,he/she is putting on clothes,glottal-sk,full,anhawo,aniwo,anhawo,anhawo,anhawotsa,anhawo,anhawo,a,False,False,False,True,False,vowel_a,none,False,False,False,False,False,True
559,he/she is putting on clothes,glottal-sk[inf2],full,anhawo,aniwo,anhawo,anhawo,anhawotsa,anhawo,anhawo,a,False,False,False,True,False,vowel_a,none,False,False,False,False,False,True
559,he/she is putting on clothes,glottal-sk[perf2],full,anhawo,aniwo,anhawo,anhawo',anhawotsa,anhawo,anhawo,a,False,False,False,True,False,vowel_a,none,False,False,False,False,False,True
559,he/she is putting on clothes,glottal-sk[perf2-inf2],full,anhawo,aniwo,anhawo,anhawo',anhawotsa,anhawo,anhawo,a,False,False,False,True,False,vowel_a,none,False,False,False,False,False,True
559,he/she is putting on clothes,o,full,anhaw,aniw,anhaw,anhaw,anhaw,anhaw,anhaw,a,False,False,False,True,False,vowel_a,none,False,False,False,False,False,True
561,he/she is putting fuel into a fire,hvsk[perf2],full,hvt,'vt,hvt,hvt,hvt,hvt,hvt,a,False,False,False,True,False,con,none,False,False,False,False,False,True
561,he/she is putting fuel into a fire,hvsk[perf2-inf2],full,hvt,'vt,hvt,hvt,hvt,hvt,hvt,a,False,False,False,True,False,con,none,False,False,False,False,False,True
561,he/she is putting fuel into a fire,v'vsk,full,hvth,'vth,hvth,hvtha,hvth,hvth,hvth,a,False,False,False,True,False,con,none,False,False,False,False,False,True
562,he/she is tickling him/her,glottal-sk[perf2],full,yhvki,yvki,yhvki,yhvk,yvka,yhvki,yhvki,a,False,False,False,True,False,con,none,False,False,False,False,True,True
562,he/she is tickling him/her,glottal-sk[perf2-inf2],full,yhvki,yvki,yhvki,yhvk,yvka,yhvki,yhvki,a,False,False,False,True,False,con,none,False,False,False,False,True,True
562,he/she is tickling him/her,eat,full,yhvk,yvk,yhvk,yhvk,yvk,yhvk,yhvk,a,False,False,False,True,False,con,none,False,False,False,False,True,True
565,he/she is tying it,ih-l[perf3],full,khaneh,kaneh,khaneh,khane,khane,khanehs,khaneh,a,False,False,False,True,False,con,none,False,False,False,False,False,True
565,he/she is tying it,ih-l[perf3-inf2],full,khaneh,kaneh,khaneh,khane,khane,khane,khaneh,a,False,False,False,True,False,con,none,False,False,False,False,False,True
565,he/she is tying it,ih-l[perf3-inf3],full,khaneh,kaneh,khaneh,khane,khane,khane,khaneh,a,False,False,False,True,False,con,none,False,False,False,False,False,True
565,he/she is tying it,ih-l[perf3-imp2],full,khaneh,kaneh,khaneh,khane,khane,khanehs,khaneh,a,False,False,False,True,False,con,none,False,False,False,False,False,True
565,he/she is tying it,ih-l[perf3-imp2-inf2],full,khaneh,kaneh,khaneh,khane,khane,khane,khaneh,a,False,False,False,True,False,con,none,False,False,False,False,False,True
565,he/she is tying it,ih-l[perf3-imp2-inf3],full,khaneh,kaneh,khaneh,khane,khane,khane,khaneh,a,False,False,False,True,False,con,none,False,False,False,False,False,True
565,he/she is tying it,ih-l[perf3-imp4],full,khaneh,kaneh,khaneh,khane,khanek,khanehs,khaneh,a,False,False,False,True,False,con,none,False,False,False,False,False,True
565,he/she is tying it,ih-l[perf3-imp4-inf2],full,khaneh,kaneh,khaneh,khane,khanek,khane,khaneh,a,False,False,False,True,False,con,none,False,False,False,False,False,True
565,he/she is tying it,ih-l[perf3-imp4-inf3],full,khaneh,kaneh,khaneh,khane,khanek,khane,khaneh,a,False,False,False,True,False,con,none,False,False,False,False,False,True
566,he/she is untying it,ih-vh,full,khaneyh,kaneyh,khaneyh,khaneyh,khaneyh,khaneyhv,khaneyh,a,False,False,False,True,False,con,none,False,False,False,False,False,True
566,he/she is untying it,ih-vh[inf2],full,khaneyh,kaneyh,khaneyh,khaneyh,khaneyh,khaneyh,khaneyh,a,False,False,False,True,False,con,none,False,False,False,False,False,True
567,he/she is looking after him/her,go-around,full,khanowatit,kanowatit,khanowatit,khanowatit,kanowatit,khanowatit,khanowatit,a,False,False,False,True,False,con,none,False,False,False,False,True,True
568,he/she is becoming blind,become[imp2],full,khewa,'kewa,khewa,khewa,khewa,khewa'i,khewa,a,False,False,False,True,False,con,none,False,False,False,False,False,True
568,he/she is becoming blind,become[imp2-inf4],full,khewa,'kewa,khewa,khewa,khewa,khewa,khewa,a,False,False,False,True,False,con,none,False,False,False,False,False,True
568,he/she is becoming blind,become[imp2-inf5],full,khewa,'kewa,khewa,khewa,khewa,khewa',khewa,a,False,False,False,True,False,con,none,False,False,False,False,False,True
571,he/she is making smoke,cause,full,khsvhst,kahsvhst,khsvhst,khsvhst,khsvhst,khsvhst,khsvhst,a,False,False,False,True,False,con,none,False,False,False,False,False,True
571,he/she is making smoke,cause[perf3],full,khsvhst,kahsvhst,khsvhst,khsvhsth,khsvhst,khsvhst,khsvhst,a,False,False,False,True,False,con,none,False,False,False,False,False,True
571,he/she is making smoke,cause[pres2],full,khsvhstih,kahsvhstih,khsvhst,khsvhst,khsvhst,khsvhst,khsvhstih,a,False,False,False,True,False,con,none,False,False,False,False,False,True
571,he/she is making smoke,cause[pres2-perf3],full,khsvhstih,kahsvhstih,khsvhst,khsvhsth,khsvhst,khsvhst,khsvhstih,a,False,False,False,True,False,con,none,False,False,False,False,False,True
572,he/she is blinking,sk-s[imp2-inf2],full,akhthanaw,akathanaw,akhthanaw,akhthanaw,akhthanawh,akhthanaw,akhthanaw,a,False,False,False,True,False,vowel_a,none,False,False,False,False,False,True
572,he/she is blinking,sk-s[imp4-inf2],full,akhthanaw,akathanaw,akhthanaw,akhthanaw,akhthanawh,akhthanaw,akhthanaw,a,False,False,False,True,False,vowel_a,none,False,False,False,False,False,True
572,he/she is blinking,sk-s[imp6-inf2],full,akhthanaw,akathanaw,akhthanaw,akhthanaw,akhthanaw,akhthanaw,akhthanaw,a,False,False,False,True,False,vowel_a,none,False,False,False,False,False,True
572,he/she is blinking,sk-s[imp3-inf2],full,akhthanaw,akathanaw,akhthanaw,akhthanaw,akhthanawha,akhthanaw,akhthanaw,a,False,False,False,True,False,vowel_a,none,False,False,False,False,False,True
573,he/she is closing his eyes,cause,full,akhthahst,akathahst,akhthahst,akhthahst,akhthahst,akhthahst,akhthahst,a,False,False,False,True,False,vowel_a,none,False,False,False,False,False,True
573,he/she is closing his eyes,cause[perf3],full,akhthahst,akathahst,akhthahst,akhthahsth,akhthahst,akhthahst,akhthahst,a,False,False,False,True,False,vowel_a,none,False,False,False,False,False,True
573,he/she is closing his eyes,cause[pres2],full,akhthahstih,akathahstih,akhthahst,akhthahst,akhthahst,akhthahst,akhthahstih,a,False,False,False,True,False,vowel_a,none,False,False,False,False,False,True
573,he/she is closing his eyes,cause[pres2-perf3],full,akhthahstih,akathahstih,akhthahst,akhthahsth,akhthahst,akhthahst,akhthahstih,a,False,False,False,True,False,vowel_a,none,False,False,False,False,False,True
574,he/she is attacking him/her,go,full,khthil,kathil,khthil,khthil,kathil,khthil,khthil,a,False,False,False,True,False,con,none,False,False,False,False,True,True
574,he/she is attacking him/her,go[pres2],full,khthilek,kathilek,khthil,khthil,kathil,khthil,khthilek,a,False,False,False,True,False,con,none,False,False,False,False,True,True
575,he/she is taking off his/her glasses,glottal-sk[perf2],full,akhthinvte,akathinvte,akhthinvte,akhthinvtehs,akhthinvtaki,akhthinvte,akhthinvte,a,False,False,False,True,False,vowel_a,none,False,False,False,False,False,True
575,he/she is taking off his/her glasses,glottal-sk[perf2-inf2],full,akhthinvte,akathinvte,akhthinvte,akhthinvtehs,akhthinvtaki,akhthinvte,akhthinvte,a,False,False,False,True,False,vowel_a,none,False,False,False,False,False,True
575,he/she is taking off his/her glasses,rev-e,full,akhthinvt,akathinvt,akhthinvt,akhthinvt,akhthinvt,akhthinvt,akhthinvt,a,False,False,False,True,False,vowel_a,none,False,False,False,False,False,True
576,he/she is putting on glasses,hvsk[perf2],full,akhthinvt,akathinvt,akhthinvt,akhthinvt,akhthinvt,akhthinvt,akhthinvt,a,False,False,False,True,False,vowel_a,none,False,False,False,False,False,True
576,he/she is putting on glasses,hvsk[perf2-inf2],full,akhthinvt,akathinvt,akhthinvt,akhthinvt,akhthinvt,akhthinvt,akhthinvt,a,False,False,False,True,False,vowel_a,none,False,False,False,False,False,True
576,he/she is putting on glasses,v'vsk,full,akhthinvth,akathinvth,akhthinvth,akhthinvtha,akhthinvth,akhthinvth,akhthinvth,a,False,False,False,True,False,vowel_a,none,False,False,False,False,False,True
577,he/she is shelling corn,ih-vh,full,khtlh,katlh,khtlh,khtlh,khtlh,khtlhv,khtlh,a,False,False,False,True,False,con,none,False,False,False,False,False,True
577,he/she is shelling corn,ih-vh[inf2],full,khtlh,katlh,khtlh,khtlh,khtlh,khtlh,khtlh,a,False,False,False,True,False,con,none,False,False,False,False,False,True
578,he/she is snoring,glottal-sk[perf2],full,kwhalaki,kwhalaki,kwhalaki,kwhalakihs,kwhalaki,kwhalaki,kwhalaki,a,False,False,False,True,False,con,none,False,False,False,False,False,True
578,he/she is snoring,glottal-sk[perf2-inf2],full,kwhalaki,kwhalaki,kwhalaki,kwhalakihs,kwhalaki,kwhalaki,kwhalaki,a,False,False,False,True,False,con,none,False,False,False,False,False,True
578,he/she is snoring,rev-gi,full,kwhala,kwhala,kwhala,kwhala,kwhala,kwhala,kwhala,a,False,False,False,True,False,con,none,False,False,False,False,False,True
579,he/she is sprinkling it,v'vsk,full,kwhayo',kwhayo',kwhayo',kwhayo,kwhayo',kwhako,kwhayo',a,False,False,False,True,False,con,none,False,False,False,False,False,True
579,he/she is sprinkling it,v'vsk[imp2],full,kwhayo',kwhayo',kwhayo',kwhayo,kwhayo,kwhako,kwhayo',a,False,False,False,True,False,con,none,False,False,False,False,False,True
579,he/she is sprinkling it,v'vsk[imperf2],full,kwhayo',kwhayo',kwhayo,kwhayo,kwhayo',kwhako,kwhayo',a,False,False,False,True,False,con,none,False,False,False,False,False,True
579,he/she is sprinkling it,v'vsk[imperf2-imp2],full,kwhayo',kwhayo',kwhayo,kwhayo,kwhayo,kwhako,kwhayo',a,False,False,False,True,False,con,none,False,False,False,False,False,True
579,he/she is sprinkling it,v'vsk[pres2],full,kwhayo,kwhayo,kwhayo',kwhayo,kwhayo',kwhako,kwhayo,a,False,False,False,True,False,con,none,False,False,False,False,False,True
579,he/she is sprinkling it,v'vsk[pres2-imp2],full,kwhayo,kwhayo,kwhayo',kwhayo,kwhayo,kwhako,kwhayo,a,False,False,False,True,False,con,none,False,False,False,False,False,True
579,he/she is sprinkling it,v'vsk[pres2-imperf2],full,kwhayo,kwhayo,kwhayo,kwhayo,kwhayo',kwhako,kwhayo,a,False,False,False,True,False,con,none,False,False,False,False,False,True
579,he/she is sprinkling it,v'vsk[pres2-imperf2-imp2],full,kwhayo,kwhayo,kwhayo,kwhayo,kwhayo,kwhako,kwhayo,a,False,False,False,True,False,con,none,False,False,False,False,False,True
582,he/she is putting on shoes,hvsk[perf2],full,alahsul,alahsul,alahsul,alahsul,alahsul,alahsul,alahsul,a,False,False,False,True,False,vowel_a,none,False,False,False,False,False,True
582,he/she is putting on shoes,hvsk[perf2-inf2],full,alahsul,alahsul,alahsul,alahsul,alahsul,alahsul,alahsul,a,False,False,False,True,False,vowel_a,none,False,False,False,False,False,True
582,he/she is putting on shoes,v'vsk,full,alahsulh,alahsulh,alahsulh,alahsulha,alahsulh,alahsulh,alahsulh,a,False,False,False,True,False,vowel_a,none,False,False,False,False,False,True
583,he/she is changing shoes,glottal-sk[perf2],full,alahsula'iyv,alahsula'iyv,alahsula'iyv,alahsula'iyvhs,alahsula'iyvna,alahsula'iyv,alahsula'iyv,a,False,False,False,True,False,vowel_a,none,False,False,False,False,False,True
583,he/she is changing shoes,glottal-sk[perf2-inf2],full,alahsula'iyv,alahsula'iyv,alahsula'iyv,alahsula'iyvhs,alahsula'iyvna,alahsula'iyv,alahsula'iyv,a,False,False,False,True,False,vowel_a,none,False,False,False,False,False,True
583,he/she is changing shoes,change,full,alahsula'iy,alahsula'iy,alahsula'iy,alahsula'iy,alahsula'iy,alahsula'iy,alahsula'iy,a,False,False,False,True,False,vowel_a,none,False,False,False,False,False,True
584,he/she is taking off his/her shoes,glottal-sk[perf2],full,alahsule,alahsule,alahsule,alahsulehs,alahsulaki,alahsule,alahsule,a,False,False,False,True,False,vowel_a,none,False,False,False,False,False,True
584,he/she is taking off his/her shoes,glottal-sk[perf2-inf2],full,alahsule,alahsule,alahsule,alahsulehs,alahsulaki,alahsule,alahsule,a,False,False,False,True,False,vowel_a,none,False,False,False,False,False,True
584,he/she is taking off his/her shoes,rev-e,full,alahsul,alahsul,alahsul,alahsul,alahsul,alahsul,alahsul,a,False,False,False,True,False,vowel_a,none,False,False,False,False,False,True
585,he/she is helping him/her up,cause,full,aleht,alet,aleht,aleht,alet,aleht,aleht,a,False,False,False,True,False,vowel_a,none,False,False,False,False,True,True
585,he/she is helping him/her up,cause[perf3],full,aleht,alet,aleht,alehth,alet,aleht,aleht,a,False,False,False,True,False,vowel_a,none,False,False,False,False,True,True
585,he/she is helping him/her up,cause[pres2],full,alehtih,aletih,aleht,aleht,alet,aleht,alehtih,a,False,False,False,True,False,vowel_a,none,False,False,False,False,True,True
585,he/she is helping him/her up,cause[pres2-perf3],full,alehtih,aletih,aleht,alehth,alet,aleht,alehtih,a,False,False,False,True,False,vowel_a,none,False,False,False,False,True,True
586,he/she is recuperating,cause[perf2],full,alehihs,ale'ihs,alehihs,alehihs,alehihs,alehihs,alehihs,a,False,False,False,True,False,vowel_a,none,False,False,False,False,False,True
586,he/she is recuperating,cause[pres2-perf2],full,alehihsih,ale'ihsih,alehihs,alehihs,alehihs,alehihs,alehihsih,a,False,False,False,True,False,vowel_a,none,False,False,False,False,False,True
587,he/she is getting up,hvsk,full,ale,ale,ale,ale,ale,ale,ale,a,False,False,False,True,False,vowel_a,none,False,False,False,False,False,True
587,he/she is getting up,hvsk[inf2],full,ale,ale,ale,ale,ale,ale,ale,a,False,False,False,True,False,vowel_a,none,False,False,False,False,False,True
589,he/she is taking off his/her gloves,glottal-sk[perf2],full,aliyehsule,aliyehsule,aliyehsule,aliyehsulehs,aliyehsulaki,aliyehsule,aliyehsule,a,False,False,False,True,False,vowel_a,none,False,False,False,False,False,True
589,he/she is taking off his/her gloves,glottal-sk[perf2-inf2],full,aliyehsule,aliyehsule,aliyehsule,aliyehsulehs,aliyehsulaki,aliyehsule,aliyehsule,a,False,False,False,True,False,vowel_a,none,False,False,False,False,False,True
589,he/she is taking off his/her gloves,rev-e,full,aliyehsul,aliyehsul,aliyehsul,aliyehsul,aliyehsul,aliyehsul,aliyehsul,a,False,False,False,True,False,vowel_a,none,False,False,False,False,False,True
590,he/she is putting on his/her gloves,hear,full,aliyehsul,aliyehsul,aliyehsul,aliyehsul,aliyehsul,aliyehsul,aliyehsul,a,False,False,False,True,False,vowel_a,none,False,False,False,False,False,True
591,he/she is taking off his/her socks,glottal-sk[perf2],full,aliyoki,aliyoki,aliyoki,aliyokihs,aliyoki,aliyoki,aliyoki,a,False,False,False,True,False,vowel_a,none,False,False,False,False,False,True
591,he/she is taking off his/her socks,glottal-sk[perf2-inf2],full,aliyoki,aliyoki,aliyoki,aliyokihs,aliyoki,aliyoki,aliyoki,a,False,False,False,True,False,vowel_a,none,False,False,False,False,False,True
591,he/she is taking off his/her socks,rev-gi,full,aliyo,aliyo,aliyo,aliyo,aliyo,aliyo,aliyo,a,False,False,False,True,False,vowel_a,none,False,False,False,False,False,True
592,he/she is putting on his/her socks,ih-l[perf3],full,aliyoh,aliyo',aliyoh,aliyo,aliyo,aliyohs,aliyoh,a,False,False,False,True,False,vowel_a,none,False,False,False,False,False,True
592,he/she is putting on his/her socks,ih-l[perf3-inf2],full,aliyoh,aliyo',aliyoh,aliyo,aliyo,aliyo,aliyoh,a,False,False,False,True,False,vowel_a,none,False,False,False,False,False,True
592,he/she is putting on his/her socks,ih-l[perf3-inf3],full,aliyoh,aliyo',aliyoh,aliyo,aliyo,aliyo,aliyoh,a,False,False,False,True,False,vowel_a,none,False,False,False,False,False,True
592,he/she is putting on his/her socks,ih-l[perf3-imp2],full,aliyoh,aliyo',aliyoh,aliyo,aliyo,aliyohs,aliyoh,a,False,False,False,True,False,vowel_a,none,False,False,False,False,False,True
592,he/she is putting on his/her socks,ih-l[perf3-imp2-inf2],full,aliyoh,aliyo',aliyoh,aliyo,aliyo,aliyo,aliyoh,a,False,False,False,True,False,vowel_a,none,False,False,False,False,False,True
592,he/she is putting on his/her socks,ih-l[perf3-imp2-inf3],full,aliyoh,aliyo',aliyoh,aliyo,aliyo,aliyo,aliyoh,a,False,False,False,True,False,vowel_a,none,False,False,False,False,False,True
592,he/she is putting on his/her socks,ih-l[perf3-imp4],full,aliyoh,aliyo',aliyoh,aliyo,aliyok,aliyohs,aliyoh,a,False,False,False,True,False,vowel_a,none,False,False,False,False,False,True
592,he/she is putting on his/her socks,ih-l[perf3-imp4-inf2],full,aliyoh,aliyo',aliyoh,aliyo,aliyok,aliyo,aliyoh,a,False,False,False,True,False,vowel_a,none,False,False,False,False,False,True
592,he/she is putting on his/her socks,ih-l[perf3-imp4-inf3],full,aliyoh,aliyo',aliyoh,aliyo,aliyok,aliyo,aliyoh,a,False,False,False,True,False,vowel_a,none,False,False,False,False,False,True
593,he/she is changing his/her socks,ih-vh[imperf2],full,aliyohs,aliyohs,aliyohs,aliyohs,aliyohs,aliyohsv,aliyohs,a,False,False,False,True,False,vowel_a,none,False,False,False,False,False,True
593,he/she is changing his/her socks,ih-vh[imperf2-inf2],full,aliyohs,aliyohs,aliyohs,aliyohs,aliyohs,aliyohs,aliyohs,a,False,False,False,True,False,vowel_a,none,False,False,False,False,False,True
594,he/she is aiming at him/her,cause,full,alhsohst,alihsohst,alhsohst,alhsohst,alihsohst,alhsohst,alhsohst,a,False,False,False,True,False,vowel_a,none,False,False,False,False,True,True
594,he/she is aiming at him/her,cause[perf3],full,alhsohst,alihsohst,alhsohst,alhsohsth,alihsohst,alhsohst,alhsohst,a,False,False,False,True,False,vowel_a,none,False,False,False,False,True,True
594,he/she is aiming at him/her,cause[pres2],full,alhsohstih,alihsohstih,alhsohst,alhsohst,alihsohst,alhsohst,alhsohstih,a,False,False,False,True,False,vowel_a,none,False,False,False,False,True,True
594,he/she is aiming at him/her,cause[pres2-perf3],full,alhsohstih,alihsohstih,alhsohst,alhsohsth,alihsohst,alhsohst,alhsohstih,a,False,False,False,True,False,vowel_a,none,False,False,False,False,True,True
599,he/she is playing with him/her,cause,full,anelht,anelht,anelht,anelht,anelht,anelht,anelht,a,False,False,False,True,False,vowel_a,none,False,False,False,False,True,True
599,he/she is playing with him/her,cause[perf3],full,anelht,anelht,anelht,anelhth,anelht,anelht,anelht,a,False,False,False,True,False,vowel_a,none,False,False,False,False,True,True
599,he/she is playing with him/her,cause[pres2],full,anelhtih,anelhtih,anelht,anelht,anelht,anelht,anelhtih,a,False,False,False,True,False,vowel_a,none,False,False,False,False,True,True
599,he/she is playing with him/her,cause[pres2-perf3],full,anelhtih,anelhtih,anelht,anelhth,anelht,anelht,anelhtih,a,False,False,False,True,False,vowel_a,none,False,False,False,False,True,True
600,he/she is playing,hvsk,full,anelo,anelo,anelo,anelo,anelo,anel,anelo,a,False,False,False,True,False,vowel_a,none,False,False,False,False,False,True
600,he/she is playing,hvsk[inf2],full,anelo,anelo,anelo,anelo,anelo,anel,anelo,a,False,False,False,True,False,vowel_a,none,False,False,False,False,False,True
604,he/she is shooting at him/her,ih-l[perf3-imp4],full,hstayoh,hstayoh,hstayoh,hstayo,hstayoh,hstayohs,hstayoh,a,False,False,False,True,False,con,none,False,False,False,False,False,True
604,he/she is shooting at him/her,ih-l[perf3-imp4-inf2],full,hstayoh,hstayoh,hstayoh,hstayo,hstayoh,hstayo,hstayoh,a,False,False,False,True,False,con,none,False,False,False,False,False,True
604,he/she is shooting at him/her,ih-l[perf3-imp4-inf3],full,hstayoh,hstayoh,hstayoh,hstayo,hstayoh,hstayo,hstayoh,a,False,False,False,True,False,con,none,False,False,False,False,False,True
605,he/she is splitting it,sk-h,full,hstlu,hstlu,hstlu,hstluy,hstluy,hstlu,hstlu,a,False,False,False,True,False,con,none,False,False,False,False,False,True
605,he/she is splitting it,sk-h[imp3],full,hstlu,hstlu,hstlu,hstluy,hstluyha,hstlu,hstlu,a,False,False,False,True,False,con,none,False,False,False,False,False,True
605,he/she is splitting it,sk-yh,full,hstlu,hstlu,hstlu,hstlu,hstlu,hstlu,hstlu,a,False,False,False,True,False,con,none,False,False,False,False,False,True
606,he/she is sprinkling it,glottal-sk[perf2],full,hstutli,hstutli,hstutli,hstutl,hstutla,hstutli,hstutli,a,False,False,False,True,False,con,none,False,False,False,False,False,True
606,he/she is sprinkling it,glottal-sk[perf2-inf2],full,hstutli,hstutli,hstutli,hstutl,hstutla,hstutli,hstutli,a,False,False,False,True,False,con,none,False,False,False,False,False,True
606,he/she is sprinkling it,eat,full,hstutl,hstutl,hstutl,hstutl,hstutl,hstutl,hstutl,a,False,False,False,True,False,con,none,False,False,False,False,False,True
607,he/she is counting it,ih-l[perf3],full,ahseh,ahseh,ahseh,ahse,ahse,ahsehs,ahseh,a,False,False,False,True,False,vowel_a,none,False,False,False,False,False,True
607,he/she is counting it,ih-l[perf3-inf2],full,ahseh,ahseh,ahseh,ahse,ahse,ahse,ahseh,a,False,False,False,True,False,vowel_a,none,False,False,False,False,False,True
607,he/she is counting it,ih-l[perf3-inf3],full,ahseh,ahseh,ahseh,ahse,ahse,ahse,ahseh,a,False,False,False,True,False,vowel_a,none,False,False,False,False,False,True
607,he/she is counting it,ih-l[perf3-imp2],full,ahseh,ahseh,ahseh,ahse,ahse,ahsehs,ahseh,a,False,False,False,True,False,vowel_a,none,False,False,False,False,False,True
607,he/she is counting it,ih-l[perf3-imp2-inf2],full,ahseh,ahseh,ahseh,ahse,ahse,ahse,ahseh,a,False,False,False,True,False,vowel_a,none,False,False,False,False,False,True
607,he/she is counting it,ih-l[perf3-imp2-inf3],full,ahseh,ahseh,ahseh,ahse,ahse,ahse,ahseh,a,False,False,False,True,False,vowel_a,none,False,False,False,False,False,True
607,he/she is counting it,ih-l[perf3-imp4],full,ahseh,ahseh,ahseh,ahse,ahsek,ahsehs,ahseh,a,False,False,False,True,False,vowel_a,none,False,False,False,False,False,True
607,he/she is counting it,ih-l[perf3-imp4-inf2],full,ahseh,ahseh,ahseh,ahse,ahsek,ahse,ahseh,a,False,False,False,True,False,vowel_a,none,False,False,False,False,False,True
607,he/she is counting it,ih-l[perf3-imp4-inf3],full,ahseh,ahseh,ahseh,ahse,ahsek,ahse,ahseh,a,False,False,False,True,False,vowel_a,none,False,False,False,False,False,True
608,he/she is cursing him/her,glottal-sk[perf2],full,hskinati,hskinati,hskinati,hskinat,hskinata,hskinati,hskinati,a,False,False,False,True,False,con,none,False,False,False,False,False,True
608,he/she is cursing him/her,glottal-sk[perf2-inf2],full,hskinati,hskinati,hskinati,hskinat,hskinata,hskinati,hskinati,a,False,False,False,True,False,con,none,False,False,False,False,False,True
608,he/she is cursing him/her,eat,full,hskinat,hskinat,hskinat,hskinat,hskinat,hskinat,hskinat,a,False,False,False,True,False,con,none,False,False,False,False,False,True
609,he/she is clapping his/her hands,ih-l,full,ahsihthvn,ahsihthvn,ahsihthvn,ahsihthvn,ahsihthvni,ahsihthvnihs,ahsihthvn,a,False,False,False,True,False,vowel_a,none,False,False,False,False,False,True
609,he/she is clapping his/her hands,ih-l[inf2],full,ahsihthvn,ahsihthvn,ahsihthvn,ahsihthvn,ahsihthvni,ahsihthvni,ahsihthvn,a,False,False,False,True,False,vowel_a,none,False,False,False,False,False,True
609,he/she is clapping his/her hands,ih-l[inf3],full,ahsihthvn,ahsihthvn,ahsihthvn,ahsihthvn,ahsihthvni,ahsihthvni,ahsihthvn,a,False,False,False,True,False,vowel_a,none,False,False,False,False,False,True
609,he/she is clapping his/her hands,ih-l[inf4],full,ahsihthvn,ahsihthvn,ahsihthvn,ahsihthvn,ahsihthvni,ahsihthvn,ahsihthvn,a,False,False,False,True,False,vowel_a,none,False,False,False,False,False,True
609,he/she is clapping his/her hands,ih-l[imp2],full,ahsihthvn,ahsihthvn,ahsihthvn,ahsihthvn,ahsihthvni,ahsihthvnihs,ahsihthvn,a,False,False,False,True,False,vowel_a,none,False,False,False,False,False,True
609,he/she is clapping his/her hands,ih-l[imp2-inf2],full,ahsihthvn,ahsihthvn,ahsihthvn,ahsihthvn,ahsihthvni,ahsihthvni,ahsihthvn,a,False,False,False,True,False,vowel_a,none,False,False,False,False,False,True
609,he/she is clapping his/her hands,ih-l[imp2-inf3],full,ahsihthvn,ahsihthvn,ahsihthvn,ahsihthvn,ahsihthvni,ahsihthvni,ahsihthvn,a,False,False,False,True,False,vowel_a,none,False,False,False,False,False,True
609,he/she is clapping his/her hands,ih-l[imp2-inf4],full,ahsihthvn,ahsihthvn,ahsihthvn,ahsihthvn,ahsihthvni,ahsihthvn,ahsihthvn,a,False,False,False,True,False,vowel_a,none,False,False,False,False,False,True
609,he/she is clapping his/her hands,ih-l[imp4],full,ahsihthvn,ahsihthvn,ahsihthvn,ahsihthvn,ahsihthvnik,ahsihthvnihs,ahsihthvn,a,False,False,False,True,False,vowel_a,none,False,False,False,False,False,True
609,he/she is clapping his/her hands,ih-l[imp4-inf2],full,ahsihthvn,ahsihthvn,ahsihthvn,ahsihthvn,ahsihthvnik,ahsihthvni,ahsihthvn,a,False,False,False,True,False,vowel_a,none,False,False,False,False,False,True
609,he/she is clapping his/her hands,ih-l[imp4-inf3],full,ahsihthvn,ahsihthvn,ahsihthvn,ahsihthvn,ahsihthvnik,ahsihthvni,ahsihthvn,a,False,False,False,True,False,vowel_a,none,False,False,False,False,False,True
609,he/she is clapping his/her hands,ih-l[imp4-inf4],full,ahsihthvn,ahsihthvn,ahsihthvn,ahsihthvn,ahsihthvnik,ahsihthvn,ahsihthvn,a,False,False,False,True,False,vowel_a,none,False,False,False,False,False,True
609,he/she is clapping his/her hands,ih-l[imp6],full,ahsihthvn,ahsihthvn,ahsihthvn,ahsihthvn,ahsihthvn,ahsihthvnihs,ahsihthvn,a,False,False,False,True,False,vowel_a,none,False,False,False,False,False,True
609,he/she is clapping his/her hands,ih-l[imp6-inf2],full,ahsihthvn,ahsihthvn,ahsihthvn,ahsihthvn,ahsihthvn,ahsihthvni,ahsihthvn,a,False,False,False,True,False,vowel_a,none,False,False,False,False,False,True
609,he/she is clapping his/her hands,ih-l[imp6-inf3],full,ahsihthvn,ahsihthvn,ahsihthvn,ahsihthvn,ahsihthvn,ahsihthvni,ahsihthvn,a,False,False,False,True,False,vowel_a,none,False,False,False,False,False,True
609,he/she is clapping his/her hands,ih-l[imp6-inf4],full,ahsihthvn,ahsihthvn,ahsihthvn,ahsihthvn,ahsihthvn,ahsihthvn,ahsihthvn,a,False,False,False,True,False,vowel_a,none,False,False,False,False,False,True
609,he/she is clapping his/her hands,ih-l[perf2],full,ahsihthvn,ahsihthvn,ahsihthvn,ahsihthvni,ahsihthvni,ahsihthvnihs,ahsihthvn,a,False,False,False,True,False,vowel_a,none,False,False,False,False,False,True
609,he/she is clapping his/her hands,ih-l[perf2-inf2],full,ahsihthvn,ahsihthvn,ahsihthvn,ahsihthvni,ahsihthvni,ahsihthvni,ahsihthvn,a,False,False,False,True,False,vowel_a,none,False,False,False,False,False,True
609,he/she is clapping his/her hands,ih-l[perf2-inf3],full,ahsihthvn,ahsihthvn,ahsihthvn,ahsihthvni,ahsihthvni,ahsihthvni,ahsihthvn,a,False,False,False,True,False,vowel_a,none,False,False,False,False,False,True
609,he/she is clapping his/her hands,ih-l[perf2-inf4],full,ahsihthvn,ahsihthvn,ahsihthvn,ahsihthvni,ahsihthvni,ahsihthvn,ahsihthvn,a,False,False,False,True,False,vowel_a,none,False,False,False,False,False,True
609,he/she is clapping his/her hands,ih-l[perf2-imp2],full,ahsihthvn,ahsihthvn,ahsihthvn,ahsihthvni,ahsihthvni,ahsihthvnihs,ahsihthvn,a,False,False,False,True,False,vowel_a,none,False,False,False,False,False,True
609,he/she is clapping his/her hands,ih-l[perf2-imp2-inf2],full,ahsihthvn,ahsihthvn,ahsihthvn,ahsihthvni,ahsihthvni,ahsihthvni,ahsihthvn,a,False,False,False,True,False,vowel_a,none,False,False,False,False,False,True
609,he/she is clapping his/her hands,ih-l[perf2-imp2-inf3],full,ahsihthvn,ahsihthvn,ahsihthvn,ahsihthvni,ahsihthvni,ahsihthvni,ahsihthvn,a,False,False,False,True,False,vowel_a,none,False,False,False,False,False,True
609,he/she is clapping his/her hands,ih-l[perf2-imp2-inf4],full,ahsihthvn,ahsihthvn,ahsihthvn,ahsihthvni,ahsihthvni,ahsihthvn,ahsihthvn,a,False,False,False,True,False,vowel_a,none,False,False,False,False,False,True
609,he/she is clapping his/her hands,ih-l[perf2-imp4],full,ahsihthvn,ahsihthvn,ahsihthvn,ahsihthvni,ahsihthvnik,ahsihthvnihs,ahsihthvn,a,False,False,False,True,False,vowel_a,none,False,False,False,False,False,True
609,he/she is clapping his/her hands,ih-l[perf2-imp4-inf2],full,ahsihthvn,ahsihthvn,ahsihthvn,ahsihthvni,ahsihthvnik,ahsihthvni,ahsihthvn,a,False,False,False,True,False,vowel_a,none,False,False,False,False,False,True
609,he/she is clapping his/her hands,ih-l[perf2-imp4-inf3],full,ahsihthvn,ahsihthvn,ahsihthvn,ahsihthvni,ahsihthvnik,ahsihthvni,ahsihthvn,a,False,False,False,True,False,vowel_a,none,False,False,False,False,False,True
609,he/she is clapping his/her hands,ih-l[perf2-imp4-inf4],full,ahsihthvn,ahsihthvn,ahsihthvn,ahsihthvni,ahsihthvnik,ahsihthvn,ahsihthvn,a,False,False,False,True,False,vowel_a,none,False,False,False,False,False,True
609,he/she is clapping his/her hands,ih-l[perf2-imp6],full,ahsihthvn,ahsihthvn,ahsihthvn,ahsihthvni,ahsihthvn,ahsihthvnihs,ahsihthvn,a,False,False,False,True,False,vowel_a,none,False,False,False,False,False,True
609,he/she is clapping his/her hands,ih-l[perf2-imp6-inf2],full,ahsihthvn,ahsihthvn,ahsihthvn,ahsihthvni,ahsihthvn,ahsihthvni,ahsihthvn,a,False,False,False,True,False,vowel_a,none,False,False,False,False,False,True
609,he/she is clapping his/her hands,ih-l[perf2-imp6-inf3],full,ahsihthvn,ahsihthvn,ahsihthvn,ahsihthvni,ahsihthvn,ahsihthvni,ahsihthvn,a,False,False,False,True,False,vowel_a,none,False,False,False,False,False,True
609,he/she is clapping his/her hands,ih-l[perf2-imp6-inf4],full,ahsihthvn,ahsihthvn,ahsihthvn,ahsihthvni,ahsihthvn,ahsihthvn,ahsihthvn,a,False,False,False,True,False,vowel_a,none,False,False,False,False,False,True
610,he/she is getting exhausted,sk-s,full,ahsthaye,ahsthaye,ahsthaye,ahsthaye,ahsthaye,ahsthaye,ahsthaye,a,False,False,False,True,False,vowel_a,none,False,False,False,False,False,True
610,he/she is getting exhausted,sk-s[inf2],full,ahsthaye,ahsthaye,ahsthaye,ahsthaye,ahsthaye,ahsthayehi,ahsthaye,a,False,False,False,True,False,vowel_a,none,False,False,False,False,False,True
610,he/she is getting exhausted,sk-s[inf3],full,ahsthaye,ahsthaye,ahsthaye,ahsthaye,ahsthaye,ahsthayeh,ahsthaye,a,False,False,False,True,False,vowel_a,none,False,False,False,False,False,True
610,he/she is getting exhausted,sk-s[imp3],full,ahsthaye,ahsthaye,ahsthaye,ahsthaye,ahsthayehi,ahsthaye,ahsthaye,a,False,False,False,True,False,vowel_a,none,False,False,False,False,False,True
610,he/she is getting exhausted,sk-s[imp3-inf2],full,ahsthaye,ahsthaye,ahsthaye,ahsthaye,ahsthayehi,ahsthayehi,ahsthaye,a,False,False,False,True,False,vowel_a,none,False,False,False,False,False,True
610,he/she is getting exhausted,sk-s[imp3-inf3],full,ahsthaye,ahsthaye,ahsthaye,ahsthaye,ahsthayehi,ahsthayeh,ahsthaye,a,False,False,False,True,False,vowel_a,none,False,False,False,False,False,True
611,it’s barking,sk-s[imp2],full,ahsuwhi,ahsuwhi,ahsuwhi,ahsuwhi,ahsuwh,ahsuw,ahsuwhi,a,False,False,False,True,False,vowel_a,none,False,False,False,False,False,True
611,it’s barking,sk-s[imp2-inf2],full,ahsuwhi,ahsuwhi,ahsuwhi,ahsuwhi,ahsuwh,ahsuwhi,ahsuwhi,a,False,False,False,True,False,vowel_a,none,False,False,False,False,False,True
611,it’s barking,sk-s[imp2-inf3],full,ahsuwhi,ahsuwhi,ahsuwhi,ahsuwhi,ahsuwh,ahsuwh,ahsuwhi,a,False,False,False,True,False,vowel_a,none,False,False,False,False,False,True
611,it’s barking,sk-s[imp4],full,ahsuwhi,ahsuwhi,ahsuwhi,ahsuwhi,ahsuwh,ahsuw,ahsuwhi,a,False,False,False,True,False,vowel_a,none,False,False,False,False,False,True
611,it’s barking,sk-s[imp4-inf2],full,ahsuwhi,ahsuwhi,ahsuwhi,ahsuwhi,ahsuwh,ahsuwhi,ahsuwhi,a,False,False,False,True,False,vowel_a,none,False,False,False,False,False,True
611,it’s barking,sk-s[imp4-inf3],full,ahsuwhi,ahsuwhi,ahsuwhi,ahsuwhi,ahsuwh,ahsuwh,ahsuwhi,a,False,False,False,True,False,vowel_a,none,False,False,False,False,False,True
611,it’s barking,sk-s[imp6],full,ahsuwhi,ahsuwhi,ahsuwhi,ahsuwhi,ahsuw,ahsuw,ahsuwhi,a,False,False,False,True,False,vowel_a,none,False,False,False,False,False,True
611,it’s barking,sk-s[imp6-inf2],full,ahsuwhi,ahsuwhi,ahsuwhi,ahsuwhi,ahsuw,ahsuwhi,ahsuwhi,a,False,False,False,True,False,vowel_a,none,False,False,False,False,False,True
611,it’s barking,sk-s[imp6-inf3],full,ahsuwhi,ahsuwhi,ahsuwhi,ahsuwhi,ahsuw,ahsuwh,ahsuwhi,a,False,False,False,True,False,vowel_a,none,False,False,False,False,False,True
611,it’s barking,sk-s[imp3],full,ahsuwhi,ahsuwhi,ahsuwhi,ahsuwhi,ahsuwha,ahsuw,ahsuwhi,a,False,False,False,True,False,vowel_a,none,False,False,False,False,False,True
611,it’s barking,sk-s[imp3-inf2],full,ahsuwhi,ahsuwhi,ahsuwhi,ahsuwhi,ahsuwha,ahsuwhi,ahsuwhi,a,False,False,False,True,False,vowel_a,none,False,False,False,False,False,True
611,it’s barking,sk-s[imp3-inf3],full,ahsuwhi,ahsuwhi,ahsuwhi,ahsuwhi,ahsuwha,ahsuwh,ahsuwhi,a,False,False,False,True,False,vowel_a,none,False,False,False,False,False,True
612,he/she is scheduling a time,cause,full,hsvhst,hsvhst,hsvhst,hsvhst,hsvhst,hsvhst,hsvhst,a,False,False,False,True,False,con,none,False,False,False,False,False,True
612,he/she is scheduling a time,cause[perf3],full,hsvhst,hsvhst,hsvhst,hsvhsth,hsvhst,hsvhst,hsvhst,a,False,False,False,True,False,con,none,False,False,False,False,False,True
612,he/she is scheduling a time,cause[pres2],full,hsvhstih,hsvhstih,hsvhst,hsvhst,hsvhst,hsvhst,hsvhstih,a,False,False,False,True,False,con,none,False,False,False,False,False,True
612,he/she is scheduling a time,cause[pres2-perf3],full,hsvhstih,hsvhstih,hsvhst,hsvhsth,hsvhst,hsvhst,hsvhstih,a,False,False,False,True,False,con,none,False,False,False,False,False,True
618,he/she is releasing him/her,sk-s,full,yo,yo,yo,yo,yo,yo,yo,a,False,False,False,True,False,con,none,False,False,False,False,False,True
618,he/she is releasing him/her,sk-s[inf2],full,yo,yo,yo,yo,yo,yohi,yo,a,False,False,False,True,False,con,none,False,False,False,False,False,True
618,he/she is releasing him/her,sk-s[inf3],full,yo,yo,yo,yo,yo,yoh,yo,a,False,False,False,True,False,con,none,False,False,False,False,False,True
618,he/she is releasing him/her,sk-s[imp3],full,yo,yo,yo,yo,yohi,yo,yo,a,False,False,False,True,False,con,none,False,False,False,False,False,True
618,he/she is releasing him/her,sk-s[imp3-inf2],full,yo,yo,yo,yo,yohi,yohi,yo,a,False,False,False,True,False,con,none,False,False,False,False,False,True
618,he/she is releasing him/her,sk-s[imp3-inf3],full,yo,yo,yo,yo,yohi,yoh,yo,a,False,False,False,True,False,con,none,False,False,False,False,False,True
620,he/she is slamming him/her,cause,full,lvtvnihst,lvtvnihst,lvtvnihst,lvtvnihst,lvtvnihst,lvtvnihst,lvtvnihst,a,False,False,False,True,False,con,none,False,True,False,False,False,True
620,he/she is slamming him/her,cause[perf3],full,lvtvnihst,lvtvnihst,lvtvnihst,lvtvnihsth,lvtvnihst,lvtvnihst,lvtvnihst,a,False,False,False,True,False,con,none,False,True,False,False,False,True
620,he/she is slamming him/her,cause[pres2],full,lvtvnihstih,lvtvnihstih,lvtvnihst,lvtvnihst,lvtvnihst,lvtvnihst,lvtvnihstih,a,False,False,False,True,False,con,none,False,True,False,False,False,True
620,he/she is slamming him/her,cause[pres2-perf3],full,lvtvnihstih,lvtvnihstih,lvtvnihst,lvtvnihsth,lvtvnihst,lvtvnihst,lvtvnihstih,a,False,False,False,True,False,con,none,False,True,False,False,False,True
621,he/she is crossing,sk-s,full,natiw,natiw,natiw,natiw,natiw,natiw,natiw,a,False,False,False,True,False,con,none,False,True,False,False,False,True
621,he/she is crossing,sk-s[inf2],full,natiw,natiw,natiw,natiw,natiw,natiwhi,natiw,a,False,False,False,True,False,con,none,False,True,False,False,False,True
621,he/she is crossing,sk-s[inf3],full,natiw,natiw,natiw,natiw,natiw,natiwh,natiw,a,False,False,False,True,False,con,none,False,True,False,False,False,True
621,he/she is crossing,sk-s[imp3],full,natiw,natiw,natiw,natiw,natiwhi,natiw,natiw,a,False,False,False,True,False,con,none,False,True,False,False,False,True
621,he/she is crossing,sk-s[imp3-inf2],full,natiw,natiw,natiw,natiw,natiwhi,natiwhi,natiw,a,False,False,False,True,False,con,none,False,True,False,False,False,True
621,he/she is crossing,sk-s[imp3-inf3],full,natiw,natiw,natiw,natiw,natiwhi,natiwh,natiw,a,False,False,False,True,False,con,none,False,True,False,False,False,True
622,he/she is advertising it,hvsk[perf2],full,notsal,notsal,notsal,notsal,notsal,notsal,notsal,a,False,False,False,True,False,con,none,False,True,False,False,False,True
622,he/she is advertising it,hvsk[perf2-inf2],full,notsal,notsal,notsal,notsal,notsal,notsal,notsal,a,False,False,False,True,False,con,none,False,True,False,False,False,True
622,he/she is advertising it,v'vsk,full,notsalh,notsa'l,notsalh,notsalha,notsalh,notsalh,notsalh,a,False,False,False,True,False,con,none,False,True,False,False,False,True
623,he/she is crossing it,become[imp2],full,hsoh,hsoh,hsoh,hsoh,hsoh,hsohi,hsoh,a,False,False,False,True,False,con,none,False,True,True,False,False,True
623,he/she is crossing it,become[imp2-inf5],full,hsoh,hsoh,hsoh,hsoh,hsoh,hsoh,hsoh,a,False,False,False,True,False,con,none,False,True,True,False,False,True
624,he/she is enduring it,v'vsk,full,eth,e't,eth,ethi,eth,eth,eth,a,False,False,False,True,False,vowel_e,none,False,True,False,False,False,True
625,he/she is explaining it,cause[perf2],full,ohsihs,ohsihs,ohsihs,ohsihs,ohsihs,ohsihs,ohsihs,a,False,False,False,True,False,vowel_e,none,False,True,False,False,False,True
625,he/she is explaining it,cause[pres2-perf2],full,ohsihsih,ohsihsih,ohsihs,ohsihs,ohsihs,ohsihs,ohsihsih,a,False,False,False,True,False,vowel_e,none,False,True,False,False,False,True
626,he/she is deciding,cause,full,ukht,ukot,ukht,ukht,ukht,ukht,ukht,a,False,False,False,True,False,vowel_e,none,False,True,False,False,False,True
626,he/she is deciding,cause[perf3],full,ukht,ukot,ukht,ukhth,ukht,ukht,ukht,a,False,False,False,True,False,vowel_e,none,False,True,False,False,False,True
626,he/she is deciding,cause[pres2],full,ukhtih,ukotih,ukht,ukht,ukht,ukht,ukhtih,a,False,False,False,True,False,vowel_e,none,False,True,False,False,False,True
626,he/she is deciding,cause[pres2-perf3],full,ukhtih,ukotih,ukht,ukhth,ukht,ukht,ukhtih,a,False,False,False,True,False,vowel_e,none,False,True,False,False,False,True
627,he/she is washing,rub,full,vtiy,vtiy,vtiy,vtiy,vtiy,vtiy,vtiy,a,False,False,False,True,False,vowel_v,none,False,True,True,False,False,True
628,he/she is shelling,glottal-sk[perf2],full,vthohi,vthohi,vthohi,vthohihs,vthohi,vthohi,vthohi,a,False,False,False,True,False,vowel_e,none,False,True,False,False,False,True
628,he/she is shelling,glottal-sk[perf2-inf2],full,vthohi,vthohi,vthohi,vthohihs,vthohi,vthohi,vthohi,a,False,False,False,True,False,vowel_e,none,False,True,False,False,False,True
628,he/she is shelling,rev-i,full,vthoh,vthoh,vthoh,vthoh,vthoh,vthoh,vthoh,a,False,False,False,True,False,vowel_e,none,False,True,False,False,False,True
630,he/she is turning him/her over,go[inf2],full,lhihkwat,lihkwat,lhihkwat,lhihkwatin,lihkwat,lhihkwat,lhihkwat,a,False,False,False,True,False,con,h_cons,True,True,False,False,True,True
630,he/she is turning him/her over,go[perf2-inf2],full,lhihkwat,lihkwat,lhihkwat,lhihkwat,lihkwat,lhihkwat,lhihkwat,a,False,False,False,True,False,con,h_cons,True,True,False,False,True,True
630,he/she is turning him/her over,go[pres2-inf2],full,lhihkwatek,lihkwatek,lhihkwat,lhihkwatin,lihkwat,lhihkwat,lhihkwatek,a,False,False,False,True,False,con,h_cons,True,True,False,False,True,True
630,he/she is turning him/her over,go[pres2-perf2-inf2],full,lhihkwatek,lihkwatek,lhihkwat,lhihkwat,lihkwat,lhihkwat,lhihkwatek,a,False,False,False,True,False,con,h_cons,True,True,False,False,True,True
631,he/she is singing,glottal-sk[perf2],full,nhoki,noki,nhoki,nhokihs,nhoki,nhoki,nhoki,a,False,False,False,True,False,con,h_cons,True,True,False,False,False,True
631,he/she is singing,glottal-sk[perf2-inf2],full,nhoki,noki,nhoki,nhokihs,nhoki,nhoki,nhoki,a,False,False,False,True,False,con,h_cons,True,True,False,False,False,True
631,he/she is singing,rev-gi,full,nho,no,nho,nho,nho,nho,nho,a,False,False,False,True,False,con,h_cons,True,True,False,False,False,True
632,he/she is clawing him/her,sk-s[imp2-inf2],full,nhuko,nuko,nhuko,nhuko,nukol,nhuko,nhuko,a,False,False,False,True,False,con,h_cons,True,True,False,False,True,True
632,he/she is clawing him/her,sk-s[imp4-inf2],full,nhuko,nuko,nhuko,nhuko,nukol,nhuko,nhuko,a,False,False,False,True,False,con,h_cons,True,True,False,False,True,True
632,he/she is clawing him/her,sk-s[imp5-inf2],full,nhuko,nuko,nhuko,nhuko,nuko,nhuko,nhuko,a,False,False,False,True,False,con,h_cons,True,True,False,False,True,True
632,he/she is clawing him/her,sk-s[imp3-inf2],full,nhuko,nuko,nhuko,nhuko,nukola,nhuko,nhuko,a,False,False,False,True,False,con,h_cons,True,True,False,False,True,True
633,to come out of the nose,go[pres2],full,tekhayvhsko'ih,,,,,,tekhayvhsko'ih,a,False,False,False,False,False,vowel_a,none,False,False,False,False,False,True
633,to come out of the nose,cause,full,tekhayvhsko',,,,,,tekhayvhsko',a,False,False,False,False,False,vowel_a,none,False,False,False,False,False,True
633,to come out of the nose,cause[pres2],full,tekhayvhsko'ih,,,,,,tekhayvhsko'ih,a,False,False,False,False,False,vowel_a,none,False,False,False,False,False,True
633,to come out of the nose,ih-l,full,tekhayvhsko',,,,,,tekhayvhsko',a,False,False,False,False,False,vowel_a,none,False,False,False,False,False,True
633,to come out of the nose,ih-vh,full,tekhayvhsko',,,,,,tekhayvhsko',a,False,False,False,False,False,vowel_a,none,False,False,False,False,False,True
633,to come out of the nose,ih-vnh,full,tekhayvhsko',,,,,,tekhayvhsko',a,False,False,False,False,False,vowel_a,none,False,False,False,False,False,True
633,to come out of the nose,scared,full,tekhayvhsko'i,,,,,,tekhayvhsko'i,a,False,False,False,False,False,vowel_a,none,False,False,False,False,False,True
633,to come out of the nose,aspectless,full,tekhayvhsko'ih,,,,,,tekhayvhsko'ih,a,False,False,False,False,False,vowel_a,none,False,False,False,False,False,True
633,to come out of the nose,aspectless-h,full,tekhayvhsko'i,,,,,,tekhayvhsko'i,a,False,False,False,False,False,vowel_a,none,False,False,False,False,False,True
633,to come out of the nose,aspectless-s,full,tekhayvhsko'i,,,,,,tekhayvhsko'i,a,False,False,False,False,False,vowel_a,none,False,False,False,False,False,True
722,he/she is confronted with it,sk-s,full,atlo,atlo,atlo,atlo,atlo,atlo,atlo,b,False,False,False,True,False,vowel_a,none,False,False,False,False,False,False
722,he/she is confronted with it,sk-s[inf2],full,atlo,atlo,atlo,atlo,atlo,atlohi,atlo,b,False,False,False,True,False,vowel_a,none,False,False,False,False,False,False
722,he/she is confronted with it,sk-s[inf3],full,atlo,atlo,atlo,atlo,atlo,atloh,atlo,b,False,False,False,True,False,vowel_a,none,False,False,False,False,False,False
722,he/she is confronted with it,sk-s[imp3],full,atlo,atlo,atlo,atlo,atlohi,atlo,atlo,b,False,False,False,True,False,vowel_a,none,False,False,False,False,False,False
722,he/she is confronted with it,sk-s[imp3-inf2],full,atlo,atlo,atlo,atlo,atlohi,atlohi,atlo,b,False,False,False,True,False,vowel_a,none,False,False,False,False,False,False
722,he/she is confronted with it,sk-s[imp3-inf3],full,atlo,atlo,atlo,atlo,atlohi,atloh,atlo,b,False,False,False,True,False,vowel_a,none,False,False,False,False,False,False
724,he/she is staggering,cause,full,atokht,atokht,atokht,atokht,atokht,atokht,atokht,b,False,False,False,True,False,vowel_a,none,False,False,False,False,False,False
724,he/she is staggering,cause[perf3],full,atokht,atokht,atokht,atokhth,atokht,atokht,atokht,b,False,False,False,True,False,vowel_a,none,False,False,False,False,False,False
724,he/she is staggering,cause[pres2],full,atokhtih,atokhtih,atokht,atokht,atokht,atokht,atokhtih,b,False,False,False,True,False,vowel_a,none,False,False,False,False,False,False
724,he/she is staggering,cause[pres2-perf3],full,atokhtih,atokhtih,atokht,atokhth,atokht,atokht,atokhtih,b,False,False,False,True,False,vowel_a,none,False,False,False,False,False,False
725,he/she is getting a rash,sk-s,full,kwenothi,kwenothi,kwenothi,kwenothi,kwenothi,kwenot,kwenothi,b,False,False,False,True,False,con,none,False,False,False,True,False,True
725,he/she is getting a rash,sk-s[inf2],full,kwenothi,kwenothi,kwenothi,kwenothi,kwenothi,kwenothi,kwenothi,b,False,False,False,True,False,con,none,False,False,False,True,False,True
725,he/she is getting a rash,sk-s[inf3],full,kwenothi,kwenothi,kwenothi,kwenothi,kwenothi,kwenoth,kwenothi,b,False,False,False,True,False,con,none,False,False,False,True,False,True
725,he/she is getting a rash,sk-s[imp3],full,kwenothi,kwenothi,kwenothi,kwenothi,kwenothihi,kwenot,kwenothi,b,False,False,False,True,False,con,none,False,False,False,True,False,True
725,he/she is getting a rash,sk-s[imp3-inf2],full,kwenothi,kwenothi,kwenothi,kwenothi,kwenothihi,kwenothi,kwenothi,b,False,False,False,True,False,con,none,False,False,False,True,False,True
725,he/she is getting a rash,sk-s[imp3-inf3],full,kwenothi,kwenothi,kwenothi,kwenothi,kwenothihi,kwenoth,kwenothi,b,False,False,False,True,False,con,none,False,False,False,True,False,True
726,he/she has horns,aspectless,full,lhk,lhk,lhk,lhk,lhk,,lhk,b,False,False,False,True,True,con,none,False,False,False,True,False,True
727,he/she is sneezing,sk-h,full,yhvhstoy,yhvhstoy,yhvhstoy,yhvhstoy,yhvhstoy,yhvhstoy,yhvhstoy,b,False,False,False,True,False,con,h_cons,True,False,False,False,False,True
727,he/she is sneezing,sk-h[imp3],full,yhvhstoy,yhvhstoy,yhvhstoy,yhvhstoy,yhvhstoyha,yhvhstoy,yhvhstoy,b,False,False,False,True,False,con,h_cons,True,False,False,False,False,True
727,he/she is sneezing,sk-yh,full,yhvhstoy,yhvhstoy,yhvhstoy,yhvhsto,yhvhsto,yhvhstoy,yhvhstoy,b,False,False,False,True,False,con,h_cons,True,False,False,False,False,True
728,he/she is vomiting,cause,full,khst,khst,khst,khst,khst,khst,khst,b,False,False,False,True,False,con,none,False,False,False,True,False,True
728,he/she is vomiting,cause[perf3],full,khst,khst,khst,khsth,khst,khst,khst,b,False,False,False,True,False,con,none,False,False,False,True,False,True
728,he/she is vomiting,cause[pres2],full,khstih,khstih,khst,khst,khst,khst,khstih,b,False,False,False,True,False,con,none,False,False,False,True,False,True
728,he/she is vomiting,cause[pres2-perf3],full,khstih,khstih,khst,khsth,khst,khst,khstih,b,False,False,False,True,False,con,none,False,False,False,True,False,True
729,he/she is wearing glasses,aspectless,full,akhthinvth,akhthinvth,akhthinvth,akhthinvth,akhthinvth,akhthinvt,akhthinvth,b,False,False,False,True,True,vowel_a,none,False,False,False,False,False,False
729,he/she is wearing glasses,aspectless-h,full,akhthinvt,akhthinvt,akhthinvt,akhthinvt,akhthinvt,akhthinvt,akhthinvt,b,False,False,False,True,True,vowel_a,none,False,False,False,False,False,False
730,he/she is wearing shoes,aspectless,full,alahsulh,alahsulh,alahsulh,alahsulh,alahsulh,,alahsulh,b,False,False,False,True,True,vowel_a,none,False,False,False,False,False,False
730,he/she is wearing shoes,aspectless-h,full,alahsul,alahsul,alahsul,alahsul,alahsul,,alahsul,b,False,False,False,True,True,vowel_a,none,False,False,False,False,False,False
733,he/she is wearing socks,aspectless,full,aliyoh,aliyoh,aliyoh,aliyoh,aliyoh,,aliyoh,b,False,False,False,True,True,vowel_a,none,False,False,False,False,False,False
733,he/she is wearing socks,aspectless-h,full,aliyo,aliyo,aliyo,aliyo,aliyo,,aliyo,b,False,False,False,True,True,vowel_a,none,False,False,False,False,False,False
735,he/she is working,apl,full,lvwhihstan,lvwhihstan,lvwhihstan,lvwhihstan,lvwhihsta,lvwhihstan,lvwhihstan,b,False,False,False,True,False,con,none,False,False,False,True,False,True
735,he/she is working,apl[imp2],full,lvwhihstan,lvwhihstan,lvwhihstan,lvwhihstan,lvwhihsta,lvwhihstan,lvwhihstan,b,False,False,False,True,False,con,none,False,False,False,True,False,True
735,he/she is working,apl[imp3],full,lvwhihstan,lvwhihstan,lvwhihstan,lvwhihstan,lvwhihsta,lvwhihstan,lvwhihstan,b,False,False,False,True,False,con,none,False,False,False,True,False,True
738,he/she is releasing it,cause,full,ahskalehst,ahskalehst,ahskalehst,ahskalehst,ahskalehst,ahskalehst,ahskalehst,b,False,False,False,True,False,vowel_a,none,False,False,False,False,False,False
738,he/she is releasing it,cause[perf3],full,ahskalehst,ahskalehst,ahskalehst,ahskalehsth,ahskalehst,ahskalehst,ahskalehst,b,False,False,False,True,False,vowel_a,none,False,False,False,False,False,False
738,he/she is releasing it,cause[pres2],full,ahskalehstih,ahskalehstih,ahskalehst,ahskalehst,ahskalehst,ahskalehst,ahskalehstih,b,False,False,False,True,False,vowel_a,none,False,False,False,False,False,False
738,he/she is releasing it,cause[pres2-perf3],full,ahskalehstih,ahskalehstih,ahskalehst,ahskalehsth,ahskalehst,ahskalehst,ahskalehstih,b,False,False,False,True,False,vowel_a,none,False,False,False,False,False,False
739,he/she is tired,become[imp2],full,yawe,yawe,yawe,yawe,yawe,yawe,yawe,b,False,False,False,True,False,con,none,False,False,False,True,False,True
740,he/she is releasing it,sk-s,full,yo,yo,yo,yo,yo,yo,yo,b,False,False,False,True,False,con,none,False,False,False,True,False,True
740,he/she is releasing it,sk-s[inf2],full,yo,yo,yo,yo,yo,yohi,yo,b,False,False,False,True,False,con,none,False,False,False,True,False,True
740,he/she is releasing it,sk-s[inf3],full,yo,yo,yo,yo,yo,yoh,yo,b,False,False,False,True,False,con,none,False,False,False,True,False,True
740,he/she is releasing it,sk-s[imp3],full,yo,yo,yo,yo,yohi,yo,yo,b,False,False,False,True,False,con,none,False,False,False,True,False,True
740,he/she is releasing it,sk-s[imp3-inf2],full,yo,yo,yo,yo,yohi,yohi,yo,b,False,False,False,True,False,con,none,False,False,False,True,False,True
740,he/she is releasing it,sk-s[imp3-inf3],full,yo,yo,yo,yo,yohi,yoh,yo,b,False,False,False,True,False,con,none,False,False,False,True,False,True
742,he/she is walking around,go-around,full,et,et,et,et,et,et,et,a,False,False,False,False,False,vowel_e,none,False,False,False,False,False,True
746,he/she lives,aspectless,full,eh,e',eh,,eh,,eh,a,False,False,False,False,False,vowel_a,none,False,False,False,False,False,True
746,he/she lives,aspectless-h,full,e,e,e,,e,,e,a,False,False,False,False,False,vowel_a,none,False,False,False,False,False,True
752,he/she thinks so,eat,full,el,el,el,elihs,el,el,el,a,False,False,False,False,False,vowel_e,none,False,False,False,False,False,True
752,he/she thinks so,think*,full,el,el,el,el,el,el,el,a,False,False,False,False,False,vowel_e,none,False,False,False,False,False,True
757,he/she is straightening it,cause[perf2],full,tshinohs,tshinohs,tshinohs,tshinohs,tshinohs,tshinohs,tshinohs,a,False,False,False,False,False,con,none,False,True,True,False,False,True
757,he/she is straightening it,cause[pres2-perf2],full,tshinohsih,tshinohsih,tshinohs,tshinohs,tshinohs,tshinohs,tshinohsih,a,False,False,False,False,False,con,none,False,True,True,False,False,True
759,it is hanging,aspectless,full,ata',ata',ata',,ata',,ata',a,False,False,False,False,False,vowel_a,none,False,True,False,False,False,True
764,he/she is plowing it,hear,full,taluk,taluk,taluk,taluk,taluk,taluk,taluk,a,False,False,False,False,False,con,none,False,True,True,False,False,True
766,he/she is removing it from a hanging position,rev-e,full,at,at,at,at,at,at,at,a,False,False,False,False,False,vowel_a,none,False,True,False,False,False,False
767,he/she is turning it,cause,full,teyhst,teyahst,teyhst,teyhst,teyhst,teyhst,teyhst,a,False,False,False,False,False,con,none,False,True,True,False,False,True
767,he/she is turning it,cause[perf3],full,teyhst,teyahst,teyhst,teyhsth,teyhst,teyhst,teyhst,a,False,False,False,False,False,con,none,False,True,True,False,False,True
767,he/she is turning it,cause[pres2],full,teyhstih,teyahstih,teyhst,teyhst,teyhst,teyhst,teyhstih,a,False,False,False,False,False,con,none,False,True,True,False,False,True
767,he/she is turning it,cause[pres2-perf3],full,teyhstih,teyahstih,teyhst,teyhsth,teyhst,teyhst,teyhstih,a,False,False,False,False,False,con,none,False,True,True,False,False,True
769,he/she is spinning it,cause,full,tikwalvteyhst,tikwalvteyhst,tikwalvteyhst,tikwalvteyhst,tikwalvteyhst,tikwalvteyhst,tikwalvteyhst,a,False,False,False,False,False,con,none,False,True,True,False,False,True
769,he/she is spinning it,cause[perf3],full,tikwalvteyhst,tikwalvteyhst,tikwalvteyhst,tikwalvteyhsth,tikwalvteyhst,tikwalvteyhst,tikwalvteyhst,a,False,False,False,False,False,con,none,False,True,True,False,False,True
769,he/she is spinning it,cause[pres2],full,tikwalvteyhstih,tikwalvteyhstih,tikwalvteyhst,tikwalvteyhst,tikwalvteyhst,tikwalvteyhst,tikwalvteyhstih,a,False,False,False,False,False,con,none,False,True,True,False,False,True
769,he/she is spinning it,cause[pres2-perf3],full,tikwalvteyhstih,tikwalvteyhstih,tikwalvteyhst,tikwalvteyhsth,tikwalvteyhst,tikwalvteyhst,tikwalvteyhstih,a,False,False,False,False,False,con,none,False,True,True,False,False,True
770,he/she is strapping it,ih-l[perf3],full,tloh,tloh,tloh,tlo,tlo,tlohs,tloh,a,False,False,False,False,False,con,none,False,True,True,False,False,True
770,he/she is strapping it,ih-l[perf3-inf2],full,tloh,tloh,tloh,tlo,tlo,tlo,tloh,a,False,False,False,False,False,con,none,False,True,True,False,False,True
770,he/she is strapping it,ih-l[perf3-inf3],full,tloh,tloh,tloh,tlo,tlo,tlo,tloh,a,False,False,False,False,False,con,none,False,True,True,False,False,True
770,he/she is strapping it,ih-l[perf3-imp2],full,tloh,tloh,tloh,tlo,tlo,tlohs,tloh,a,False,False,False,False,False,con,none,False,True,True,False,False,True
770,he/she is strapping it,ih-l[perf3-imp2-inf2],full,tloh,tloh,tloh,tlo,tlo,tlo,tloh,a,False,False,False,False,False,con,none,False,True,True,False,False,True
770,he/she is strapping it,ih-l[perf3-imp2-inf3],full,tloh,tloh,tloh,tlo,tlo,tlo,tloh,a,False,False,False,False,False,con,none,False,True,True,False,False,True
770,he/she is strapping it,ih-l[perf3-imp4],full,tloh,tloh,tloh,tlo,tlok,tlohs,tloh,a,False,False,False,False,False,con,none,False,True,True,False,False,True
770,he/she is strapping it,ih-l[perf3-imp4-inf2],full,tloh,tloh,tloh,tlo,tlok,tlo,tloh,a,False,False,False,False,False,con,none,False,True,True,False,False,True
770,he/she is strapping it,ih-l[perf3-imp4-inf3],full,tloh,tloh,tloh,tlo,tlok,tlo,tloh,a,False,False,False,False,False,con,none,False,True,True,False,False,True
772,he/she is standing,aspectless,full,tok,tok,tok,,tok,,tok,a,False,False,False,False,False,con,none,False,True,False,False,False,True
775,he/she is pitying him/her,become[imp2],full,atoli,atoli,atoli,atoli,atoli,atoli,atoli,a,False,False,False,False,False,vowel_e,none,False,True,True,False,True,True
775,he/she is pitying him/her,become[imp2-inf5],full,atoli,atoli,atoli,atoli,atoli,atol,atoli,a,False,False,False,False,False,vowel_e,none,False,True,True,False,True,True
776,he/she is dropping him/her,cause,full,atonht,atonht,atonht,atonht,atonht,atonht,atonht,a,False,False,False,False,False,vowel_a,none,False,True,False,False,True,False
776,he/she is dropping him/her,cause[perf3],full,atonht,atonht,atonht,atonhth,atonht,atonht,atonht,a,False,False,False,False,False,vowel_a,none,False,True,False,False,True,False
776,he/she is dropping him/her,cause[pres2],full,atonhtih,atonhtih,atonht,atonht,atonht,atonht,atonhtih,a,False,False,False,False,False,vowel_a,none,False,True,False,False,True,False
776,he/she is dropping him/her,cause[pres2-perf3],full,atonhtih,atonhtih,atonht,atonhth,atonht,atonht,atonhtih,a,False,False,False,False,False,vowel_a,none,False,True,False,False,True,False
777,it is falling from a hanging position,sk-s,full,ato,ato,ato,ato,ato,ato,ato,a,False,False,False,False,False,vowel_a,none,False,True,False,False,False,False
777,it is falling from a hanging position,sk-s[inf2],full,ato,ato,ato,ato,ato,atohi,ato,a,False,False,False,False,False,vowel_a,none,False,True,False,False,False,False
777,it is falling from a hanging position,sk-s[inf3],full,ato,ato,ato,ato,ato,atoh,ato,a,False,False,False,False,False,vowel_a,none,False,True,False,False,False,False
777,it is falling from a hanging position,sk-s[imp3],full,ato,ato,ato,ato,atohi,ato,ato,a,False,False,False,False,False,vowel_a,none,False,True,False,False,False,False
777,it is falling from a hanging position,sk-s[imp3-inf2],full,ato,ato,ato,ato,atohi,atohi,ato,a,False,False,False,False,False,vowel_a,none,False,True,False,False,False,False
777,it is falling from a hanging position,sk-s[imp3-inf3],full,ato,ato,ato,ato,atohi,atoh,ato,a,False,False,False,False,False,vowel_a,none,False,True,False,False,False,False
784,he/she is baking it,hvsk,full,tu,tu,tu,tu,tu,t,tu,a,False,False,False,False,False,con,none,False,True,True,False,False,True
784,he/she is baking it,hvsk[inf2],full,tu,tu,tu,tu,tu,t,tu,a,False,False,False,False,False,con,none,False,True,True,False,False,True
788,he/she is hanging up it,v'vsk,full,atv',atv',atv',atv,atv',atv,atv',a,False,False,False,False,False,vowel_a,none,False,True,False,False,False,False
788,he/she is hanging up it,v'vsk[inf2],full,atv',atv',atv',atv,atv',at,atv',a,False,False,False,False,False,vowel_a,none,False,True,False,False,False,False
788,he/she is hanging up it,v'vsk[imp2],full,atv',atv',atv',atv,atv,atv,atv',a,False,False,False,False,False,vowel_a,none,False,True,False,False,False,False
788,he/she is hanging up it,v'vsk[imp2-inf2],full,atv',atv',atv',atv,atv,at,atv',a,False,False,False,False,False,vowel_a,none,False,True,False,False,False,False
788,he/she is hanging up it,v'vsk[imp3],full,atv',atv',atv',atv,at,atv,atv',a,False,False,False,False,False,vowel_a,none,False,True,False,False,False,False
788,he/she is hanging up it,v'vsk[imp3-inf2],full,atv',atv',atv',atv,at,at,atv',a,False,False,False,False,False,vowel_a,none,False,True,False,False,False,False
788,he/she is hanging up it,v'vsk[perf2],full,atv',atv',atv',at,atv',atv,atv',a,False,False,False,False,False,vowel_a,none,False,True,False,False,False,False
788,he/she is hanging up it,v'vsk[perf2-inf2],full,atv',atv',atv',at,atv',at,atv',a,False,False,False,False,False,vowel_a,none,False,True,False,False,False,False
788,he/she is hanging up it,v'vsk[perf2-imp2],full,atv',atv',atv',at,atv,atv,atv',a,False,False,False,False,False,vowel_a,none,False,True,False,False,False,False
788,he/she is hanging up it,v'vsk[perf2-imp2-inf2],full,atv',atv',atv',at,atv,at,atv',a,False,False,False,False,False,vowel_a,none,False,True,False,False,False,False
788,he/she is hanging up it,v'vsk[perf2-imp3],full,atv',atv',atv',at,at,atv,atv',a,False,False,False,False,False,vowel_a,none,False,True,False,False,False,False
788,he/she is hanging up it,v'vsk[perf2-imp3-inf2],full,atv',atv',atv',at,at,at,atv',a,False,False,False,False,False,vowel_a,none,False,True,False,False,False,False
788,he/she is hanging up it,v'vsk[imperf2],full,atv',atv',atv,atv,atv',atv,atv',a,False,False,False,False,False,vowel_a,none,False,True,False,False,False,False
788,he/she is hanging up it,v'vsk[imperf2-inf2],full,atv',atv',atv,atv,atv',at,atv',a,False,False,False,False,False,vowel_a,none,False,True,False,False,False,False
788,he/she is hanging up it,v'vsk[imperf2-imp2],full,atv',atv',atv,atv,atv,atv,atv',a,False,False,False,False,False,vowel_a,none,False,True,False,False,False,False
788,he/she is hanging up it,v'vsk[imperf2-imp2-inf2],full,atv',atv',atv,atv,atv,at,atv',a,False,False,False,False,False,vowel_a,none,False,True,False,False,False,False
788,he/she is hanging up it,v'vsk[imperf2-imp3],full,atv',atv',atv,atv,at,atv,atv',a,False,False,False,False,False,vowel_a,none,False,True,False,False,False,False
788,he/she is hanging up it,v'vsk[imperf2-imp3-inf2],full,atv',atv',atv,atv,at,at,atv',a,False,False,False,False,False,vowel_a,none,False,True,False,False,False,False
788,he/she is hanging up it,v'vsk[imperf2-perf2],full,atv',atv',atv,at,atv',atv,atv',a,False,False,False,False,False,vowel_a,none,False,True,False,False,False,False
788,he/she is hanging up it,v'vsk[imperf2-perf2-inf2],full,atv',atv',atv,at,atv',at,atv',a,False,False,False,False,False,vowel_a,none,False,True,False,False,False,False
788,he/she is hanging up it,v'vsk[imperf2-perf2-imp2],full,atv',atv',atv,at,atv,atv,atv',a,False,False,False,False,False,vowel_a,none,False,True,False,False,False,False
788,he/she is hanging up it,v'vsk[imperf2-perf2-imp2-inf2],full,atv',atv',atv,at,atv,at,atv',a,False,False,False,False,False,vowel_a,none,False,True,False,False,False,False
788,he/she is hanging up it,v'vsk[imperf2-perf2-imp3],full,atv',atv',atv,at,at,atv,atv',a,False,False,False,False,False,vowel_a,none,False,True,False,False,False,False
788,he/she is hanging up it,v'vsk[imperf2-perf2-imp3-inf2],full,atv',atv',atv,at,at,at,atv',a,False,False,False,False,False,vowel_a,none,False,True,False,False,False,False
788,he/she is hanging up it,v'vsk[pres2],full,atv,atv,atv',atv,atv',atv,atv,a,False,False,False,False,False,vowel_a,none,False,True,False,False,False,False
788,he/she is hanging up it,v'vsk[pres2-inf2],full,atv,atv,atv',atv,atv',at,atv,a,False,False,False,False,False,vowel_a,none,False,True,False,False,False,False
788,he/she is hanging up it,v'vsk[pres2-imp2],full,atv,atv,atv',atv,atv,atv,atv,a,False,False,False,False,False,vowel_a,none,False,True,False,False,False,False
788,he/she is hanging up it,v'vsk[pres2-imp2-inf2],full,atv,atv,atv',atv,atv,at,atv,a,False,False,False,False,False,vowel_a,none,False,True,False,False,False,False
788,he/she is hanging up it,v'vsk[pres2-imp3],full,atv,atv,atv',atv,at,atv,atv,a,False,False,False,False,False,vowel_a,none,False,True,False,False,False,False
788,he/she is hanging up it,v'vsk[pres2-imp3-inf2],full,atv,atv,atv',atv,at,at,atv,a,False,False,False,False,False,vowel_a,none,False,True,False,False,False,False
788,he/she is hanging up it,v'vsk[pres2-perf2],full,atv,atv,atv',at,atv',atv,atv,a,False,False,False,False,False,vowel_a,none,False,True,False,False,False,False
788,he/she is hanging up it,v'vsk[pres2-perf2-inf2],full,atv,atv,atv',at,atv',at,atv,a,False,False,False,False,False,vowel_a,none,False,True,False,False,False,False
788,he/she is hanging up it,v'vsk[pres2-perf2-imp2],full,atv,atv,atv',at,atv,atv,atv,a,False,False,False,False,False,vowel_a,none,False,True,False,False,False,False
788,he/she is hanging up it,v'vsk[pres2-perf2-imp2-inf2],full,atv,atv,atv',at,atv,at,atv,a,False,False,False,False,False,vowel_a,none,False,True,False,False,False,False
788,he/she is hanging up it,v'vsk[pres2-perf2-imp3],full,atv,atv,atv',at,at,atv,atv,a,False,False,False,False,False,vowel_a,none,False,True,False,False,False,False
788,he/she is hanging up it,v'vsk[pres2-perf2-imp3-inf2],full,atv,atv,atv',at,at,at,atv,a,False,False,False,False,False,vowel_a,none,False,True,False,False,False,False
788,he/she is hanging up it,v'vsk[pres2-imperf2],full,atv,atv,atv,atv,atv',atv,atv,a,False,False,False,False,False,vowel_a,none,False,True,False,False,False,False
788,he/she is hanging up it,v'vsk[pres2-imperf2-inf2],full,atv,atv,atv,atv,atv',at,atv,a,False,False,False,False,False,vowel_a,none,False,True,False,False,False,False
788,he/she is hanging up it,v'vsk[pres2-imperf2-imp2],full,atv,atv,atv,atv,atv,atv,atv,a,False,False,False,False,False,vowel_a,none,False,True,False,False,False,False
788,he/she is hanging up it,v'vsk[pres2-imperf2-imp2-inf2],full,atv,atv,atv,atv,atv,at,atv,a,False,False,False,False,False,vowel_a,none,False,True,False,False,False,False
788,he/she is hanging up it,v'vsk[pres2-imperf2-imp3],full,atv,atv,atv,atv,at,atv,atv,a,False,False,False,False,False,vowel_a,none,False,True,False,False,False,False
788,he/she is hanging up it,v'vsk[pres2-imperf2-imp3-inf2],full,atv,atv,atv,atv,at,at,atv,a,False,False,False,False,False,vowel_a,none,False,True,False,False,False,False
788,he/she is hanging up it,v'vsk[pres2-imperf2-perf2],full,atv,atv,atv,at,atv',atv,atv,a,False,False,False,False,False,vowel_a,none,False,True,False,False,False,False
788,he/she is hanging up it,v'vsk[pres2-imperf2-perf2-inf2],full,atv,atv,atv,at,atv',at,atv,a,False,False,False,False,False,vowel_a,none,False,True,False,False,False,False
788,he/she is hanging up it,v'vsk[pres2-imperf2-perf2-imp2],full,atv,atv,atv,at,atv,atv,atv,a,False,False,False,False,False,vowel_a,none,False,True,False,False,False,False
788,he/she is hanging up it,v'vsk[pres2-imperf2-perf2-imp2-inf2],full,atv,atv,atv,at,atv,at,atv,a,False,False,False,False,False,vowel_a,none,False,True,False,False,False,False
788,he/she is hanging up it,v'vsk[pres2-imperf2-perf2-imp3],full,atv,atv,atv,at,at,atv,atv,a,False,False,False,False,False,vowel_a,none,False,True,False,False,False,False
788,he/she is hanging up it,v'vsk[pres2-imperf2-perf2-imp3-inf2],full,atv,atv,atv,at,at,at,atv,a,False,False,False,False,False,vowel_a,none,False,True,False,False,False,False
791,he/she is rowing,sk-s[inf2],full,kawe,kawe,kawe,kawe,kawe,kawe,kawe,a,False,False,False,False,False,con,none,False,True,True,False,False,True
791,he/she is rowing,sk-s[imp3-inf2],full,kawe,kawe,kawe,kawe,kawehi,kawe,kawe,a,False,False,False,False,False,con,none,False,True,True,False,False,True
796,he/she is pecking it,ih-l[perf3-imp4],full,akwayoh,akwayo',akwayoh,akwayo,akwayo',akwayohs,akwayoh,a,False,False,False,False,False,vowel_e,none,False,True,True,False,True,True
796,he/she is pecking it,ih-l[perf3-imp4-inf2],full,akwayoh,akwayo',akwayoh,akwayo,akwayo',akwayo,akwayoh,a,False,False,False,False,False,vowel_e,none,False,True,True,False,True,True
796,he/she is pecking it,ih-l[perf3-imp4-inf3],full,akwayoh,akwayo',akwayoh,akwayo,akwayo',akwayo,akwayoh,a,False,False,False,False,False,vowel_e,none,False,True,True,False,True,True
798,he/she is putting it into a container,cause,full,lht,lot,lht,lht,lht,lht,lht,a,False,False,False,False,False,con,none,False,True,False,False,False,True
798,he/she is putting it into a container,cause[perf3],full,lht,lot,lht,lhth,lht,lht,lht,a,False,False,False,False,False,con,none,False,True,False,False,False,True
798,he/she is putting it into a container,cause[pres2],full,lhtih,lotih,lht,lht,lht,lht,lhtih,a,False,False,False,False,False,con,none,False,True,False,False,False,True
798,he/she is putting it into a container,cause[pres2-perf3],full,lhtih,lotih,lht,lhth,lht,lht,lhtih,a,False,False,False,False,False,con,none,False,True,False,False,False,True
803,he/she is sleeping,ih-l[imp4],full,lh,'l,lh,,lhvn,lhvnh,lh,a,False,False,False,False,False,con,none,False,True,False,False,False,True
803,he/she is sleeping,ih-vh[imperf2],full,lh,'l,lh,,lhvn,lhvn,lh,a,False,False,False,False,False,con,none,False,True,False,False,False,True
803,he/she is sleeping,ih-vnh[imperf2],full,lh,'l,lh,,lhvn,lhvn,lh,a,False,False,False,False,False,con,none,False,True,False,False,False,True
803,he/she is sleeping,ih-vnh[imperf2-inf3],full,lh,'l,lh,,lhvn,lh,lh,a,False,False,False,False,False,con,none,False,True,False,False,False,True
803,he/she is sleeping,ih-vnh[imperf2-imp2],full,lh,'l,lh,,lh,lhvn,lh,a,False,False,False,False,False,con,none,False,True,False,False,False,True
803,he/she is sleeping,ih-vnh[imperf2-imp2-inf3],full,lh,'l,lh,,lh,lh,lh,a,False,False,False,False,False,con,none,False,True,False,False,False,True
804,he/she is gathering it,cause[perf2],full,lhihs,lhihs,lhihs,lhihs,lhihs,lhihs,lhihs,a,False,False,False,False,False,con,none,False,True,True,False,False,True
804,he/she is gathering it,cause[pres2-perf2],full,lhihsih,lhihsih,lhihs,lhihs,lhihs,lhihs,lhihsih,a,False,False,False,False,False,con,none,False,True,True,False,False,True
809,he/she is piling it up,husk,full,l,l,l,l,l,l,l,a,False,False,False,False,False,con,none,False,True,True,False,False,True
811,he/she is putting it in a hole or a container,hvsk[perf2],full,l,l,l,l,l,l,l,a,False,False,False,False,False,con,none,False,True,False,False,False,True
811,he/she is putting it in a hole or a container,hvsk[perf2-inf2],full,l,l,l,l,l,l,l,a,False,False,False,False,False,con,none,False,True,False,False,False,True
811,he/she is putting it in a hole or a container,v'vsk,full,lh,'l,lh,lha,lh,lh,lh,a,False,False,False,False,False,con,none,False,True,False,False,False,True
812,he/she is sleepy,vsk-vnh,full,lh,'l,lh,lh,lh,lhvn,lh,a,False,False,False,False,False,con,none,False,True,False,False,False,True
812,he/she is sleepy,vsk-vnh[inf3],full,lh,'l,lh,lh,lh,lh,lh,a,False,False,False,False,False,con,none,False,True,False,False,False,True
813,he/she is taking it somewhere by hand,go,full,nh,'n,nh,nh,nh,nh,nh,a,False,False,False,False,False,con,none,False,True,False,False,False,True
813,he/she is taking it somewhere by hand,go[pres2],full,nhek,'nek,nh,nh,nh,nh,nhek,a,False,False,False,False,False,con,none,False,True,False,False,False,True
815,he/she is handling it,go-around,full,nhit,'nit,nhit,nhit,nhit,nhit,nhit,a,False,False,False,False,False,con,none,False,True,False,False,False,True
818,he/she is eating it,e-aka,full,ayh,ay,ayh,ayh,ay,ayh,ayh,a,False,False,False,False,False,vowel_e,none,False,True,True,False,True,True
820,he/she is ripping it,ih-vh,full,tsakal,tsakal,tsakal,tsakal,tsakal,tsakal,tsakal,a,False,False,False,False,False,con,none,False,True,True,False,False,True
820,he/she is ripping it,ih-vh[inf3],full,tsakal,tsakal,tsakal,tsakal,tsakal,tsaka,tsakal,a,False,False,False,False,False,con,none,False,True,True,False,False,True
821,he/she is scratching him/her,sk-s[imp2-inf2],full,atsaliko,atsaliko,atsaliko,atsaliko,atsalikol,atsaliko,atsaliko,a,False,False,False,False,False,vowel_e,none,False,True,True,False,True,True
821,he/she is scratching him/her,sk-s[imp4-inf2],full,atsaliko,atsaliko,atsaliko,atsaliko,atsalikol,atsaliko,atsaliko,a,False,False,False,False,False,vowel_e,none,False,True,True,False,True,True
821,he/she is scratching him/her,sk-s[imp5-inf2],full,atsaliko,atsaliko,atsaliko,atsaliko,atsaliko,atsaliko,atsaliko,a,False,False,False,False,False,vowel_e,none,False,True,True,False,True,True
821,he/she is scratching him/her,sk-s[imp3-inf2],full,atsaliko,atsaliko,atsaliko,atsaliko,atsalikola,atsaliko,atsaliko,a,False,False,False,False,False,vowel_e,none,False,True,True,False,True,True
823,he/she is pricking him/her,ih-l[perf3-imp4],full,atsayoh,atsayo',atsayoh,atsayo,atsayo',atsayohs,atsayoh,a,False,False,False,False,False,vowel_e,none,False,True,True,False,True,True
823,he/she is pricking him/her,ih-l[perf3-imp4-inf2],full,atsayoh,atsayo',atsayoh,atsayo,atsayo',atsayo,atsayoh,a,False,False,False,False,False,vowel_e,none,False,True,True,False,True,True
823,he/she is pricking him/her,ih-l[perf3-imp4-inf3],full,atsayoh,atsayo',atsayoh,atsayo,atsayo',atsayo,atsayoh,a,False,False,False,False,False,vowel_e,none,False,True,True,False,True,True
824,he/she is wringing it out,cause,full,tsvwahst,tsvwahst,tsvwahst,tsvwahst,tsvwahst,tsvwahst,tsvwahst,a,False,False,False,False,False,con,none,False,True,True,False,False,True
824,he/she is wringing it out,cause[perf3],full,tsvwahst,tsvwahst,tsvwahst,tsvwahsth,tsvwahst,tsvwahst,tsvwahst,a,False,False,False,False,False,con,none,False,True,True,False,False,True
824,he/she is wringing it out,cause[pres2],full,tsvwahstih,tsvwahstih,tsvwahst,tsvwahst,tsvwahst,tsvwahst,tsvwahstih,a,False,False,False,False,False,con,none,False,True,True,False,False,True
824,he/she is wringing it out,cause[pres2-perf3],full,tsvwahstih,tsvwahstih,tsvwahst,tsvwahsth,tsvwahst,tsvwahst,tsvwahstih,a,False,False,False,False,False,con,none,False,True,True,False,False,True
825,he/she is stinging it,sk-h,full,atsvy,atsvy,atsvy,atsvy,atsvy,atsvy,atsvy,a,False,False,False,False,False,vowel_e,none,False,True,True,False,True,True
825,he/she is stinging it,sk-h[imp3],full,atsvy,atsvy,atsvy,atsvy,atsvyha,atsvy,atsvy,a,False,False,False,False,False,vowel_e,none,False,True,True,False,True,True
825,he/she is stinging it,sk-yh,full,atsvy,atsvy,atsvy,atsv,atsv,atsvy,atsvy,a,False,False,False,False,False,vowel_e,none,False,True,True,False,True,True
826,he/she is leaving a living thing behind,glottal-sk[perf2],full,akhahiya,akhahiya,akhahiya,akhahiy,akhahiya,akhahiya,akhahiya,a,False,False,False,False,False,vowel_e,none,False,True,True,False,True,True
826,he/she is leaving a living thing behind,glottal-sk[perf2-inf2],full,akhahiya,akhahiya,akhahiya,akhahiy,akhahiya,akhahiya,akhahiya,a,False,False,False,False,False,vowel_e,none,False,True,True,False,True,True
827,he/she is giving him/her a living thing,apl,full,akhan,akhan,akhan,akhan,akha,akhan,akhan,a,False,False,False,False,False,vowel_e,none,False,True,True,False,True,True
827,he/she is giving him/her a living thing,apl[imp2],full,akhan,akhan,akhan,akhan,akha,akhan,akhan,a,False,False,False,False,False,vowel_e,none,False,True,True,False,True,True
827,he/she is giving him/her a living thing,apl[imp3],full,akhan,akhan,akhan,akhan,akha,akhan,akhan,a,False,False,False,False,False,vowel_e,none,False,True,True,False,True,True
829,he/she is wrapping him/her,vsk-vnh,full,akwhen,akwhen,akwhen,akwhen,akwhen,akwhenv,akwhen,a,False,False,False,False,False,vowel_e,none,False,True,True,False,True,True
829,he/she is wrapping him/her,vsk-vnh[inf2],full,akwhen,akwhen,akwhen,akwhen,akwhen,akwhen,akwhen,a,False,False,False,False,False,vowel_e,none,False,True,True,False,True,True
830,he/she is putting it in a container,glottal-sk[perf2],full,lati,lati,lati,lat,lata,lati,lati,a,False,False,False,False,False,con,none,False,True,False,False,False,True
830,he/she is putting it in a container,glottal-sk[perf2-inf2],full,lati,lati,lati,lat,lata,lati,lati,a,False,False,False,False,False,con,none,False,True,False,False,False,True
830,he/she is putting it in a container,eat,full,lat,lat,lat,lat,lat,lat,lat,a,False,False,False,False,False,con,none,False,True,False,False,False,True
833,he/she is taking it out of a container,rev-e,full,l,l,l,l,l,l,l,a,False,False,False,False,False,con,none,False,True,False,False,False,True
837,he/she is burning,sk-s,full,leyv,leyv,leyv,leyv,leyv,leyv,leyv,a,False,False,False,False,False,con,none,False,True,False,False,False,True
837,he/she is burning,sk-s[inf2],full,leyv,leyv,leyv,leyv,leyv,leyvhi,leyv,a,False,False,False,False,False,con,none,False,True,False,False,False,True
837,he/she is burning,sk-s[inf3],full,leyv,leyv,leyv,leyv,leyv,leyvh,leyv,a,False,False,False,False,False,con,none,False,True,False,False,False,True
837,he/she is burning,sk-s[imp3],full,leyv,leyv,leyv,leyv,leyvhi,leyv,leyv,a,False,False,False,False,False,con,none,False,True,False,False,False,True
837,he/she is burning,sk-s[imp3-inf2],full,leyv,leyv,leyv,leyv,leyvhi,leyvhi,leyv,a,False,False,False,False,False,con,none,False,True,False,False,False,True
837,he/she is burning,sk-s[imp3-inf3],full,leyv,leyv,leyv,leyv,leyvhi,leyvh,leyv,a,False,False,False,False,False,con,none,False,True,False,False,False,True
838,it is falling from an upright position,sk-s,full,leyv,leyv,leyv,leyv,leyv,leyv,leyv,a,False,False,False,False,False,con,none,False,True,False,False,False,True
838,it is falling from an upright position,sk-s[inf2],full,leyv,leyv,leyv,leyv,leyv,leyvhi,leyv,a,False,False,False,False,False,con,none,False,True,False,False,False,True
838,it is falling from an upright position,sk-s[inf3],full,leyv,leyv,leyv,leyv,leyv,leyvh,leyv,a,False,False,False,False,False,con,none,False,True,False,False,False,True
838,it is falling from an upright position,sk-s[imp3],full,leyv,leyv,leyv,leyv,leyvhi,leyv,leyv,a,False,False,False,False,False,con,none,False,True,False,False,False,True
838,it is falling from an upright position,sk-s[imp3-inf2],full,leyv,leyv,leyv,leyv,leyvhi,leyvhi,leyv,a,False,False,False,False,False,con,none,False,True,False,False,False,True
838,it is falling from an upright position,sk-s[imp3-inf3],full,leyv,leyv,leyv,leyv,leyvhi,leyvh,leyv,a,False,False,False,False,False,con,none,False,True,False,False,False,True
840,it is burning,become,full,li,,li,li,,,li,a,False,False,False,False,False,con,none,False,True,False,False,False,True
840,it is burning,aspectless,full,alik,,alik,alits,,,alik,a,False,False,False,False,False,vowel_a,none,False,True,False,False,False,True
842,it is dying,become[imp2],full,liwho,liwo,liwho,liwho,liwho,liwho,liwho,a,False,False,False,False,False,con,none,False,True,False,False,False,True
845,he/she is hoeing it,hear,full,lok,lok,lok,lok,lok,lok,lok,a,False,False,False,False,False,con,none,False,True,False,False,False,True
848,he/she is stopping by,cause,full,lohihst,lo'ihst,lohihst,lohihst,lohihst,lohihst,lohihst,a,False,False,False,False,False,con,none,False,True,False,False,False,True
848,he/she is stopping by,cause[perf3],full,lohihst,lo'ihst,lohihst,lohihsth,lohihst,lohihst,lohihst,a,False,False,False,False,False,con,none,False,True,False,False,False,True
848,he/she is stopping by,cause[pres2],full,lohihstih,lo'ihstih,lohihst,lohihst,lohihst,lohihst,lohihstih,a,False,False,False,False,False,con,none,False,True,False,False,False,True
848,he/she is stopping by,cause[pres2-perf3],full,lohihstih,lo'ihstih,lohihst,lohihsth,lohihst,lohihst,lohihstih,a,False,False,False,False,False,con,none,False,True,False,False,False,True
850,he/she is overtaking him/her,apl,full,lohihs,lo'ihs,lohihs,lohihs,lo'i,lohihs,lohihs,a,False,False,False,False,False,con,none,False,True,False,False,True,True
850,he/she is overtaking him/her,apl[imp2],full,lohihs,lo'ihs,lohihs,lohihs,lo'i,lohihs,lohihs,a,False,False,False,False,False,con,none,False,True,False,False,True,True
850,he/she is overtaking him/her,apl[imp3],full,lohihs,lo'ihs,lohihs,lohihs,lo'i,lohihs,lohihs,a,False,False,False,False,False,con,none,False,True,False,False,True,True
850,he/she is overtaking him/her,apl[imp4],full,lohihs,lo'ihs,lohihs,lohihs,lo',lohihs,lohihs,a,False,False,False,False,False,con,none,False,True,False,False,True,True
852,he/she is bluffing him/her,cause,full,lonahst,lonahst,lonahst,lonahst,lonahst,lonahst,lonahst,a,False,False,False,False,False,con,none,False,True,False,False,False,True
852,he/she is bluffing him/her,cause[perf3],full,lonahst,lonahst,lonahst,lonahsth,lonahst,lonahst,lonahst,a,False,False,False,False,False,con,none,False,True,False,False,False,True
852,he/she is bluffing him/her,cause[pres2],full,lonahstih,lonahstih,lonahst,lonahst,lonahst,lonahst,lonahstih,a,False,False,False,False,False,con,none,False,True,False,False,False,True
852,he/she is bluffing him/her,cause[pres2-perf3],full,lonahstih,lonahstih,lonahst,lonahsth,lonahst,lonahst,lonahstih,a,False,False,False,False,False,con,none,False,True,False,False,False,True
853,he/she is oiling it,rub,full,lon,lon,lon,lon,lon,lon,lon,a,False,False,False,False,False,con,none,False,True,False,False,False,True
854,he/she is making him/her fall from an elevated position,cause,full,lonht,lonht,lonht,lonht,lonht,lonht,lonht,a,False,False,False,False,False,con,none,False,True,False,False,False,True
854,he/she is making him/her fall from an elevated position,cause[perf3],full,lonht,lonht,lonht,lonhth,lonht,lonht,lonht,a,False,False,False,False,False,con,none,False,True,False,False,False,True
854,he/she is making him/her fall from an elevated position,cause[pres2],full,lonhtih,lonhtih,lonht,lonht,lonht,lonht,lonhtih,a,False,False,False,False,False,con,none,False,True,False,False,False,True
854,he/she is making him/her fall from an elevated position,cause[pres2-perf3],full,lonhtih,lonhtih,lonht,lonhth,lonht,lonht,lonhtih,a,False,False,False,False,False,con,none,False,True,False,False,False,True
855,he/she is cheating,apl-active[perf2],full,lonuh,lonu',lonuh,lonuh,lonuh,lonuh,lonuh,a,False,False,False,False,False,con,none,False,True,False,False,False,True
855,he/she is cheating,apl-active[perf2-inf2],full,lonuh,lonu',lonuh,lonuh,lonuh,lonuhe,lonuh,a,False,False,False,False,False,con,none,False,True,False,False,False,True
855,he/she is cheating,apl-active[perf2-imp2],full,lonuh,lonu',lonuh,lonuh,lonuhvl,lonuh,lonuh,a,False,False,False,False,False,con,none,False,True,False,False,False,True
855,he/she is cheating,apl-active[perf2-imp2-inf2],full,lonuh,lonu',lonuh,lonuh,lonuhvl,lonuhe,lonuh,a,False,False,False,False,False,con,none,False,True,False,False,False,True
856,he/she is passing by without stopping,sk-s,full,lo,lo,lo,lo,lo,lo,lo,a,False,False,False,False,False,con,none,False,True,False,False,False,True
856,he/she is passing by without stopping,sk-s[inf2],full,lo,lo,lo,lo,lo,lohi,lo,a,False,False,False,False,False,con,none,False,True,False,False,False,True
856,he/she is passing by without stopping,sk-s[inf3],full,lo,lo,lo,lo,lo,loh,lo,a,False,False,False,False,False,con,none,False,True,False,False,False,True
856,he/she is passing by without stopping,sk-s[imp3],full,lo,lo,lo,lo,lohi,lo,lo,a,False,False,False,False,False,con,none,False,True,False,False,False,True
856,he/she is passing by without stopping,sk-s[imp3-inf2],full,lo,lo,lo,lo,lohi,lohi,lo,a,False,False,False,False,False,con,none,False,True,False,False,False,True
856,he/she is passing by without stopping,sk-s[imp3-inf3],full,lo,lo,lo,lo,lohi,loh,lo,a,False,False,False,False,False,con,none,False,True,False,False,False,True
857,he/she is falling from an elevated position,sk-s,full,lo,lo,lo,lo,lo,lo,lo,a,False,False,False,False,False,con,none,False,True,False,False,False,True
857,he/she is falling from an elevated position,sk-s[inf2],full,lo,lo,lo,lo,lo,lohi,lo,a,False,False,False,False,False,con,none,False,True,False,False,False,True
857,he/she is falling from an elevated position,sk-s[inf3],full,lo,lo,lo,lo,lo,loh,lo,a,False,False,False,False,False,con,none,False,True,False,False,False,True
857,he/she is falling from an elevated position,sk-s[imp3],full,lo,lo,lo,lo,lohi,lo,lo,a,False,False,False,False,False,con,none,False,True,False,False,False,True
857,he/she is falling from an elevated position,sk-s[imp3-inf2],full,lo,lo,lo,lo,lohi,lohi,lo,a,False,False,False,False,False,con,none,False,True,False,False,False,True
857,he/she is falling from an elevated position,sk-s[imp3-inf3],full,lo,lo,lo,lo,lohi,loh,lo,a,False,False,False,False,False,con,none,False,True,False,False,False,True
859,it’s lacking,become[imp2],full,lulo,lulo,lulo,lulo,lulo,lulo,lulo,a,False,False,False,False,False,con,none,False,True,False,False,False,True
862,he/she is chopping it,sk-h,full,luy,luy,luy,luy,luy,luy,luy,a,False,False,False,False,False,con,none,False,True,False,False,False,True
862,he/she is chopping it,sk-h[imp3],full,luy,luy,luy,luy,luyha,luy,luy,a,False,False,False,False,False,con,none,False,True,False,False,False,True
862,he/she is chopping it,sk-yh,full,luy,luy,luy,lu,lu,luy,luy,a,False,False,False,False,False,con,none,False,True,False,False,False,True
864,he/she is beating him/her up,ih-l,full,lvnh,lvnh,lvnh,lvnh,lvnh,lvnhs,lvnh,a,False,False,False,False,False,con,none,False,True,False,False,False,True
864,he/she is beating him/her up,ih-l[inf2],full,lvnh,lvnh,lvnh,lvnh,lvnh,lvn,lvnh,a,False,False,False,False,False,con,none,False,True,False,False,False,True
864,he/she is beating him/her up,ih-l[inf3],full,lvnh,lvnh,lvnh,lvnh,lvnh,lvn,lvnh,a,False,False,False,False,False,con,none,False,True,False,False,False,True
864,he/she is beating him/her up,ih-l[imp2],full,lvnh,lvnh,lvnh,lvnh,lvnh,lvnhs,lvnh,a,False,False,False,False,False,con,none,False,True,False,False,False,True
864,he/she is beating him/her up,ih-l[imp2-inf2],full,lvnh,lvnh,lvnh,lvnh,lvnh,lvn,lvnh,a,False,False,False,False,False,con,none,False,True,False,False,False,True
864,he/she is beating him/her up,ih-l[imp2-inf3],full,lvnh,lvnh,lvnh,lvnh,lvnh,lvn,lvnh,a,False,False,False,False,False,con,none,False,True,False,False,False,True
864,he/she is beating him/her up,ih-l[imp4],full,lvnh,lvnh,lvnh,lvnh,lvnhk,lvnhs,lvnh,a,False,False,False,False,False,con,none,False,True,False,False,False,True
864,he/she is beating him/her up,ih-l[imp4-inf2],full,lvnh,lvnh,lvnh,lvnh,lvnhk,lvn,lvnh,a,False,False,False,False,False,con,none,False,True,False,False,False,True
864,he/she is beating him/her up,ih-l[imp4-inf3],full,lvnh,lvnh,lvnh,lvnh,lvnhk,lvn,lvnh,a,False,False,False,False,False,con,none,False,True,False,False,False,True
864,he/she is beating him/her up,ih-l[perf2],full,lvnh,lvnh,lvnh,lvnhi,lvnh,lvnhs,lvnh,a,False,False,False,False,False,con,none,False,True,False,False,False,True
864,he/she is beating him/her up,ih-l[perf2-inf2],full,lvnh,lvnh,lvnh,lvnhi,lvnh,lvn,lvnh,a,False,False,False,False,False,con,none,False,True,False,False,False,True
864,he/she is beating him/her up,ih-l[perf2-inf3],full,lvnh,lvnh,lvnh,lvnhi,lvnh,lvn,lvnh,a,False,False,False,False,False,con,none,False,True,False,False,False,True
864,he/she is beating him/her up,ih-l[perf2-imp2],full,lvnh,lvnh,lvnh,lvnhi,lvnh,lvnhs,lvnh,a,False,False,False,False,False,con,none,False,True,False,False,False,True
864,he/she is beating him/her up,ih-l[perf2-imp2-inf2],full,lvnh,lvnh,lvnh,lvnhi,lvnh,lvn,lvnh,a,False,False,False,False,False,con,none,False,True,False,False,False,True
864,he/she is beating him/her up,ih-l[perf2-imp2-inf3],full,lvnh,lvnh,lvnh,lvnhi,lvnh,lvn,lvnh,a,False,False,False,False,False,con,none,False,True,False,False,False,True
864,he/she is beating him/her up,ih-l[perf2-imp4],full,lvnh,lvnh,lvnh,lvnhi,lvnhk,lvnhs,lvnh,a,False,False,False,False,False,con,none,False,True,False,False,False,True
864,he/she is beating him/her up,ih-l[perf2-imp4-inf2],full,lvnh,lvnh,lvnh,lvnhi,lvnhk,lvn,lvnh,a,False,False,False,False,False,con,none,False,True,False,False,False,True
864,he/she is beating him/her up,ih-l[perf2-imp4-inf3],full,lvnh,lvnh,lvnh,lvnhi,lvnhk,lvn,lvnh,a,False,False,False,False,False,con,none,False,True,False,False,False,True
870,he/she is putting it in a hole or a container,v'vsk,full,l,l,l,lv,lv',lv,l,a,False,False,False,False,False,con,none,False,True,False,False,False,True
870,he/she is putting it in a hole or a container,v'vsk[inf2],full,l,l,l,lv,lv',l,l,a,False,False,False,False,False,con,none,False,True,False,False,False,True
870,he/she is putting it in a hole or a container,v'vsk[imp2],full,l,l,l,lv,lv,lv,l,a,False,False,False,False,False,con,none,False,True,False,False,False,True
870,he/she is putting it in a hole or a container,v'vsk[imp2-inf2],full,l,l,l,lv,lv,l,l,a,False,False,False,False,False,con,none,False,True,False,False,False,True
870,he/she is putting it in a hole or a container,v'vsk[imp3],full,l,l,l,lv,l,lv,l,a,False,False,False,False,False,con,none,False,True,False,False,False,True
870,he/she is putting it in a hole or a container,v'vsk[imp3-inf2],full,l,l,l,lv,l,l,l,a,False,False,False,False,False,con,none,False,True,False,False,False,True
870,he/she is putting it in a hole or a container,v'vsk[perf2],full,l,l,l,l,lv',lv,l,a,False,False,False,False,False,con,none,False,True,False,False,False,True
870,he/she is putting it in a hole or a container,v'vsk[perf2-inf2],full,l,l,l,l,lv',l,l,a,False,False,False,False,False,con,none,False,True,False,False,False,True
870,he/she is putting it in a hole or a container,v'vsk[perf2-imp2],full,l,l,l,l,lv,lv,l,a,False,False,False,False,False,con,none,False,True,False,False,False,True
870,he/she is putting it in a hole or a container,v'vsk[perf2-imp2-inf2],full,l,l,l,l,lv,l,l,a,False,False,False,False,False,con,none,False,True,False,False,False,True
870,he/she is putting it in a hole or a container,v'vsk[perf2-imp3],full,l,l,l,l,l,lv,l,a,False,False,False,False,False,con,none,False,True,False,False,False,True
870,he/she is putting it in a hole or a container,v'vsk[perf2-imp3-inf2],full,l,l,l,l,l,l,l,a,False,False,False,False,False,con,none,False,True,False,False,False,True
871,he/she is selling it,go[inf2],full,nat,nat,nat,natin,nat,nat,nat,a,False,False,False,False,False,con,none,False,True,False,False,False,True
871,he/she is selling it,go[perf2-inf2],full,nat,nat,nat,nat,nat,nat,nat,a,False,False,False,False,False,con,none,False,True,False,False,False,True
871,he/she is selling it,go[pres2-inf2],full,natek,natek,nat,natin,nat,nat,natek,a,False,False,False,False,False,con,none,False,True,False,False,False,True
871,he/she is selling it,go[pres2-perf2-inf2],full,natek,natek,nat,nat,nat,nat,natek,a,False,False,False,False,False,con,none,False,True,False,False,False,True
873,he/she is hiring him/her,v'vsk,full,nalh,nalh,nalh,nalhv,nalhv',nalhv,nalh,a,False,False,False,False,False,con,none,False,True,False,False,False,True
873,he/she is hiring him/her,v'vsk[inf2],full,nalh,nalh,nalh,nalhv,nalhv',nalh,nalh,a,False,False,False,False,False,con,none,False,True,False,False,False,True
873,he/she is hiring him/her,v'vsk[imp2],full,nalh,nalh,nalh,nalhv,nalhv,nalhv,nalh,a,False,False,False,False,False,con,none,False,True,False,False,False,True
873,he/she is hiring him/her,v'vsk[imp2-inf2],full,nalh,nalh,nalh,nalhv,nalhv,nalh,nalh,a,False,False,False,False,False,con,none,False,True,False,False,False,True
873,he/she is hiring him/her,v'vsk[imp3],full,nalh,nalh,nalh,nalhv,nalh,nalhv,nalh,a,False,False,False,False,False,con,none,False,True,False,False,False,True
873,he/she is hiring him/her,v'vsk[imp3-inf2],full,nalh,nalh,nalh,nalhv,nalh,nalh,nalh,a,False,False,False,False,False,con,none,False,True,False,False,False,True
873,he/she is hiring him/her,v'vsk[perf2],full,nalh,nalh,nalh,nalh,nalhv',nalhv,nalh,a,False,False,False,False,False,con,none,False,True,False,False,False,True
873,he/she is hiring him/her,v'vsk[perf2-inf2],full,nalh,nalh,nalh,nalh,nalhv',nalh,nalh,a,False,False,False,False,False,con,none,False,True,False,False,False,True
873,he/she is hiring him/her,v'vsk[perf2-imp2],full,nalh,nalh,nalh,nalh,nalhv,nalhv,nalh,a,False,False,False,False,False,con,none,False,True,False,False,False,True
873,he/she is hiring him/her,v'vsk[perf2-imp2-inf2],full,nalh,nalh,nalh,nalh,nalhv,nalh,nalh,a,False,False,False,False,False,con,none,False,True,False,False,False,True
873,he/she is hiring him/her,v'vsk[perf2-imp3],full,nalh,nalh,nalh,nalh,nalh,nalhv,nalh,a,False,False,False,False,False,con,none,False,True,False,False,False,True
873,he/she is hiring him/her,v'vsk[perf2-imp3-inf2],full,nalh,nalh,nalh,nalh,nalh,nalh,nalh,a,False,False,False,False,False,con,none,False,True,False,False,False,True
876,he/she is finding it,ih-vh,full,nawhth,nawhth,nawhth,nawhth,nawhth,nawhthv,nawhth,a,False,False,False,False,False,con,none,False,True,False,False,False,True
876,he/she is finding it,ih-vh[inf2],full,nawhth,nawhth,nawhth,nawhth,nawhth,nawhth,nawhth,a,False,False,False,False,False,con,none,False,True,False,False,False,True
877,he/she is taking it somewhere,ih-vh,full,nawit,nawit,nawit,nawit,nawit,nawit,nawit,a,False,False,False,False,False,con,none,False,True,False,False,False,True
879,he/she is getting it,rev-e,full,n,n,n,n,n,n,n,a,False,False,False,False,False,con,none,False,True,False,False,False,True
880,he/she is changing it,glottal-sk[perf2],full,netliyv,netliyv,netliyv,netliyvhs,netliyvna,netliyv,netliyv,a,False,False,False,False,False,con,none,False,True,False,False,False,True
880,he/she is changing it,glottal-sk[perf2-inf2],full,netliyv,netliyv,netliyv,netliyvhs,netliyvna,netliyv,netliyv,a,False,False,False,False,False,con,none,False,True,False,False,False,True
880,he/she is changing it,change,full,netliy,netliy,netliy,netliy,netliy,netliy,netliy,a,False,False,False,False,False,con,none,False,True,False,False,False,True
882,he/she is taking it somewhere by hand,go,full,n,n,n,n,n,n,n,a,False,False,False,False,False,con,none,False,True,True,False,False,True
882,he/she is taking it somewhere by hand,go[pres2],full,nek,nek,n,n,n,n,nek,a,False,False,False,False,False,con,none,False,True,True,False,False,True
883,he/she is peeling him/her,ih-vh,full,nekal,nekal,nekal,nekal,nekal,nekal,nekal,a,False,False,False,False,False,con,none,False,True,False,False,False,True
883,he/she is peeling him/her,ih-vh[inf3],full,nekal,nekal,nekal,nekal,nekal,neka,nekal,a,False,False,False,False,False,con,none,False,True,False,False,False,True
884,he/she is getting some liquid,glottal-sk[perf2],full,neki,neki,neki,nekihs,neki,neki,neki,a,False,False,False,False,False,con,none,False,True,False,False,False,True
884,he/she is getting some liquid,glottal-sk[perf2-inf2],full,neki,neki,neki,nekihs,neki,neki,neki,a,False,False,False,False,False,con,none,False,True,False,False,False,True
884,he/she is getting some liquid,rev-gi,full,ne,ne,ne,ne,ne,ne,ne,a,False,False,False,False,False,con,none,False,True,False,False,False,True
885,he/she is taking liquid from him/her,apl,full,neki',neki',neki',neki',neki,neki',neki',a,False,False,False,False,False,con,none,False,True,False,False,False,True
885,he/she is taking liquid from him/her,apl[imp2],full,neki',neki',neki',neki',neki,neki',neki',a,False,False,False,False,False,con,none,False,True,False,False,False,True
885,he/she is taking liquid from him/her,apl[imp3],full,neki',neki',neki',neki',neki,neki',neki',a,False,False,False,False,False,con,none,False,True,False,False,False,True
885,he/she is taking liquid from him/her,apl[imp4],full,neki',neki',neki',neki',nek,neki',neki',a,False,False,False,False,False,con,none,False,True,False,False,False,True
886,he/she is bewitching him/her,glottal-sk[perf2],full,nekuti,nekuti,nekuti,nekut,nekuta,nekuti,nekuti,a,False,False,False,False,False,con,none,False,True,False,False,False,True
886,he/she is bewitching him/her,glottal-sk[perf2-inf2],full,nekuti,nekuti,nekuti,nekut,nekuta,nekuti,nekuti,a,False,False,False,False,False,con,none,False,True,False,False,False,True
886,he/she is bewitching him/her,eat,full,nekut,nekut,nekut,nekut,nekut,nekut,nekut,a,False,False,False,False,False,con,none,False,True,False,False,False,True
887,he/she is holding it in his/her hand,aspectless,full,neh,neh,neh,,neh,,neh,a,False,False,False,False,False,con,none,False,True,False,False,False,True
887,he/she is holding it in his/her hand,aspectless-h,full,ne,ne,ne,,ne,,ne,a,False,False,False,False,False,con,none,False,True,False,False,False,True
888,he/she is leaving some liquid,glottal-sk[perf2],full,nehiya,ne'iya,nehiya,nehiy,nehiya,nehiya,nehiya,a,False,False,False,False,False,con,none,False,True,False,False,False,True
888,he/she is leaving some liquid,glottal-sk[perf2-inf2],full,nehiya,ne'iya,nehiya,nehiy,nehiya,nehiya,nehiya,a,False,False,False,False,False,con,none,False,True,False,False,False,True
890,he/she is finding some liquid,ih-vh,full,newhahth,newahth,newhahth,newhahth,newhahth,newhahthv,newhahth,a,False,False,False,False,False,con,none,False,True,False,False,False,True
890,he/she is finding some liquid,ih-vh[inf2],full,newhahth,newahth,newhahth,newhahth,newhahth,newhahth,newhahth,a,False,False,False,False,False,con,none,False,True,False,False,False,True
891,he/she is taking some liquid somewhere,ih-vh,full,newhit,newit,newhit,newhit,newhit,newhit,newhit,a,False,False,False,False,False,con,none,False,True,False,False,False,True
893,he/she lives,aspectless,full,nel,nel,nel,,nel,,nel,a,False,False,False,False,False,con,none,False,True,False,False,False,True
895,it’s freezing,glottal-sk[perf2],full,nehstalati,nehstalati,nehstalati,nehstalat,nehstalata,nehstalati,nehstalati,a,False,False,False,False,False,con,none,False,True,False,False,False,True
895,it’s freezing,glottal-sk[perf2-inf2],full,nehstalati,nehstalati,nehstalati,nehstalat,nehstalata,nehstalati,nehstalati,a,False,False,False,False,False,con,none,False,True,False,False,False,True
895,it’s freezing,eat,full,nehstalat,nehstalat,nehstalat,nehstalat,nehstalat,nehstalat,nehstalat,a,False,False,False,False,False,con,none,False,True,False,False,False,True
896,it’s hailing,sk-s[imp3-inf2],full,nehsoy,,nehsoy,nehsoy,,nehsoy,nehsoy,a,False,False,False,False,False,con,none,False,True,False,False,False,True
899,he/she is lying down,aspectless,full,nhk,nvk,nhk,,nhk,,nhk,a,False,False,False,False,False,con,none,False,True,False,False,False,True
901,he/she is agitating liquid,apl-active,full,nhkwa',nhkwa',nhkwa',nhkwa',nhkwa',nhkwa',nhkwa',a,False,False,False,False,False,con,none,False,True,False,False,False,True
901,he/she is agitating liquid,apl-active[inf2],full,nhkwa',nhkwa',nhkwa',nhkwa',nhkwa',nhkwa'e,nhkwa',a,False,False,False,False,False,con,none,False,True,False,False,False,True
901,he/she is agitating liquid,apl-active[imp2],full,nhkwa',nhkwa',nhkwa',nhkwa',nhkwa'vl,nhkwa',nhkwa',a,False,False,False,False,False,con,none,False,True,False,False,False,True
901,he/she is agitating liquid,apl-active[imp2-inf2],full,nhkwa',nhkwa',nhkwa',nhkwa',nhkwa'vl,nhkwa'e,nhkwa',a,False,False,False,False,False,con,none,False,True,False,False,False,True
902,he/she is taking a liquid somewhere by hand,go,full,nhts,nvts,nhts,nhts,nhts,nhts,nhts,a,False,False,False,False,False,con,none,False,True,False,False,False,True
902,he/she is taking a liquid somewhere by hand,go[pres2],full,nhtsek,nvtsek,nhts,nhts,nhts,nhts,nhtsek,a,False,False,False,False,False,con,none,False,True,False,False,False,True
903,he/she is holding some liquid,aspectless,full,nhtseh,nvtseh,nhtseh,,nhtseh,,nhtseh,a,False,False,False,False,False,con,none,False,True,False,False,False,True
903,he/she is holding some liquid,aspectless-h,full,nhtse,nvtse,nhtse,,nhtse,,nhtse,a,False,False,False,False,False,con,none,False,True,False,False,False,True
904,he/she is handling some liquid,go-around,full,nhtsit,nvtsit,nhtsit,nhtsit,nhtsit,nhtsit,nhtsit,a,False,False,False,False,False,con,none,False,True,False,False,False,True
908,he/she is handling it,go-around,full,nit,nit,nit,nit,nit,nit,nit,a,False,False,False,False,False,con,none,False,True,True,False,False,True
909,he/she hates him/her,ih-l[perf3],full,nikwath,nikwath,nikwath,nikwathi,nikwathi,nikwathihs,nikwath,a,False,False,False,False,False,con,none,False,True,False,False,False,True
909,he/she hates him/her,ih-l[perf3-inf2],full,nikwath,nikwath,nikwath,nikwathi,nikwathi,nikwathi,nikwath,a,False,False,False,False,False,con,none,False,True,False,False,False,True
909,he/she hates him/her,ih-l[perf3-inf3],full,nikwath,nikwath,nikwath,nikwathi,nikwathi,nikwathi,nikwath,a,False,False,False,False,False,con,none,False,True,False,False,False,True
909,he/she hates him/her,ih-l[perf3-inf4],full,nikwath,nikwath,nikwath,nikwathi,nikwathi,nikwath,nikwath,a,False,False,False,False,False,con,none,False,True,False,False,False,True
909,he/she hates him/her,ih-l[perf3-imp2],full,nikwath,nikwath,nikwath,nikwathi,nikwathi,nikwathihs,nikwath,a,False,False,False,False,False,con,none,False,True,False,False,False,True
909,he/she hates him/her,ih-l[perf3-imp2-inf2],full,nikwath,nikwath,nikwath,nikwathi,nikwathi,nikwathi,nikwath,a,False,False,False,False,False,con,none,False,True,False,False,False,True
909,he/she hates him/her,ih-l[perf3-imp2-inf3],full,nikwath,nikwath,nikwath,nikwathi,nikwathi,nikwathi,nikwath,a,False,False,False,False,False,con,none,False,True,False,False,False,True
909,he/she hates him/her,ih-l[perf3-imp2-inf4],full,nikwath,nikwath,nikwath,nikwathi,nikwathi,nikwath,nikwath,a,False,False,False,False,False,con,none,False,True,False,False,False,True
909,he/she hates him/her,ih-l[perf3-imp4],full,nikwath,nikwath,nikwath,nikwathi,nikwathik,nikwathihs,nikwath,a,False,False,False,False,False,con,none,False,True,False,False,False,True
909,he/she hates him/her,ih-l[perf3-imp4-inf2],full,nikwath,nikwath,nikwath,nikwathi,nikwathik,nikwathi,nikwath,a,False,False,False,False,False,con,none,False,True,False,False,False,True
909,he/she hates him/her,ih-l[perf3-imp4-inf3],full,nikwath,nikwath,nikwath,nikwathi,nikwathik,nikwathi,nikwath,a,False,False,False,False,False,con,none,False,True,False,False,False,True
909,he/she hates him/her,ih-l[perf3-imp4-inf4],full,nikwath,nikwath,nikwath,nikwathi,nikwathik,nikwath,nikwath,a,False,False,False,False,False,con,none,False,True,False,False,False,True
909,he/she hates him/her,ih-l[perf3-imp6],full,nikwath,nikwath,nikwath,nikwathi,nikwath,nikwathihs,nikwath,a,False,False,False,False,False,con,none,False,True,False,False,False,True
909,he/she hates him/her,ih-l[perf3-imp6-inf2],full,nikwath,nikwath,nikwath,nikwathi,nikwath,nikwathi,nikwath,a,False,False,False,False,False,con,none,False,True,False,False,False,True
909,he/she hates him/her,ih-l[perf3-imp6-inf3],full,nikwath,nikwath,nikwath,nikwathi,nikwath,nikwathi,nikwath,a,False,False,False,False,False,con,none,False,True,False,False,False,True
909,he/she hates him/her,ih-l[perf3-imp6-inf4],full,nikwath,nikwath,nikwath,nikwathi,nikwath,nikwath,nikwath,a,False,False,False,False,False,con,none,False,True,False,False,False,True
909,he/she hates him/her,ih-l[perf4],full,nikwath,nikwath,nikwath,nikwath,nikwathi,nikwathihs,nikwath,a,False,False,False,False,False,con,none,False,True,False,False,False,True
909,he/she hates him/her,ih-l[perf4-inf2],full,nikwath,nikwath,nikwath,nikwath,nikwathi,nikwathi,nikwath,a,False,False,False,False,False,con,none,False,True,False,False,False,True
909,he/she hates him/her,ih-l[perf4-inf3],full,nikwath,nikwath,nikwath,nikwath,nikwathi,nikwathi,nikwath,a,False,False,False,False,False,con,none,False,True,False,False,False,True
909,he/she hates him/her,ih-l[perf4-inf4],full,nikwath,nikwath,nikwath,nikwath,nikwathi,nikwath,nikwath,a,False,False,False,False,False,con,none,False,True,False,False,False,True
909,he/she hates him/her,ih-l[perf4-imp2],full,nikwath,nikwath,nikwath,nikwath,nikwathi,nikwathihs,nikwath,a,False,False,False,False,False,con,none,False,True,False,False,False,True
909,he/she hates him/her,ih-l[perf4-imp2-inf2],full,nikwath,nikwath,nikwath,nikwath,nikwathi,nikwathi,nikwath,a,False,False,False,False,False,con,none,False,True,False,False,False,True
909,he/she hates him/her,ih-l[perf4-imp2-inf3],full,nikwath,nikwath,nikwath,nikwath,nikwathi,nikwathi,nikwath,a,False,False,False,False,False,con,none,False,True,False,False,False,True
909,he/she hates him/her,ih-l[perf4-imp2-inf4],full,nikwath,nikwath,nikwath,nikwath,nikwathi,nikwath,nikwath,a,False,False,False,False,False,con,none,False,True,False,False,False,True
909,he/she hates him/her,ih-l[perf4-imp4],full,nikwath,nikwath,nikwath,nikwath,nikwathik,nikwathihs,nikwath,a,False,False,False,False,False,con,none,False,True,False,False,False,True
909,he/she hates him/her,ih-l[perf4-imp4-inf2],full,nikwath,nikwath,nikwath,nikwath,nikwathik,nikwathi,nikwath,a,False,False,False,False,False,con,none,False,True,False,False,False,True
909,he/she hates him/her,ih-l[perf4-imp4-inf3],full,nikwath,nikwath,nikwath,nikwath,nikwathik,nikwathi,nikwath,a,False,False,False,False,False,con,none,False,True,False,False,False,True
909,he/she hates him/her,ih-l[perf4-imp4-inf4],full,nikwath,nikwath,nikwath,nikwath,nikwathik,nikwath,nikwath,a,False,False,False,False,False,con,none,False,True,False,False,False,True
909,he/she hates him/her,ih-l[perf4-imp6],full,nikwath,nikwath,nikwath,nikwath,nikwath,nikwathihs,nikwath,a,False,False,False,False,False,con,none,False,True,False,False,False,True
909,he/she hates him/her,ih-l[perf4-imp6-inf2],full,nikwath,nikwath,nikwath,nikwath,nikwath,nikwathi,nikwath,a,False,False,False,False,False,con,none,False,True,False,False,False,True
909,he/she hates him/her,ih-l[perf4-imp6-inf3],full,nikwath,nikwath,nikwath,nikwath,nikwath,nikwathi,nikwath,a,False,False,False,False,False,con,none,False,True,False,False,False,True
909,he/she hates him/her,ih-l[perf4-imp6-inf4],full,nikwath,nikwath,nikwath,nikwath,nikwath,nikwath,nikwath,a,False,False,False,False,False,con,none,False,True,False,False,False,True
910,he/she is setting up a bed,glottal-sk[perf2],full,nilhati,nilhati,nilhati,nilhat,nilhata,nilhati,nilhati,a,False,False,False,False,False,con,none,False,True,False,False,False,True
910,he/she is setting up a bed,glottal-sk[perf2-inf2],full,nilhati,nilhati,nilhati,nilhat,nilhata,nilhati,nilhati,a,False,False,False,False,False,con,none,False,True,False,False,False,True
910,he/she is setting up a bed,eat,full,nilhat,nilhat,nilhat,nilhat,nilhat,nilhat,nilhat,a,False,False,False,False,False,con,none,False,True,False,False,False,True
913,he/she is pleading,glottal-sk[perf2],full,nilati,nilati,nilati,nilat,nilata,nilati,nilati,a,False,False,False,False,False,con,none,False,True,False,False,False,True
913,he/she is pleading,glottal-sk[perf2-inf2],full,nilati,nilati,nilati,nilat,nilata,nilati,nilati,a,False,False,False,False,False,con,none,False,True,False,False,False,True
913,he/she is pleading,eat,full,nilat,nilat,nilat,nilat,nilat,nilat,nilat,a,False,False,False,False,False,con,none,False,True,False,False,False,True
918,he/she is hunting,go-around,full,nohalit,no'alit,nohalit,nohalit,nohalit,nohalit,nohalit,a,False,False,False,False,False,con,none,False,True,False,False,False,True
920,he/she is flying,aspectless,full,nohil,no'il,nohilihs,,nohilihs,,nohil,a,False,False,False,False,False,con,none,False,True,False,False,False,True
921,it’s flooding,hear,full,nohuk,,nohuk,nohuk,,nohuk,nohuk,a,False,False,False,False,False,con,none,False,True,False,False,False,True
924,it is blowing,v'vsk,full,nolv',,nolv',nolv,,nolv,nolv',a,False,False,False,False,False,con,none,False,True,False,False,False,True
924,it is blowing,v'vsk[inf2],full,nolv',,nolv',nolv,,nol,nolv',a,False,False,False,False,False,con,none,False,True,False,False,False,True
924,it is blowing,v'vsk[perf2],full,nolv',,nolv',nol,,nolv,nolv',a,False,False,False,False,False,con,none,False,True,False,False,False,True
924,it is blowing,v'vsk[perf2-inf2],full,nolv',,nolv',nol,,nol,nolv',a,False,False,False,False,False,con,none,False,True,False,False,False,True
924,it is blowing,v'vsk[imperf2],full,nolv',,nolv,nolv,,nolv,nolv',a,False,False,False,False,False,con,none,False,True,False,False,False,True
924,it is blowing,v'vsk[imperf2-inf2],full,nolv',,nolv,nolv,,nol,nolv',a,False,False,False,False,False,con,none,False,True,False,False,False,True
924,it is blowing,v'vsk[imperf2-perf2],full,nolv',,nolv,nol,,nolv,nolv',a,False,False,False,False,False,con,none,False,True,False,False,False,True
924,it is blowing,v'vsk[imperf2-perf2-inf2],full,nolv',,nolv,nol,,nol,nolv',a,False,False,False,False,False,con,none,False,True,False,False,False,True
924,it is blowing,v'vsk[pres2],full,nolv,,nolv',nolv,,nolv,nolv,a,False,False,False,False,False,con,none,False,True,False,False,False,True
924,it is blowing,v'vsk[pres2-inf2],full,nolv,,nolv',nolv,,nol,nolv,a,False,False,False,False,False,con,none,False,True,False,False,False,True
924,it is blowing,v'vsk[pres2-perf2],full,nolv,,nolv',nol,,nolv,nolv,a,False,False,False,False,False,con,none,False,True,False,False,False,True
924,it is blowing,v'vsk[pres2-perf2-inf2],full,nolv,,nolv',nol,,nol,nolv,a,False,False,False,False,False,con,none,False,True,False,False,False,True
924,it is blowing,v'vsk[pres2-imperf2],full,nolv,,nolv,nolv,,nolv,nolv,a,False,False,False,False,False,con,none,False,True,False,False,False,True
924,it is blowing,v'vsk[pres2-imperf2-inf2],full,nolv,,nolv,nolv,,nol,nolv,a,False,False,False,False,False,con,none,False,True,False,False,False,True
924,it is blowing,v'vsk[pres2-imperf2-perf2],full,nolv,,nolv,nol,,nolv,nolv,a,False,False,False,False,False,con,none,False,True,False,False,False,True
924,it is blowing,v'vsk[pres2-imperf2-perf2-inf2],full,nolv,,nolv,nol,,nol,nolv,a,False,False,False,False,False,con,none,False,True,False,False,False,True
925,he/she is stealing it,glottal-sk[perf2],full,nohski,nohski,nohski,nohskihs,nohski,nohski,nohski,a,False,False,False,False,False,con,none,False,True,False,False,False,True
925,he/she is stealing it,glottal-sk[perf2-inf2],full,nohski,nohski,nohski,nohskihs,nohski,nohski,nohski,a,False,False,False,False,False,con,none,False,True,False,False,False,True
925,he/she is stealing it,rev-gi,full,nohs,nohs,nohs,nohs,nohs,nohs,nohs,a,False,False,False,False,False,con,none,False,True,False,False,False,True
928,he/she is sinking,become[imp2],full,noyv,noyv,noyv,noyv,noyv,noyv'i,noyv,a,False,False,False,False,False,con,none,False,True,False,False,False,True
928,he/she is sinking,become[imp2-inf4],full,noyv,noyv,noyv,noyv,noyv,noyv,noyv,a,False,False,False,False,False,con,none,False,True,False,False,False,True
928,he/she is sinking,become[imp2-inf5],full,noyv,noyv,noyv,noyv,noyv,noyv',noyv,a,False,False,False,False,False,con,none,False,True,False,False,False,True
929,he/she is pulling him/her,glottal-sk[perf2],full,nhsane,nahsane,nhsane,nhsanehs,nahsanaki,nhsane,nhsane,a,False,False,False,False,False,con,none,False,True,False,False,True,True
929,he/she is pulling him/her,glottal-sk[perf2-inf2],full,nhsane,nahsane,nhsane,nhsanehs,nahsanaki,nhsane,nhsane,a,False,False,False,False,False,con,none,False,True,False,False,True,True
929,he/she is pulling him/her,rev-e,full,nhsan,nahsan,nhsan,nhsan,nahsan,nhsan,nhsan,a,False,False,False,False,False,con,none,False,True,False,False,True,True
931,he/she is dragging him/her,go,full,nhsin,nahsin,nhsin,nhsin,nahsin,nhsin,nhsin,a,False,False,False,False,False,con,none,False,True,False,False,True,True
931,he/she is dragging him/her,go[perf2],full,nhsin,nahsin,nhsin,nhs,nahsin,nhsin,nhsin,a,False,False,False,False,False,con,none,False,True,False,False,True,True
931,he/she is dragging him/her,go[pres2],full,nhsinek,nahsinek,nhsin,nhsin,nahsin,nhsin,nhsinek,a,False,False,False,False,False,con,none,False,True,False,False,True,True
931,he/she is dragging him/her,go[pres2-perf2],full,nhsinek,nahsinek,nhsin,nhs,nahsin,nhsin,nhsinek,a,False,False,False,False,False,con,none,False,True,False,False,True,True
932,he/she is exiting,become,full,nuko,nuko,nuko,nuko,nuko,nuko,nuko,a,False,False,False,False,False,con,none,False,True,False,False,False,True
937,he/she is twisting him/her,go-around,full,nuthey,nuthey,nuthey,nuthey,nutheyak,nuthey,nuthey,a,False,False,False,False,False,con,none,False,True,False,False,False,True
937,he/she is twisting him/her,around[inf2],full,nuthey,nuthey,nuthey,nuthey,nuthey,nutheya,nuthey,a,False,False,False,False,False,con,none,False,True,False,False,False,True
937,he/she is twisting him/her,around[inf3],full,nuthey,nuthey,nuthey,nuthey,nuthey,nutheya,nuthey,a,False,False,False,False,False,con,none,False,True,False,False,False,True
937,he/she is twisting him/her,around[inf4],full,nuthey,nuthey,nuthey,nuthey,nuthey,nuthey,nuthey,a,False,False,False,False,False,con,none,False,True,False,False,False,True
937,he/she is twisting him/her,around[imp2-inf2],full,nuthey,nuthey,nuthey,nuthey,nutheya,nutheya,nuthey,a,False,False,False,False,False,con,none,False,True,False,False,False,True
937,he/she is twisting him/her,around[imp2-inf3],full,nuthey,nuthey,nuthey,nuthey,nutheya,nutheya,nuthey,a,False,False,False,False,False,con,none,False,True,False,False,False,True
937,he/she is twisting him/her,around[imp2-inf4],full,nuthey,nuthey,nuthey,nuthey,nutheya,nuthey,nuthey,a,False,False,False,False,False,con,none,False,True,False,False,False,True
937,he/she is twisting him/her,around[imp3-inf2],full,nuthey,nuthey,nuthey,nuthey,nuthey,nutheya,nuthey,a,False,False,False,False,False,con,none,False,True,False,False,False,True
937,he/she is twisting him/her,around[imp3-inf3],full,nuthey,nuthey,nuthey,nuthey,nuthey,nutheya,nuthey,a,False,False,False,False,False,con,none,False,True,False,False,False,True
937,he/she is twisting him/her,around[imp3-inf4],full,nuthey,nuthey,nuthey,nuthey,nuthey,nuthey,nuthey,a,False,False,False,False,False,con,none,False,True,False,False,False,True
938,he/she is missing him/her,glottal-sk[perf2],full,nvti,nvti,nvti,nvt,nvta,nvti,nvti,a,False,False,False,False,False,con,none,False,True,False,False,False,True
938,he/she is missing him/her,glottal-sk[perf2-inf2],full,nvti,nvti,nvti,nvt,nvta,nvti,nvti,a,False,False,False,False,False,con,none,False,True,False,False,False,True
938,he/she is missing him/her,eat,full,nvt,nvt,nvt,nvt,nvt,nvt,nvt,a,False,False,False,False,False,con,none,False,True,False,False,False,True
940,he/she is falling from an upright position,become[imp2],full,nv,nv,nv,nv,nv,nv'i,nv,a,False,False,False,False,False,con,none,False,True,False,False,False,True
940,he/she is falling from an upright position,become[imp2-inf4],full,nv,nv,nv,nv,nv,nv,nv,a,False,False,False,False,False,con,none,False,True,False,False,False,True
940,he/she is falling from an upright position,become[imp2-inf5],full,nv,nv,nv,nv,nv,nv',nv,a,False,False,False,False,False,con,none,False,True,False,False,False,True
941,he/she is cleaning him/her,ih-vh,full,nvkal,nvkal,nvkal,nvkal,nvkal,nvkal,nvkal,a,False,False,False,False,False,con,none,False,True,False,False,False,True
941,he/she is cleaning him/her,ih-vh[inf3],full,nvkal,nvkal,nvkal,nvkal,nvkal,nvka,nvkal,a,False,False,False,False,False,con,none,False,True,False,False,False,True
942,he/she is hammering it,glottal-sk,full,nvkwalo,nvkwalo,nvkwalo,nvkwalo,nvkwalotsa,nvkwalo,nvkwalo,a,False,False,False,False,False,con,none,False,True,False,False,False,True
942,he/she is hammering it,glottal-sk[inf2],full,nvkwalo,nvkwalo,nvkwalo,nvkwalo,nvkwalotsa,nvkwalo,nvkwalo,a,False,False,False,False,False,con,none,False,True,False,False,False,True
942,he/she is hammering it,glottal-sk[perf2],full,nvkwalo,nvkwalo,nvkwalo,nvkwalo',nvkwalotsa,nvkwalo,nvkwalo,a,False,False,False,False,False,con,none,False,True,False,False,False,True
942,he/she is hammering it,glottal-sk[perf2-inf2],full,nvkwalo,nvkwalo,nvkwalo,nvkwalo',nvkwalotsa,nvkwalo,nvkwalo,a,False,False,False,False,False,con,none,False,True,False,False,False,True
942,he/she is hammering it,o,full,nvkwal,nvkwal,nvkwal,nvkwal,nvkwal,nvkwal,nvkwal,a,False,False,False,False,False,con,none,False,True,False,False,False,True
946,he/she is tying up a leg,ih-l[perf3],full,nvlhoh,nvlhoh,nvlhoh,nvlho,nvlho,nvlhohs,nvlhoh,a,False,False,False,False,False,con,none,False,True,False,False,False,True
946,he/she is tying up a leg,ih-l[perf3-inf2],full,nvlhoh,nvlhoh,nvlhoh,nvlho,nvlho,nvlho,nvlhoh,a,False,False,False,False,False,con,none,False,True,False,False,False,True
946,he/she is tying up a leg,ih-l[perf3-inf3],full,nvlhoh,nvlhoh,nvlhoh,nvlho,nvlho,nvlho,nvlhoh,a,False,False,False,False,False,con,none,False,True,False,False,False,True
946,he/she is tying up a leg,ih-l[perf3-imp2],full,nvlhoh,nvlhoh,nvlhoh,nvlho,nvlho,nvlhohs,nvlhoh,a,False,False,False,False,False,con,none,False,True,False,False,False,True
946,he/she is tying up a leg,ih-l[perf3-imp2-inf2],full,nvlhoh,nvlhoh,nvlhoh,nvlho,nvlho,nvlho,nvlhoh,a,False,False,False,False,False,con,none,False,True,False,False,False,True
946,he/she is tying up a leg,ih-l[perf3-imp2-inf3],full,nvlhoh,nvlhoh,nvlhoh,nvlho,nvlho,nvlho,nvlhoh,a,False,False,False,False,False,con,none,False,True,False,False,False,True
946,he/she is tying up a leg,ih-l[perf3-imp4],full,nvlhoh,nvlhoh,nvlhoh,nvlho,nvlhok,nvlhohs,nvlhoh,a,False,False,False,False,False,con,none,False,True,False,False,False,True
946,he/she is tying up a leg,ih-l[perf3-imp4-inf2],full,nvlhoh,nvlhoh,nvlhoh,nvlho,nvlhok,nvlho,nvlhoh,a,False,False,False,False,False,con,none,False,True,False,False,False,True
946,he/she is tying up a leg,ih-l[perf3-imp4-inf3],full,nvlhoh,nvlhoh,nvlhoh,nvlho,nvlhok,nvlho,nvlhoh,a,False,False,False,False,False,con,none,False,True,False,False,False,True
949,he/she is tossing about,go-around,full,nvtsit,nvtsit,nvtsit,nvtsit,nvtsit,nvtsit,nvtsit,a,False,False,False,False,False,con,none,False,True,False,False,False,True
950,he/she is giving him/her an object,apl,full,nvn,nvn,nvn,nvn,nv,nvn,nvn,a,False,False,False,False,False,con,none,False,True,False,False,False,True
950,he/she is giving him/her an object,apl[imp2],full,nvn,nvn,nvn,nvn,nv,nvn,nvn,a,False,False,False,False,False,con,none,False,True,False,False,False,True
950,he/she is giving him/her an object,apl[imp3],full,nvn,nvn,nvn,nvn,nv,nvn,nvn,a,False,False,False,False,False,con,none,False,True,False,False,False,True
955,he/she is pushing him/her,sk-h,full,ahsato,ahsato,ahsato,ahsatoy,ahsatoy,ahsato,ahsato,a,False,False,False,False,False,vowel_e,none,False,True,True,False,True,True
955,he/she is pushing him/her,sk-h[imp3],full,ahsato,ahsato,ahsato,ahsatoy,ahsatoyha,ahsato,ahsato,a,False,False,False,False,False,vowel_e,none,False,True,True,False,True,True
955,he/she is pushing him/her,sk-yh,full,ahsato,ahsato,ahsato,ahsato,ahsato,ahsato,ahsato,a,False,False,False,False,False,vowel_e,none,False,True,True,False,True,True
956,he/she is rolling him/her,ih-l[perf3],full,ahsakwaleh,ahsakwaleh,ahsakwaleh,ahsakwale,ahsakwale,ahsakwalehs,ahsakwaleh,a,False,False,False,False,False,vowel_e,none,False,True,True,False,True,True
956,he/she is rolling him/her,ih-l[perf3-inf2],full,ahsakwaleh,ahsakwaleh,ahsakwaleh,ahsakwale,ahsakwale,ahsakwale,ahsakwaleh,a,False,False,False,False,False,vowel_e,none,False,True,True,False,True,True
956,he/she is rolling him/her,ih-l[perf3-inf3],full,ahsakwaleh,ahsakwaleh,ahsakwaleh,ahsakwale,ahsakwale,ahsakwale,ahsakwaleh,a,False,False,False,False,False,vowel_e,none,False,True,True,False,True,True
956,he/she is rolling him/her,ih-l[perf3-imp2],full,ahsakwaleh,ahsakwaleh,ahsakwaleh,ahsakwale,ahsakwale,ahsakwalehs,ahsakwaleh,a,False,False,False,False,False,vowel_e,none,False,True,True,False,True,True
956,he/she is rolling him/her,ih-l[perf3-imp2-inf2],full,ahsakwaleh,ahsakwaleh,ahsakwaleh,ahsakwale,ahsakwale,ahsakwale,ahsakwaleh,a,False,False,False,False,False,vowel_e,none,False,True,True,False,True,True
956,he/she is rolling him/her,ih-l[perf3-imp2-inf3],full,ahsakwaleh,ahsakwaleh,ahsakwaleh,ahsakwale,ahsakwale,ahsakwale,ahsakwaleh,a,False,False,False,False,False,vowel_e,none,False,True,True,False,True,True
956,he/she is rolling him/her,ih-l[perf3-imp4],full,ahsakwaleh,ahsakwaleh,ahsakwaleh,ahsakwale,ahsakwalek,ahsakwalehs,ahsakwaleh,a,False,False,False,False,False,vowel_e,none,False,True,True,False,True,True
956,he/she is rolling him/her,ih-l[perf3-imp4-inf2],full,ahsakwaleh,ahsakwaleh,ahsakwaleh,ahsakwale,ahsakwalek,ahsakwale,ahsakwaleh,a,False,False,False,False,False,vowel_e,none,False,True,True,False,True,True
956,he/she is rolling him/her,ih-l[perf3-imp4-inf3],full,ahsakwaleh,ahsakwaleh,ahsakwaleh,ahsakwale,ahsakwalek,ahsakwale,ahsakwaleh,a,False,False,False,False,False,vowel_e,none,False,True,True,False,True,True
960,he/she is attaching the object behind it,v'vsk,full,hsanenat,hsanenat,hsanenat,hsanenatv,hsanenat,hsanenatv,hsanenat,a,False,False,False,False,False,con,none,False,True,True,False,False,True
960,he/she is attaching the object behind it,v'vsk[inf2],full,hsanenat,hsanenat,hsanenat,hsanenatv,hsanenat,hsanenat,hsanenat,a,False,False,False,False,False,con,none,False,True,True,False,False,True
960,he/she is attaching the object behind it,v'vsk[perf2],full,hsanenat,hsanenat,hsanenat,hsanenat,hsanenat,hsanenatv,hsanenat,a,False,False,False,False,False,con,none,False,True,True,False,False,True
960,he/she is attaching the object behind it,v'vsk[perf2-inf2],full,hsanenat,hsanenat,hsanenat,hsanenat,hsanenat,hsanenat,hsanenat,a,False,False,False,False,False,con,none,False,True,True,False,False,True
965,it’s dripping,ih-l[perf2],full,hskwo',,hskwo',hskwo,,hskwo'ihs,hskwo',a,False,False,False,False,False,con,none,False,True,True,False,False,True
965,it’s dripping,ih-l[perf2-inf2],full,hskwo',,hskwo',hskwo,,hskwo'i,hskwo',a,False,False,False,False,False,con,none,False,True,True,False,False,True
965,it’s dripping,ih-l[perf2-inf3],full,hskwo',,hskwo',hskwo,,hskwo'i,hskwo',a,False,False,False,False,False,con,none,False,True,True,False,False,True
965,it’s dripping,ih-l[perf2-inf4],full,hskwo',,hskwo',hskwo,,hskwo',hskwo',a,False,False,False,False,False,con,none,False,True,True,False,False,True
965,it’s dripping,scared,full,hskwo'i,,hskwo'i,hskwo,,hskwo'i,hskwo'i,a,False,False,False,False,False,con,none,False,True,True,False,False,True
968,he/she is whistling,become[imp2],full,hsvnh,hsvnh,hsvnh,hsvnh,hsvnh,hsvn,hsvnh,a,False,False,False,False,False,con,none,False,True,True,False,False,True
969,he/she is piling it up,hvsk[perf2],full,hsvt,hsvt,hsvt,hsvt,hsvt,hsvt,hsvt,a,False,False,False,False,False,con,none,False,True,True,False,False,True
969,he/she is piling it up,hvsk[perf2-inf2],full,hsvt,hsvt,hsvt,hsvt,hsvt,hsvt,hsvt,a,False,False,False,False,False,con,none,False,True,True,False,False,True
969,he/she is piling it up,v'vsk,full,hsvth,hsvth,hsvth,hsvtha,hsvth,hsvth,hsvth,a,False,False,False,False,False,con,none,False,True,True,False,False,True
970,it’s hanging,aspectless,full,ath,,ath,,ath,,ath,a,False,False,False,False,False,vowel_a,none,False,True,False,False,False,True
970,it’s hanging,aspectless-h,full,at,,at,,at,,at,a,False,False,False,False,False,vowel_a,none,False,True,False,False,False,True
973,he/she is stabbing him/her,ih-l[perf3],full,ath,ath,ath,athi,athi,athihs,ath,a,False,False,False,False,False,vowel_e,none,False,True,True,False,True,True
973,he/she is stabbing him/her,ih-l[perf3-inf2],full,ath,ath,ath,athi,athi,athi,ath,a,False,False,False,False,False,vowel_e,none,False,True,True,False,True,True
973,he/she is stabbing him/her,ih-l[perf3-inf3],full,ath,ath,ath,athi,athi,athi,ath,a,False,False,False,False,False,vowel_e,none,False,True,True,False,True,True
973,he/she is stabbing him/her,ih-l[perf3-inf4],full,ath,ath,ath,athi,athi,ath,ath,a,False,False,False,False,False,vowel_e,none,False,True,True,False,True,True
973,he/she is stabbing him/her,ih-l[perf3-imp2],full,ath,ath,ath,athi,athi,athihs,ath,a,False,False,False,False,False,vowel_e,none,False,True,True,False,True,True
973,he/she is stabbing him/her,ih-l[perf3-imp2-inf2],full,ath,ath,ath,athi,athi,athi,ath,a,False,False,False,False,False,vowel_e,none,False,True,True,False,True,True
973,he/she is stabbing him/her,ih-l[perf3-imp2-inf3],full,ath,ath,ath,athi,athi,athi,ath,a,False,False,False,False,False,vowel_e,none,False,True,True,False,True,True
973,he/she is stabbing him/her,ih-l[perf3-imp2-inf4],full,ath,ath,ath,athi,athi,ath,ath,a,False,False,False,False,False,vowel_e,none,False,True,True,False,True,True
973,he/she is stabbing him/her,ih-l[perf3-imp4],full,ath,ath,ath,athi,athik,athihs,ath,a,False,False,False,False,False,vowel_e,none,False,True,True,False,True,True
973,he/she is stabbing him/her,ih-l[perf3-imp4-inf2],full,ath,ath,ath,athi,athik,athi,ath,a,False,False,False,False,False,vowel_e,none,False,True,True,False,True,True
973,he/she is stabbing him/her,ih-l[perf3-imp4-inf3],full,ath,ath,ath,athi,athik,athi,ath,a,False,False,False,False,False,vowel_e,none,False,True,True,False,True,True
973,he/she is stabbing him/her,ih-l[perf3-imp4-inf4],full,ath,ath,ath,athi,athik,ath,ath,a,False,False,False,False,False,vowel_e,none,False,True,True,False,True,True
973,he/she is stabbing him/her,ih-l[perf3-imp6],full,ath,ath,ath,athi,ath,athihs,ath,a,False,False,False,False,False,vowel_e,none,False,True,True,False,True,True
973,he/she is stabbing him/her,ih-l[perf3-imp6-inf2],full,ath,ath,ath,athi,ath,athi,ath,a,False,False,False,False,False,vowel_e,none,False,True,True,False,True,True
973,he/she is stabbing him/her,ih-l[perf3-imp6-inf3],full,ath,ath,ath,athi,ath,athi,ath,a,False,False,False,False,False,vowel_e,none,False,True,True,False,True,True
973,he/she is stabbing him/her,ih-l[perf3-imp6-inf4],full,ath,ath,ath,athi,ath,ath,ath,a,False,False,False,False,False,vowel_e,none,False,True,True,False,True,True
973,he/she is stabbing him/her,ih-l[perf4],full,ath,ath,ath,ath,athi,athihs,ath,a,False,False,False,False,False,vowel_e,none,False,True,True,False,True,True
973,he/she is stabbing him/her,ih-l[perf4-inf2],full,ath,ath,ath,ath,athi,athi,ath,a,False,False,False,False,False,vowel_e,none,False,True,True,False,True,True
973,he/she is stabbing him/her,ih-l[perf4-inf3],full,ath,ath,ath,ath,athi,athi,ath,a,False,False,False,False,False,vowel_e,none,False,True,True,False,True,True
973,he/she is stabbing him/her,ih-l[perf4-inf4],full,ath,ath,ath,ath,athi,ath,ath,a,False,False,False,False,False,vowel_e,none,False,True,True,False,True,True
973,he/she is stabbing him/her,ih-l[perf4-imp2],full,ath,ath,ath,ath,athi,athihs,ath,a,False,False,False,False,False,vowel_e,none,False,True,True,False,True,True
973,he/she is stabbing him/her,ih-l[perf4-imp2-inf2],full,ath,ath,ath,ath,athi,athi,ath,a,False,False,False,False,False,vowel_e,none,False,True,True,False,True,True
973,he/she is stabbing him/her,ih-l[perf4-imp2-inf3],full,ath,ath,ath,ath,athi,athi,ath,a,False,False,False,False,False,vowel_e,none,False,True,True,False,True,True
973,he/she is stabbing him/her,ih-l[perf4-imp2-inf4],full,ath,ath,ath,ath,athi,ath,ath,a,False,False,False,False,False,vowel_e,none,False,True,True,False,True,True
973,he/she is stabbing him/her,ih-l[perf4-imp4],full,ath,ath,ath,ath,athik,athihs,ath,a,False,False,False,False,False,vowel_e,none,False,True,True,False,True,True
973,he/she is stabbing him/her,ih-l[perf4-imp4-inf2],full,ath,ath,ath,ath,athik,athi,ath,a,False,False,False,False,False,vowel_e,none,False,True,True,False,True,True
973,he/she is stabbing him/her,ih-l[perf4-imp4-inf3],full,ath,ath,ath,ath,athik,athi,ath,a,False,False,False,False,False,vowel_e,none,False,True,True,False,True,True
973,he/she is stabbing him/her,ih-l[perf4-imp4-inf4],full,ath,ath,ath,ath,athik,ath,ath,a,False,False,False,False,False,vowel_e,none,False,True,True,False,True,True
973,he/she is stabbing him/her,ih-l[perf4-imp6],full,ath,ath,ath,ath,ath,athihs,ath,a,False,False,False,False,False,vowel_e,none,False,True,True,False,True,True
973,he/she is stabbing him/her,ih-l[perf4-imp6-inf2],full,ath,ath,ath,ath,ath,athi,ath,a,False,False,False,False,False,vowel_e,none,False,True,True,False,True,True
973,he/she is stabbing him/her,ih-l[perf4-imp6-inf3],full,ath,ath,ath,ath,ath,athi,ath,a,False,False,False,False,False,vowel_e,none,False,True,True,False,True,True
973,he/she is stabbing him/her,ih-l[perf4-imp6-inf4],full,ath,ath,ath,ath,ath,ath,ath,a,False,False,False,False,False,vowel_e,none,False,True,True,False,True,True
976,he/she is hanging it up,hvsk[perf2],full,at,at,at,at,at,at,at,a,False,False,False,False,False,vowel_a,none,False,True,False,False,False,False
976,he/she is hanging it up,hvsk[perf2-inf2],full,at,at,at,at,at,at,at,a,False,False,False,False,False,vowel_a,none,False,True,False,False,False,False
976,he/she is hanging it up,v'vsk,full,ath,a't,ath,atha,ath,ath,ath,a,False,False,False,False,False,vowel_a,none,False,True,False,False,False,False
977,he/she is joking,ih-vnh,full,welh,welh,welh,welh,welhvn,welhv,welh,a,False,False,False,False,False,con,none,False,True,False,False,False,True
977,he/she is joking,ih-vnh[inf2],full,welh,welh,welh,welh,welhvn,welh,welh,a,False,False,False,False,False,con,none,False,True,False,False,False,True
977,he/she is joking,ih-vnh[imp2],full,welh,welh,welh,welh,welh,welhv,welh,a,False,False,False,False,False,con,none,False,True,False,False,False,True
977,he/she is joking,ih-vnh[imp2-inf2],full,welh,welh,welh,welh,welh,welh,welh,a,False,False,False,False,False,con,none,False,True,False,False,False,True
979,he/she is bathing him/her,glottal-sk,full,awo,awo,awo,awo,awotsa,awo,awo,a,False,False,False,False,False,vowel_a,none,False,True,False,False,True,False
979,he/she is bathing him/her,glottal-sk[inf2],full,awo,awo,awo,awo,awotsa,awo,awo,a,False,False,False,False,False,vowel_a,none,False,True,False,False,True,False
979,he/she is bathing him/her,glottal-sk[perf2],full,awo,awo,awo,awo',awotsa,awo,awo,a,False,False,False,False,False,vowel_a,none,False,True,False,False,True,False
979,he/she is bathing him/her,glottal-sk[perf2-inf2],full,awo,awo,awo,awo',awotsa,awo,awo,a,False,False,False,False,False,vowel_a,none,False,True,False,False,True,False
979,he/she is bathing him/her,o,full,aw,aw,aw,aw,aw,aw,aw,a,False,False,False,False,False,vowel_a,none,False,True,False,False,True,True
980,he/she is replying,glottal-sk[perf2],full,awohiliyv,awo'iliyv,awohiliyv,awohiliyvhs,awohiliyvna,awohiliyv,awohiliyv,a,False,False,False,False,False,vowel_a,none,False,True,False,False,False,False
980,he/she is replying,glottal-sk[perf2-inf2],full,awohiliyv,awo'iliyv,awohiliyv,awohiliyvhs,awohiliyvna,awohiliyv,awohiliyv,a,False,False,False,False,False,vowel_a,none,False,True,False,False,False,False
980,he/she is replying,change,full,awohiliy,awo'iliy,awohiliy,awohiliy,awohiliy,awohiliy,awohiliy,a,False,False,False,False,False,vowel_a,none,False,True,False,False,False,False
981,he/she is lecturing him/her,cause,full,wonht,wonht,wonht,wonht,wonht,wonht,wonht,a,False,False,False,False,False,con,none,False,True,False,False,False,True
981,he/she is lecturing him/her,cause[perf3],full,wonht,wonht,wonht,wonhth,wonht,wonht,wonht,a,False,False,False,False,False,con,none,False,True,False,False,False,True
981,he/she is lecturing him/her,cause[pres2],full,wonhtih,wonhtih,wonht,wonht,wonht,wonht,wonhtih,a,False,False,False,False,False,con,none,False,True,False,False,False,True
981,he/she is lecturing him/her,cause[pres2-perf3],full,wonhtih,wonhtih,wonht,wonhth,wonht,wonht,wonhtih,a,False,False,False,False,False,con,none,False,True,False,False,False,True
986,he/she is sewing it,sk-s[imp2-inf2],full,yew,yewi,yew,yew,yew,yew,yew,a,False,False,False,False,False,con,none,False,True,True,False,False,True
986,he/she is sewing it,sk-s[imp4-inf2],full,yew,yewi,yew,yew,yew,yew,yew,a,False,False,False,False,False,con,none,False,True,True,False,False,True
986,he/she is sewing it,sk-s[imp3-inf2],full,yew,yewi,yew,yew,yewa,yew,yew,a,False,False,False,False,False,con,none,False,True,True,False,False,True
992,he/she is feeding him/her,around[perf2-imp2-inf2],full,elh,el,elh,elh,elo,el,elh,a,False,False,False,False,False,vowel_e,none,False,True,False,False,True,True
992,he/she is feeding him/her,around[perf2-imp2-inf3],full,elh,el,elh,elh,elo,el,elh,a,False,False,False,False,False,vowel_e,none,False,True,False,False,True,True
993,he/she is howling,sk-h[imp3],full,elhuhv,eluhv,elhuhv,elhun,elhuhvka,elhuhv,elhuhv,a,False,False,False,False,False,vowel_e,none,False,True,False,False,False,True
993,he/she is howling,hvsk[inf3],full,elhu,elu,elhu,elhu,elhu,elhu,elhu,a,False,False,False,False,False,vowel_e,none,False,True,False,False,False,True
1001,he/she is setting a post into the ground,v'vsk,full,eth,e't,eth,ethi,eth,eth,eth,a,False,False,False,False,False,vowel_e,none,False,True,False,False,False,True
1014,he/she is leading him/her by the hand,go,full,ohin,o'in,ohin,ohin,o'in,ohin,ohin,a,False,False,False,False,False,vowel_e,none,False,True,False,False,True,True
1014,he/she is leading him/her by the hand,go[perf2],full,ohin,o'in,ohin,oh,o'in,ohin,ohin,a,False,False,False,False,False,vowel_e,none,False,True,False,False,True,True
1014,he/she is leading him/her by the hand,go[pres2],full,ohinek,o'inek,ohin,ohin,o'in,ohin,ohinek,a,False,False,False,False,False,vowel_e,none,False,True,False,False,True,True
1014,he/she is leading him/her by the hand,go[pres2-perf2],full,ohinek,o'inek,ohin,oh,o'in,ohin,ohinek,a,False,False,False,False,False,vowel_e,none,False,True,False,False,True,True
1015,he/she is agreeing with him/her,apl,full,ohiyhtan,o'iyhtan,ohiyhtan,ohiyhtan,o'iyhta,ohiyhtan,ohiyhtan,a,False,False,False,False,False,vowel_e,none,False,True,False,False,True,True
1015,he/she is agreeing with him/her,apl[imp2],full,ohiyhtan,o'iyhtan,ohiyhtan,ohiyhtan,o'iyhta,ohiyhtan,ohiyhtan,a,False,False,False,False,False,vowel_e,none,False,True,False,False,True,True
1015,he/she is agreeing with him/her,apl[imp3],full,ohiyhtan,o'iyhtan,ohiyhtan,ohiyhtan,o'iyhta,ohiyhtan,ohiyhtan,a,False,False,False,False,False,vowel_e,none,False,True,False,False,True,True
1017,he/she is recognizing him/her,become[imp2],full,olh,oli,olh,olh,oli,olhi,olh,a,False,False,False,False,False,vowel_e,none,False,True,False,False,True,True
1017,he/she is recognizing him/her,become[imp2-inf5],full,olh,oli,olh,olh,oli,olh,olh,a,False,False,False,False,False,vowel_e,none,False,True,False,False,True,True
1018,he/she understands it,become[imp2],full,olh,oli,olh,olh,olh,olhi,olh,a,False,False,False,False,False,vowel_e,none,False,True,False,False,False,True
1018,he/she understands it,become[imp2-inf5],full,olh,oli,olh,olh,olh,olh,olh,a,False,False,False,False,False,vowel_e,none,False,True,False,False,False,True
1021,he/she is getting full,sk-s,full,olhv,olv,olhv,olhv,olhv,olhv,olhv,a,False,False,False,False,False,vowel_e,none,False,True,False,False,False,True
1021,he/she is getting full,sk-s[inf2],full,olhv,olv,olhv,olhv,olhv,olhvhi,olhv,a,False,False,False,False,False,vowel_e,none,False,True,False,False,False,True
1021,he/she is getting full,sk-s[inf3],full,olhv,olv,olhv,olhv,olhv,olhvh,olhv,a,False,False,False,False,False,vowel_e,none,False,True,False,False,False,True
1021,he/she is getting full,sk-s[imp3],full,olhv,olv,olhv,olhv,olhvhi,olhv,olhv,a,False,False,False,False,False,vowel_e,none,False,True,False,False,False,True
1021,he/she is getting full,sk-s[imp3-inf2],full,olhv,olv,olhv,olhv,olhvhi,olhvhi,olhv,a,False,False,False,False,False,vowel_e,none,False,True,False,False,False,True
1021,he/she is getting full,sk-s[imp3-inf3],full,olhv,olv,olhv,olhv,olhvhi,olhvh,olhv,a,False,False,False,False,False,vowel_e,none,False,True,False,False,False,True
1022,he/she is making it,vsk-vnh,full,olh,olh,olh,olh,olh,olhvn,olh,a,False,False,False,False,False,vowel_e,none,False,True,False,False,False,True
1022,he/she is making it,vsk-vnh[inf3],full,olh,olh,olh,olh,olh,olh,olh,a,False,False,False,False,False,vowel_e,none,False,True,False,False,False,True
1023,he/she is making it fall,cause,full,ohonht,o'onht,ohonht,ohonht,ohonht,ohonht,ohonht,a,False,False,False,False,False,vowel_e,none,False,True,False,False,False,True
1023,he/she is making it fall,cause[perf3],full,ohonht,o'onht,ohonht,ohonhth,ohonht,ohonht,ohonht,a,False,False,False,False,False,vowel_e,none,False,True,False,False,False,True
1023,he/she is making it fall,cause[pres2],full,ohonhtih,o'onhtih,ohonht,ohonht,ohonht,ohonht,ohonhtih,a,False,False,False,False,False,vowel_e,none,False,True,False,False,False,True
1023,he/she is making it fall,cause[pres2-perf3],full,ohonhtih,o'onhtih,ohonht,ohonhth,ohonht,ohonht,ohonhtih,a,False,False,False,False,False,vowel_e,none,False,True,False,False,False,True
1024,it’s falling,sk-s,full,oho,o'o,oho,oho,oho,oho,oho,a,False,False,False,False,False,vowel_e,none,False,True,False,False,False,True
1024,it’s falling,sk-s[inf2],full,oho,o'o,oho,oho,oho,ohohi,oho,a,False,False,False,False,False,vowel_e,none,False,True,False,False,False,True
1024,it’s falling,sk-s[inf3],full,oho,o'o,oho,oho,oho,ohoh,oho,a,False,False,False,False,False,vowel_e,none,False,True,False,False,False,True
1024,it’s falling,sk-s[imp3],full,oho,o'o,oho,oho,ohohi,oho,oho,a,False,False,False,False,False,vowel_e,none,False,True,False,False,False,True
1024,it’s falling,sk-s[imp3-inf2],full,oho,o'o,oho,oho,ohohi,ohohi,oho,a,False,False,False,False,False,vowel_e,none,False,True,False,False,False,True
1024,it’s falling,sk-s[imp3-inf3],full,oho,o'o,oho,oho,ohohi,ohoh,oho,a,False,False,False,False,False,vowel_e,none,False,True,False,False,False,True
1027,he/she is writing it,hear,full,owhel,owel,owhel,owhel,owhel,owhel,owhel,a,False,False,False,False,False,vowel_e,none,False,True,False,False,False,True
1030,he/she is pulling a trigger,glottal-sk[perf2],full,otsane,otsane,otsane,otsanehs,otsanaki,otsane,otsane,a,False,False,False,False,False,vowel_e,none,False,True,False,False,False,True
1030,he/she is pulling a trigger,glottal-sk[perf2-inf2],full,otsane,otsane,otsane,otsanehs,otsanaki,otsane,otsane,a,False,False,False,False,False,vowel_e,none,False,True,False,False,False,True
1030,he/she is pulling a trigger,rev-e,full,otsan,otsan,otsan,otsan,otsan,otsan,otsan,a,False,False,False,False,False,vowel_e,none,False,True,False,False,False,True
1033,he/she is smoking it,sk-s[imp3-inf2],full,ok,oki,ok,ok,oki,ok,ok,a,False,False,False,False,False,vowel_e,none,False,True,False,False,False,True
1038,he/she is batting it,ih-l,full,ohstvn,ohstvn,ohstvn,ohstvn,ohstvni,ohstvnihs,ohstvn,a,False,False,False,False,False,vowel_e,none,False,True,False,False,False,True
1038,he/she is batting it,ih-l[inf2],full,ohstvn,ohstvn,ohstvn,ohstvn,ohstvni,ohstvni,ohstvn,a,False,False,False,False,False,vowel_e,none,False,True,False,False,False,True
1038,he/she is batting it,ih-l[inf3],full,ohstvn,ohstvn,ohstvn,ohstvn,ohstvni,ohstvni,ohstvn,a,False,False,False,False,False,vowel_e,none,False,True,False,False,False,True
1038,he/she is batting it,ih-l[inf4],full,ohstvn,ohstvn,ohstvn,ohstvn,ohstvni,ohstvn,ohstvn,a,False,False,False,False,False,vowel_e,none,False,True,False,False,False,True
1038,he/she is batting it,ih-l[imp2],full,ohstvn,ohstvn,ohstvn,ohstvn,ohstvni,ohstvnihs,ohstvn,a,False,False,False,False,False,vowel_e,none,False,True,False,False,False,True
1038,he/she is batting it,ih-l[imp2-inf2],full,ohstvn,ohstvn,ohstvn,ohstvn,ohstvni,ohstvni,ohstvn,a,False,False,False,False,False,vowel_e,none,False,True,False,False,False,True
1038,he/she is batting it,ih-l[imp2-inf3],full,ohstvn,ohstvn,ohstvn,ohstvn,ohstvni,ohstvni,ohstvn,a,False,False,False,False,False,vowel_e,none,False,True,False,False,False,True
1038,he/she is batting it,ih-l[imp2-inf4],full,ohstvn,ohstvn,ohstvn,ohstvn,ohstvni,ohstvn,ohstvn,a,False,False,False,False,False,vowel_e,none,False,True,False,False,False,True
1038,he/she is batting it,ih-l[imp4],full,ohstvn,ohstvn,ohstvn,ohstvn,ohstvnik,ohstvnihs,ohstvn,a,False,False,False,False,False,vowel_e,none,False,True,False,False,False,True
1038,he/she is batting it,ih-l[imp4-inf2],full,ohstvn,ohstvn,ohstvn,ohstvn,ohstvnik,ohstvni,ohstvn,a,False,False,False,False,False,vowel_e,none,False,True,False,False,False,True
1038,he/she is batting it,ih-l[imp4-inf3],full,ohstvn,ohstvn,ohstvn,ohstvn,ohstvnik,ohstvni,ohstvn,a,False,False,False,False,False,vowel_e,none,False,True,False,False,False,True
1038,he/she is batting it,ih-l[imp4-inf4],full,ohstvn,ohstvn,ohstvn,ohstvn,ohstvnik,ohstvn,ohstvn,a,False,False,False,False,False,vowel_e,none,False,True,False,False,False,True
1038,he/she is batting it,ih-l[imp6],full,ohstvn,ohstvn,ohstvn,ohstvn,ohstvn,ohstvnihs,ohstvn,a,False,False,False,False,False,vowel_e,none,False,True,False,False,False,True
1038,he/she is batting it,ih-l[imp6-inf2],full,ohstvn,ohstvn,ohstvn,ohstvn,ohstvn,ohstvni,ohstvn,a,False,False,False,False,False,vowel_e,none,False,True,False,False,False,True
1038,he/she is batting it,ih-l[imp6-inf3],full,ohstvn,ohstvn,ohstvn,ohstvn,ohstvn,ohstvni,ohstvn,a,False,False,False,False,False,vowel_e,none,False,True,False,False,False,True
1038,he/she is batting it,ih-l[imp6-inf4],full,ohstvn,ohstvn,ohstvn,ohstvn,ohstvn,ohstvn,ohstvn,a,False,False,False,False,False,vowel_e,none,False,True,False,False,False,True
1038,he/she is batting it,ih-l[perf2],full,ohstvn,ohstvn,ohstvn,ohstvni,ohstvni,ohstvnihs,ohstvn,a,False,False,False,False,False,vowel_e,none,False,True,False,False,False,True
1038,he/she is batting it,ih-l[perf2-inf2],full,ohstvn,ohstvn,ohstvn,ohstvni,ohstvni,ohstvni,ohstvn,a,False,False,False,False,False,vowel_e,none,False,True,False,False,False,True
1038,he/she is batting it,ih-l[perf2-inf3],full,ohstvn,ohstvn,ohstvn,ohstvni,ohstvni,ohstvni,ohstvn,a,False,False,False,False,False,vowel_e,none,False,True,False,False,False,True
1038,he/she is batting it,ih-l[perf2-inf4],full,ohstvn,ohstvn,ohstvn,ohstvni,ohstvni,ohstvn,ohstvn,a,False,False,False,False,False,vowel_e,none,False,True,False,False,False,True
1038,he/she is batting it,ih-l[perf2-imp2],full,ohstvn,ohstvn,ohstvn,ohstvni,ohstvni,ohstvnihs,ohstvn,a,False,False,False,False,False,vowel_e,none,False,True,False,False,False,True
1038,he/she is batting it,ih-l[perf2-imp2-inf2],full,ohstvn,ohstvn,ohstvn,ohstvni,ohstvni,ohstvni,ohstvn,a,False,False,False,False,False,vowel_e,none,False,True,False,False,False,True
1038,he/she is batting it,ih-l[perf2-imp2-inf3],full,ohstvn,ohstvn,ohstvn,ohstvni,ohstvni,ohstvni,ohstvn,a,False,False,False,False,False,vowel_e,none,False,True,False,False,False,True
1038,he/she is batting it,ih-l[perf2-imp2-inf4],full,ohstvn,ohstvn,ohstvn,ohstvni,ohstvni,ohstvn,ohstvn,a,False,False,False,False,False,vowel_e,none,False,True,False,False,False,True
1038,he/she is batting it,ih-l[perf2-imp4],full,ohstvn,ohstvn,ohstvn,ohstvni,ohstvnik,ohstvnihs,ohstvn,a,False,False,False,False,False,vowel_e,none,False,True,False,False,False,True
1038,he/she is batting it,ih-l[perf2-imp4-inf2],full,ohstvn,ohstvn,ohstvn,ohstvni,ohstvnik,ohstvni,ohstvn,a,False,False,False,False,False,vowel_e,none,False,True,False,False,False,True
1038,he/she is batting it,ih-l[perf2-imp4-inf3],full,ohstvn,ohstvn,ohstvn,ohstvni,ohstvnik,ohstvni,ohstvn,a,False,False,False,False,False,vowel_e,none,False,True,False,False,False,True
1038,he/she is batting it,ih-l[perf2-imp4-inf4],full,ohstvn,ohstvn,ohstvn,ohstvni,ohstvnik,ohstvn,ohstvn,a,False,False,False,False,False,vowel_e,none,False,True,False,False,False,True
1038,he/she is batting it,ih-l[perf2-imp6],full,ohstvn,ohstvn,ohstvn,ohstvni,ohstvn,ohstvnihs,ohstvn,a,False,False,False,False,False,vowel_e,none,False,True,False,False,False,True
1038,he/she is batting it,ih-l[perf2-imp6-inf2],full,ohstvn,ohstvn,ohstvn,ohstvni,ohstvn,ohstvni,ohstvn,a,False,False,False,False,False,vowel_e,none,False,True,False,False,False,True
1038,he/she is batting it,ih-l[perf2-imp6-inf3],full,ohstvn,ohstvn,ohstvn,ohstvni,ohstvn,ohstvni,ohstvn,a,False,False,False,False,False,vowel_e,none,False,True,False,False,False,True
1038,he/she is batting it,ih-l[perf2-imp6-inf4],full,ohstvn,ohstvn,ohstvn,ohstvni,ohstvn,ohstvn,ohstvn,a,False,False,False,False,False,vowel_e,none,False,True,False,False,False,True
1040,he/she is saying to him/her,apl,full,ohs,ohs,ohs,ohs,o,ohs,ohs,a,False,False,False,False,False,vowel_e,none,False,True,False,False,True,True
1040,he/she is saying to him/her,apl[imp2],full,ohs,ohs,ohs,ohs,o,ohs,ohs,a,False,False,False,False,False,vowel_e,none,False,True,False,False,True,True
1040,he/she is saying to him/her,apl[imp3],full,ohs,ohs,ohs,ohs,o,ohs,ohs,a,False,False,False,False,False,vowel_e,none,False,True,False,False,True,True
1041,it’s swelling,sk-s,full,othi,othi,othi,othi,othi,othi,othi,a,False,False,False,False,False,vowel_e,none,False,True,False,False,False,True
1041,it’s swelling,sk-s[inf2],full,othi,othi,othi,othi,othi,othihi,othi,a,False,False,False,False,False,vowel_e,none,False,True,False,False,False,True
1041,it’s swelling,sk-s[inf3],full,othi,othi,othi,othi,othi,othih,othi,a,False,False,False,False,False,vowel_e,none,False,True,False,False,False,True
1041,it’s swelling,sk-s[imp3],full,othi,othi,othi,othi,othihi,othi,othi,a,False,False,False,False,False,vowel_e,none,False,True,False,False,False,True
1041,it’s swelling,sk-s[imp3-inf2],full,othi,othi,othi,othi,othihi,othihi,othi,a,False,False,False,False,False,vowel_e,none,False,True,False,False,False,True
1041,it’s swelling,sk-s[imp3-inf3],full,othi,othi,othi,othi,othihi,othih,othi,a,False,False,False,False,False,vowel_e,none,False,True,False,False,False,True
1043,he/she is building a fire,hvsk[perf2],full,ot,ot,ot,ot,ot,ot,ot,a,False,False,False,False,False,vowel_e,none,False,True,False,False,False,True
1043,he/she is building a fire,hvsk[perf2-inf2],full,ot,ot,ot,ot,ot,ot,ot,a,False,False,False,False,False,vowel_e,none,False,True,False,False,False,True
1043,he/she is building a fire,v'vsk,full,oth,ot,oth,otha,oth,oth,oth,a,False,False,False,False,False,vowel_e,none,False,True,False,False,False,True
1044,he/she is unhitching him/her,glottal-sk[perf2],full,utale,utale,utale,utalehs,utalaki,utale,utale,a,False,False,False,False,False,vowel_e,none,False,True,False,False,True,True
1044,he/she is unhitching him/her,glottal-sk[perf2-inf2],full,utale,utale,utale,utalehs,utalaki,utale,utale,a,False,False,False,False,False,vowel_e,none,False,True,False,False,True,True
1044,he/she is unhitching him/her,rev-e,full,utal,utal,utal,utal,utal,utal,utal,a,False,False,False,False,False,vowel_e,none,False,True,False,False,True,True
1045,he/she is hitching him/her up,v'vsk,full,utal,utal,utal,utalv,utalv',utalv,utal,a,False,False,False,False,False,vowel_e,none,False,True,False,False,True,True
1045,he/she is hitching him/her up,v'vsk[inf2],full,utal,utal,utal,utalv,utalv',utal,utal,a,False,False,False,False,False,vowel_e,none,False,True,False,False,True,True
1045,he/she is hitching him/her up,v'vsk[imp2],full,utal,utal,utal,utalv,utalv,utalv,utal,a,False,False,False,False,False,vowel_e,none,False,True,False,False,True,True
1045,he/she is hitching him/her up,v'vsk[imp2-inf2],full,utal,utal,utal,utalv,utalv,utal,utal,a,False,False,False,False,False,vowel_e,none,False,True,False,False,True,True
1045,he/she is hitching him/her up,v'vsk[imp3],full,utal,utal,utal,utalv,utal,utalv,utal,a,False,False,False,False,False,vowel_e,none,False,True,False,False,True,True
1045,he/she is hitching him/her up,v'vsk[imp3-inf2],full,utal,utal,utal,utalv,utal,utal,utal,a,False,False,False,False,False,vowel_e,none,False,True,False,False,True,True
1045,he/she is hitching him/her up,v'vsk[perf2],full,utal,utal,utal,utal,utalv',utalv,utal,a,False,False,False,False,False,vowel_e,none,False,True,False,False,True,True
1045,he/she is hitching him/her up,v'vsk[perf2-inf2],full,utal,utal,utal,utal,utalv',utal,utal,a,False,False,False,False,False,vowel_e,none,False,True,False,False,True,True
1045,he/she is hitching him/her up,v'vsk[perf2-imp2],full,utal,utal,utal,utal,utalv,utalv,utal,a,False,False,False,False,False,vowel_e,none,False,True,False,False,True,True
1045,he/she is hitching him/her up,v'vsk[perf2-imp2-inf2],full,utal,utal,utal,utal,utalv,utal,utal,a,False,False,False,False,False,vowel_e,none,False,True,False,False,True,True
1045,he/she is hitching him/her up,v'vsk[perf2-imp3],full,utal,utal,utal,utal,utal,utalv,utal,a,False,False,False,False,False,vowel_e,none,False,True,False,False,True,True
1045,he/she is hitching him/her up,v'vsk[perf2-imp3-inf2],full,utal,utal,utal,utal,utal,utal,utal,a,False,False,False,False,False,vowel_e,none,False,True,False,False,True,True
1050,he/she is putting a handle on a tool,hvsk[perf2],full,uhal,u'al,uhal,uhal,uhal,uhal,uhal,a,False,False,False,False,False,vowel_e,none,False,True,False,False,False,True
1050,he/she is putting a handle on a tool,hvsk[perf2-inf2],full,uhal,u'al,uhal,uhal,uhal,uhal,uhal,a,False,False,False,False,False,vowel_e,none,False,True,False,False,False,True
1050,he/she is putting a handle on a tool,v'vsk,full,uhalh,u'alh,uhalh,uhalha,uhalh,uhalh,uhalh,a,False,False,False,False,False,vowel_e,none,False,True,False,False,False,True
1052,he/she is washing it,glottal-sk,full,uhilo,u'ilo,uhilo,uhilo,uhilotsa,uhilo,uhilo,a,False,False,False,False,False,vowel_e,none,False,True,False,False,False,True
1052,he/she is washing it,glottal-sk[inf2],full,uhilo,u'ilo,uhilo,uhilo,uhilotsa,uhilo,uhilo,a,False,False,False,False,False,vowel_e,none,False,True,False,False,False,True
1052,he/she is washing it,glottal-sk[perf2],full,uhilo,u'ilo,uhilo,uhilo',uhilotsa,uhilo,uhilo,a,False,False,False,False,False,vowel_e,none,False,True,False,False,False,True
1052,he/she is washing it,glottal-sk[perf2-inf2],full,uhilo,u'ilo,uhilo,uhilo',uhilotsa,uhilo,uhilo,a,False,False,False,False,False,vowel_e,none,False,True,False,False,False,True
1052,he/she is washing it,o,full,uhil,u'il,uhil,uhil,uhil,uhil,uhil,a,False,False,False,False,False,vowel_e,none,False,True,False,False,False,True
1053,he/she is accusing him/her,cause,full,uhihst,u'ihst,uhihst,uhihst,u'ihst,uhihst,uhihst,a,False,False,False,False,False,vowel_e,none,False,True,False,False,True,True
1053,he/she is accusing him/her,cause[perf3],full,uhihst,u'ihst,uhihst,uhihsth,u'ihst,uhihst,uhihst,a,False,False,False,False,False,vowel_e,none,False,True,False,False,True,True
1053,he/she is accusing him/her,cause[pres2],full,uhihstih,u'ihstih,uhihst,uhihst,u'ihst,uhihst,uhihstih,a,False,False,False,False,False,vowel_e,none,False,True,False,False,True,True
1053,he/she is accusing him/her,cause[pres2-perf3],full,uhihstih,u'ihstih,uhihst,uhihsth,u'ihst,uhihst,uhihstih,a,False,False,False,False,False,vowel_e,none,False,True,False,False,True,True
1055,he/she is covering it,v'vsk,full,ulh,ulh,ulh,ulhv,ulhv',ulhv,ulh,a,False,False,False,False,False,vowel_e,none,False,True,False,False,False,True
1055,he/she is covering it,v'vsk[inf2],full,ulh,ulh,ulh,ulhv,ulhv',ulh,ulh,a,False,False,False,False,False,vowel_e,none,False,True,False,False,False,True
1055,he/she is covering it,v'vsk[imp2],full,ulh,ulh,ulh,ulhv,ulhv,ulhv,ulh,a,False,False,False,False,False,vowel_e,none,False,True,False,False,False,True
1055,he/she is covering it,v'vsk[imp2-inf2],full,ulh,ulh,ulh,ulhv,ulhv,ulh,ulh,a,False,False,False,False,False,vowel_e,none,False,True,False,False,False,True
1055,he/she is covering it,v'vsk[imp3],full,ulh,ulh,ulh,ulhv,ulh,ulhv,ulh,a,False,False,False,False,False,vowel_e,none,False,True,False,False,False,True
1055,he/she is covering it,v'vsk[imp3-inf2],full,ulh,ulh,ulh,ulhv,ulh,ulh,ulh,a,False,False,False,False,False,vowel_e,none,False,True,False,False,False,True
1055,he/she is covering it,v'vsk[perf2],full,ulh,ulh,ulh,ulh,ulhv',ulhv,ulh,a,False,False,False,False,False,vowel_e,none,False,True,False,False,False,True
1055,he/she is covering it,v'vsk[perf2-inf2],full,ulh,ulh,ulh,ulh,ulhv',ulh,ulh,a,False,False,False,False,False,vowel_e,none,False,True,False,False,False,True
1055,he/she is covering it,v'vsk[perf2-imp2],full,ulh,ulh,ulh,ulh,ulhv,ulhv,ulh,a,False,False,False,False,False,vowel_e,none,False,True,False,False,False,True
1055,he/she is covering it,v'vsk[perf2-imp2-inf2],full,ulh,ulh,ulh,ulh,ulhv,ulh,ulh,a,False,False,False,False,False,vowel_e,none,False,True,False,False,False,True
1055,he/she is covering it,v'vsk[perf2-imp3],full,ulh,ulh,ulh,ulh,ulh,ulhv,ulh,a,False,False,False,False,False,vowel_e,none,False,True,False,False,False,True
1055,he/she is covering it,v'vsk[perf2-imp3-inf2],full,ulh,ulh,ulh,ulh,ulh,ulh,ulh,a,False,False,False,False,False,vowel_e,none,False,True,False,False,False,True
1056,he/she is putting it in water,hvsk,full,u,u,u,u,u,u,u,a,False,False,False,False,False,vowel_e,none,False,True,False,False,False,True
1056,he/she is putting it in water,hvsk[inf2],full,u,u,u,u,u,u,u,a,False,False,False,False,False,vowel_e,none,False,True,False,False,False,True
1060,he/she is picking him/her up,glottal-sk[perf2],full,uthe,uthe,uthe,uthehs,uthaki,uthe,uthe,a,False,False,False,False,False,vowel_e,none,False,True,False,False,True,True
1060,he/she is picking him/her up,glottal-sk[perf2-inf2],full,uthe,uthe,uthe,uthehs,uthaki,uthe,uthe,a,False,False,False,False,False,vowel_e,none,False,True,False,False,True,True
1060,he/she is picking him/her up,rev-e,full,uth,uth,uth,uth,uth,uth,uth,a,False,False,False,False,False,vowel_e,none,False,True,False,False,True,True
1061,it’s snowing,cause[perf2],full,uth,,uth,uth,,uth,uth,a,False,False,False,False,False,vowel_e,none,False,True,False,False,False,True
1061,it’s snowing,cause[pres2-perf2],full,uthih,,uth,uth,,uth,uthih,a,False,False,False,False,False,vowel_e,none,False,True,False,False,False,True
1061,it’s snowing,aspectless,full,uthih,,uthihsk,uthanh,,utho,uthih,a,False,False,False,False,False,vowel_e,none,False,True,False,False,False,True
1061,it’s snowing,aspectless[inf2],full,uthih,,uthihsk,uthanh,,uth,uthih,a,False,False,False,False,False,vowel_e,none,False,True,False,False,False,True
1063,he/she is sifting it,cause,full,vkuhst,vkuhst,vkuhst,vkuhst,vkuhst,vkuhst,vkuhst,a,False,False,False,False,False,vowel_v,none,False,True,True,False,False,False
1063,he/she is sifting it,cause[perf3],full,vkuhst,vkuhst,vkuhst,vkuhsth,vkuhst,vkuhst,vkuhst,a,False,False,False,False,False,vowel_v,none,False,True,True,False,False,False
1063,he/she is sifting it,cause[pres2],full,vkuhstih,vkuhstih,vkuhst,vkuhst,vkuhst,vkuhst,vkuhstih,a,False,False,False,False,False,vowel_v,none,False,True,True,False,False,False
1063,he/she is sifting it,cause[pres2-perf3],full,vkuhstih,vkuhstih,vkuhst,vkuhsth,vkuhst,vkuhst,vkuhstih,a,False,False,False,False,False,vowel_v,none,False,True,True,False,False,False
1064,it’s leaking,sk-s[imp3-inf2],full,vku,,vku,vku,,vku,vku,a,False,False,False,False,False,vowel_v,none,False,True,True,False,False,True
1067,he/she is alive,aspectless,full,vnh,vn,vnh,,vnh,,vnh,a,False,False,False,False,False,vowel_a,none,False,True,False,False,False,True
1067,he/she is alive,aspectless-h,full,vn,vn,vn,,vn,,vn,a,False,False,False,False,False,vowel_a,none,False,True,False,False,False,True
1070,he/she is hitting him/her,ih-l,full,vnh,vn,vnh,vnh,vni,vnhs,vnh,a,False,False,False,False,False,vowel_v,none,False,True,True,False,True,False
1070,he/she is hitting him/her,ih-l[inf2],full,vnh,vn,vnh,vnh,vni,vn,vnh,a,False,False,False,False,False,vowel_v,none,False,True,True,False,True,False
1070,he/she is hitting him/her,ih-l[inf3],full,vnh,vn,vnh,vnh,vni,vn,vnh,a,False,False,False,False,False,vowel_v,none,False,True,True,False,True,False
1070,he/she is hitting him/her,ih-l[imp2],full,vnh,vn,vnh,vnh,vni,vnhs,vnh,a,False,False,False,False,False,vowel_v,none,False,True,True,False,True,False
1070,he/she is hitting him/her,ih-l[imp2-inf2],full,vnh,vn,vnh,vnh,vni,vn,vnh,a,False,False,False,False,False,vowel_v,none,False,True,True,False,True,False
1070,he/she is hitting him/her,ih-l[imp2-inf3],full,vnh,vn,vnh,vnh,vni,vn,vnh,a,False,False,False,False,False,vowel_v,none,False,True,True,False,True,False
1070,he/she is hitting him/her,ih-l[imp4],full,vnh,vn,vnh,vnh,vnik,vnhs,vnh,a,False,False,False,False,False,vowel_v,none,False,True,True,False,True,False
1070,he/she is hitting him/her,ih-l[imp4-inf2],full,vnh,vn,vnh,vnh,vnik,vn,vnh,a,False,False,False,False,False,vowel_v,none,False,True,True,False,True,False
1070,he/she is hitting him/her,ih-l[imp4-inf3],full,vnh,vn,vnh,vnh,vnik,vn,vnh,a,False,False,False,False,False,vowel_v,none,False,True,True,False,True,False
1070,he/she is hitting him/her,ih-l[imp6],full,vnh,vn,vnh,vnh,vn,vnhs,vnh,a,False,False,False,False,False,vowel_v,none,False,True,True,False,True,False
1070,he/she is hitting him/her,ih-l[imp6-inf2],full,vnh,vn,vnh,vnh,vn,vn,vnh,a,False,False,False,False,False,vowel_v,none,False,True,True,False,True,False
1070,he/she is hitting him/her,ih-l[imp6-inf3],full,vnh,vn,vnh,vnh,vn,vn,vnh,a,False,False,False,False,False,vowel_v,none,False,True,True,False,True,False
1070,he/she is hitting him/her,ih-l[perf2],full,vnh,vn,vnh,vnhi,vni,vnhs,vnh,a,False,False,False,False,False,vowel_v,none,False,True,True,False,True,False
1070,he/she is hitting him/her,ih-l[perf2-inf2],full,vnh,vn,vnh,vnhi,vni,vn,vnh,a,False,False,False,False,False,vowel_v,none,False,True,True,False,True,False
1070,he/she is hitting him/her,ih-l[perf2-inf3],full,vnh,vn,vnh,vnhi,vni,vn,vnh,a,False,False,False,False,False,vowel_v,none,False,True,True,False,True,False
1070,he/she is hitting him/her,ih-l[perf2-imp2],full,vnh,vn,vnh,vnhi,vni,vnhs,vnh,a,False,False,False,False,False,vowel_v,none,False,True,True,False,True,False
1070,he/she is hitting him/her,ih-l[perf2-imp2-inf2],full,vnh,vn,vnh,vnhi,vni,vn,vnh,a,False,False,False,False,False,vowel_v,none,False,True,True,False,True,False
1070,he/she is hitting him/her,ih-l[perf2-imp2-inf3],full,vnh,vn,vnh,vnhi,vni,vn,vnh,a,False,False,False,False,False,vowel_v,none,False,True,True,False,True,False
1070,he/she is hitting him/her,ih-l[perf2-imp4],full,vnh,vn,vnh,vnhi,vnik,vnhs,vnh,a,False,False,False,False,False,vowel_v,none,False,True,True,False,True,False
1070,he/she is hitting him/her,ih-l[perf2-imp4-inf2],full,vnh,vn,vnh,vnhi,vnik,vn,vnh,a,False,False,False,False,False,vowel_v,none,False,True,True,False,True,False
1070,he/she is hitting him/her,ih-l[perf2-imp4-inf3],full,vnh,vn,vnh,vnhi,vnik,vn,vnh,a,False,False,False,False,False,vowel_v,none,False,True,True,False,True,False
1070,he/she is hitting him/her,ih-l[perf2-imp6],full,vnh,vn,vnh,vnhi,vn,vnhs,vnh,a,False,False,False,False,False,vowel_v,none,False,True,True,False,True,False
1070,he/she is hitting him/her,ih-l[perf2-imp6-inf2],full,vnh,vn,vnh,vnhi,vn,vn,vnh,a,False,False,False,False,False,vowel_v,none,False,True,True,False,True,False
1070,he/she is hitting him/her,ih-l[perf2-imp6-inf3],full,vnh,vn,vnh,vnhi,vn,vn,vnh,a,False,False,False,False,False,vowel_v,none,False,True,True,False,True,False
1071,he/she is cooking it,cause,full,vnhihst,vnihst,vnhihst,vnhihst,vnhihst,vnhihst,vnhihst,a,False,False,False,False,False,vowel_v,none,False,True,True,False,False,False
1071,he/she is cooking it,cause[perf3],full,vnhihst,vnihst,vnhihst,vnhihsth,vnhihst,vnhihst,vnhihst,a,False,False,False,False,False,vowel_v,none,False,True,True,False,False,False
1071,he/she is cooking it,cause[pres2],full,vnhihstih,vnihstih,vnhihst,vnhihst,vnhihst,vnhihst,vnhihstih,a,False,False,False,False,False,vowel_v,none,False,True,True,False,False,False
1071,he/she is cooking it,cause[pres2-perf3],full,vnhihstih,vnihstih,vnhihst,vnhihsth,vnhihst,vnhihst,vnhihstih,a,False,False,False,False,False,vowel_v,none,False,True,True,False,False,False
1076,he/she is frying it,hvsk[perf2],full,vtsal,vtsal,vtsal,vtsal,vtsal,vtsal,vtsal,a,False,False,False,False,False,vowel_e,none,False,True,False,False,False,True
1076,he/she is frying it,hvsk[perf2-inf2],full,vtsal,vtsal,vtsal,vtsal,vtsal,vtsal,vtsal,a,False,False,False,False,False,vowel_e,none,False,True,False,False,False,True
1076,he/she is frying it,v'vsk,full,vtsalh,vtsalh,vtsalh,vtsalha,vtsalh,vtsalh,vtsalh,a,False,False,False,False,False,vowel_e,none,False,True,False,False,False,True
1078,he/she is melting it,cause,full,vnawht,vnawot,vnawht,vnawht,vnawht,vnawht,vnawht,a,False,False,False,False,False,vowel_v,none,False,True,True,False,False,False
1078,he/she is melting it,cause[perf3],full,vnawht,vnawot,vnawht,vnawhth,vnawht,vnawht,vnawht,a,False,False,False,False,False,vowel_v,none,False,True,True,False,False,False
1078,he/she is melting it,cause[pres2],full,vnawhtih,vnawotih,vnawht,vnawht,vnawht,vnawht,vnawhtih,a,False,False,False,False,False,vowel_v,none,False,True,True,False,False,False
1078,he/she is melting it,cause[pres2-perf3],full,vnawhtih,vnawotih,vnawht,vnawhth,vnawht,vnawht,vnawhtih,a,False,False,False,False,False,vowel_v,none,False,True,True,False,False,False
1079,it’s melting,sk-s,full,vnawo,vnawo,vnawo,vnawo,vnawo,vnawo,vnawo,a,False,False,False,False,False,vowel_v,none,False,True,True,False,False,False
1079,it’s melting,sk-s[inf2],full,vnawo,vnawo,vnawo,vnawo,vnawo,vnawohi,vnawo,a,False,False,False,False,False,vowel_v,none,False,True,True,False,False,False
1079,it’s melting,sk-s[inf3],full,vnawo,vnawo,vnawo,vnawo,vnawo,vnawoh,vnawo,a,False,False,False,False,False,vowel_v,none,False,True,True,False,False,False
1079,it’s melting,sk-s[imp3],full,vnawo,vnawo,vnawo,vnawo,vnawohi,vnawo,vnawo,a,False,False,False,False,False,vowel_v,none,False,True,True,False,False,False
1079,it’s melting,sk-s[imp3-inf2],full,vnawo,vnawo,vnawo,vnawo,vnawohi,vnawohi,vnawo,a,False,False,False,False,False,vowel_v,none,False,True,True,False,False,False
1079,it’s melting,sk-s[imp3-inf3],full,vnawo,vnawo,vnawo,vnawo,vnawohi,vnawoh,vnawo,a,False,False,False,False,False,vowel_v,none,False,True,True,False,False,False
1081,he/she is sweeping it,sk-h[imp3],full,vnohsa,vnohsa,vnohsa,vnohsa,vnohsa,vnohsa,vnohsa,a,False,False,False,False,False,vowel_v,none,False,True,True,False,False,False
1082,it’s becoming done,sk-s,full,vn,,vn,vn,vn,vn,vn,a,False,False,False,False,False,vowel_v,none,False,True,True,False,False,False
1082,it’s becoming done,sk-s[inf2],full,vn,,vn,vn,vn,vnhi,vn,a,False,False,False,False,False,vowel_v,none,False,True,True,False,False,False
1082,it’s becoming done,sk-s[inf3],full,vn,,vn,vn,vn,vnh,vn,a,False,False,False,False,False,vowel_v,none,False,True,True,False,False,False
1082,it’s becoming done,sk-s[imp3],full,vn,,vn,vn,vnhi,vn,vn,a,False,False,False,False,False,vowel_v,none,False,True,True,False,False,False
1082,it’s becoming done,sk-s[imp3-inf2],full,vn,,vn,vn,vnhi,vnhi,vn,a,False,False,False,False,False,vowel_v,none,False,True,True,False,False,False
1082,it’s becoming done,sk-s[imp3-inf3],full,vn,,vn,vn,vnhi,vnh,vn,a,False,False,False,False,False,vowel_v,none,False,True,True,False,False,False
1083,he/she is hiding it,hvsk[perf2],full,vhskal,vhskal,vhskal,vhskal,vhskal,vhskal,vhskal,a,False,False,False,False,False,vowel_v,none,False,True,True,False,False,False
1083,he/she is hiding it,hvsk[perf2-inf2],full,vhskal,vhskal,vhskal,vhskal,vhskal,vhskal,vhskal,a,False,False,False,False,False,vowel_v,none,False,True,True,False,False,False
1083,he/she is hiding it,v'vsk,full,vhskalh,vhskalh,vhskalh,vhskalha,vhskalh,vhskalh,vhskalh,a,False,False,False,False,False,vowel_v,none,False,True,True,False,False,False
1085,he/she is hiding him/her,v'vsk,full,vhskal,vhskal,vhskal,vhskalv,vhskalv',vhskalv,vhskal,a,False,False,False,False,False,vowel_v,none,False,True,True,False,True,False
1085,he/she is hiding him/her,v'vsk[inf2],full,vhskal,vhskal,vhskal,vhskalv,vhskalv',vhskal,vhskal,a,False,False,False,False,False,vowel_v,none,False,True,True,False,True,False
1085,he/she is hiding him/her,v'vsk[imp2],full,vhskal,vhskal,vhskal,vhskalv,vhskalv,vhskalv,vhskal,a,False,False,False,False,False,vowel_v,none,False,True,True,False,True,False
1085,he/she is hiding him/her,v'vsk[imp2-inf2],full,vhskal,vhskal,vhskal,vhskalv,vhskalv,vhskal,vhskal,a,False,False,False,False,False,vowel_v,none,False,True,True,False,True,False
1085,he/she is hiding him/her,v'vsk[imp3],full,vhskal,vhskal,vhskal,vhskalv,vhskal,vhskalv,vhskal,a,False,False,False,False,False,vowel_v,none,False,True,True,False,True,False
1085,he/she is hiding him/her,v'vsk[imp3-inf2],full,vhskal,vhskal,vhskal,vhskalv,vhskal,vhskal,vhskal,a,False,False,False,False,False,vowel_v,none,False,True,True,False,True,False
1085,he/she is hiding him/her,v'vsk[perf2],full,vhskal,vhskal,vhskal,vhskal,vhskalv',vhskalv,vhskal,a,False,False,False,False,False,vowel_v,none,False,True,True,False,True,False
1085,he/she is hiding him/her,v'vsk[perf2-inf2],full,vhskal,vhskal,vhskal,vhskal,vhskalv',vhskal,vhskal,a,False,False,False,False,False,vowel_v,none,False,True,True,False,True,False
1085,he/she is hiding him/her,v'vsk[perf2-imp2],full,vhskal,vhskal,vhskal,vhskal,vhskalv,vhskalv,vhskal,a,False,False,False,False,False,vowel_v,none,False,True,True,False,True,False
1085,he/she is hiding him/her,v'vsk[perf2-imp2-inf2],full,vhskal,vhskal,vhskal,vhskal,vhskalv,vhskal,vhskal,a,False,False,False,False,False,vowel_v,none,False,True,True,False,True,False
1085,he/she is hiding him/her,v'vsk[perf2-imp3],full,vhskal,vhskal,vhskal,vhskal,vhskal,vhskalv,vhskal,a,False,False,False,False,False,vowel_v,none,False,True,True,False,True,False
1085,he/she is hiding him/her,v'vsk[perf2-imp3-inf2],full,vhskal,vhskal,vhskal,vhskal,vhskal,vhskal,vhskal,a,False,False,False,False,False,vowel_v,none,False,True,True,False,True,False
1086,he/she is cracking it,glottal-sk,full,vhskwalo,vhskwalo,vhskwalo,vhskwalo,vhskwalotsa,vhskwalo,vhskwalo,a,False,False,False,False,False,vowel_v,none,False,True,True,False,False,False
1086,he/she is cracking it,glottal-sk[inf2],full,vhskwalo,vhskwalo,vhskwalo,vhskwalo,vhskwalotsa,vhskwalo,vhskwalo,a,False,False,False,False,False,vowel_v,none,False,True,True,False,False,False
1086,he/she is cracking it,glottal-sk[perf2],full,vhskwalo,vhskwalo,vhskwalo,vhskwalo',vhskwalotsa,vhskwalo,vhskwalo,a,False,False,False,False,False,vowel_v,none,False,True,True,False,False,False
1086,he/she is cracking it,glottal-sk[perf2-inf2],full,vhskwalo,vhskwalo,vhskwalo,vhskwalo',vhskwalotsa,vhskwalo,vhskwalo,a,False,False,False,False,False,vowel_v,none,False,True,True,False,False,False
1086,he/she is cracking it,o,full,vhskwal,vhskwal,vhskwal,vhskwal,vhskwal,vhskwal,vhskwal,a,False,False,False,False,False,vowel_v,none,False,True,True,False,False,False
1087,he/she is putting it into a fire,hvsk[perf2],full,vt,vt,vt,vt,vt,vt,vt,a,False,False,False,False,False,vowel_e,none,False,True,False,False,False,True
1087,he/she is putting it into a fire,hvsk[perf2-inf2],full,vt,vt,vt,vt,vt,vt,vt,a,False,False,False,False,False,vowel_e,none,False,True,False,False,False,True
1087,he/she is putting it into a fire,v'vsk,full,vth,vt,vth,vtha,vth,vth,vth,a,False,False,False,False,False,vowel_e,none,False,True,False,False,False,True
1088,he/she is soaking it,hvsk[perf2],full,vwal,vwal,vwal,vwal,vwal,vwal,vwal,a,False,False,False,False,False,vowel_e,none,False,True,False,False,False,True
1088,he/she is soaking it,hvsk[perf2-inf2],full,vwal,vwal,vwal,vwal,vwal,vwal,vwal,a,False,False,False,False,False,vowel_e,none,False,True,False,False,False,True
1088,he/she is soaking it,v'vsk,full,vwalh,vwalh,vwalh,vwalha,vwalh,vwalh,vwalh,a,False,False,False,False,False,vowel_e,none,False,True,False,False,False,True
1221,he/she is ascending an incline,sk-s,full,nhalu,nalu,nhalu,nhalu,nhalu,nhalu,nhalu,a,False,False,False,False,False,con,h_cons,True,True,False,False,False,True
1221,he/she is ascending an incline,sk-s[inf2],full,nhalu,nalu,nhalu,nhalu,nhalu,nhaluhi,nhalu,a,False,False,False,False,False,con,h_cons,True,True,False,False,False,True
1221,he/she is ascending an incline,sk-s[inf3],full,nhalu,nalu,nhalu,nhalu,nhalu,nhaluh,nhalu,a,False,False,False,False,False,con,h_cons,True,True,False,False,False,True
1221,he/she is ascending an incline,sk-s[imp3],full,nhalu,nalu,nhalu,nhalu,nhaluhi,nhalu,nhalu,a,False,False,False,False,False,con,h_cons,True,True,False,False,False,True
1221,he/she is ascending an incline,sk-s[imp3-inf2],full,nhalu,nalu,nhalu,nhalu,nhaluhi,nhaluhi,nhalu,a,False,False,False,False,False,con,h_cons,True,True,False,False,False,True
1221,he/she is ascending an incline,sk-s[imp3-inf3],full,nhalu,nalu,nhalu,nhalu,nhaluhi,nhaluh,nhalu,a,False,False,False,False,False,con,h_cons,True,True,False,False,False,True
1224,he/she is making him/her angry,cause,full,nhalvhst,nalvhst,nhalvhst,nhalvhst,nalvhst,nhalvhst,nhalvhst,a,False,False,False,False,False,con,h_cons,True,True,False,False,True,True
1224,he/she is making him/her angry,cause[perf3],full,nhalvhst,nalvhst,nhalvhst,nhalvhsth,nalvhst,nhalvhst,nhalvhst,a,False,False,False,False,False,con,h_cons,True,True,False,False,True,True
1224,he/she is making him/her angry,cause[pres2],full,nhalvhstih,nalvhstih,nhalvhst,nhalvhst,nalvhst,nhalvhst,nhalvhstih,a,False,False,False,False,False,con,h_cons,True,True,False,False,True,True
1224,he/she is making him/her angry,cause[pres2-perf3],full,nhalvhstih,nalvhstih,nhalvhst,nhalvhsth,nalvhst,nhalvhst,nhalvhstih,a,False,False,False,False,False,con,h_cons,True,True,False,False,True,True
1227,he/she is rooting it out,ih-vh,full,nhahstetl,nahstetl,nhahstetl,nhahstetl,nhahstetl,nhahstel,nhahstetl,a,False,False,False,False,False,con,h_cons,True,True,False,False,False,True
1227,he/she is rooting it out,ih-vh[inf3],full,nhahstetl,nahstetl,nhahstetl,nhahstetl,nhahstetl,nhahste,nhahstetl,a,False,False,False,False,False,con,h_cons,True,True,False,False,False,True
1229,he/she is cold,become[imp2],full,nhawo,nawo,nhawo,nhawo,nhawo,nhawo,nhawo,a,False,False,False,False,False,con,h_cons,True,True,False,False,False,True
1230,he/she is speaking,become[imp2],full,nhe,ne,nhe,nhe,nhe,nhe,nhe,a,False,False,False,False,False,con,h_cons,True,True,False,False,False,True
1231,he/she is prying it,ih-vh,full,nhekwat,nekwat,nhekwat,nhekwat,nhekwat,nhekwat,nhekwat,a,False,False,False,False,False,con,h_cons,True,True,False,False,False,True
1232,he/she is accumulating it,glottal-sk,full,nhehkwo,nehkwo,nhehkwo,nhehkwo,nhehkwotsa,nhehkwo,nhehkwo,a,False,False,False,False,False,con,h_cons,True,True,False,False,False,True
1232,he/she is accumulating it,glottal-sk[inf2],full,nhehkwo,nehkwo,nhehkwo,nhehkwo,nhehkwotsa,nhehkwo,nhehkwo,a,False,False,False,False,False,con,h_cons,True,True,False,False,False,True
1232,he/she is accumulating it,glottal-sk[perf2],full,nhehkwo,nehkwo,nhehkwo,nhehkwo',nhehkwotsa,nhehkwo,nhehkwo,a,False,False,False,False,False,con,h_cons,True,True,False,False,False,True
1232,he/she is accumulating it,glottal-sk[perf2-inf2],full,nhehkwo,nehkwo,nhehkwo,nhehkwo',nhehkwotsa,nhehkwo,nhehkwo,a,False,False,False,False,False,con,h_cons,True,True,False,False,False,True
1232,he/she is accumulating it,o,full,nhehkw,nehkw,nhehkw,nhehkw,nhehkw,nhehkw,nhehkw,a,False,False,False,False,False,con,h_cons,True,True,False,False,False,True
1233,it’s accumulating,become[imp2],full,nhehkwo,,nhehkwo,nhehkwo,nhehkwo,nhehkwo'i,nhehkwo,a,False,False,False,False,False,con,h_cons,True,True,False,False,False,True
1233,it’s accumulating,become[imp2-inf4],full,nhehkwo,,nhehkwo,nhehkwo,nhehkwo,nhehkwo,nhehkwo,a,False,False,False,False,False,con,h_cons,True,True,False,False,False,True
1233,it’s accumulating,become[imp2-inf5],full,nhehkwo,,nhehkwo,nhehkwo,nhehkwo,nhehkwo',nhehkwo,a,False,False,False,False,False,con,h_cons,True,True,False,False,False,True
1234,he/she is mentioning it,cause,full,nhe'ihst,ne'ihst,nhe'ihst,nhe'ihst,nhe'ihst,nhe'ihst,nhe'ihst,a,False,False,False,False,False,con,h_cons,True,True,False,False,False,True
1234,he/she is mentioning it,cause[perf3],full,nhe'ihst,ne'ihst,nhe'ihst,nhe'ihsth,nhe'ihst,nhe'ihst,nhe'ihst,a,False,False,False,False,False,con,h_cons,True,True,False,False,False,True
1234,he/she is mentioning it,cause[pres2],full,nhe'ihstih,ne'ihstih,nhe'ihst,nhe'ihst,nhe'ihst,nhe'ihst,nhe'ihstih,a,False,False,False,False,False,con,h_cons,True,True,False,False,False,True
1234,he/she is mentioning it,cause[pres2-perf3],full,nhe'ihstih,ne'ihstih,nhe'ihst,nhe'ihsth,nhe'ihst,nhe'ihst,nhe'ihstih,a,False,False,False,False,False,con,h_cons,True,True,False,False,False,True
1235,it’s contaminated,scared,full,hanehsal,,hanehsal,,,,hanehsal,a,False,False,False,False,False,vowel_a,none,False,True,False,False,False,True
1235,it’s contaminated,aspectless,full,hanehsalh,,hanehsalh,,,,hanehsalh,a,False,False,False,False,False,vowel_a,none,False,True,False,False,False,True
1235,it’s contaminated,aspectless-h,full,hanehsal,,hanehsal,,,,hanehsal,a,False,False,False,False,False,vowel_a,none,False,True,False,False,False,True
1236,he/she is contaminating it,hvsk[perf2],full,nhehsal,nehsal,nhehsal,nhehsal,nhehsal,nhehsal,nhehsal,a,False,False,False,False,False,con,h_cons,True,True,False,False,False,True
1236,he/she is contaminating it,hvsk[perf2-inf2],full,nhehsal,nehsal,nhehsal,nhehsal,nhehsal,nhehsal,nhehsal,a,False,False,False,False,False,con,h_cons,True,True,False,False,False,True
1236,he/she is contaminating it,v'vsk,full,nhehsalh,nehsalh,nhehsalh,nhehsalha,nhehsalh,nhehsalh,nhehsalh,a,False,False,False,False,False,con,h_cons,True,True,False,False,False,True
1241,he/she is collecting from him/her,hvsk[perf2],full,nhil,nil,nhil,nhil,nil,nhil,nhil,a,False,False,False,False,False,con,h_cons,True,True,False,False,True,True
1241,he/she is collecting from him/her,hvsk[perf2-inf2],full,nhil,nil,nhil,nhil,nil,nhil,nhil,a,False,False,False,False,False,con,h_cons,True,True,False,False,True,True
1241,he/she is collecting from him/her,v'vsk,full,nhilh,nilh,nhilh,nhilha,nilh,nhilh,nhilh,a,False,False,False,False,False,con,h_cons,True,True,False,False,True,True
1246,he/she is telling it,apl-active[perf2],full,nhoh,noh,nhoh,nhoh,nhoh,nhoh,nhoh,a,False,False,False,False,False,con,h_cons,True,True,False,False,False,True
1246,he/she is telling it,apl-active[perf2-inf2],full,nhoh,noh,nhoh,nhoh,nhoh,nhohe,nhoh,a,False,False,False,False,False,con,h_cons,True,True,False,False,False,True
1246,he/she is telling it,apl-active[perf2-imp2],full,nhoh,noh,nhoh,nhoh,nhohvl,nhoh,nhoh,a,False,False,False,False,False,con,h_cons,True,True,False,False,False,True
1246,he/she is telling it,apl-active[perf2-imp2-inf2],full,nhoh,noh,nhoh,nhoh,nhohvl,nhohe,nhoh,a,False,False,False,False,False,con,h_cons,True,True,False,False,False,True
1247,he/she is omitting him/her,glottal-sk[perf2],full,nhohiya,nohiya,nhohiya,nhohiy,nohiya,nhohiya,nhohiya,a,False,False,False,False,False,con,h_cons,True,True,False,False,True,True
1247,he/she is omitting him/her,glottal-sk[perf2-inf2],full,nhohiya,nohiya,nhohiya,nhohiy,nohiya,nhohiya,nhohiya,a,False,False,False,False,False,con,h_cons,True,True,False,False,True,True
1249,he/she is fanning him/her,apl-active,full,nhoy,noy,nhoy,nhoy,noy,nhoy,nhoy,a,False,False,False,False,False,con,h_cons,True,True,False,False,True,True
1249,he/she is fanning him/her,apl-active[inf2],full,nhoy,noy,nhoy,nhoy,noy,nhoye,nhoy,a,False,False,False,False,False,con,h_cons,True,True,False,False,True,True
1249,he/she is fanning him/her,apl-active[imp2],full,nhoy,noy,nhoy,nhoy,noyvl,nhoy,nhoy,a,False,False,False,False,False,con,h_cons,True,True,False,False,True,True
1249,he/she is fanning him/her,apl-active[imp2-inf2],full,nhoy,noy,nhoy,nhoy,noyvl,nhoye,nhoy,a,False,False,False,False,False,con,h_cons,True,True,False,False,True,True
1253,it’s misting,glottal-sk[perf2],full,nhuyolati,,nhuyolati,nhuyola't,,nhuyolati,nhuyolati,a,False,False,False,False,False,con,h_cons,True,True,False,False,False,True
1253,it’s misting,glottal-sk[perf2-inf2],full,nhuyolati,,nhuyolati,nhuyola't,,nhuyolati,nhuyolati,a,False,False,False,False,False,con,h_cons,True,True,False,False,False,True
1253,it’s misting,eat,full,nhuyolat,,nhuyolat,nhuyola't,,nhuyolat,nhuyolat,a,False,False,False,False,False,con,h_cons,True,True,False,False,False,True
1254,he/she is straining it,cause,full,nhvhsolvhst,nvhsolvhst,nhvhsolvhst,nhvhsolvhst,nhvhsolvhst,nhvhsolvhst,nhvhsolvhst,a,False,False,False,False,False,con,h_cons,True,True,False,False,False,True
1254,he/she is straining it,cause[perf3],full,nhvhsolvhst,nvhsolvhst,nhvhsolvhst,nhvhsolvhsth,nhvhsolvhst,nhvhsolvhst,nhvhsolvhst,a,False,False,False,False,False,con,h_cons,True,True,False,False,False,True
1254,he/she is straining it,cause[pres2],full,nhvhsolvhstih,nvhsolvhstih,nhvhsolvhst,nhvhsolvhst,nhvhsolvhst,nhvhsolvhst,nhvhsolvhstih,a,False,False,False,False,False,con,h_cons,True,True,False,False,False,True
1254,he/she is straining it,cause[pres2-perf3],full,nhvhsolvhstih,nvhsolvhstih,nhvhsolvhst,nhvhsolvhsth,nhvhsolvhst,nhvhsolvhst,nhvhsolvhstih,a,False,False,False,False,False,con,h_cons,True,True,False,False,False,True
1256,he/she is curing him/her,hear,full,nhvw,nvw,nhvw,nhvw,nvw,nhvw,nhvw,a,False,False,False,False,False,con,h_cons,True,True,False,False,True,True
1261,he/she is parting with him/her,become[imp2],full,hte,vte,hte,hte,vte,hte'i,hte,a,False,False,False,False,False,vowel_e,none,False,True,False,False,True,True
1261,he/she is parting with him/her,become[imp2-inf4],full,hte,vte,hte,hte,vte,hte,hte,a,False,False,False,False,False,vowel_e,none,False,True,False,False,True,True
1261,he/she is parting with him/her,become[imp2-inf5],full,hte,vte,hte,hte,vte,hte',hte,a,False,False,False,False,False,vowel_e,none,False,True,False,False,True,True
1308,he/she is taking it off,glottal-sk[perf2],full,vnhte,vnhte,vnhte,vnhtehs,vnhtaki,vnhte,vnhte,a,False,False,True,False,False,vowel_v,none,False,True,True,False,False,False
1308,he/she is taking it off,glottal-sk[perf2-inf2],full,vnhte,vnhte,vnhte,vnhtehs,vnhtaki,vnhte,vnhte,a,False,False,True,False,False,vowel_v,none,False,True,True,False,False,False
1308,he/she is taking it off,rev-e,full,vnht,vnht,vnht,vnht,vnht,vnht,vnht,a,False,False,True,False,False,vowel_v,none,False,True,True,False,False,False
1309,he/she is putting it on,cause,full,vnht,vnht,vnht,vnht,vnht,vnht,vnht,a,False,False,True,False,False,vowel_v,none,False,True,True,False,False,False
1309,he/she is putting it on,cause[perf3],full,vnht,vnht,vnht,vnhth,vnht,vnht,vnht,a,False,False,True,False,False,vowel_v,none,False,True,True,False,False,False
1309,he/she is putting it on,cause[pres2],full,vnhtih,vnhtih,vnht,vnht,vnht,vnht,vnhtih,a,False,False,True,False,False,vowel_v,none,False,True,True,False,False,False
1309,he/she is putting it on,cause[pres2-perf3],full,vnhtih,vnhtih,vnht,vnhth,vnht,vnht,vnhtih,a,False,False,True,False,False,vowel_v,none,False,True,True,False,False,False
1323,he/she has something on,aspectless,full,vnht,vnht,vnht,vnht,vnht,,vnht,b,False,False,True,False,False,vowel_v,none,False,False,True,False,False,False
1450,he/she is in prayer,aspectless,full,atatolihst,atatolihst,atatolihst,atatolihst,atatolihst,atatolihsto,atatolihst,b,False,False,False,False,False,vowel_a,none,False,False,False,False,False,False
1450,he/she is in prayer,aspectless[inf2],full,atatolihst,atatolihst,atatolihst,atatolihst,atatolihst,atatolihst,atatolihst,b,False,False,False,False,False,vowel_a,none,False,False,False,False,False,False
1451,he/she loves,aspectless,full,atakeyuh,atakeyuh,atakeyuhs,atakeyuhs,atakeyuhs,atakey,atakeyuh,b,False,False,False,False,False,vowel_a,none,False,False,False,False,False,False
1451,he/she loves,aspectless-s,full,atakeyu,atakeyu,atakeyuh,atakeyuh,atakeyuh,atakey,atakeyu,b,False,False,False,False,False,vowel_a,none,False,False,False,False,False,False
1459,it’s wrinkled,aspectless,full,atanekoyuh,atanekoyuh,atanekoyuhs,atanekoyuhs,atanekoyuhs,,atanekoyuh,b,False,False,False,False,False,vowel_a,none,False,False,False,False,False,False
1459,it’s wrinkled,aspectless-s,full,atanekoyu,atanekoyu,atanekoyuh,atanekoyuh,atanekoyuh,,atanekoyu,b,False,False,False,False,False,vowel_a,none,False,False,False,False,False,False
1470,it’s in view,aspectless,full,atayvlath,atayvlath,atayvlath,atayvlath,atayvlath,atayvlat,atayvlath,b,False,False,False,False,False,vowel_a,none,False,False,False,False,False,False
1470,it’s in view,aspectless-h,full,atayvlat,atayvlat,atayvlat,atayvlat,atayvlat,atayvlat,atayvlat,b,False,False,False,False,False,vowel_a,none,False,False,False,False,False,False
1471,he/she is throwing it,go[inf2],full,at,at,at,atin,at,at,at,b,False,False,False,False,False,vowel_a,none,False,False,False,False,False,False
1471,he/she is throwing it,go[perf2-inf2],full,at,at,at,at,at,at,at,b,False,False,False,False,False,vowel_a,none,False,False,False,False,False,False
1471,he/she is throwing it,go[pres2-perf2-inf2],full,atek,atek,at,at,at,at,atek,b,False,False,False,False,False,vowel_a,none,False,False,False,False,False,False
1476,he/she is having a birthday,ih-vh,full,atethiy,atethiy,atethiy,atethiy,atethiy,atethiy,atethiy,b,False,False,False,False,False,vowel_a,none,False,False,False,False,False,False
1478,it’s hot,aspectless,full,tilhehk,,tilhehk,tilhehk,tilhehk,,tilhehk,b,False,False,False,False,False,con,none,False,False,False,False,False,True
1480,he/she is in hiding,aspectless,full,atihskalh,atihskalh,atihskalh,atihskalh,atihskalh,atihskal,atihskalh,b,False,False,False,False,False,vowel_a,none,False,False,False,False,False,False
1480,he/she is in hiding,aspectless-h,full,atihskal,atihskal,atihskal,atihskal,atihskal,atihskal,atihskal,b,False,False,False,False,False,vowel_a,none,False,False,False,False,False,False
1481,he/she is getting well,sk-s,full,atiw,atiw,atiw,atiw,atiw,atiw,atiw,b,False,False,False,False,False,vowel_a,none,False,False,False,False,False,False
1481,he/she is getting well,sk-s[inf2],full,atiw,atiw,atiw,atiw,atiw,atiwhi,atiw,b,False,False,False,False,False,vowel_a,none,False,False,False,False,False,False
1481,he/she is getting well,sk-s[inf3],full,atiw,atiw,atiw,atiw,atiw,atiwh,atiw,b,False,False,False,False,False,vowel_a,none,False,False,False,False,False,False
1481,he/she is getting well,sk-s[imp3],full,atiw,atiw,atiw,atiw,atiwhi,atiw,atiw,b,False,False,False,False,False,vowel_a,none,False,False,False,False,False,False
1481,he/she is getting well,sk-s[imp3-inf2],full,atiw,atiw,atiw,atiw,atiwhi,atiwhi,atiw,b,False,False,False,False,False,vowel_a,none,False,False,False,False,False,False
1481,he/she is getting well,sk-s[imp3-inf3],full,atiw,atiw,atiw,atiw,atiwhi,atiwh,atiw,b,False,False,False,False,False,vowel_a,none,False,False,False,False,False,False
1483,there’s an opening,aspectless,full,tlanvt,,tlanvt,tlanvt,,,tlanvt,b,False,False,False,False,False,con,none,False,False,False,False,False,True
1484,he/she has time,apl,full,atlanvta't,atlanvta't,atlanvta't,atlanvta't,atlanvtati,atlanvta't,atlanvta't,b,False,False,False,False,False,vowel_a,none,False,False,False,False,False,False
1484,he/she has time,apl[imp2],full,atlanvta't,atlanvta't,atlanvta't,atlanvta't,atlanvtati,atlanvta't,atlanvta't,b,False,False,False,False,False,vowel_a,none,False,False,False,False,False,False
1484,he/she has time,apl[imp3],full,atlanvta't,atlanvta't,atlanvta't,atlanvta't,atlanvtati,atlanvta't,atlanvta't,b,False,False,False,False,False,vowel_a,none,False,False,False,False,False,False
1484,he/she has time,apl[imp4],full,atlanvta't,atlanvta't,atlanvta't,atlanvta't,atlanvtat,atlanvta't,atlanvta't,b,False,False,False,False,False,vowel_a,none,False,False,False,False,False,False
1485,he/she is disbelieving,apl,full,atlahsithv',atlahsithv',atlahsithv',atlahsithv',atlahsithv,atlahsithv',atlahsithv',b,False,False,False,False,False,vowel_a,none,False,False,False,False,False,False
1485,he/she is disbelieving,apl[imp2],full,atlahsithv',atlahsithv',atlahsithv',atlahsithv',atlahsithv,atlahsithv',atlahsithv',b,False,False,False,False,False,vowel_a,none,False,False,False,False,False,False
1485,he/she is disbelieving,apl[imp3],full,atlahsithv',atlahsithv',atlahsithv',atlahsithv',atlahsithv,atlahsithv',atlahsithv',b,False,False,False,False,False,vowel_a,none,False,False,False,False,False,False
1487,he/she is taking revenge,become[imp2],full,atle,atle,atle,atle,atle,atle'i,atle,b,False,False,False,False,False,vowel_a,none,False,False,False,False,False,False
1487,he/she is taking revenge,become[imp2-inf4],full,atle,atle,atle,atle,atle,atle,atle,b,False,False,False,False,False,vowel_a,none,False,False,False,False,False,False
1487,he/she is taking revenge,become[imp2-inf5],full,atle,atle,atle,atle,atle,atle',atle,b,False,False,False,False,False,vowel_a,none,False,False,False,False,False,False
1489,he/she is wearing an earring,aspectless,full,atli'at,atli'at,atli'at,atli'at,atli'at,,atli'at,b,False,False,False,False,False,vowel_a,none,False,False,False,False,False,False
1505,he/she is standing in liquid,aspectless,full,atuh,atuh,atuhs,atuhs,atuhs,atu,atuh,b,False,False,False,False,False,vowel_a,none,False,False,False,False,False,False
1505,he/she is standing in liquid,aspectless-s,full,atu,atu,atuh,atuh,atuh,atu,atu,b,False,False,False,False,False,vowel_a,none,False,False,False,False,False,False
1507,he/she wants it,ih-vh,full,atul,atul,atul,atul,atul,atul,atul,b,False,False,False,False,False,vowel_a,none,False,False,False,False,False,False
1507,he/she wants it,ih-vh[inf3],full,atul,atul,atul,atul,atul,atu,atul,b,False,False,False,False,False,vowel_a,none,False,False,False,False,False,False
1508,he/she is willing,aspectless,full,atvnv'ihst,atvnv'ihst,atvnv'ihst,atvnv'ihst,atvnv'ihst,,atvnv'ihst,b,False,False,False,False,False,vowel_a,none,False,False,False,False,False,False
1514,he/she is becoming warm,sk-s,full,kanawo,kanawo,kanawo,kanawo,kanawo,kanawo,kanawo,b,False,False,False,False,False,con,none,False,False,False,True,False,True
1514,he/she is becoming warm,sk-s[inf2],full,kanawo,kanawo,kanawo,kanawo,kanawo,kanawohi,kanawo,b,False,False,False,False,False,con,none,False,False,False,True,False,True
1514,he/she is becoming warm,sk-s[inf3],full,kanawo,kanawo,kanawo,kanawo,kanawo,kanawoh,kanawo,b,False,False,False,False,False,con,none,False,False,False,True,False,True
1514,he/she is becoming warm,sk-s[imp3],full,kanawo,kanawo,kanawo,kanawo,kanawohi,kanawo,kanawo,b,False,False,False,False,False,con,none,False,False,False,True,False,True
1514,he/she is becoming warm,sk-s[imp3-inf2],full,kanawo,kanawo,kanawo,kanawo,kanawohi,kanawohi,kanawo,b,False,False,False,False,False,con,none,False,False,False,True,False,True
1514,he/she is becoming warm,sk-s[imp3-inf3],full,kanawo,kanawo,kanawo,kanawo,kanawohi,kanawoh,kanawo,b,False,False,False,False,False,con,none,False,False,False,True,False,True
1516,he/she is possessive of him/her,aspectless,full,keyuh,keyu',keyuhs,keyuhs,keyuhs,key,keyuh,b,False,False,False,False,False,con,none,False,False,False,False,True,True
1516,he/she is possessive of him/her,aspectless-s,full,keyu,keyu,keyuh,keyuh,keyuh,key,keyu,b,False,False,False,False,False,con,none,False,False,False,False,True,True
1523,he/she is late,become[imp2],full,konhiyo,konhiyo,konhiyo,konhiyo,konhiyo,konhiyo,konhiyo,b,False,False,False,False,False,con,none,False,False,False,True,False,True
1524,it’s decaying,sk-s,full,ko,ko,ko,ko,ko,ko,ko,b,False,False,False,False,False,con,none,False,False,False,True,False,True
1524,it’s decaying,sk-s[inf2],full,ko,ko,ko,ko,ko,kohi,ko,b,False,False,False,False,False,con,none,False,False,False,True,False,True
1524,it’s decaying,sk-s[inf3],full,ko,ko,ko,ko,ko,koh,ko,b,False,False,False,False,False,con,none,False,False,False,True,False,True
1524,it’s decaying,sk-s[imp3],full,ko,ko,ko,ko,kohi,ko,ko,b,False,False,False,False,False,con,none,False,False,False,True,False,True
1524,it’s decaying,sk-s[imp3-inf2],full,ko,ko,ko,ko,kohi,kohi,ko,b,False,False,False,False,False,con,none,False,False,False,True,False,True
1524,it’s decaying,sk-s[imp3-inf3],full,ko,ko,ko,ko,kohi,koh,ko,b,False,False,False,False,False,con,none,False,False,False,True,False,True
1530,he/she has an object,aspectless,full,h,h,h,h,h,,h,b,False,False,False,False,False,con,none,False,False,False,True,False,True
1530,he/she has an object,aspectless-h,full,,,,,,,,b,False,False,False,False,False,con,none,False,False,False,True,False,True
1531,he/she is yawning,apl-active,full,halhok,halhok,halhok,halhok,halhok,halhok,halhok,b,False,False,False,False,False,con,none,False,False,False,False,False,False
1531,he/she is yawning,apl-active[inf2],full,halhok,halhok,halhok,halhok,halhok,halhoke,halhok,b,False,False,False,False,False,con,none,False,False,False,False,False,False
1531,he/she is yawning,apl-active[imp2],full,halhok,halhok,halhok,halhok,halhokvl,halhok,halhok,b,False,False,False,False,False,con,none,False,False,False,False,False,False
1531,he/she is yawning,apl-active[imp2-inf2],full,halhok,halhok,halhok,halhok,halhokvl,halhoke,halhok,b,False,False,False,False,False,con,none,False,False,False,False,False,False
1534,he/she is having trouble breathing,cause,full,hawohst,hawohst,hawohst,hawohst,hawohst,hawohst,hawohst,b,False,False,False,False,False,con,none,False,False,False,True,False,True
1534,he/she is having trouble breathing,cause[perf3],full,hawohst,hawohst,hawohst,hawohsth,hawohst,hawohst,hawohst,b,False,False,False,False,False,con,none,False,False,False,True,False,True
1534,he/she is having trouble breathing,cause[pres2],full,hawohstih,hawohstih,hawohst,hawohst,hawohst,hawohst,hawohstih,b,False,False,False,False,False,con,none,False,False,False,True,False,True
1534,he/she is having trouble breathing,cause[pres2-perf3],full,hawohstih,hawohstih,hawohst,hawohsth,hawohst,hawohst,hawohstih,b,False,False,False,False,False,con,none,False,False,False,True,False,True
1535,there is dew,aspectless,full,hihsath,hihsath,hihsath,hihsath,hihsath,,hihsath,b,False,False,False,False,False,con,none,False,False,False,True,False,True
1535,there is dew,aspectless-h,full,hihsat,hihsat,hihsat,hihsat,hihsat,,hihsat,b,False,False,False,False,False,con,none,False,False,False,True,False,True
1536,he/she is lonesome,apl,full,hihsohtan,hihsohtan,hihsohtan,hihsohtan,hihsohta,hihsohtan,hihsohtan,b,False,False,False,False,False,con,none,False,False,False,False,False,False
1536,he/she is lonesome,apl[imp2],full,hihsohtan,hihsohtan,hihsohtan,hihsohtan,hihsohta,hihsohtan,hihsohtan,b,False,False,False,False,False,con,none,False,False,False,False,False,False
1536,he/she is lonesome,apl[imp3],full,hihsohtan,hihsohtan,hihsohtan,hihsohtan,hihsohta,hihsohtan,hihsohtan,b,False,False,False,False,False,con,none,False,False,False,False,False,False
1537,it’s lonesome,aspectless,full,hihsoht,,hihsoht,hihsoht,,,hihsoht,b,False,False,False,False,False,con,none,False,False,False,False,False,True
1544,he/she is becoming angry,become[imp2],full,nhalv,nhalv,nhalv,nhalv,nhalv,nhalv'i,nhalv,b,False,False,False,False,False,con,h_cons,True,False,False,False,False,True
1544,he/she is becoming angry,become[imp2-inf4],full,nhalv,nhalv,nhalv,nhalv,nhalv,nhalv,nhalv,b,False,False,False,False,False,con,h_cons,True,False,False,False,False,True
1544,he/she is becoming angry,become[imp2-inf5],full,nhalv,nhalv,nhalv,nhalv,nhalv,nhalv',nhalv,b,False,False,False,False,False,con,h_cons,True,False,False,False,False,True
1545,he/she is angry,aspectless,full,nhalvh,nhalvh,nhalvhs,nhalvhs,nhalvhs,,nhalvh,b,False,False,False,False,False,con,h_cons,True,False,False,False,False,True
1545,he/she is angry,aspectless-s,full,nhalv,nhalv,nhalvh,nhalvh,nhalvh,,nhalv,b,False,False,False,False,False,con,h_cons,True,False,False,False,False,True
1548,he/she is stubbing his/her toe,glottal-sk,full,nhahskwalo,nhahskwalo,nhahskwalo,nhahskwalo,nhahskwalotsa,nhahskwalo,nhahskwalo,b,False,False,False,False,False,con,h_cons,True,False,False,False,False,True
1548,he/she is stubbing his/her toe,glottal-sk[inf2],full,nhahskwalo,nhahskwalo,nhahskwalo,nhahskwalo,nhahskwalotsa,nhahskwalo,nhahskwalo,b,False,False,False,False,False,con,h_cons,True,False,False,False,False,True
1548,he/she is stubbing his/her toe,glottal-sk[perf2],full,nhahskwalo,nhahskwalo,nhahskwalo,nhahskwalo',nhahskwalotsa,nhahskwalo,nhahskwalo,b,False,False,False,False,False,con,h_cons,True,False,False,False,False,True
1548,he/she is stubbing his/her toe,glottal-sk[perf2-inf2],full,nhahskwalo,nhahskwalo,nhahskwalo,nhahskwalo',nhahskwalotsa,nhahskwalo,nhahskwalo,b,False,False,False,False,False,con,h_cons,True,False,False,False,False,True
1548,he/she is stubbing his/her toe,o,full,nhahskwal,nhahskwal,nhahskwal,nhahskwal,nhahskwal,nhahskwal,nhahskwal,b,False,False,False,False,False,con,h_cons,True,False,False,False,False,True
1551,he/she has a chill,cause,full,nhawahst,nhawahst,nhawahst,nhawahst,nhawahst,nhawahst,nhawahst,b,False,False,False,False,False,con,h_cons,True,False,False,False,False,True
1551,he/she has a chill,cause[perf3],full,nhawahst,nhawahst,nhawahst,nhawahsth,nhawahst,nhawahst,nhawahst,b,False,False,False,False,False,con,h_cons,True,False,False,False,False,True
1551,he/she has a chill,cause[pres2],full,nhawahstih,nhawahstih,nhawahst,nhawahst,nhawahst,nhawahst,nhawahstih,b,False,False,False,False,False,con,h_cons,True,False,False,False,False,True
1551,he/she has a chill,cause[pres2-perf3],full,nhawahstih,nhawahstih,nhawahst,nhawahsth,nhawahst,nhawahst,nhawahstih,b,False,False,False,False,False,con,h_cons,True,False,False,False,False,True
1554,he/she is in bed,aspectless,full,anhih,anhih,anhih,anhih,anhih,,anhih,b,False,False,False,False,False,vowel_a,none,False,False,False,False,False,False
1554,he/she is in bed,aspectless-h,full,anhi,anhi,anhi,anhi,anhi,,anhi,b,False,False,False,False,False,vowel_a,none,False,False,False,False,False,False
1557,he/she is wearing a shirt,aspectless,full,anhuw,anhuw,anhuw,anhuw,anhuw,,anhuw,b,False,False,False,False,False,vowel_a,none,False,False,False,False,False,False
1561,he/she is buying it,sk-s,full,wha,wha,wha,wha,wha,wha,wha,b,False,False,False,False,False,con,h_cons,True,False,False,False,False,True
1561,he/she is buying it,sk-s[inf2],full,wha,wha,wha,wha,wha,whahi,wha,b,False,False,False,False,False,con,h_cons,True,False,False,False,False,True
1561,he/she is buying it,sk-s[inf3],full,wha,wha,wha,wha,wha,whah,wha,b,False,False,False,False,False,con,h_cons,True,False,False,False,False,True
1561,he/she is buying it,sk-s[imp3],full,wha,wha,wha,wha,whahi,wha,wha,b,False,False,False,False,False,con,h_cons,True,False,False,False,False,True
1561,he/she is buying it,sk-s[imp3-inf2],full,wha,wha,wha,wha,whahi,whahi,wha,b,False,False,False,False,False,con,h_cons,True,False,False,False,False,True
1561,he/she is buying it,sk-s[imp3-inf3],full,wha,wha,wha,wha,whahi,whah,wha,b,False,False,False,False,False,con,h_cons,True,False,False,False,False,True
1563,he/she is looking for it,around[perf2-imp2-inf2],full,yh,yh,yh,yh,yh,y,yh,b,False,False,False,False,False,con,none,False,False,False,True,False,True
1563,he/she is looking for it,around[perf2-imp2-inf3],full,yh,yh,yh,yh,yh,y,yh,b,False,False,False,False,False,con,none,False,False,False,True,False,True
1569,it is cold,aspectless,full,yhvtl,,yhvtl,yhvtl,,,yhvtl,b,False,False,False,False,False,con,none,False,False,False,False,False,True
1572,he/she is getting drunk,glottal-sk,full,yhvhste,yhvhste,yhvhste,yhvhsta,yhvhstaka,yhvhste,yhvhste,b,False,False,False,False,False,con,h_cons,True,False,False,False,False,True
1572,he/she is getting drunk,glottal-sk[inf2],full,yhvhste,yhvhste,yhvhste,yhvhsta,yhvhstaka,yhvhste,yhvhste,b,False,False,False,False,False,con,h_cons,True,False,False,False,False,True
1572,he/she is getting drunk,glottal-sk[perf2],full,yhvhste,yhvhste,yhvhste,yhvhsta',yhvhstaka,yhvhste,yhvhste,b,False,False,False,False,False,con,h_cons,True,False,False,False,False,True
1572,he/she is getting drunk,glottal-sk[perf2-inf2],full,yhvhste,yhvhste,yhvhste,yhvhsta',yhvhstaka,yhvhste,yhvhste,b,False,False,False,False,False,con,h_cons,True,False,False,False,False,True
1572,he/she is getting drunk,e-aka,full,yhvhst,yhvhst,yhvhst,yhvhst,yhvhst,yhvhst,yhvhst,b,False,False,False,False,False,con,h_cons,True,False,False,False,False,True
1576,he/she is inside it,aspectless,full,atsa',atsa',atsa',atsa',atsa',,atsa',b,False,False,False,False,False,vowel_a,none,False,False,False,False,False,False
1592,it’s sticking out,aspectless,full,akhsath,akhsath,akhsath,akhsath,akhsath,akhsat,akhsath,b,False,False,False,False,False,vowel_a,none,False,False,False,False,False,False
1592,it’s sticking out,aspectless-h,full,akhsat,akhsat,akhsat,akhsat,akhsat,akhsat,akhsat,b,False,False,False,False,False,vowel_a,none,False,False,False,False,False,False
1593,he/she is watching him/her,aspectless,full,akhsehst,akahsehst,akhsehst,akhsehst,akahsehst,akhsehsto,akhsehst,b,False,False,False,False,False,vowel_a,none,False,False,False,False,True,True
1593,he/she is watching him/her,aspectless[inf2],full,akhsehst,akahsehst,akhsehst,akhsehst,akahsehst,akhsehst,akhsehst,b,False,False,False,False,False,vowel_a,none,False,False,False,False,True,True
1597,it’s foggy,aspectless,full,khvhat,khvhat,khvhat,khvhat,khvhat,,khvhat,b,False,False,False,False,False,con,none,False,False,False,True,False,True
1599,he/she is not having luck at hunting,go,full,kwhol,kwhol,kwhol,kwhol,kwhol,kwhol,kwhol,b,False,False,False,False,False,con,none,False,False,False,True,False,True
1599,he/she is not having luck at hunting,go[pres2],full,kwholek,kwholek,kwhol,kwhol,kwhol,kwhol,kwholek,b,False,False,False,False,False,con,none,False,False,False,True,False,True
1602,he/she is losing his/her way,ih-l[perf3],full,alenah,alenah,alenah,alena,alena,alenahs,alenah,b,False,False,False,False,False,vowel_a,none,False,False,False,False,False,False
1602,he/she is losing his/her way,ih-l[perf3-inf2],full,alenah,alenah,alenah,alena,alena,alena,alenah,b,False,False,False,False,False,vowel_a,none,False,False,False,False,False,False
1602,he/she is losing his/her way,ih-l[perf3-inf3],full,alenah,alenah,alenah,alena,alena,alena,alenah,b,False,False,False,False,False,vowel_a,none,False,False,False,False,False,False
1602,he/she is losing his/her way,ih-l[perf3-imp2],full,alenah,alenah,alenah,alena,alena,alenahs,alenah,b,False,False,False,False,False,vowel_a,none,False,False,False,False,False,False
1602,he/she is losing his/her way,ih-l[perf3-imp2-inf2],full,alenah,alenah,alenah,alena,alena,alena,alenah,b,False,False,False,False,False,vowel_a,none,False,False,False,False,False,False
1602,he/she is losing his/her way,ih-l[perf3-imp2-inf3],full,alenah,alenah,alenah,alena,alena,alena,alenah,b,False,False,False,False,False,vowel_a,none,False,False,False,False,False,False
1602,he/she is losing his/her way,ih-l[perf3-imp3],full,alenah,alenah,alenah,alena,alen,alenahs,alenah,b,False,False,False,False,False,vowel_a,none,False,False,False,False,False,False
1602,he/she is losing his/her way,ih-l[perf3-imp3-inf2],full,alenah,alenah,alenah,alena,alen,alena,alenah,b,False,False,False,False,False,vowel_a,none,False,False,False,False,False,False
1602,he/she is losing his/her way,ih-l[perf3-imp3-inf3],full,alenah,alenah,alenah,alena,alen,alena,alenah,b,False,False,False,False,False,vowel_a,none,False,False,False,False,False,False
1602,he/she is losing his/her way,ih-l[perf3-imp4],full,alenah,alenah,alenah,alena,alenak,alenahs,alenah,b,False,False,False,False,False,vowel_a,none,False,False,False,False,False,False
1602,he/she is losing his/her way,ih-l[perf3-imp4-inf2],full,alenah,alenah,alenah,alena,alenak,alena,alenah,b,False,False,False,False,False,vowel_a,none,False,False,False,False,False,False
1602,he/she is losing his/her way,ih-l[perf3-imp4-inf3],full,alenah,alenah,alenah,alena,alenak,alena,alenah,b,False,False,False,False,False,vowel_a,none,False,False,False,False,False,False
1604,he/she is making a mistake,cause,full,litahst,litahst,litahst,litahst,litahst,litahst,litahst,b,False,False,False,False,False,con,none,False,False,False,True,False,True
1604,he/she is making a mistake,cause[perf3],full,litahst,litahst,litahst,litahsth,litahst,litahst,litahst,b,False,False,False,False,False,con,none,False,False,False,True,False,True
1604,he/she is making a mistake,cause[pres2],full,litahstih,litahstih,litahst,litahst,litahst,litahst,litahstih,b,False,False,False,False,False,con,none,False,False,False,True,False,True
1604,he/she is making a mistake,cause[pres2-perf3],full,litahstih,litahstih,litahst,litahsth,litahst,litahst,litahstih,b,False,False,False,False,False,con,none,False,False,False,True,False,True
1612,he/she is whining,cause,full,liyet,liyet,liyet,liyet,liyet,liyet,liyet,b,False,False,False,False,False,con,none,False,False,False,True,False,True
1612,he/she is whining,cause[perf3],full,liyet,liyet,liyet,liyeth,liyet,liyet,liyet,b,False,False,False,False,False,con,none,False,False,False,True,False,True
1612,he/she is whining,cause[pres2],full,liyetih,liyetih,liyet,liyet,liyet,liyet,liyetih,b,False,False,False,False,False,con,none,False,False,False,True,False,True
1612,he/she is whining,cause[pres2-perf3],full,liyetih,liyetih,liyet,liyeth,liyet,liyet,liyetih,b,False,False,False,False,False,con,none,False,False,False,True,False,True
1613,he/she is wearing a ring,aspectless,full,aliyehsuhsthk,aliyehsuhsthk,aliyehsuhsthk,aliyehsuhsthk,aliyehsuhsthk,,aliyehsuhsthk,b,False,False,False,False,False,vowel_a,none,False,False,False,False,False,False
1614,it’s cloudy,aspectless,full,lokil,,lokil,lokil,,,lokil,b,False,False,False,False,False,con,none,False,False,False,False,False,True
1616,it’s happening to him,apl,full,alhstanh,alhstanh,alhstanh,alhstanh,alhsta,alhstanh,alhstanh,b,False,False,False,False,False,vowel_a,none,False,False,False,False,False,False
1616,it’s happening to him,apl[imp2],full,alhstanh,alhstanh,alhstanh,alhstanh,alhsta,alhstanh,alhstanh,b,False,False,False,False,False,vowel_a,none,False,False,False,False,False,False
1616,it’s happening to him,apl[imp3],full,alhstanh,alhstanh,alhstanh,alhstanh,alhsta,alhstanh,alhstanh,b,False,False,False,False,False,vowel_a,none,False,False,False,False,False,False
1618,he/she is wearing a cap,aspectless,full,alhstul,alhstul,alhstul,alhstul,alhstul,,alhstul,b,False,False,False,False,False,vowel_a,none,False,False,False,False,False,False
1621,he/she is sticking his/her head out,aspectless,full,alhskwalut,alhskwalut,alhskwalut,alhskwalut,alhskwalut,,alhskwalut,b,False,False,False,False,False,vowel_a,none,False,False,False,False,False,False
1622,he/she is wearing a hat,aspectless,full,alhskwethuhk,alhskwethuhk,alhskwethuhk,alhskwethuhk,alhskwethuhk,,alhskwethuhk,b,False,False,False,False,False,vowel_a,none,False,False,False,False,False,False
1623,it’s dark,aspectless,full,lhsihk,,lhsihk,lhsihk,lhsihk,,lhsihk,b,False,False,False,False,False,con,none,False,False,False,False,False,True
1629,he/she has an object,aspectless,full,na',na',na',na',na',,na',b,False,False,False,False,False,con,none,False,False,False,True,False,True
1639,he/she is being mean,aspectless,full,nekuts,nekuts,nekuts,nekuts,nekuts,,nekuts,b,False,False,False,False,False,con,none,False,False,False,True,False,True
1642,he/she has a liquid,aspectless,full,neh,neh,neh,neh,neh,ne,neh,b,False,False,False,False,False,con,none,False,False,False,True,False,True
1642,he/she has a liquid,aspectless-h,full,ne,ne,ne,ne,ne,ne,ne,b,False,False,False,False,False,con,none,False,False,False,True,False,True
1646,he/she knows it,aspectless,full,anhth,anhth,anhth,anhth,anhth,,anhth,b,False,False,False,False,False,vowel_a,none,False,False,False,False,False,False
1646,he/she knows it,aspectless-h,full,anht,anht,anht,anht,anht,,anht,b,False,False,False,False,False,vowel_a,none,False,False,False,False,False,False
1677,he/she is wearing pants,aspectless,full,ahsul,ahsul,ahsul,ahsul,ahsul,,ahsul,b,False,False,False,False,False,vowel_a,none,False,False,False,False,False,False
1683,he/she is thirsty,hear,full,thatek,thatek,thatek,thatek,thatek,thatek,thatek,b,False,False,False,False,False,aspirated,none,False,False,False,False,False,False
1684,he/she is becoming enraged,sk-s,full,thalhawo,thalhawo,thalhawo,thalhawo,thalhawo,thalhawo,thalhawo,b,False,False,False,False,False,aspirated,none,False,False,False,False,False,False
1684,he/she is becoming enraged,sk-s[inf2],full,thalhawo,thalhawo,thalhawo,thalhawo,thalhawo,thalhawohi,thalhawo,b,False,False,False,False,False,aspirated,none,False,False,False,False,False,False
1684,he/she is becoming enraged,sk-s[inf3],full,thalhawo,thalhawo,thalhawo,thalhawo,thalhawo,thalhawoh,thalhawo,b,False,False,False,False,False,aspirated,none,False,False,False,False,False,False
1684,he/she is becoming enraged,sk-s[imp3],full,thalhawo,thalhawo,thalhawo,thalhawo,thalhawohi,thalhawo,thalhawo,b,False,False,False,False,False,aspirated,none,False,False,False,False,False,False
1684,he/she is becoming enraged,sk-s[imp3-inf2],full,thalhawo,thalhawo,thalhawo,thalhawo,thalhawohi,thalhawohi,thalhawo,b,False,False,False,False,False,aspirated,none,False,False,False,False,False,False
1684,he/she is becoming enraged,sk-s[imp3-inf3],full,thalhawo,thalhawo,thalhawo,thalhawo,thalhawohi,thalhawoh,thalhawo,b,False,False,False,False,False,aspirated,none,False,False,False,False,False,False
1693,he/she is listening to him/her,aspectless,full,athvtahst,athvtahst,athvtahst,athvtahst,athvtahst,athvtahsto,athvtahst,b,False,False,False,False,False,vowel_a,none,False,False,False,False,True,True
1693,he/she is listening to him/her,aspectless[inf2],full,athvtahst,athvtahst,athvtahst,athvtahst,athvtahst,athvtahst,athvtahst,b,False,False,False,False,False,vowel_a,none,False,False,False,False,True,True
1698,he/she is forgetting it,sk-s[imp2],full,vkhew,vkhew,vkhew,vkhew,vkhew,vkhew,vkhew,b,False,True,False,False,False,vowel_v,none,False,False,True,False,False,False
1698,he/she is forgetting it,sk-s[imp2-inf2],full,vkhew,vkhew,vkhew,vkhew,vkhew,vkhewhi,vkhew,b,False,True,False,False,False,vowel_v,none,False,False,True,False,False,False
1698,he/she is forgetting it,sk-s[imp2-inf3],full,vkhew,vkhew,vkhew,vkhew,vkhew,vkhewh,vkhew,b,False,True,False,False,False,vowel_v,none,False,False,True,False,False,False
1698,he/she is forgetting it,sk-s[imp4],full,vkhew,vkhew,vkhew,vkhew,vkhew,vkhew,vkhew,b,False,True,False,False,False,vowel_v,none,False,False,True,False,False,False
1698,he/she is forgetting it,sk-s[imp4-inf2],full,vkhew,vkhew,vkhew,vkhew,vkhew,vkhewhi,vkhew,b,False,True,False,False,False,vowel_v,none,False,False,True,False,False,False
1698,he/she is forgetting it,sk-s[imp4-inf3],full,vkhew,vkhew,vkhew,vkhew,vkhew,vkhewh,vkhew,b,False,True,False,False,False,vowel_v,none,False,False,True,False,False,False
1698,he/she is forgetting it,sk-s[imp3],full,vkhew,vkhew,vkhew,vkhew,vkhewa,vkhew,vkhew,b,False,True,False,False,False,vowel_v,none,False,False,True,False,False,False
1698,he/she is forgetting it,sk-s[imp3-inf2],full,vkhew,vkhew,vkhew,vkhew,vkhewa,vkhewhi,vkhew,b,False,True,False,False,False,vowel_v,none,False,False,True,False,False,False
1698,he/she is forgetting it,sk-s[imp3-inf3],full,vkhew,vkhew,vkhew,vkhew,vkhewa,vkhewh,vkhew,b,False,True,False,False,False,vowel_v,none,False,False,True,False,False,False
1699,he/she is belching,become[imp2],full,khule,khule,khule,khule,khule,khule'i,khule,b,False,False,False,False,False,con,none,False,False,True,True,False,True
1699,he/she is belching,become[imp2-inf4],full,khule,khule,khule,khule,khule,khule,khule,b,False,False,False,False,False,con,none,False,False,True,True,False,True
1699,he/she is belching,become[imp2-inf5],full,khule,khule,khule,khule,khule,khule',khule,b,False,False,False,False,False,con,none,False,False,True,True,False,True
1700,he/she is shivering,glottal-sk[perf2],full,nawi,nawi,nawi,naw,nawa,nawi,nawi,b,False,False,False,False,False,con,none,False,False,True,True,False,True
1700,he/she is shivering,glottal-sk[perf2-inf2],full,nawi,nawi,nawi,naw,nawa,nawi,nawi,b,False,False,False,False,False,con,none,False,False,True,True,False,True
1700,he/she is shivering,eat,full,naw,naw,naw,naw,naw,naw,naw,b,False,False,False,False,False,con,none,False,False,True,True,False,True
1708,he/she smells it,become[imp2],full,whsv,whsv,whsv,whsv,whsv,whsv,whsv,b,False,False,False,False,False,con,none,False,False,True,True,False,True
1709,he/she has an object,aspectless,full,vy,vy,vy,vy,vy,,vy,b,False,False,False,False,False,vowel_v,none,False,False,True,False,False,False
1710,he/she is aching,apl,full,ehihstan,ehihstan,ehihstan,ehihstan,ehihsta,ehihstan,ehihstan,b,False,False,False,False,False,vowel_e,none,False,False,False,False,False,True
1710,he/she is aching,apl[imp2],full,ehihstan,ehihstan,ehihstan,ehihstan,ehihsta,ehihstan,ehihstan,b,False,False,False,False,False,vowel_e,none,False,False,False,False,False,True
1710,he/she is aching,apl[imp3],full,ehihstan,ehihstan,ehihstan,ehihstan,ehihsta,ehihstan,ehihstan,b,False,False,False,False,False,vowel_e,none,False,False,False,False,False,True
1721,he/she is worried,glottal-sk[perf2],full,elihi,elihi,elihi,elihihsk,elihihskehsti,elihi,elihi,b,False,False,False,False,False,vowel_e,none,False,False,False,False,False,True
1721,he/she is worried,glottal-sk[perf2-inf2],full,elihi,elihi,elihi,elihihsk,elihihskehsti,elihi,elihi,b,False,False,False,False,False,vowel_e,none,False,False,False,False,False,True
1729,he/she is confident,aspectless,full,ohiyuh,ohiyuh,ohiyuhs,ohiyuhs,ohiyuhs,,ohiyuh,b,False,False,False,False,False,vowel_e,none,False,False,False,False,False,True
1729,he/she is confident,aspectless-s,full,ohiyu,ohiyu,ohiyuh,ohiyuh,ohiyuh,,ohiyu,b,False,False,False,False,False,vowel_e,none,False,False,False,False,False,True
1730,he/she is sitting,aspectless,full,olh,olh,olh,olh,olh,,olh,b,False,False,False,False,False,vowel_e,none,False,False,False,False,False,True
1730,he/she is sitting,aspectless-h,full,ol,ol,ol,ol,ol,,ol,b,False,False,False,False,False,vowel_e,none,False,False,False,False,False,True
1740,he/she is itching,glottal-sk[perf2],full,yote,yote,yote,yotehsk,yotaka,yote,yote,b,False,False,False,False,False,con,none,False,False,False,True,False,True
1740,he/she is itching,glottal-sk[perf2-inf2],full,yote,yote,yote,yotehsk,yotaka,yote,yote,b,False,False,False,False,False,con,none,False,False,False,True,False,True
1741,he/she is losing it,apl,full,yohuhs,yohuhs,yohuhs,yohuhs,yohu,yohuhs,yohuhs,b,False,False,False,False,False,con,none,False,False,False,True,False,True
1741,he/she is losing it,apl[imp2],full,yohuhs,yohuhs,yohuhs,yohuhs,yohu,yohuhs,yohuhs,b,False,False,False,False,False,con,none,False,False,False,True,False,True
1741,he/she is losing it,apl[imp3],full,yohuhs,yohuhs,yohuhs,yohuhs,yohu,yohuhs,yohuhs,b,False,False,False,False,False,con,none,False,False,False,True,False,True
1754,he/she is sending on object,eat,full,t,t,t,t,t,t,t,a,True,False,False,False,False,con,none,False,False,False,False,False,True
1761,he/she is sending it,hvsk,full,,,,,,,,a,True,False,False,False,False,con,none,False,False,False,False,False,True
1761,he/she is sending it,hvsk[inf2],full,,,,,,,,a,True,False,False,False,False,con,none,False,False,False,False,False,True
1774,he/she is sending it,hvsk[perf2],full,akha,akha,akha,ak,akha,akho,akha,a,True,False,False,False,False,vowel_e,none,False,True,True,False,True,True
1774,he/she is sending it,hvsk[perf2-inf2],full,akha,akha,akha,ak,akha,akho,akha,a,True,False,False,False,False,vowel_e,none,False,True,True,False,True,True
1774,he/she is sending it,hvsk[perf2-inf4],full,akha,akha,akha,ak,akha,akh,akha,a,True,False,False,False,False,vowel_e,none,False,True,True,False,True,True
1774,he/she is sending it,v'vsk,full,akhah,akhah,akhah,akha,akhah,akhoh,akhah,a,True,False,False,False,False,vowel_e,none,False,True,True,False,True,True
1775,he/she is sending it,hvsk,full,ne,ne,ne,ne,ne,ne,ne,a,True,False,False,False,False,con,none,False,True,False,False,False,True
1775,he/she is sending it,hvsk[inf2],full,ne,ne,ne,ne,ne,ne,ne,a,True,False,False,False,False,con,none,False,True,False,False,False,True
1776,he/she is sending it,v'vsk,full,nv',nv',nv',nv,nv',nv,nv',a,True,False,False,False,False,con,none,False,True,False,False,False,True
1776,he/she is sending it,v'vsk[inf2],full,nv',nv',nv',nv,nv',n,nv',a,True,False,False,False,False,con,none,False,True,False,False,False,True
1776,he/she is sending it,v'vsk[imp2],full,nv',nv',nv',nv,nv,nv,nv',a,True,False,False,False,False,con,none,False,True,False,False,False,True
1776,he/she is sending it,v'vsk[imp2-inf2],full,nv',nv',nv',nv,nv,n,nv',a,True,False,False,False,False,con,none,False,True,False,False,False,True
1776,he/she is sending it,v'vsk[imp3],full,nv',nv',nv',nv,n,nv,nv',a,True,False,False,False,False,con,none,False,True,False,False,False,True
1776,he/she is sending it,v'vsk[imp3-inf2],full,nv',nv',nv',nv,n,n,nv',a,True,False,False,False,False,con,none,False,True,False,False,False,True
1776,he/she is sending it,v'vsk[perf2],full,nv',nv',nv',n,nv',nv,nv',a,True,False,False,False,False,con,none,False,True,False,False,False,True
1776,he/she is sending it,v'vsk[perf2-inf2],full,nv',nv',nv',n,nv',n,nv',a,True,False,False,False,False,con,none,False,True,False,False,False,True
1776,he/she is sending it,v'vsk[perf2-imp2],full,nv',nv',nv',n,nv,nv,nv',a,True,False,False,False,False,con,none,False,True,False,False,False,True
1776,he/she is sending it,v'vsk[perf2-imp2-inf2],full,nv',nv',nv',n,nv,n,nv',a,True,False,False,False,False,con,none,False,True,False,False,False,True
1776,he/she is sending it,v'vsk[perf2-imp3],full,nv',nv',nv',n,n,nv,nv',a,True,False,False,False,False,con,none,False,True,False,False,False,True
1776,he/she is sending it,v'vsk[perf2-imp3-inf2],full,nv',nv',nv',n,n,n,nv',a,True,False,False,False,False,con,none,False,True,False,False,False,True
1776,he/she is sending it,v'vsk[imperf2],full,nv',nv',nv,nv,nv',nv,nv',a,True,False,False,False,False,con,none,False,True,False,False,False,True
1776,he/she is sending it,v'vsk[imperf2-inf2],full,nv',nv',nv,nv,nv',n,nv',a,True,False,False,False,False,con,none,False,True,False,False,False,True
1776,he/she is sending it,v'vsk[imperf2-imp2],full,nv',nv',nv,nv,nv,nv,nv',a,True,False,False,False,False,con,none,False,True,False,False,False,True
1776,he/she is sending it,v'vsk[imperf2-imp2-inf2],full,nv',nv',nv,nv,nv,n,nv',a,True,False,False,False,False,con,none,False,True,False,False,False,True
1776,he/she is sending it,v'vsk[imperf2-imp3],full,nv',nv',nv,nv,n,nv,nv',a,True,False,False,False,False,con,none,False,True,False,False,False,True
1776,he/she is sending it,v'vsk[imperf2-imp3-inf2],full,nv',nv',nv,nv,n,n,nv',a,True,False,False,False,False,con,none,False,True,False,False,False,True
1776,he/she is sending it,v'vsk[imperf2-perf2],full,nv',nv',nv,n,nv',nv,nv',a,True,False,False,False,False,con,none,False,True,False,False,False,True
1776,he/she is sending it,v'vsk[imperf2-perf2-inf2],full,nv',nv',nv,n,nv',n,nv',a,True,False,False,False,False,con,none,False,True,False,False,False,True
1776,he/she is sending it,v'vsk[imperf2-perf2-imp2],full,nv',nv',nv,n,nv,nv,nv',a,True,False,False,False,False,con,none,False,True,False,False,False,True
1776,he/she is sending it,v'vsk[imperf2-perf2-imp2-inf2],full,nv',nv',nv,n,nv,n,nv',a,True,False,False,False,False,con,none,False,True,False,False,False,True
1776,he/she is sending it,v'vsk[imperf2-perf2-imp3],full,nv',nv',nv,n,n,nv,nv',a,True,False,False,False,False,con,none,False,True,False,False,False,True
1776,he/she is sending it,v'vsk[imperf2-perf2-imp3-inf2],full,nv',nv',nv,n,n,n,nv',a,True,False,False,False,False,con,none,False,True,False,False,False,True
1776,he/she is sending it,v'vsk[pres2],full,nv,nv,nv',nv,nv',nv,nv,a,True,False,False,False,False,con,none,False,True,False,False,False,True
1776,he/she is sending it,v'vsk[pres2-inf2],full,nv,nv,nv',nv,nv',n,nv,a,True,False,False,False,False,con,none,False,True,False,False,False,True
1776,he/she is sending it,v'vsk[pres2-imp2],full,nv,nv,nv',nv,nv,nv,nv,a,True,False,False,False,False,con,none,False,True,False,False,False,True
1776,he/she is sending it,v'vsk[pres2-imp2-inf2],full,nv,nv,nv',nv,nv,n,nv,a,True,False,False,False,False,con,none,False,True,False,False,False,True
1776,he/she is sending it,v'vsk[pres2-imp3],full,nv,nv,nv',nv,n,nv,nv,a,True,False,False,False,False,con,none,False,True,False,False,False,True
1776,he/she is sending it,v'vsk[pres2-imp3-inf2],full,nv,nv,nv',nv,n,n,nv,a,True,False,False,False,False,con,none,False,True,False,False,False,True
1776,he/she is sending it,v'vsk[pres2-perf2],full,nv,nv,nv',n,nv',nv,nv,a,True,False,False,False,False,con,none,False,True,False,False,False,True
1776,he/she is sending it,v'vsk[pres2-perf2-inf2],full,nv,nv,nv',n,nv',n,nv,a,True,False,False,False,False,con,none,False,True,False,False,False,True
1776,he/she is sending it,v'vsk[pres2-perf2-imp2],full,nv,nv,nv',n,nv,nv,nv,a,True,False,False,False,False,con,none,False,True,False,False,False,True
1776,he/she is sending it,v'vsk[pres2-perf2-imp2-inf2],full,nv,nv,nv',n,nv,n,nv,a,True,False,False,False,False,con,none,False,True,False,False,False,True
1776,he/she is sending it,v'vsk[pres2-perf2-imp3],full,nv,nv,nv',n,n,nv,nv,a,True,False,False,False,False,con,none,False,True,False,False,False,True
1776,he/she is sending it,v'vsk[pres2-perf2-imp3-inf2],full,nv,nv,nv',n,n,n,nv,a,True,False,False,False,False,con,none,False,True,False,False,False,True
1776,he/she is sending it,v'vsk[pres2-imperf2],full,nv,nv,nv,nv,nv',nv,nv,a,True,False,False,False,False,con,none,False,True,False,False,False,True
1776,he/she is sending it,v'vsk[pres2-imperf2-inf2],full,nv,nv,nv,nv,nv',n,nv,a,True,False,False,False,False,con,none,False,True,False,False,False,True
1776,he/she is sending it,v'vsk[pres2-imperf2-imp2],full,nv,nv,nv,nv,nv,nv,nv,a,True,False,False,False,False,con,none,False,True,False,False,False,True
1776,he/she is sending it,v'vsk[pres2-imperf2-imp2-inf2],full,nv,nv,nv,nv,nv,n,nv,a,True,False,False,False,False,con,none,False,True,False,False,False,True
1776,he/she is sending it,v'vsk[pres2-imperf2-imp3],full,nv,nv,nv,nv,n,nv,nv,a,True,False,False,False,False,con,none,False,True,False,False,False,True
1776,he/she is sending it,v'vsk[pres2-imperf2-imp3-inf2],full,nv,nv,nv,nv,n,n,nv,a,True,False,False,False,False,con,none,False,True,False,False,False,True
1776,he/she is sending it,v'vsk[pres2-imperf2-perf2],full,nv,nv,nv,n,nv',nv,nv,a,True,False,False,False,False,con,none,False,True,False,False,False,True
1776,he/she is sending it,v'vsk[pres2-imperf2-perf2-inf2],full,nv,nv,nv,n,nv',n,nv,a,True,False,False,False,False,con,none,False,True,False,False,False,True
1776,he/she is sending it,v'vsk[pres2-imperf2-perf2-imp2],full,nv,nv,nv,n,nv,nv,nv,a,True,False,False,False,False,con,none,False,True,False,False,False,True
1776,he/she is sending it,v'vsk[pres2-imperf2-perf2-imp2-inf2],full,nv,nv,nv,n,nv,n,nv,a,True,False,False,False,False,con,none,False,True,False,False,False,True
1776,he/she is sending it,v'vsk[pres2-imperf2-perf2-imp3],full,nv,nv,nv,n,n,nv,nv,a,True,False,False,False,False,con,none,False,True,False,False,False,True
1776,he/she is sending it,v'vsk[pres2-imperf2-perf2-imp3-inf2],full,nv,nv,nv,n,n,n,nv,a,True,False,False,False,False,con,none,False,True,False,False,False,True
1778,he/she is going out of sight,become[imp2],full,ateli,ateli,ateli,ateli,ateli,ateli,ateli,b,True,False,False,False,False,vowel_a,none,False,False,False,False,False,False
1778,he/she is going out of sight,become[imp2-inf5],full,ateli,ateli,ateli,ateli,ateli,atel,ateli,b,True,False,False,False,False,vowel_a,none,False,False,False,False,False,False
