definition,class,scope,present,present_1sg,imperfective,perfective,imperative,infinitive
he's taking a drink (alcoholic beverage),rev-gi,full,athu,katu,athu,uthu,hathu,uthu
he's taking a drink (alcoholic beverage),rev-i,ending,athuk,katuk,athuk,uthuk,hathuk,uthuk
he's taking a drink (alcoholic beverage),glottal-sk,full,athuki,katuki,athuki,uthukis,hathuki,uthuki
he thinks so,glottal-sk,full,eli,keli,eli,uwelis,hela,uweli
he thinks so,eat,full,el,kel,el,uwelis,hel,uwel
he thinks so,think*,full,el,kel,el,uwel,hel,uwel
"he's catching a falling person, object",rev-e,full,askwalh,tsiskwalh,askwalh,uskwalh,hiskwalh,uskwalh
"he's catching a falling person, object",glottal-sk,full,askwalhe,tsiskwalhe,askwalhe,uskwalhes,hiskwalhaki,uskwalhe
"1. he's saying it  2. it's barking, meowing, whinnying, cooing, etc",glottal-sk,full,nikawe,nitsiwe,nikawe,nuwes,nhiwi,iyuwe
it's hatching,rev-i,full,atsa,katsa,atsa,utsa,hatsa,utsa
it's hatching,glottal-sk,full,atsai,katsai,atsai,utsais,hatsai,utsai
he's opening it,rev-i,full,astu,tsistu,astu,ustu,histu,ustu
he's opening it,glottal-sk,full,astui,tsistui,astui,ustuis,histui,ustui
it's freezing,glottal-sk,full,kanestalati,tsinestalati,kanestalati,unestalat,hinestalata,unestalati
it's freezing,eat,full,kanestalat,tsinestalat,kanestalat,unestalat,hinestalat,unestalat
he's getting married,glottal-sk,full,anelati,kanelati,anelati,unelat,hanelata,unelati
he's getting married,eat,full,anelat,kanelat,anelat,unelat,hanelat,unelat
1. he's pleading 2. he's urging,glottal-sk,full,kanilati,tsinilati,kanilati,unilat,hinilata,unilati
1. he's pleading 2. he's urging,eat,full,kanilat,tsinilat,kanilat,unilat,hinilat,unilat
he's capturing him,glottal-sk,full,ayhvkhiti,tsiyvkhiti,ayhvkhiti,uyhvkhit,hiyvkhita,uyhvkhiti
he's capturing him,eat,full,ayhvkhit,tsiyvkhit,ayhvkhit,uyhvkhit,hiyvkhit,uyhvkhit
he's bewitching him,glottal-sk,full,kanekuti,tsinekuti,kanekuti,unekut,hinekuta,unekuti
he's bewitching him,eat,full,kanekut,tsinekut,kanekut,unekut,hinekut,unekut
it's burning (flames),glottal-sk,full,atawelaki,katawelaki,atawelaki,utawelak,hatawelaka,utawelaki
it's burning (flames),eat,full,atawelak,katawelak,atawelak,utawelak,hatawelak,utawelak
he's taking off his socks,rev-gi,full,taliyo,tekaliyo,taliyo,tuliyo,thaliyo,tsuliyo
he's taking off his socks,rev-i,ending,taliyok,tekaliyok,taliyok,tuliyok,thaliyok,tsuliyok
he's taking off his socks,glottal-sk,full,taliyoki,tekaliyoki,taliyoki,tuliyokis,thaliyoki,tsuliyoki
he's chewing it,o,full,akist,tsikist,akist,ukist,hikist,ukist
he's chewing it,glottal-sk,full,akisto,tsikisto,akisto,ukisto,hikistotsa,ukisto
1. he's pondering it  2. he's considering,o,full,atanhthehil,katanvthehil,atanhthehil,utanhthehil,hatanhthehil,utanhthehil
1. he's pondering it  2. he's considering,glottal-sk,full,atanhthehilo,katanvthehilo,atanhthehilo,utanhthehilo,hatanhthehilotsa,utanhthehilo
he's taking a step,glottal-sk,full,alaskv,kalaskv,alaskv,ulaskvs,halaskvna,ulaskv
he's taking a step,change,full,alask,kalask,alask,ulask,halask,ulask
he's replying,glottal-sk,full,kawohiliyv,kawoiliyv,kawohiliyv,uwohiliyvs,hawohiliyvna,uwohiliyv
he's replying,change,full,kawohiliy,kawoiliy,kawohiliy,uwohiliy,hawohiliy,uwohiliy
"he, it's changing",glottal-sk,full,atanetliyv,katanetliyv,atanetliyv,utanetliyvs,hatanetliyvna,utanetliyv
"he, it's changing",change,full,atanetliy,katanetliy,atanetliy,utanetliy,hatanetliy,utanetliy
he's changing it,glottal-sk,full,kanetliyv,tsinetliyv,kanetliyv,unetliyvs,hinetliyvna,unetliyv
he's changing it,change,full,kanetliy,tsinetliy,kanetliy,unetliy,hinetliy,unetliy
he's erasing it,glottal-sk,full,askolvti,tsiskolvti,askolvti,uskolvt,hiskolvta,uskolvti
he's erasing it,eat,full,askolvt,tsiskolvt,askolvt,uskolvt,hiskolvt,uskolvt
"he, it's moving from one place to another",glottal-sk,full,atanv,katanv,atanv,utanvs,hatanvna,utanv
"he, it's moving from one place to another",change,full,atan,katan,atan,utan,hatan,utan
"he's learning, he's learning it",glottal-sk,full,atelhohkwa,katelohkwa,atelhohkwa,utelhohkwa,hatelhohkwa,utelhohkwa
"he's learning, he's learning it",scatter,full,atelhohkw,katelohkw,atelhohkw,utelhohkwa,hatelhohkw,utelhohkwa
he's leaving it behind,glottal-sk,full,ahiya,tsiiya,ahiya,uhiy,hihiya,uhiya
he's leaving it behind,scatter,full,ahiy,tsiiy,ahiy,uhiy,hihiy,uhiya
he's leaving a living thing behind,glottal-sk,full,kakhahiya,tsiyakhahiya,kakhahiya,uwakhahiy,hiyakhahiya,uwakhahiya
he's leaving a living thing behind,scatter,full,kakhahiy,tsiyakhahiy,kakhahiy,uwakhahiy,hiyakhahiy,uwakhahiya
he's leaving it (flexible),glottal-sk,full,kaniya,tsiniya,kaniya,uniy,hiniya,uniya
he's leaving it (flexible),scatter,full,kaniy,tsiniy,kaniy,uniy,hiniy,uniya
he's leaving a long object behind,glottal-sk,full,atisiya,tsitisiya,atisiya,utisiy,hitisiya,utisiya
he's leaving a long object behind,scatter,full,atisiy,tsitisiy,atisiy,utisiy,hitisiy,utisiya
he's scattering it,glottal-sk,full,atikaleya,katikaleya,atikaleya,utikaley,hatikaleya,utikaleya
he's scattering it,scatter,full,atikaley,katikaley,atikaley,utikaley,hatikaley,utikaleya
1. he's racing 2. he's running for office,glottal-sk,full,athohkiya,kathohkiya,athohkiya,uthohkiy,hathohkiya,uthohkiya
1. he's racing 2. he's running for office,scatter,full,athohkiy,kathohkiy,athohkiy,uthohkiy,hathohkiy,uthohkiya
he's shoveling it,rev-e,full,akhot,tsikhot,akhot,ukhot,hikhot,ukhot
he's shoveling it,glottal-sk,full,akhote,tsikhote,akhote,ukhotes,hikhotaki,ukhote
"he's taking off, removing a cap",rev-e,full,alstul,kalistul,alstul,ulstul,halstul,ulstul
"he's taking off, removing a cap",glottal-sk,full,alstule,kalistule,alstule,ulstules,halstulaki,ulstule
he's oiling it,rub,full,kalon,tsilon,kalon,ulon,hilon,ulon
he's washing (dishes),rub,full,tekvtiy,tekvtiy,tekvtiy,tuwatiy,thvtiy,tsuwatiy
"1. he's reading, 2. he's examining him, it",rub,full,akoliy,tsikoliy,akoliy,ukoliy,hikoliy,ukoliy
"he's rubbing him, it",rub,full,askoliy,tsiyaskoliy,askoliy,uskoliy,hiyaskoliy,uskoliy
he's laying a long object down,glottal-sk,full,ati,tsiti,ati,ut,hita,uti
he's laying a long object down,eat,full,at,tsit,at,ut,hit,ut
"he's remembering him, it",glottal-sk,full,anhtati,tsiyanvtati,anhtati,unhtat,hiyanvtata,unhtati
"he's remembering him, it",eat,full,anhtat,tsiyanvtat,anhtat,unhtat,hiyanvtat,unhtat
"he's lifting him, raising him, it",hear,full,asalat,tsisalat,asalat,usalat,hisalat,usalat
"he, it's ascending, raising",hear,full,alsalat,kalisalat,alsalat,ulsalat,halsalat,ulsalat
he's mooring a boat,glottal-sk,full,athalati,tsithalati,athalati,uthalat,hithalata,uthalati
he's mooring a boat,eat,full,athalat,tsithalat,athalat,uthalat,hithalat,uthalat
he's joining,glottal-sk,full,athelati,katelati,athelati,uthelat,hathelata,uthelati
he's joining,eat,full,athelat,katelat,athelat,uthelat,hathelat,uthelat
"he's roping him, it",glottal-sk,full,aslhati,tsislhati,aslhati,uslhat,hislhata,uslhati
"he's roping him, it",eat,full,aslhat,tsislhat,aslhat,uslhat,hislhat,uslhat
he's hanging up a long object,glottal-sk,full,khthosati,kathosati,khthosati,uwhthosat,hathosata,uwhthosati
he's hanging up a long object,eat,full,khthosat,kathosat,khthosat,uwhthosat,hathosat,uwhthosat
"he's placing his hand on him, it",glottal-sk,full,asihthati,tsiyasihthati,asihthati,usihthat,hiyasihthata,usihthati
"he's placing his hand on him, it",eat,full,asihthat,tsiyasihthat,asihthat,usihthat,hiyasihthat,usihthat
he's sending a long object,glottal-sk,full,wati,witsiti,wati,wut,whita,wuti
he's sending a long object,eat,full,wat,witsit,wat,wut,whit,wut
he's finishing it,glottal-sk,full,askwati,tsiskwati,askwati,uskwat,hiskwata,uskwati
he's finishing it,eat,full,askwat,tsiskwat,askwat,uskwat,hiskwat,uskwat
it's ending,glottal-sk,full,alskwati,,alskwati,ulskwat,,ulskwati
it's ending,eat,full,alskwat,,alskwat,ulskwat,,ulskwat
it's ending,aspectless,full,alskwati,,alskwatisk,ulskwat,,ulskwatist
he's exchanging/trading it,glottal-sk,full,aliiti,kaliiti,aliiti,uliit,haliita,uliiti
he's exchanging/trading it,eat,full,aliit,kaliit,aliit,uliit,haliit,uliit
he's putting a long object in liquid,glottal-sk,full,ahuti,tsiuti,ahuti,uhut,hihuta,uhuti
he's putting a long object in liquid,eat,full,ahut,tsiut,ahut,uhut,hihut,uhut
he's receiving punishment,glottal-sk,full,ustvti,akhstvti,ustvti,ustvt,tstvta,ustvti
he's receiving punishment,eat,full,ustvt,akhstvt,ustvt,ustvt,tstvt,ustvt
he's putting a long object in a container,glottal-sk,full,kalati,tsilati,kalati,ulat,hilata,ulati
he's putting a long object in a container,eat,full,kalat,tsilat,kalat,ulat,hilat,ulat
he's hiding a long object,glottal-sk,full,kvskalati,kvskalati,kvskalati,uwaskalat,hvskalata,uwaskalati
he's hiding a long object,eat,full,kvskalat,kvskalat,kvskalat,uwaskalat,hvskalat,uwaskalat
it's misting,glottal-sk,full,khanuyolati,,khanuyolati,unhuyolat,,unhuyolati
it's misting,eat,full,khanuyolat,,khanuyolat,unhuyolat,,unhuyolat
it's misting,aspectless,full,khanuyolati,,khanuyolatisk,unhuyolat,,unhuyolatist
he's setting up a bed,glottal-sk,full,kanilhati,tsinilhati,kanilhati,unilhat,hinilhata,unilhati
he's setting up a bed,eat,full,kanilhat,tsinilhat,kanilhat,unilhat,hinilhat,unilhat
he's licking it,glottal-sk,full,akanati,tsikanati,akanati,ukanat,hikanata,ukanati
he's licking it,eat,full,akanat,tsikanat,akanat,ukanat,hikanat,ukanat
he's sticking his head out,hear,full,alskwalut,kaliskwalut,alskwalut,ulskwalut,halskwalut,ulskwalut
"he's missing him, it",glottal-sk,full,kanvti,tsinvti,kanvti,unvt,hinvta,unvti
"he's missing him, it",eat,full,kanvt,tsinvt,kanvt,unvt,hinvt,unvt
he's eating it (a single solid food),glottal-sk,full,aki,tsiki,aki,uk,hika,uki
he's eating it (a single solid food),eat,full,ak,tsik,ak,uk,hik,uk
1. he's leaving  2. it's starting,rev-gi,full,anhi,kani,anhi,unhi,hanhi,unhi
1. he's leaving  2. it's starting,rev-i,ending,anhik,kanik,anhik,unhik,hanhik,unhik
1. he's leaving  2. it's starting,glottal-sk,full,anhiki,kaniki,anhiki,unhikis,hanhiki,unhiki
he's gnawing it,glottal-sk,full,askoki,tsiskoki,askoki,uskok,hiskoka,uskoki
he's gnawing it,eat,full,askok,tsiskok,askok,uskok,hiskok,uskok
he's eating a long object,glottal-sk,full,astiki,tsistiki,astiki,ustik,histika,ustiki
he's eating a long object,eat,full,astik,tsistik,astik,ustik,histik,ustik
it's flooding,hear,full,kanohuk,,kanohuk,unohuk,,unohuk
it's flooding,aspectless,full,kanohuki,,kanohukisk,unohukan,,unohukot
he's dipping liquid,rev-gi,full,akhu,tsiku,akhu,ukhu,hikhu,ukhu
he's dipping liquid,rev-i,ending,akhuk,tsikuk,akhuk,ukhuk,hikhuk,ukhuk
he's dipping liquid,glottal-sk,full,akhuki,tsikuki,akhuki,ukhukis,hikhuki,ukhuki
he's plowing it,hear,full,kataluk,tsitaluk,kataluk,uwataluk,hitaluk,uwataluk
1. he's tickling him; 2. he's spurring a horse,glottal-sk,full,tayhvki,tetsiyvki,tayhvki,tuyhvk,thiyvka,tsuyhvki
1. he's tickling him; 2. he's spurring a horse,eat,full,tayhvk,tetsiyvk,tayhvk,tuyhvk,thiyvk,tsuyhvk
he's putting his gloves on,hear,full,taliyesul,tekaliyesul,taliyesul,tuliyesul,thaliyesul,tsuliyesul
he's putting his pants on,hear,full,asul,kasul,asul,usul,hasul,usul
he's putting on a cap,hear,full,alstul,kalistul,alstul,ulstul,halstul,ulstul
he's pouring liquid from a container,glottal-sk,full,atli,tsitli,atli,utl,hitlika,utli
he's pouring liquid from a container,eat,full,atl,tsitl,atl,utl,hitlik,utl
he's sprinkling it (with a liquid),glottal-sk,full,tastutli,tetsistutli,tastutli,tustutl,thistutla,tsustutli
he's sprinkling it (with a liquid),eat,full,tastutl,tetsistutl,tastutl,tustutl,thistutl,tsustutl
he's shivering,glottal-sk,full,uwanawi,akinawi,uwanawi,uwanaw,tsanawa,uwanawi
he's shivering,eat,full,uwanaw,akinaw,uwanaw,uwanaw,tsanaw,uwanaw
"1. he's spilling it (a liquid or nonliquid like salt, sugar) 2. he's pouring it on the ground (liquid or non-liquid) 3. he's being wasteful (of money, etc.)",glottal-sk,full,atsewi,katsewi,atsewi,utsew,hatsewa,utsewa
"1. he's curing, doctoring him, 2. he's soldering, welding it",hear,full,khanvw,tsinvw,khanvw,unhvw,hinvw,unhvw
it's thundering,o,full,ayhvtakwal,,ayhvtakwal,uyhvtakwal,,uyhvtakwal
it's thundering,glottal-sk,full,ayhvtakwalo,,ayhvtakwalo,uyhvtakwalo,,uyhvtakwalo
it's thundering,aspectless,full,ayhvtakwalo,,ayhvtakwalosk,uyhvtakwalo,,uyhvtakwalost
he's leaving some liquid,glottal-sk,full,kanehiya,tsineiya,kanehiya,unehiy,hinehiya,unehiya
he's leaving some liquid,scatter,full,kanehiy,tsineiy,kanehiy,unehiy,hinehiy,unehiya
he's removing it (solid or flexible object) from a hanging position,rev-e,full,kat,kat,kat,ut,hat,ut
he's removing it (solid or flexible object) from a hanging position,glottal-sk,full,kate,kate,kate,utes,hataki,ute
he's breathing,rev-e,full,khawolat,kawolat,khawolat,uwholat,hawholat,uwholat
he's breathing,glottal-sk,full,khawolate,kawolate,khawolate,uwholates,hawholataki,uwholate
he's taking off his glasses,rev-e,full,takhthinvt,tekakathinvt,takhthinvt,tukhthinvt,thakhthinvt,tsukhthinvt
he's taking off his glasses,glottal-sk,full,takhthinvte,tekakathinvte,takhthinvte,tukhthinvtes,thakhthinvtaki,tsukhthinvte
he's taking it off,rev-e,full,nikvnht,nikvnht,nikvnht,nuwanht,nhvnht,iyuwanht
he's taking it off,glottal-sk,full,nikvnhte,nikvnhte,nikvnhte,nuwanhtes,nhvnhtaki,iyuwanhte
He's getting drunk,glottal-sk,full,uyhvste,akhiyvste,uyhvste,uyhvsta,tshayvstaka,uyhvste
he's taking a bite,rev-e,full,atst,katsist,atst,utst,hatst,utst
he's taking a bite,glottal-sk,full,atste,katsiste,atste,utstes,hatstaki,utste
"1. he's unhitching him, it 2. he's unhooking it 3. he's unplugging it",rev-e,full,kutal,tsiyutal,kutal,uwutal,hiyutal,uwutal
"1. he's unhitching him, it 2. he's unhooking it 3. he's unplugging it",glottal-sk,full,kutale,tsiyutale,kutale,uwutales,hiyutalaki,uwutale
he's taking it (solid or flexible object) out of a container,rev-e,full,kal,tsil,kal,ul,hil,ul
he's taking it (solid or flexible object) out of a container,glottal-sk,full,kale,tsile,kale,ules,hilaki,ule
he's taking off his shoes,rev-e,full,talasul,tekalasul,talasul,tulasul,thalasul,tsulasul
he's taking off his shoes,glottal-sk,full,talasule,tekalasule,talasule,tulasules,thalasulaki,tsulasule
he's taking off his gloves,rev-e,full,taliyesul,tekaliyesul,taliyesul,tuliyesul,thaliyesul,tsuliyesul
he's taking off his gloves,glottal-sk,full,taliyesule,tekaliyesule,taliyesule,tuliyesules,thaliyesulaki,tsuliyesule
he's taking his pants off,rev-e,full,asul,kasul,asul,usul,hasul,usul
he's taking his pants off,glottal-sk,full,asule,kasule,asule,usules,hasulaki,usule
he's turning off the road,rev-e,full,atl,katl,atl,utl,hatl,utl
he's turning off the road,glottal-sk,full,atle,katle,atle,utles,hatlaki,utle
1. he's getting a flexible object  2. he's picking up a flexible object,rev-e,full,kan,tsin,kan,un,hin,un
1. he's getting a flexible object  2. he's picking up a flexible object,glottal-sk,full,kane,tsine,kane,unes,hinaki,une
he's pulling a trigger,rev-e,full,kotsan,kotsan,kotsan,uwotsan,hotsan,uwotsan
he's pulling a trigger,glottal-sk,full,kotsane,kotsane,kotsane,uwotsanes,hotsanaki,uwotsane
"he's pulling him, it",rev-e,full,kansan,tsinasan,kansan,unsan,hinasan,unsan
"he's pulling him, it",glottal-sk,full,kansane,tsinasane,kansane,unsanes,hinasanaki,unsane
he's conjuring,glottal-sk,full,tatanhese,tekatanese,tatanhese,tutanhesa,thatanhesaka,tsutanhese
"he's kicking him, it",rev-e,full,ayhvhth,tsiyayvhth,ayhvhth,uyhvhth,hiyayhth,uyhvhth
"he's kicking him, it",glottal-sk,full,ayhvhthe,tsiyayvhthe,ayhvhthe,uyhvhthes,hiyayhthaki,uyhvhthe
"he's picking him, it up",rev-e,full,kuth,tsiyuth,kuth,uwuth,yhuth,uwuth
"he's picking him, it up",glottal-sk,full,kuthe,tsiyuthe,kuthe,uwuthes,yhuthaki,uwuthe
"he's taking his shirt, coat off",rev-e,full,anhaw,kaniw,anhaw,unhaw,hanhaw,unhaw
"he's taking his shirt, coat off",glottal-sk,full,anhawe,kaniwe,anhawe,unhawes,hanhawaki,unhawe
he's undressing,rev-e,full,tanhaw,tekaniw,tanhaw,tunhaw,thanhaw,tsunhaw
he's undressing,glottal-sk,full,tanhawe,tekaniwe,tanhawe,tunhawes,thanhawaki,tsunhawe
"he's choosing him, it",rev-e,full,asuy,tsiyasuy,asuy,usuy,hiyasuy,usuy
"he's choosing him, it",glottal-sk,full,asuye,tsiyasuye,asuye,usuyes,hiyasuyaki,usuye
he's eating a flexible object,glottal-sk,full,kayhe,tsiyaye,kayhe,uwayha,hiyayaka,uwayhe
1. he's picking it up  2. he's getting it,rev-gi,full,a,tsi,a,u,hi,u
1. he's picking it up  2. he's getting it,rev-i,ending,ak,tsik,ak,uk,hik,uk
1. he's picking it up  2. he's getting it,glottal-sk,full,aki,tsiki,aki,ukis,hiki,uki
he's waving his hand,rev-gi,full,asolvta,kasolvta,asolvta,usolvta,hasolvta,usolvta
he's waving his hand,rev-i,ending,asolvtak,kasolvtak,asolvtak,usolvtak,hasolvtak,usolvtak
he's waving his hand,glottal-sk,full,asolvtaki,kasolvtaki,asolvtaki,usolvtakis,hasolvtaki,usolvtaki
he's having a nightmare,rev-gi,full,alhi,katli,alhi,ulhi,halhi,ulhi
he's having a nightmare,rev-i,ending,alhik,katlik,alhik,ulhik,halhik,ulhik
he's having a nightmare,glottal-sk,full,alhiki,katliki,alhiki,ulhikis,halhiki,ulhiki
he's snoring,rev-gi,full,takwhala,tetsikwhala,takwhala,tukwhala,thikwhala,tsukwhala
he's snoring,rev-i,ending,takwhalak,tetsikwhalak,takwhalak,tukwhalak,thikwhalak,tsukwhalak
he's snoring,glottal-sk,full,takwhalaki,tetsikwhalaki,takwhalaki,tukwhalakis,thikwhalaki,tsukwhalaki
he's thirsty,hear,full,uthatek,akhthatek,uthatek,uthatek,tsthatek,uthatek
1. he's getting some liquid  2. he's picking up some liquid,rev-gi,full,kane,tsine,kane,une,hine,une
1. he's getting some liquid  2. he's picking up some liquid,rev-i,ending,kanek,tsinek,kanek,unek,hinek,unek
1. he's getting some liquid  2. he's picking up some liquid,glottal-sk,full,kaneki,tsineki,kaneki,unekis,hineki,uneki
he's taking his hat off,rev-gi,full,alskwethuh,kaliskwethuh,alskwethuh,ulskwethuh,halskwethuh,ulskwethuh
he's taking his hat off,rev-i,ending,alskwethuhk,kaliskwethuhk,alskwethuhk,ulskwethuhk,halskwethuhk,ulskwethuhk
he's taking his hat off,glottal-sk,full,alskwethuhki,kaliskwethuhki,alskwethuhki,ulskwethuhkis,halskwethuhki,ulskwethuhki
he's hoeing it,hear,full,kalok,tsilok,kalok,ulok,hilok,ulok
he's singing,rev-gi,full,tekhano,tetsino,tekhano,tunho,thinho,tsunho
he's singing,rev-i,ending,tekhanok,tetsinok,tekhanok,tunhok,thinhok,tsunhok
he's singing,glottal-sk,full,tekhanoki,tetsinoki,tekhanoki,tunhokis,thinhoki,tsunhoki
"he hears him, it",hear,full,athvk,tsiyathvk,athvk,uthvk,hiyathvk,uthvk
he's dancing,rev-gi,full,als,kalis,als,uls,hals,uls
he's dancing,rev-i,ending,alsk,kalisk,alsk,ulsk,halsk,ulsk
he's dancing,glottal-sk,full,alski,kaliski,alski,ulskis,halski,ulski
it's exploding,rev-gi,full,athas,,athas,uthas,hathas,uthas
it's exploding,rev-i,ending,athask,,athask,uthask,hathask,uthask
it's exploding,glottal-sk,full,athaski,,athaski,uthaskis,hathaski,uthaski
he's stealing it,rev-gi,full,kanos,tsinos,kanos,unos,hinos,unos
he's stealing it,rev-i,ending,kanosk,tsinosk,kanosk,unosk,hinosk,unosk
he's stealing it,glottal-sk,full,kanoski,tsinoski,kanoski,unoskis,hinoski,unoski
he's taking his ring off,rev-gi,full,aliyesusth,kaliyesusthi,aliyesusth,uliyesusth,haliyesusth,uliyesusth
he's taking his ring off,rev-i,ending,aliyesusthk,kaliyesusthik,aliyesusthk,uliyesusthk,haliyesusthk,uliyesusthk
he's taking his ring off,glottal-sk,full,aliyesusthki,kaliyesusthiki,aliyesusthki,uliyesusthkis,haliyesusthki,uliyesusthki
"he's shelling, picking out (peas, nut meats, etc.)",rev-i,full,tekvthoh,tekvthoh,tekvthoh,tuwvthoh,thvthoh,tsuwvthoh
"he's shelling, picking out (peas, nut meats, etc.)",glottal-sk,full,tekvthohi,tekvthohi,tekvthohi,tuwvthohis,thvthohi,tsuwvthohi
"1. he's imitating him, it 2. he's mocking him",glottal-sk,full,ayheli,tsiyeli,ayheli,uyhelis,hiyela,uyheli
"1. he's imitating him, it 2. he's mocking him",eat,full,ayhel,tsiyel,ayhel,uyhelis,hiyel,uyhel
"1. he's imitating him, it 2. he's mocking him",think*,full,ayhel,tsiyel,ayhel,uyhel,hiyel,uyhel
he's writing it,hear,full,kowhel,kowel,kowhel,uwowhel,howhel,uwowhel
"he's running away, he's escaping",rev-i,full,alith,kalith,alith,ulith,halith,ulith
"he's running away, he's escaping",glottal-sk,full,alithi,kalithi,alithi,ulithis,halithi,ulithi
he's crushing it,o,full,ast,tsist,ast,ust,hist,ust
he's crushing it,glottal-sk,full,asto,tsisto,asto,usto,histotsa,usto
he's hammering it,o,full,kanvkwal,tsinvkwal,kanvkwal,unvkwal,hinvkwal,unvkwal
he's hammering it,glottal-sk,full,kanvkwalo,tsinvkwalo,kanvkwalo,unvkwalo,hinvkwalotsa,unvkwalo
stubbing his toe,o,full,unhaskwal,akhinaskwal,unhaskwal,unhaskwal,tshanaskwal,unhaskwal
stubbing his toe,glottal-sk,full,unhaskwalo,akhinaskwalo,unhaskwalo,unhaskwalo,tshanaskwalotsa,unhaskwalo
he's cracking it,o,full,kvskwal,kvskwal,kvskwal,uwaskwal,hvskwal,uwaskwal
he's cracking it,glottal-sk,full,kvskwalo,kvskwalo,kvskwalo,uwaskwalo,hvskwalotsa,uwaskwalo
he's washing flexible objects (including clothes),o,full,tekhkil,tekvkil,tekhkil,tuhkil,thvhkil,tsuhkil
he's washing flexible objects (including clothes),glottal-sk,full,tekhkilo,tekvkilo,tekhkilo,tuhkilo,thvhkilotsa,tsuhkilo
he's washing it,o,full,kuhil,kuil,kuhil,uwuhil,huhil,uwuhil
he's washing it,glottal-sk,full,kuhilo,kuilo,kuhilo,uwuhilo,huhilotsa,uwuhilo
he's measuring it,o,full,alhil,katlil,alhil,ulhil,halhil,ulhil
he's measuring it,glottal-sk,full,alhilo,katlilo,alhilo,ulhilo,halhilotsa,ulhilo
1. he's bathing  2. he's swimming,o,full,ataw,kataw,ataw,utaw,hataw,utaw
1. he's bathing  2. he's swimming,glottal-sk,full,atawo,katawo,atawo,utawo,hatawotsa,utawo
1. he's bathing him 2. he's baptizing him,o,full,kaw,tsiyaw,kaw,uw,hiyaw,uw
1. he's bathing him 2. he's baptizing him,glottal-sk,full,kawo,tsiyawo,kawo,uwo,hiyawotsa,uwo
he's putting on a shirt,o,full,anhaw,kaniw,anhaw,unhaw,hanhaw,unhaw
he's putting on a shirt,glottal-sk,full,anhawo,kaniwo,anhawo,unhawo,hanhawotsa,unhawo
he's putting on clothes,o,full,tanhaw,tekaniw,tanhaw,tunhaw,thanhaw,tsunhaw
he's putting on clothes,glottal-sk,full,tanhawo,tekaniwo,tanhawo,tunhawo,thanhawotsa,tsunhawo
he's combing someone's hair,o,full,athaw,tsithaw,athaw,uthaw,hithaw,uthaw
he's combing someone's hair,glottal-sk,full,athawo,tsithawo,athawo,uthawo,hithawotsa,uthawo
he's combing his hair,o,full,alhthaw,kalithaw,alhthaw,ulhthaw,halhthaw,ulhthaw
he's combing his hair,glottal-sk,full,alhthawo,kalithawo,alhthawo,ulhthawo,halhthawotsa,ulhthawo
he's performing a baptism,o,full,tataw,tekataw,tataw,tutaw,thataw,tsutaw
he's performing a baptism,glottal-sk,full,tatawo,tekatawo,tatawo,tutawo,thatawotsa,tsutawo
"he's accumulating it, he's increasing it",o,full,khanehkw,tsinehkw,khanehkw,unhehkw,hinhehkw,unhehkw
"he's accumulating it, he's increasing it",glottal-sk,full,khanehkwo,tsinehkwo,khanehkwo,unhehkwo,hinhehkwotsa,unhehkwo
he's washing his face,o,full,akvskw,kakvskw,akvskw,ukvskw,hakvskw,ukvskw
he's washing his face,glottal-sk,full,akvskwo,kakvskwo,akvskwo,ukvskwo,hakvskwotsa,ukvskwo
he's sopping it,glottal-sk,full,asu,kasu,asu,usus,hasutsa,usu
he's moving it from one place to another,glottal-sk,full,ahv,tsiv,ahv,uhvs,hihvna,uhv
he's moving it from one place to another,change,full,ah,tsi,ah,uh,hih,uh
1. he's turning back 2. he's turning (his head or body),glottal-sk,full,akhthahv,kakathahv,akhthahv,ukhthahvs,hakhthahvna,ukhthahv
1. he's turning back 2. he's turning (his head or body),change,full,akhthah,kakathah,akhthah,ukhthah,hakhthah,ukhthah
he's changing shoes,glottal-sk,full,talasulaiyv,tekalasulaiyv,talasulaiyv,tulasulaiyvs,thalasulaiyvna,tsulasulaiyv
he's changing shoes,change,full,talasulaiy,tekalasulaiy,talasulaiy,tulasulaiy,thalasulaiy,tsulasulaiy
he's changing his pants,glottal-sk,full,asulaiyv,kasulaiyv,asulaiyv,usulaiyvs,hasulaiyvna,usulaiyv
he's changing his pants,change,full,asulaiy,kasulaiy,asulaiy,usulaiy,hasulaiy,usulaiy
he's changing his shirt,glottal-sk,full,anhawaiyv,kaniwaiyv,anhawaiyv,unhawaiyvs,hanhawaiyvna,unhawaiyv
he's changing his shirt,change,full,anhawaiy,kaniwaiy,anhawaiy,unhawaiy,hanhawaiy,unhawaiy
he's changing clothes,glottal-sk,full,tanhawaiyv,tekaniwaiyv,tanhawaiyv,tunhawaiyvs,thanhawaiyvna,tsunhawaiyv
he's changing clothes,change,full,tanhawaiy,tekaniwaiy,tanhawaiy,tunhawaiy,thanhawaiy,tsunhawaiy
there's an opening,aspectless,full,utlanvt,,utlanvt,utlanvt,,
he's climbing it,go1,full,kal,tsil,kal,ul,hil,ul
"he, it's going out of sight",become2,full,wuteli,wakwateli,wuteli,wuteli,witsateli,wuteli
"he, it's going out of sight",quit,full,wuteli,wakwateli,wuteli,wuteli,witsatelik,wuteli
they're having church services,become2,full,tanilawi,totsilawi,tanilawi,tunilawi,titsilawi,tsunilawi
they're having church services,quit,full,tanilawi,totsilawi,tanilawi,tunilawi,titsilawik,tsunilawi
he's reprimanding him,become2,full,aska,tsiska,aska,uska,hiska,uska
he's reprimanding him,quit,full,aska,tsiska,aska,uska,hiskak,uska
he's becoming blind,become2,full,takhewa,tetsikewa,takhewa,tukhewa,thikhewa,tsukhewai
he's becoming blind,quit,full,takhewa,tetsikewa,takhewa,tukhewa,thikhewak,tsukhewai
"he's chasing him, it",go1,full,akheh,tsikheh,akheh,ukheh,hikheh,ukheh
"he's attacking him, it",go1,full,takhthil,tetsikathil,takhthil,tukhthil,thikathil,tsukhthil
he's not having any luck hunting,go1,full,ukwhol,akikwhol,ukwhol,ukwhol,tsakwhol,ukwhol
"he's belching, burping",become2,full,uwakhule,akikhule,uwakhule,uwakhule,tsakhule,uwakhulei
"he's belching, burping",quit,full,uwakhule,akikhule,uwakhule,uwakhule,tsakhulek,uwakhulei
he's leading him by the hand,go1,full,kohin,tsiyoin,kohin,uwohin,hiyoin,uwohin
he's carrying a long object on his shoulder,go1,full,anholhin,kanolhin,anholhin,unholhin,hanholhin,unholhin
"1. he's dragging him, it 2. he's towing it",go1,full,kansin,tsinasin,kansin,unsin,hinasin,unsin
he's happy/thankful,become2,full,aliheli,kalieli,aliheli,uliheli,haliheli,uliheli
he's happy/thankful,quit,full,aliheli,kalieli,aliheli,uliheli,halihelik,uliheli
he's pitying him,become2,full,katoli,tsiyatoli,katoli,uwatoli,hiyatoli,uwatoli
he's pitying him,quit,full,katoli,tsiyatoli,katoli,uwatoli,hiyatolik,uwatoli
"1. it's pouring into a container (liquid), 2. it's filling",become2,full,atli,,atli,utli,,utliy
"1. it's pouring into a container (liquid), 2. it's filling",quit,full,atli,,atli,utli,,utliy
"1. it's pouring into a container (liquid), 2. it's filling",aspectless,full,atlik,,atlik,utlits,,utliyst
1. it's getting shorter 2. he's getting short on,become2,full,askwalo,tsiskwalo,askwalo,uskwalo,hiskwalo,uskwaloy
1. it's getting shorter 2. he's getting short on,quit,full,askwalo,tsiskwalo,askwalo,uskwalo,hiskwalok,uskwaloy
1. it's lacking 2. it's missing,become2,full,kalulo,tsilulo,kalulo,ululo,hilulo,ululo
1. it's lacking 2. it's missing,quit,full,kalulo,tsilulo,kalulo,ululo,hilulok,ululo
he's cold,become2,full,khanawo,tsinawo,khanawo,unhawo,hinhawo,unhawo
he's cold,quit,full,khanawo,tsinawo,khanawo,unhawo,hinhawok,unhawo
it's scattering,become2,full,atikaleyo,,atikaleyo,utikaleyo,,utikaleyoy
it's scattering,quit,full,atikaleyo,,atikaleyo,utikaleyo,,utikaleyoy
it's scattering,aspectless,full,atikaleyok,,atikaleyok,utikaleyots,,utikaleyoyst
"he's in agony, pain",become2,full,akilhiyo,tsikiliyo,akilhiyo,ukilhiyo,hikilhiyo,ukilhiyo
"he's in agony, pain",quit,full,akilhiyo,tsikiliyo,akilhiyo,ukilhiyo,hikilhiyok,ukilhiyo
he's late,become2,full,ukonhiyo,akikonhiyo,ukonhiyo,ukonhiyo,tsakonhiyo,ukonhiyo
he's late,quit,full,ukonhiyo,akikonhiyo,ukonhiyo,ukonhiyo,tsakonhiyok,ukonhiyo
he's becoming angry,become2,full,unhalv,akhinalv,unhalv,unhalv,tshanalv,unhalvi
he's becoming angry,quit,full,unhalv,akhinalv,unhalv,unhalv,tshanalvk,unhalvi
it's fading,become2,full,askolv,,askolv,uskolv,,uskolvy
it's fading,quit,full,askolv,,askolv,uskolv,,uskolvy
it's fading,aspectless,full,askolvk,,askolvk,uskolvts,,uskolvyst
"he's committing a crime, sin",become2,full,askanv,tsiskanv,askanv,uskanv,hiskanv,uskanvy
"he's committing a crime, sin",quit,full,askanv,tsiskanv,askanv,uskanv,hiskanvk,uskanvy
he smells it,become2,full,uwawsv,akiwsv,uwawsv,uwawsv,tsawsv,uwawsv
he smells it,quit,full,uwawsv,akiwsv,uwawsv,uwawsv,tsawsvk,uwawsv
"1. he, it's sinking  2. he, it is being buried",become2,full,kanoyv,tsinoyv,kanoyv,unoyv,hinoyv,unoyvi
"1. he, it's sinking  2. he, it is being buried",quit,full,kanoyv,tsinoyv,kanoyv,unoyv,hinoyvk,unoyvi
he's whistling,become2,full,kasvnh,tsisvnh,kasvnh,uwasvnh,hisvnh,uwasvn
he's whistling,quit,full,kasvnh,tsisvnh,kasvnh,uwasvnh,hisvnhk,uwasvn
he's arriving,become2,full,kaluh,tsiluh,kaluh,uluh,hiluh,uluhi
he's arriving,quit,full,kaluh,tsiluh,kaluh,uluh,hiluhk,uluhi
he's returning,become2,full,ikaluh,itsilu,ikaluh,vuluh,tsihiluh,vuluhi
he's returning,quit,full,ikaluh,itsilu,ikaluh,vuluh,tsihiluhk,vuluhi
he's recognizing him,become2,full,kolh,tsiyoli,kolh,uwolh,hiyoli,uwolhi
he's recognizing him,quit,full,kolh,tsiyoli,kolh,uwolh,hiyolik,uwolhi
he understands it,become2,full,kolh,koli,kolh,uwolh,holh,uwolhi
he understands it,quit,full,kolh,koli,kolh,uwolh,holhk,uwolhi
he's putting his hat on,glottal-sk,full,alskwethuhvk,kaliskwethuhvsk,alskwethuhv,ulskwethunh,halskwethuhvka,ulskwethu
1. he's throwing it 2. he's pitching (ball),go2,full,ut,akwat,ut,ut,tsat,ut
it's bouncing,go2,full,atat,katat,atat,utat,hatat,utat
he's selling it,go2,full,kanat,tsinat,kanat,unat,hinat,unat
he's jumping,go2,full,talhthat,tekalithat,talhthat,tulhthat,thalhthat,tsulhthat
"he's following him, it",go1,full,astawat,tsistawat,astawat,ustawat,histawat,ustawat
"he's turning, it over",go2,full,tekhalihkwat,tetsilihkwat,tekhalihkwat,tulhihkwat,thilihkwat,tsulhihkwat
he's parting with him (in death),become2,full,khte,tsiyvte,khte,uwhte,hiyvte,uwhtei
he's parting with him (in death),quit,full,khte,tsiyvte,khte,uwhte,hiyvtek,uwhtei
he's taking a liquid somewhere by hand,go1,full,kanhts,tsinvts,kanhts,unhts,hinhts,unhts
he's taking revenge,become2,full,utle,akwatle,utle,utle,tsatle,utlei
he's taking revenge,quit,full,utle,akwatle,utle,utle,tsatlek,utlei
1. he's speaking  2. he's answering,become2,full,khane,tsine,khane,unhe,hinhe,unhe
1. he's speaking  2. he's answering,quit,full,khane,tsine,khane,unhe,hinhek,unhe
he's taking a long object somewhere by hand,go1,full,kan,tsin,kan,uwan,hin,uwan
he's swimming (propelling himself through water),go1,full,ayhuin,kayuin,ayhuin,uyhuin,hayhuin,uyhuin
he's backing up,go1,full,asin,kasin,asin,usin,hasin,usin
he's taking a flexible object somewhere by hand,go1,full,kanh,tsin,kanh,unh,hinh,unh
he's tired,become2,full,tuyawe,takiyawe,tuyawe,tuyawe,titsayawe,tsuyawe
he's tired,quit,full,tuyawe,takiyawe,tuyawe,tuyawe,titsayawek,tsuyawe
he's waking up,become2,full,aye,tsiye,aye,uye,hiye,uyei
he's waking up,quit,full,aye,tsiye,aye,uye,hiyek,uyei
he's taking it somewhere by hand,go1,full,ayh,tsiy,ayh,uyh,hiyh,uyh
he's crossing it (a body of water),become2,full,tekasoh,tetsisoh,tekasoh,tuwasoh,thisoh,tsuwasohi
he's crossing it (a body of water),quit,full,tekasoh,tetsisoh,tekasoh,tuwasoh,thisohk,tsuwasohi
it (forest or grass) is burning,become1,full,kali,,kali,uli,,
it (forest or grass) is burning,become2,full,kali,,kali,uli,,
it (forest or grass) is burning,quit,full,kali,,kali,uli,,
it (forest or grass) is burning,aspectless,full,kalik,,kalik,ulits,,
he's quitting,quit,full,asuliko,tsisuliko,asuliko,usuliko,hisuliko,usuliko
he's exiting,quit,full,kanuko,tsinuko,kanuko,unuko,hinuko,unuko
"it's accumulating, it's increasing",become2,full,khanehkwo,,khanehkwo,unhehkwo,hinhehkwo,unhehkwoi
"it's accumulating, it's increasing",quit,full,khanehkwo,,khanehkwo,unhehkwo,hinhehkwok,unhehkwoi
"it (animal, plant) is dying",become2,full,kaliwho,tsiliwo,kaliwho,uliwho,hiliwho,uliwho
"it (animal, plant) is dying",quit,full,kaliwho,tsiliwo,kaliwho,uliwho,hiliwhok,uliwho
1. it's breaking  2. he's becoming spoiled,become2,full,ayo,tsiyo,ayo,uyo,hiyo,uyo
1. it's breaking  2. he's becoming spoiled,quit,full,ayo,tsiyo,ayo,uyo,hiyok,uyo
"he's accepting him, it",become2,full,tatanilv,tetsiyatanilv,tatanilv,tutanilv,thiyatanilv,tsutanilv
"he's accepting him, it",quit,full,tatanilv,tetsiyatanilv,tatanilv,tutanilv,thiyatanilvk,tsutanilv
he's falling from an upright  position,become2,full,kanv,tsinv,kanv,unv,hinv,unvi
he's falling from an upright  position,quit,full,kanv,tsinv,kanv,unv,hinvk,unvi
"he's blowing, he's blowing on it",glottal-sk,full,atsothask,katsothask,atsotha,utsothah,hatsotha,utsotha
"he's blowing, he's blowing on it",sk-h,full,atsotha,katsotha,atsotha,utsotha,hatsot,utsotha
"he's blowing, he's blowing on it",sweep,full,atsotha,katsotha,atsotha,utsotha,hatsotha,utsotha
he's buying it,glottal-sk,full,uwhask,akhiwask,uwha,uwhas,tshawahi,uwhahi
he's buying it,sk-s1,full,uwha,akhiwa,uwha,uwha,tshawa,uwha
he's buying it,sk-s2,full,uwha,akhiwa,uwha,uwha,tshawa,uwhahi
he's swallowing it,glottal-sk,full,akhisk,tsikisk,akhi,ukhis,hikhihi,ukhihi
he's swallowing it,sk-s1,full,akhi,tsiki,akhi,ukhi,hikhi,ukhi
he's swallowing it,sk-s2,full,akhi,tsiki,akhi,ukhi,hikhi,ukhihi
it's swelling,glottal-sk,full,kothisk,kothisk,kothi,uwothis,hothihi,uwothihi
it's swelling,sk-s1,full,kothi,kothi,kothi,uwothi,hothi,uwothi
it's swelling,sk-s2,full,kothi,kothi,kothi,uwothi,hothi,uwothihi
he's getting a rash,glottal-sk,full,tukwenothisk,takikwenothisk,tukwenothi,tukwenothis,titsakwenothihi,tsukwenothi
he's getting a rash,sk-s1,full,tukwenothi,takikwenothi,tukwenothi,tukwenothi,titsakwenothi,tsukwenot
he's getting a rash,sk-s2,full,tukwenothi,takikwenothi,tukwenothi,tukwenothi,titsakwenothi,tsukwenothi
he's planting it,glottal-sk,full,awhisk,tsiwisk,awhi,uwhis,hiwhi,uwhi
he's planting it,sk-s1,full,awhi,tsiwi,awhi,uwhi,hiw,uw
he's planting it,sk-s2,full,awhi,tsiwi,awhi,uwhi,hiw,uwhi
"it's (round, long) falling",glottal-sk,full,kohosk,koosk,koho,uwohos,hohohi,uwohohi
"it's (round, long) falling",sk-s1,full,koho,koo,koho,uwoho,hoho,uwoho
"it's (round, long) falling",sk-s2,full,koho,koo,koho,uwoho,hoho,uwohohi
he's piling it up,glottal-sk,full,kalhusk,tsilhusk,kalhu,uwalhun,hilhuka,uwalhu
"He is getting in a car, box, etc",glottal-sk,full,atsavsk,katsavsk,atsav,utsan,hatsavka,
"He is getting in a car, box, etc",vvsk1,full,atsa,katsa,atsa,utsa,hatsa,
he's kissing her,vvsk1,full,athaweto,tsitaweto,athaweto,uthaweto,hitaweto,uthaweto
he's sending; taking it (flexible),vvsk1,full,wikanv,witsinv,wikanv,wunv,whinv,wunv
he's sending; taking it (flexible),vvsk2,full,wikanv,witsinv,wikanv,wun,whinv,wun
he's sending; taking it (flexible),vvsk3,full,wikanv,witsinv,wikanv,wun,whin,wun
he's lying,vvsk1,full,atsko,katsisko,atsko,utsko,hatsko,utsko
"he's sprinkling it (with a liquid, powder, salt, etc.)",vvsk1,full,takwhayo,tetsikwhayo,takwhayo,tukwhayo,thikwhayo,tsukwhayo
he's hanging up a flexible object,vvsk1,full,katv,tsiyatv,katv,utv,hatv,utv
he's hanging up a flexible object,vvsk2,full,katv,tsiyatv,katv,ut,hatv,ut
he's hanging up a flexible object,vvsk3,full,katv,tsiyatv,katv,ut,hat,ut
He's putting it (flexible object) into a fire,vvsk1,full,khtv,kvtv,khtv,uwhtv,hvhtv,uwhtv
He's putting it (flexible object) into a fire,vvsk2,full,khtv,kvtv,khtv,uwht,hvhtv,uwht
He's putting it (flexible object) into a fire,vvsk3,full,khtv,kvtv,khtv,uwht,hvht,uwht
it (wind) is blowing,vvsk1,full,kanolv,,kanolv,unolv,,unolv
it (wind) is blowing,vvsk2,full,kanolv,,kanolv,unol,,unol
it (wind) is blowing,vvsk3,full,kanolv,,kanolv,unol,,unol
it (wind) is blowing,aspectless,full,kanolvvsk,,kanolvvsk,unolvn,,unolvt
"he's attaching it (flexible), behind it",vvsk1,full,kasanenat,tsisanenat,kasanenat,uwasanenatv,hisanenat,uwasanenatv
"he's attaching it (flexible), behind it",vvsk2,full,kasanenat,tsisanenat,kasanenat,uwasanenat,hisanenat,uwasanenat
he's stepping on him/it,vvsk1,full,alast,tsiyalast,alast,ulastv,hiyalastv,ulastv
he's stepping on him/it,vvsk2,full,alast,tsiyalast,alast,ulast,hiyalastv,ulast
he's stepping on him/it,vvsk3,full,alast,tsiyalast,alast,ulast,hiyalast,ulast
he's becoming wise,glottal-sk,full,akhthohvsk,tsikathohvsk,akhthohv,ukhthohvs,hikhthovhi,ukhthovhi
he's becoming wise,sk-s1,full,akhthohv,tsikathohv,akhthohv,ukhthohv,hikhthov,ukhthov
he's becoming wise,sk-s2,full,akhthohv,tsikathohv,akhthohv,ukhthohv,hikhthov,ukhthovhi
he's hitting him on the nose,hvsk1,full,ayhvstelu,tsiyvstelu,ayhvstelu,uyhvstelu,hiyvstelu,uyhvstelu
he's hitting him on the nose,hvsk2,full,ayhvstelu,tsiyvstelu,ayhvstelu,uyhvstelu,hiyvstelu,uyhvstelu
"he's sending, taking it (animate)",hvsk4,full,wikakha,witsiyakha,wikakha,wuwak,whiyakha,wuwakho
"he's sending, taking it (animate)",hvsk5,full,wikakha,witsiyakha,wikakha,wuwak,whiyakha,wuwakho
"he's sending, taking it (animate)",vvsk1,full,wikakhah,witsiyakhah,wikakhah,wuwakha,whiyakhah,wuwakhoh
"he, it's burning",glottal-sk,full,akohvsk,kakohvsk,akohv,ukonh,hakonha,ukohv
"he, it's burning",sk-h,full,akohv,kakohv,akohv,ukon,hakon,ukohv
"he, it's burning",terminative,full,ak,kak,ak,uk,hak,uk
"he, it's burning",terminative-no-o,full,ako,kako,ako,uko,hako,uko
"he, it's burning",sweep,full,akohv,kakohv,akohv,ukon,hakonha,ukohv
"he's sending, taking it (liquid)",hvsk1,full,wikane,witsine,wikane,wune,whine,wune
"he's sending, taking it (liquid)",hvsk2,full,wikane,witsine,wikane,wune,whine,wune
"1. he's asking him a question., 2. he's asking a question",hvsk1,full,athvtv,tsiyathvtv,athvtv,uthvtv,hiyathvtv,uthvt
"1. he's asking him a question., 2. he's asking a question",hvsk2,full,athvtv,tsiyathvtv,athvtv,uthvtv,hiyathvtv,uthvt
"1. he's asking him a question., 2. he's asking a question",episodic1,full,athvt,tsiyathvt,athvt,uthvt,hiyathvt,uthvt
he's hiring him,vvsk1,full,kanalh,tsinalh,kanalh,unalhv,hinalhv,unalhv
he's hiring him,vvsk2,full,kanalh,tsinalh,kanalh,unalh,hinalhv,unalh
he's hiring him,vvsk3,full,kanalh,tsinalh,kanalh,unalh,hinalh,unalh
he's sandwiching it,hvsk4,full,astvhal,tsistvhal,astvhal,ustvhal,histvhal,ustvhal
he's sandwiching it,hvsk5,full,astvhal,tsistvhal,astvhal,ustvhal,histvhal,ustvhal
he's sandwiching it,vvsk1,full,astvhalh,tsistvhalh,astvhalh,ustvhalha,histvhalh,ustvhalh
1. he's covering it 2. he's putting a lid on it,vvsk1,full,kulh,kulh,kulh,uwulhv,hulhv,uwulhv
1. he's covering it 2. he's putting a lid on it,vvsk2,full,kulh,kulh,kulh,uwulh,hulhv,uwulh
1. he's covering it 2. he's putting a lid on it,vvsk3,full,kulh,kulh,kulh,uwulh,hulh,uwulh
"light a fire, match",glottal-sk,full,atsislhvsk,tsitsislhvsk,atsislhv,utsislhan,hitsislhvka,utsislhv
"light a fire, match",hvsk6,full,atsisl,tsitsisl,atsisl,utsisl,hitsisl,utsisl
"light a fire, match",vvsk1,full,atsislh,tsitsislh,atsislh,utsislha,hitsislh,utsislhvs
"he, it's growing",glottal-sk,full,athvsk,katvsk,athv,uthvs,hathvhi,uthvhi
"he, it's growing",sk-s1,full,athv,katv,athv,uthv,hathv,uthv
"he, it's growing",sk-s2,full,athv,katv,athv,uthv,hathv,uthvhi
he's enduring it (idiom),vvsk1,full,teketh,teket,teketh,tuwethi,theth,tsuweth
"he's hiding him, it (flexible)",vvsk1,full,kvskal,tsiyvskal,kvskal,uwaskalv,hiyvskalv,uwaskalv
"he's hiding him, it (flexible)",vvsk2,full,kvskal,tsiyvskal,kvskal,uwaskal,hiyvskalv,uwaskal
"he's hiding him, it (flexible)",vvsk3,full,kvskal,tsiyvskal,kvskal,uwaskal,hiyvskal,uwaskal
"1.  he's breaking a flexible object, 2. He's cutting a flexible object",glottal-sk,full,akalsk,tsikalsk,akal,ukals,hikala,ukal
"1.  he's breaking a flexible object, 2. He's cutting a flexible object",sk-s-a,full,akal,tsikal,akal,ukal,hikal,ukal
he's breaking a long object,glottal-sk,full,askwalsk,tsiskwalsk,askwal,uskwals,hiskwala,uskwal
he's breaking a long object,sk-s-a,full,askwal,tsiskwal,askwal,uskwal,hiskwal,uskwal
"he's pushing him, it",glottal-sk,full,kasatosk,tsiyasatosk,kasato,uwasatoyh,hiyasatoyha,uwasato
"he's pushing him, it",sk-h,full,kasato,tsiyasato,kasato,uwasatoy,hiyasatoy,uwasato
"he's pushing him, it",push,full,kasato,tsiyasato,kasato,uwasato,hiyasato,uwasato
"he's pushing him, it",sweep,full,kasato,tsiyasato,kasato,uwasatoy,hiyasatoyha,uwasato
he's falling from an elevated position,glottal-sk,full,kalosk,tsilosk,kalo,ulos,hilohi,ulohi
he's falling from an elevated position,sk-s1,full,kalo,tsilo,kalo,ulo,hilo,ulo
he's falling from an elevated position,sk-s2,full,kalo,tsilo,kalo,ulo,hilo,ulohi
he's nodding his head,glottal-sk,full,alskusk,kaliskusk,alsku,ulskuyh,halskuyha,ulsku
he's nodding his head,sk-h,full,alsku,kalisku,alsku,ulskuy,halskuy,ulsku
he's nodding his head,push,full,alsku,kalisku,alsku,ulsku,halsku,ulsku
he's nodding his head,sweep,full,alsku,kalisku,alsku,ulskuy,halskuyha,ulsku
he's splitting it,glottal-sk,full,tastlusk,tetsistlusk,tastlu,tustluyh,thistluyha,tsustlu
he's splitting it,sk-h,full,tastlu,tetsistlu,tastlu,tustluy,thistluy,tsustlu
he's splitting it,push,full,tastlu,tetsistlu,tastlu,tustlu,thistlu,tsustlu
he's splitting it,sweep,full,tastlu,tetsistlu,tastlu,tustluy,thistluyha,tsustlu
he's setting a trap,vvsk1,full,asat,tsisat,asat,usatv,hisatv,usatv
he's setting a trap,vvsk2,full,asat,tsisat,asat,usat,hisatv,usat
he's setting a trap,vvsk3,full,asat,tsisat,asat,usat,hisat,usat
1. he's bending it  2. she's hemming it,vvsk1,full,ayhvhkwit,tsiyvhkwit,ayhvhkwit,uyhvhkwitv,hiyhvhkwitv,uyhvhkwitv
1. he's bending it  2. she's hemming it,vvsk2,full,ayhvhkwit,tsiyvhkwit,ayhvhkwit,uyhvhkwit,hiyhvhkwitv,uyhvhkwit
1. he's bending it  2. she's hemming it,vvsk3,full,ayhvhkwit,tsiyvhkwit,ayhvhkwit,uyhvhkwit,hiyhvhkwit,uyhvhkwit
"1. he's hitching him, it up 2. he's hooking it up 3. he's plugging it in",vvsk1,full,kutal,tsiyutal,kutal,uwutalv,hiyutalv,uwutalv
"1. he's hitching him, it up 2. he's hooking it up 3. he's plugging it in",vvsk2,full,kutal,tsiyutal,kutal,uwutal,hiyutalv,uwutal
"1. he's hitching him, it up 2. he's hooking it up 3. he's plugging it in",vvsk3,full,kutal,tsiyutal,kutal,uwutal,hiyutal,uwutal
he's scolding him,vvsk1,full,akvskol,tsikvskol,akvskol,ukvskolv,hikvskolv,ukvskolv
he's scolding him,vvsk2,full,akvskol,tsikvskol,akvskol,ukvskol,hikvskolv,ukvskol
he's scolding him,vvsk3,full,akvskol,tsikvskol,akvskol,ukvskol,hikvskol,ukvskol
he's blinking,glottal-sk,full,takhthanawsk,tekakathanawsk,takhthanaw,tukhthanaws,thakhthanawha,tsukhthanaw
he's blinking,sk-s-a,full,takhthanaw,tekakathanaw,takhthanaw,tukhthanaw,thakhthanawh,tsukhthanaw
it's flashing (reflected light),glottal-sk,full,athoyawsk,,athoyaw,uthoyaws,,uthoyaw
it's flashing (reflected light),sk-s2,full,athoyaw,,athoyaw,uthoyaw,,uthoyaw
it's flashing (reflected light),sk-s-a,full,athoyaw,,athoyaw,uthoyaw,,uthoyaw
it's flashing (reflected light),aspectless,full,athoyawsk,,athoyawsk,uthoyaws,,uthoyawst
he's getting well,glottal-sk,full,utiwsk,akwatiwsk,utiw,utiws,tsatiwhi,utiwhi
he's getting well,sk-s1,full,utiw,akwatiw,utiw,utiw,tsatiw,utiw
he's getting well,sk-s2,full,utiw,akwatiw,utiw,utiw,tsatiw,utiwhi
he's sneezing,glottal-sk,full,tuyhvstoysk,takhiyvstoysk,tuyhvstoy,tuyhvstoyh,titshayvstoyha,tsuyhvstoy
he's sneezing,sk-h,full,tuyhvstoy,takhiyvstoy,tuyhvstoy,tuyhvstoy,titshayvstoy,tsuyhvstoy
he's sneezing,push,full,tuyhvstoy,takhiyvstoy,tuyhvstoy,tuyhvsto,titshayvsto,tsuyhvstoy
he's sneezing,sweep,full,tuyhvstoy,takhiyvstoy,tuyhvstoy,tuyhvstoy,titshayvstoyha,tsuyhvstoy
he's chopping it,glottal-sk,full,kaluysk,tsiluysk,kaluy,uluyh,hiluyha,uluy
he's chopping it,sk-h,full,kaluy,tsiluy,kaluy,uluy,hiluy,uluy
he's chopping it,push,full,kaluy,tsiluy,kaluy,ulu,hilu,uluy
he's chopping it,sweep,full,kaluy,tsiluy,kaluy,uluy,hiluyha,uluy
he's chopping it up,glottal-sk,full,akvhaluysk,tsikvaluysk,akvhaluy,ukvhaluyh,hikvhaluyha,ukvhaluy
he's chopping it up,sk-h,full,akvhaluy,tsikvaluy,akvhaluy,ukvhaluy,hikvhaluy,ukvhaluy
he's chopping it up,push,full,akvhaluy,tsikvaluy,akvhaluy,ukvhalu,hikvhalu,ukvhaluy
he's chopping it up,sweep,full,akvhaluy,tsikvaluy,akvhaluy,ukvhaluy,hikvhaluyha,ukvhaluy
it's raining,aspectless,full,akask,,akask,ukanhan,,ukanht
he's drilling a hole,glottal-sk,full,athalesk,tsithalesk,athale,uthales,hithalaka,uthale
he's drilling a hole,sk-s-a,full,athale,tsithale,athale,uthale,hithalak,uthale
he/it is going through it,glottal-sk,full,akhthvlesk,tsikathvlesk,akhthvle,ukhthvles,hikhthvlehi,ukhthvlehi
he/it is going through it,sk-s1,full,akhthvle,tsikathvle,akhthvle,ukhthvle,hikhthvle,ukhthvle
he/it is going through it,sk-s2,full,akhthvle,tsikathvle,akhthvle,ukhthvle,hikhthvle,ukhthvlehi
he's getting exhausted,glottal-sk,full,tasthayesk,tekasthayesk,tasthaye,tusthayes,thasthayehi,tsusthayehi
he's getting exhausted,sk-s1,full,tasthaye,tekasthaye,tasthaye,tusthaye,thasthaye,tsusthaye
he's getting exhausted,sk-s2,full,tasthaye,tekasthaye,tasthaye,tusthaye,thasthaye,tsusthayehi
they are adjourning,glottal-sk,full,taniyelisk,totsiyelisk,taniyeli,tuniyelis,titsiyelihi,tsuniyelihi
they are adjourning,sk-s1,full,taniyeli,totsiyeli,taniyeli,tuniyeli,titsiyeli,tsuniyeli
they are adjourning,sk-s2,full,taniyeli,totsiyeli,taniyeli,tuniyeli,titsiyeli,tsuniyelihi
"he's borrowing him, it",glottal-sk,full,atholsk,tsiyatholsk,athol,uthols,hiyathola,utholhi
"he's borrowing him, it",sk-s-a,full,athol,tsiyathol,athol,uthol,hiyathol,utholhi
1. it's becoming done (by cooking) 2. it's ripening,glottal-sk,full,kvnsk,,kvn,uwans,hvnhi,uwanhi
1. it's becoming done (by cooking) 2. it's ripening,sk-s1,full,kvn,,kvn,uwan,hvn,uwan
1. it's becoming done (by cooking) 2. it's ripening,sk-s2,full,kvn,,kvn,uwan,hvn,uwanhi
1. it's decaying  2. it's spoiling,glottal-sk,full,ukosk,akikosk,uko,ukos,tsakohi,ukohi
1. it's decaying  2. it's spoiling,sk-s1,full,uko,akiko,uko,uko,tsako,uko
1. it's decaying  2. it's spoiling,sk-s2,full,uko,akiko,uko,uko,tsako,ukohi
he's finding it out,glottal-sk,full,atelohosk,kateloosk,ateloho,utelohos,hatelohohi,utelohohi
he's finding it out,sk-s1,full,ateloho,kateloo,ateloho,uteloho,hateloho,uteloho
he's finding it out,sk-s2,full,ateloho,kateloo,ateloho,uteloho,hateloho,utelohohi
he's confronted with it,glottal-sk,full,tutlosk,takwatlosk,tutlo,tutlos,titsatlohi,tsutlohi
he's confronted with it,sk-s1,full,tutlo,takwatlo,tutlo,tutlo,titsatlo,tsutlo
he's confronted with it,sk-s2,full,tutlo,takwatlo,tutlo,tutlo,titsatlo,tsutlohi
1. they are meeting 2. they are meeting someone,glottal-sk,full,tanatlosk,totsatlosk,tanatlo,tunatlos,titsatlohi,tsunatlohi
1. they are meeting 2. they are meeting someone,sk-s1,full,tanatlo,totsatlo,tanatlo,tunatlo,titsatlo,tsunatlo
1. they are meeting 2. they are meeting someone,sk-s2,full,tanatlo,totsatlo,tanatlo,tunatlo,titsatlo,tsunatlohi
"it (fire, light) is going out",glottal-sk,full,khtlosk,,khtlo,uwhtlos,hvhtlohi,uwhtlohi
"it (fire, light) is going out",sk-s1,full,khtlo,,khtlo,uwhtlo,hvhtlo,uwhtlo
"it (fire, light) is going out",sk-s2,full,khtlo,,khtlo,uwhtlo,hvhtlo,uwhtlohi
he's beating him at a game,glottal-sk,full,alhosk,tsilhosk,alho,ulhos,hilhohi,ulhohi
he's beating him at a game,sk-s1,full,alho,tsilho,alho,ulho,hilho,ulho
he's beating him at a game,sk-s2,full,alho,tsilho,alho,ulho,hilho,ulhohi
he's becoming enraged,glottal-sk,full,uthalhawosk,akhthalhawosk,uthalhawo,uthalhawos,tsthalhawohi,uthalhawohi
he's becoming enraged,sk-s1,full,uthalhawo,akhthalhawo,uthalhawo,uthalhawo,tsthalhawo,uthalhawo
he's becoming enraged,sk-s2,full,uthalhawo,akhthalhawo,uthalhawo,uthalhawo,tsthalhawo,uthalhawohi
it's getting warm,glottal-sk,full,akanawosk,,akanawo,ukanawos,,ukanawohi
it's getting warm,sk-s1,full,akanawo,,akanawo,ukanawo,,ukanawo
it's getting warm,sk-s2,full,akanawo,,akanawo,ukanawo,,ukanawohi
it's getting warm,sk-s-a,full,akanawo,,akanawo,ukanawo,,ukanawohi
it's getting warm,aspectless,full,akanawosk,,akanawosk,ukanawos,,ukanawohist
1. he's becoming warm  2. he's warming himself,glottal-sk,full,ukanawosk,akikanawosk,ukanawo,ukanawos,tsakanawohi,ukanawohi
1. he's becoming warm  2. he's warming himself,sk-s1,full,ukanawo,akikanawo,ukanawo,ukanawo,tsakanawo,ukanawo
1. he's becoming warm  2. he's warming himself,sk-s2,full,ukanawo,akikanawo,ukanawo,ukanawo,tsakanawo,ukanawohi
it's melting,glottal-sk,full,kvnawosk,kvnawosk,kvnawo,uwanawos,hvnawohi,uwanawohi
it's melting,sk-s1,full,kvnawo,kvnawo,kvnawo,uwanawo,hvnawo,uwanawo
it's melting,sk-s2,full,kvnawo,kvnawo,kvnawo,uwanawo,hvnawo,uwanawohi
"he's dying, (human)",glottal-sk,full,ayohusk,tsiyousk,ayohu,uyohus,hiyohuhi,uyohuhi
"he's dying, (human)",sk-s1,full,ayohu,tsiyou,ayohu,uyohu,hiyohu,uyohu
"he's dying, (human)",sk-s2,full,ayohu,tsiyou,ayohu,uyohu,hiyohu,uyohuhi
he's ascending an incline,glottal-sk,full,khanalusk,tsinalusk,khanalu,unhalus,hinhaluhi,unhaluhi
he's ascending an incline,sk-s1,full,khanalu,tsinalu,khanalu,unhalu,hinhalu,unhalu
he's ascending an incline,sk-s2,full,khanalu,tsinalu,khanalu,unhalu,hinhalu,unhaluhi
it's shattering,glottal-sk,full,alhkhotvsk,,alhkhotv,ulhkhotvnh,,
it's shattering,sk-h,full,alhkhotv,,alhkhotv,ulhkhotvn,,
it's shattering,act-like,full,alhkhot,,alhkhot,ulhkhot,,
it's shattering,dress-up,full,alhkhot,,alhkhot,ulhkhot,,
it's shattering,make,full,alhkhot,,alhkhot,ulhkhot,,
it's shattering,cough,full,alhkhotv,,alhkhotv,ulhkhotvn,,
it's shattering,sweep,full,alhkhotv,,alhkhotv,ulhkhotvn,,
it's shattering,aspectless,full,alhkhotvsk,,alhkhotvsk,ulhkhotvnh,,
he's acting like him,act-like,full,atsel,katsel,atsel,utsel,hatsel,utsel
it's blooming,act-like,full,atsil,,atsil,utsil,,utsil
it's blooming,aspectless,full,atsilvsk,,atsilvsk,utsilvnh,,utsilht
he's making it,act-like,full,kolh,kolh,kolh,uwolh,holh,uwolhvn
he's making it,make,full,kolh,kolh,kolh,uwolh,holh,uwolh
"he's sleepy, he's going to sleep",act-like,full,kalh,tsil,kalh,ulh,hilh,ulhvn
"he's sleepy, he's going to sleep",make,full,kalh,tsil,kalh,ulh,hilh,ulh
he's dressing up,act-like,full,atsan,katsan,atsan,utsan,hatsan,utsanv
he's dressing up,dress-up,full,atsan,katsan,atsan,utsan,hatsan,utsan
"he's wrapping him, it",act-like,full,kakwhen,tsiyakwhen,kakwhen,uwakwhen,hiyakwhen,uwakwhenv
"he's wrapping him, it",dress-up,full,kakwhen,tsiyakwhen,kakwhen,uwakwhen,hiyakwhen,uwakwhen
"he's wounding him, it",glottal-sk,full,asonvsk,tsisonvsk,asonv,usonvnh,hisonvna,usonv
"he's wounding him, it",sweep,full,asonv,tsisonv,asonv,usonvn,hisonvna,usonv
he's burning,glottal-sk,full,kaleyvsk,tsileyvsk,kaleyv,uleyvs,hileyvhi,uleyvhi
he's burning,sk-s1,full,kaleyv,tsileyv,kaleyv,uleyv,hileyv,uleyv
he's burning,sk-s2,full,kaleyv,tsileyv,kaleyv,uleyv,hileyv,uleyvhi
he's forgetting,glottal-sk,full,uwakhewsk,akwvkhewsk,uwakhew,uwakhews,witsvkhewa,uwakhewhi
he's forgetting,sk-s-a,full,uwakhew,akwvkhew,uwakhew,uwakhew,witsvkhew,uwakhewhi
he's sewing it,glottal-sk,full,kayewsk,tsiyewisk,kayew,uwayews,hiyewa,uwayew
he's sewing it,sk-s-a,full,kayew,tsiyewi,kayew,uwayew,hiyew,uwayew
he's getting off,glottal-sk,full,atloysk,katloysk,atloy,utloys,hatlohi,utlohi
he's getting off,sk-s1,full,atloy,katloy,atloy,utloy,hatlo,utlo
he's getting off,sk-s2,full,atloy,katloy,atloy,utloy,hatlo,utlohi
he's drinking it,glottal-sk,full,atithask,katithask,atitha,utithah,hatitha,utitha
he's drinking it,sk-h,full,atitha,katitha,atitha,utitha,hatit,utitha
he's drinking it,sweep,full,atitha,katitha,atitha,utitha,hatitha,utitha
"he's catching up with him, it",glottal-sk,full,atlvthask,tsiyatlvthask,atlvtha,utlvthah,hiyatlvtha,utlvtha
"he's catching up with him, it",sk-h,full,atlvtha,tsiyatlvtha,atlvtha,utlvtha,hiyatlvt,utlvtha
"he's catching up with him, it",sweep,full,atlvtha,tsiyatlvtha,atlvtha,utlvtha,hiyatlvtha,utlvtha
he's coughing,glottal-sk,full,usiwhask,akhsiwhask,usiwha,usiwhah,tsiwhahi,usiwhahi
he's coughing,cough,full,usiwha,akhsiwha,usiwha,usiwha,tsiwha,usiwha
he's coughing,sweep,full,usiwha,akhsiwha,usiwha,usiwha,tsiwhahi,usiwhahi
it's barking,glottal-sk,full,tasuwhisk,tekasuwhisk,tasuwhi,tusuwhis,thasuwha,tsusuwhi
it's barking,sk-s-a,full,tasuwhi,tekasuwhi,tasuwhi,tusuwhi,thasuwh,tsusuwhi
he's painting it,glottal-sk,full,asuwhisk,tsisuwhisk,asuwhi,usuwhis,hisuwha,usuwhi
he's painting it,sk-s-a,full,asuwhi,tsisuwhi,asuwhi,usuwhi,hisuwh,usuwhi
it (a flexible object) is falling from a hanging position,glottal-sk,full,katosk,katosk,kato,utos,hatohi,utohi
it (a flexible object) is falling from a hanging position,sk-s1,full,kato,kato,kato,uto,hato,uto
it (a flexible object) is falling from a hanging position,sk-s2,full,kato,kato,kato,uto,hato,utohi
he's going down hill,glottal-sk,full,akhsosk,tsikasosk,akhso,ukhsos,hikhsohi,ukhsohi
he's going down hill,sk-s1,full,akhso,tsikaso,akhso,ukhso,hikhso,ukhso
he's going down hill,sk-s2,full,akhso,tsikaso,akhso,ukhso,hikhso,ukhsohi
he's releasing him,glottal-sk,full,tayosk,tetsiyosk,tayo,tuyos,thiyohi,tsuyohi
he's releasing him,sk-s1,full,tayo,tetsiyo,tayo,tuyo,thiyo,tsuyo
he's releasing him,sk-s2,full,tayo,tetsiyo,tayo,tuyo,thiyo,tsuyohi
"He's releasing it, (voluntarily)",glottal-sk,full,tuyosk,takiyosk,tuyo,tuyos,titsayohi,tsuyohi
"He's releasing it, (voluntarily)",sk-s1,full,tuyo,takiyo,tuyo,tuyo,titsayo,tsuyo
"He's releasing it, (voluntarily)",sk-s2,full,tuyo,takiyo,tuyo,tuyo,titsayo,tsuyohi
he's giving up,glottal-sk,full,tatayosk,tekatayosk,tatayo,tutayos,thatayohi,tsutayohi
he's giving up,sk-s1,full,tatayo,tekatayo,tatayo,tutayo,thatayo,tsutayo
he's giving up,sk-s2,full,tatayo,tekatayo,tatayo,tutayo,thatayo,tsutayohi
he's squatting,glottal-sk,full,tatsilhusk,tekatsilhusk,tatsilhu,tutsilhun,thatsilhuka,tsutsilhu
he's taking a seat,glottal-sk,full,alstvlhusk,kalistvlhusk,alstvlhu,ulstvlhun,halstvlhuka,ulstvlhu
he's setting it down,hvsk1,full,a,tsi,a,u,hi,u
he's setting it down,hvsk2,full,a,tsi,a,u,hi,u
he's sending it (solid),hvsk1,full,wa,witsi,wa,wu,whi,wu
he's sending it (solid),hvsk2,full,wa,witsi,wa,wu,whi,wu
"he, it's howling, screaming, yelling, etc",glottal-sk,full,kelhuhvsk,keluhvsk,kelhuhv,uwelhunh,helhuhvka,uwelhuhv
"he, it's howling, screaming, yelling, etc",hvsk3,full,kelhu,kelu,kelhu,uwelhu,helhu,uwelhu
"he, it's howling, screaming, yelling, etc",sweep,full,kelhuhv,keluhv,kelhuhv,uwelhun,helhuhvka,uwelhuhv
"1. he, it's using it up 2. he's drinking, eating it up",glottal-sk,full,asvhvsk,tsisvhvsk,asvhv,usvnh,hisvnha,usvhv
"1. he, it's using it up 2. he's drinking, eating it up",sk-h,full,asvhv,tsisvhv,asvhv,usvn,hisvn,usvhv
"1. he, it's using it up 2. he's drinking, eating it up",terminative-no-o,full,asv,tsisv,asv,usv,hisv,usv
"1. he, it's using it up 2. he's drinking, eating it up",sweep,full,asvhv,tsisvhv,asvhv,usvn,hisvnha,usvhv
he's being born,hvsk1,full,ate,kate,ate,ute,hate,ute
he's being born,hvsk2,full,ate,kate,ate,ute,hate,ute
he's standing in a certain spot,hvsk1,full,ale,kale,ale,ule,hale,ule
he's standing in a certain spot,hvsk2,full,ale,kale,ale,ule,hale,ule
he's getting up (from sitting or from involuntarily assumed prone position),hvsk1,full,tale,tekale,tale,tule,thale,tsule
he's getting up (from sitting or from involuntarily assumed prone position),hvsk2,full,tale,tekale,tale,tule,thale,tsule
1. they are getting together  2. they are dating  (when the dual form is used),hvsk1,full,analiko,otsaliko,analiko,unaliko,itsaliko,unalik
1. they are getting together  2. they are dating  (when the dual form is used),hvsk2,full,analiko,otsaliko,analiko,unaliko,itsaliko,unalik
he's baking it,hvsk1,full,katu,tsitu,katu,uwatu,hitu,uwat
he's baking it,hvsk2,full,katu,tsitu,katu,uwatu,hitu,uwat
he's putting it in water,hvsk1,full,ku,ku,ku,uwu,hu,uwu
he's putting it in water,hvsk2,full,ku,ku,ku,uwu,hu,uwu
he's hitting him on the eye,hvsk1,full,akhthelu,tsikathelu,akhthelu,ukhthelu,hikathelu,ukhthelu
he's hitting him on the eye,hvsk2,full,akhthelu,tsikathelu,akhthelu,ukhthelu,hikathelu,ukhthelu
"he's shaking him, it",act-like,full,athelvh,tsithelvh,athelvh,uthel,hithel,uthel
"he, it's moving (without changing location)",hvsk1,full,alhthelv,kalithelv,alhthelv,ulhthelv,halhthelv,ulhthel
"he, it's moving (without changing location)",hvsk2,full,alhthelv,kalithelv,alhthelv,ulhthelv,halhthelv,ulhthel
"he, it's moving (without changing location)",episodic1,full,alhthel,kalithel,alhthel,ulhthel,halhthel,ulhthel
he's shopping,glottal-sk,full,atananesvhvsk,katananesvhvsk,atananesvhv,utananesvnh,hatananesvhvka,utananesvhv
he's shopping,hvsk3,full,atananesv,katananesv,atananesv,utananesv,hatananesv,utananesv
he's shopping,episodic2,full,atananes,katananes,atananes,utananes,hatananes,utananes
he's shopping,sweep,full,atananesvhv,katananesvhv,atananesvhv,utananesvn,hatananesvhvka,utananesvhv
he's eating a meal,hvsk1,full,alstayv,kalistayv,alstayv,ulstayv,halstayv,ulstay
he's eating a meal,hvsk2,full,alstayv,kalistayv,alstayv,ulstayv,halstayv,ulstay
he's eating a meal,episodic1,full,alstay,kalistay,alstay,ulstay,halstay,ulstay
"he, it's destroying it",glottal-sk,full,ayosthanohvsk,tsiyosthanohvsk,ayosthanohv,uyosthanonh,hiyosthanonha,uyosthanohv
"he, it's destroying it",sk-h,full,ayosthanohv,tsiyosthanohv,ayosthanohv,uyosthanon,hiyosthanon,uyosthanohv
"he, it's destroying it",terminative,full,ayosthan,tsiyosthan,ayosthan,uyosthan,hiyosthan,uyosthan
"he, it's destroying it",terminative-no-o,full,ayosthano,tsiyosthano,ayosthano,uyosthano,hiyosthano,uyosthano
"he, it's destroying it",sweep,full,ayosthanohv,tsiyosthanohv,ayosthanohv,uyosthanon,hiyosthanonha,uyosthanohv
he's preaching,hvsk1,full,alhtsato,kalitsato,alhtsato,ulhtsato,halhtsato,ulhtsat
he's preaching,hvsk2,full,alhtsato,kalitsato,alhtsato,ulhtsato,halhtsato,ulhtsat
he's playing,hvsk1,full,tanelo,tekanelo,tanelo,tunelo,thanelo,tsunel
he's playing,hvsk2,full,tanelo,tekanelo,tanelo,tunelo,thanelo,tsunel
he's teaching,hvsk1,full,tateyo,tekateyo,tateyho,tuteyo,thateyho,tsuteyho
he's teaching,hvsk2,full,tateyo,tekateyo,tateyho,tuteyo,thateyho,tsuteyho
he's teaching,hvsk-o*,full,tateyo,tekateyo,tateyho,tuteyo,thateyho,tsuteyh
he's fishing,hvsk1,full,asu,kasu,asu,usu,hasu,usu
he's fishing,hvsk2,full,asu,kasu,asu,usu,hasu,usu
it's (the ground) becoming frosty,hvsk1,full,ayhahthv,,ayhahthv,uyhahthv,,uyhahthvt
it's (the ground) becoming frosty,hvsk2,full,ayhahthv,,ayhahthv,uyhahthv,,uyhahthvt
it's (the ground) becoming frosty,act-like,full,ayhahthvh,,ayhahthvh,uyhahth,,uyhahthvt
it's (the ground) becoming frosty,episodic1,full,ayhahth,,ayhahth,uyhahth,,uyhahthvt
it's (the ground) becoming frosty,aspectless,full,ayhahthvhvsk,,ayhahthvhvsk,uyhahthvnh,,uyhahthvtht
he's putting it in a hole or a container,hvsk4,full,kal,tsil,kal,ul,hil,ul
he's putting it in a hole or a container,hvsk5,full,kal,tsil,kal,ul,hil,ul
he's putting it in a hole or a container,vvsk1,full,kalh,tsil,kalh,ulha,hilh,ulh
he's hiding it,hvsk4,full,kvskal,kvskal,kvskal,uwaskal,hvskal,uwaskal
he's hiding it,hvsk5,full,kvskal,kvskal,kvskal,uwaskal,hvskal,uwaskal
he's hiding it,vvsk1,full,kvskalh,kvskalh,kvskalh,uwaskalha,hvskalh,uwaskalh
he's hiding,hvsk4,full,atiskal,katiskal,atiskal,utiskal,hatiskal,utiskal
he's hiding,hvsk5,full,atiskal,katiskal,atiskal,utiskal,hatiskal,utiskal
he's hiding,vvsk1,full,atiskalh,katiskalh,atiskalh,utiskalha,hatiskalh,utiskalh
he's putting a handle on a tool,hvsk4,full,kuhal,kual,kuhal,uwuhal,huhal,uwuhal
he's putting a handle on a tool,hvsk5,full,kuhal,kual,kuhal,uwuhal,huhal,uwuhal
he's putting a handle on a tool,vvsk1,full,kuhalh,kualh,kuhalh,uwuhalha,huhalh,uwuhalh
1. he's advertising it  2. he's announcing it,hvsk4,full,tekanotsal,tetsinotsal,tekanotsal,tunotsal,thinotsal,tsunotsal
1. he's advertising it  2. he's announcing it,hvsk5,full,tekanotsal,tetsinotsal,tekanotsal,tunotsal,thinotsal,tsunotsal
1. he's advertising it  2. he's announcing it,vvsk1,full,tekanotsalh,tetsinotsal,tekanotsalh,tunotsalha,thinotsalh,tsunotsalh
he's frying it,hvsk4,full,kvtsal,kvtsal,kvtsal,uwvtsal,hvtsal,uwvtsal
he's frying it,hvsk5,full,kvtsal,kvtsal,kvtsal,uwvtsal,hvtsal,uwvtsal
he's frying it,vvsk1,full,kvtsalh,kvtsalh,kvtsalh,uwvtsalha,hvtsalh,uwvtsalh
he's contaminating it (with visible foreign matter),hvsk4,full,khanesal,tsinesal,khanesal,unhesal,hinhesal,unhesal
he's contaminating it (with visible foreign matter),hvsk5,full,khanesal,tsinesal,khanesal,unhesal,hinhesal,unhesal
he's contaminating it (with visible foreign matter),vvsk1,full,khanesalh,tsinesalh,khanesalh,unhesalha,hinhesalh,unhesalh
he's soaking it (flexible object),hvsk4,full,kvwal,kvwal,kvwal,uwvwal,hvwal,uwvwal
he's soaking it (flexible object),hvsk5,full,kvwal,kvwal,kvwal,uwvwal,hvwal,uwvwal
he's soaking it (flexible object),vvsk1,full,kvwalh,kvwalh,kvwalh,uwvwalha,hvwalh,uwvwalh
he's linking it,hvsk4,full,khil,kvil,khil,uwhil,hvhil,uwhil
he's linking it,hvsk5,full,khil,kvil,khil,uwhil,hvhil,uwhil
he's linking it,vvsk1,full,khilh,kvilh,khilh,uwhilha,hvhilh,uwhilh
he's collecting from him,hvsk4,full,khanil,tsinil,khanil,unhil,hinil,unhil
he's collecting from him,hvsk5,full,khanil,tsinil,khanil,unhil,hinil,unhil
he's collecting from him,vvsk1,full,khanilh,tsinilh,khanilh,unhilha,hinilh,unhilh
he's getting full,glottal-sk,full,kolhvsk,kolvsk,kolhv,uwolhvs,holhvhi,uwolhvhi
he's getting full,sk-s1,full,kolhv,kolv,kolhv,uwolhv,holhv,uwolhv
he's getting full,sk-s2,full,kolhv,kolv,kolhv,uwolhv,holhv,uwolhvhi
"1. he's whittling it., 2. he's carving it., 3. he's hewing it",glottal-sk,full,ayolhvsk,tsiyolvsk,ayolhv,uyolhan,hiyolhvka,uyolhv
"1. he's whittling it., 2. he's carving it., 3. he's hewing it",hvsk6,full,ayol,tsiyol,ayol,uyol,hiyol,uyol
"1. he's whittling it., 2. he's carving it., 3. he's hewing it",vvsk1,full,ayolh,tsiyol,ayolh,uyolha,hiyolh,uyolhvs
he's putting on shoes,hvsk4,full,talasul,tekalasul,talasul,tulasul,thalasul,tsulasul
he's putting on shoes,hvsk5,full,talasul,tekalasul,talasul,tulasul,thalasul,tsulasul
he's putting on shoes,vvsk1,full,talasulh,tekalasulh,talasulh,tulasulha,thalasulh,tsulasulh
he's drawing a line,hvsk4,full,astanvn,tsistanvn,astanvn,ustanvn,histanvn,ustanvn
he's drawing a line,hvsk5,full,astanvn,tsistanvn,astanvn,ustanvn,histanvn,ustanvn
he's drawing a line,vvsk1,full,astanvnh,tsistanvnh,astanvnh,ustanvnha,histanvnh,ustanvnh
he's hanging it up,hvsk4,full,kat,kat,kat,ut,hat,ut
he's hanging it up,hvsk5,full,kat,kat,kat,ut,hat,ut
he's hanging it up,vvsk1,full,kath,kat,kath,utha,hath,uth
he's diving,vvsk1,full,ateth,katet,ateth,utethi,hateth,uteth
he's setting a post (or other long object) into the ground,vvsk1,full,keth,ket,keth,uwethi,heth,uweth
he's putting it into a fire,hvsk4,full,kvt,kvt,kvt,uwvt,hvt,uwvt
he's putting it into a fire,hvsk5,full,kvt,kvt,kvt,uwvt,hvt,uwvt
he's putting it into a fire,vvsk1,full,kvth,kvt,kvth,uwvtha,hvth,uwvth
He's putting fuel (solid) into a fire,hvsk4,full,tahvt,tetsivt,tahvt,tuhvt,thihvt,tsuhvt
He's putting fuel (solid) into a fire,hvsk5,full,tahvt,tetsivt,tahvt,tuhvt,thihvt,tsuhvt
He's putting fuel (solid) into a fire,vvsk1,full,tahvth,tetsivth,tahvth,tuhvtha,thihvth,tsuhvth
he's putting on glasses,hvsk4,full,takhthinvt,tekakathinvt,takhthinvt,tukhthinvt,thakhthinvt,tsukhthinvt
he's putting on glasses,hvsk5,full,takhthinvt,tekakathinvt,takhthinvt,tukhthinvt,thakhthinvt,tsukhthinvt
he's putting on glasses,vvsk1,full,takhthinvth,tekakathinvth,takhthinvth,tukhthinvtha,thakhthinvth,tsukhthinvth
he's piling it up,hvsk4,full,kasvt,tsisvt,kasvt,uwasvt,hisvt,uwasvt
he's piling it up,hvsk5,full,kasvt,tsisvt,kasvt,uwasvt,hisvt,uwasvt
he's piling it up,vvsk1,full,kasvth,tsisvth,kasvth,uwasvtha,hisvth,uwasvth
he's building a fire,hvsk4,full,kot,kot,kot,uwot,hot,uwot
he's building a fire,hvsk5,full,kot,kot,kot,uwot,hot,uwot
he's building a fire,vvsk1,full,koth,kot,koth,uwotha,hoth,uwoth
he's putting a ring on his finger,glottal-sk,full,aliyesusthvsk,kaliyesusthvsk,aliyesusthv,uliyesusthan,haliyesusthvka,uliyesusthv
he's putting a ring on his finger,hvsk6,full,aliyesust,kaliyesust,aliyesust,uliyesust,haliyesust,uliyesust
he's putting a ring on his finger,vvsk1,full,aliyesusth,kaliyesusth,aliyesusth,uliyesustha,haliyesusth,uliyesusthvs
he's turning on a light,glottal-sk,full,atsvsthvsk,tsitsvsthvsk,atsvsthv,utsvsthan,hitsvsthvka,utsvsthv
he's turning on a light,hvsk6,full,atsvst,tsitsvst,atsvst,utsvst,hitsvst,utsvst
he's turning on a light,vvsk1,full,atsvsth,tsitsvsth,atsvsth,utsvstha,hitsvsth,utsvsthvs
he's mixing it in,vvsk1,full,asuy,kasuy,asuy,usuyv,hasuyv,usuyv
he's mixing it in,vvsk2,full,asuy,kasuy,asuy,usuy,hasuyv,usuy
he's mixing it in,vvsk3,full,asuy,kasuy,asuy,usuy,hasuy,usuy
he's ironing,glottal-sk,full,tathesk,tetsithesk,tathe,tuthes,thithvla,tsuthe
he's ironing,sk-s-a,full,tathe,tetsithe,tathe,tuthe,thithvl,tsuthe
"he's rowing, paddling",glottal-sk,full,kakawesk,tsikawesk,kakawe,uwakawes,hikawehi,uwakawe
"he's rowing, paddling",sk-s2,full,kakawe,tsikawe,kakawe,uwakawe,hikawe,uwakawe
he's scratching,glottal-sk,full,atlakosk,katlakosk,atlako,utlakos,hatlakola,utlako
he's scratching,sk-s-a,full,atlako,katlako,atlako,utlako,hatlakol,utlako
"he's scratching him, it",glottal-sk,full,katsalikosk,tsiyatsalikosk,katsaliko,uwatsalikos,hiyatsalikola,uwatsaliko
"he's scratching him, it",sk-s-a,full,katsaliko,tsiyatsaliko,katsaliko,uwatsaliko,hiyatsalikol,uwatsaliko
he's amazed,glottal-sk,full,askwanikosk,tsiskwanikosk,askwaniko,uskwanikos,hiskwanikohi,uskwanikohi
he's amazed,sk-s1,full,askwaniko,tsiskwaniko,askwaniko,uskwaniko,hiskwaniko,uskwaniko
he's amazed,sk-s2,full,askwaniko,tsiskwaniko,askwaniko,uskwaniko,hiskwaniko,uskwanikohi
he's digging it,glottal-sk,full,askosk,kaskosk,asko,uskos,haskola,usko
he's digging it,sk-s-a,full,asko,kasko,asko,usko,haskol,usko
he's embarrassed,glottal-sk,full,atehosk,kateosk,ateho,utehos,hatehohi,utehohi
he's embarrassed,sk-s1,full,ateho,kateo,ateho,uteho,hateho,uteho
he's embarrassed,sk-s2,full,ateho,kateo,ateho,uteho,hateho,utehohi
it's leaking,glottal-sk,full,kvkusk,,kvku,uwakus,,uwaku
it's leaking,sk-s2,full,kvku,,kvku,uwaku,,uwaku
it's leaking,sk-s-a,full,kvku,,kvku,uwaku,,uwaku
it's leaking,aspectless,full,kvkusk,,kvkusk,uwakus,,uwakust
he's ordering it,glottal-sk,full,atanvsk,katanvsk,atanv,utanvs,hatanvla,utanv
he's ordering it,sk-s-a,full,atanv,katanv,atanv,utanv,hatanvl,utanv
a long object is falling from an upright position,glottal-sk,full,kaleyvsk,tsileyvsk,kaleyv,uleyvs,hileyvhi,uleyvhi
a long object is falling from an upright position,sk-s1,full,kaleyv,tsileyv,kaleyv,uleyv,hileyv,uleyv
a long object is falling from an upright position,sk-s2,full,kaleyv,tsileyv,kaleyv,uleyv,hileyv,uleyvhi
he's sweeping it,glottal-sk,full,kvnosask,kvnosask,kvnosa,uwanosah,hvnosa,uwanosa
he's sweeping it,sweep,full,kvnosa,kvnosa,kvnosa,uwanosa,hvnosa,uwanosa
she's cooking a meal,hvsk1,full,atastayv,katastayv,atastayv,utastayv,hatastayv,utastay
she's cooking a meal,hvsk2,full,atastayv,katastayv,atastayv,utastayv,hatastayv,utastay
she's cooking a meal,episodic1,full,atastay,katastay,atastay,utastay,hatastay,utastay
he's putting a flexible object in a hole or in a container,vvsk1,full,kal,tsil,kal,ulv,hilv,ulv
he's putting a flexible object in a hole or in a container,vvsk2,full,kal,tsil,kal,ul,hilv,ul
he's putting a flexible object in a hole or in a container,vvsk3,full,kal,tsil,kal,ul,hil,ul
he's quilting it,hvsk4,full,ayhehkal,tsiyehkal,ayhehkal,uyhehkal,hiyhehkal,uyhehkal
he's quilting it,hvsk5,full,ayhehkal,tsiyehkal,ayhehkal,uyhehkal,hiyhehkal,uyhehkal
he's quilting it,vvsk1,full,ayhehkalh,tsiyehkalh,ayhehkalh,uyhehkalha,hiyhehkalh,uyhehkalh
"he's crossing (a road, bridge, etc.)",glottal-sk,full,tekanatiwsk,tetsinatiwsk,tekanatiw,tunatiws,thinatiwhi,tsunatiwhi
"he's crossing (a road, bridge, etc.)",sk-s1,full,tekanatiw,tetsinatiw,tekanatiw,tunatiw,thinatiw,tsunatiw
"he's crossing (a road, bridge, etc.)",sk-s2,full,tekanatiw,tetsinatiw,tekanatiw,tunatiw,thinatiw,tsunatiwhi
he's stinging it,glottal-sk,full,katsvysk,tsiyatsvysk,katsvy,uwatsvyh,hiyatsvyha,uwatsvy
he's stinging it,sk-h,full,katsvy,tsiyatsvy,katsvy,uwatsvy,hiyatsvy,uwatsvy
he's stinging it,push,full,katsvy,tsiyatsvy,katsvy,uwatsv,hiyatsv,uwatsvy
he's stinging it,sweep,full,katsvy,tsiyatsvy,katsvy,uwatsvy,hiyatsvyha,uwatsvy
he's smoking it,glottal-sk,full,kokhsk,kokisk,kokh,uwokhs,hoki,uwokh
he's clawing him,glottal-sk,full,tekhanukosk,tetsinukosk,tekhanuko,tunhukos,thinukola,tsunhuko
he's clawing him,sk-s-a,full,tekhanuko,tetsinuko,tekhanuko,tunhuko,thinukol,tsunhuko
he's sucking it,glottal-sk,full,askwanutsk,tsiskwanutsk,askwanut,uskwanuts,hiskwanutsa,uskwanut
he's sucking it,sk-s-a,full,askwanut,tsiskwanut,askwanut,uskwanut,hiskwanuts,uskwanut
he's laughing,glottal-sk,full,uyetsk,akiyetsk,uyet,uyets,tsayetsa,uyet
he's laughing,sk-s-a,full,uyet,akiyet,uyet,uyet,tsayets,uyet
"he's dreaming about him, it",glottal-sk,full,askitsk,tsiyaskitsk,askit,uskits,hiyaskitsa,uskit
"he's dreaming about him, it",sk-s-a,full,askit,tsiyaskit,askit,uskit,hiyaskits,uskit
he's peeling it,glottal-sk,full,ayhahkhetsk,tsiyahkhetsk,ayhahkhet,uyhahkhets,hiyhahkhetsa,uyhahkhet
he's peeling it,sk-s-a,full,ayhahkhet,tsiyahkhet,ayhahkhet,uyhahkhet,hiyhahkhets,uyhahkhet
it's bending,vvsk1,full,alhiyvhkwit,,alhiyvhkwit,ulhiyvhkwitv,,ulhiyvhkwitv
it's bending,vvsk2,full,alhiyvhkwit,,alhiyvhkwit,ulhiyvhkwit,,ulhiyvhkwit
it's bending,vvsk3,full,alhiyvhkwit,,alhiyvhkwit,ulhiyvhkwit,,ulhiyvhkwit
it's bending,aspectless,full,alhiyvhkwitvsk,,alhiyvhkwitvsk,ulhiyvhkwitvn,,ulhiyvhkwitvt
he's bragging,glottal-sk,full,atlvkwhsk,katlvkwask,atlvkwh,utlvkwhs,hatlvkwha,utlvkwhi
he's bragging,sk-s-a,full,atlvkwh,katlvkwa,atlvkwh,utlvkwh,hatlvkwh,utlvkwhi
he's spitting,glottal-sk,full,altsikwhsk,kaltsikwhsk,altsikwh,ultsikw,haltsikwha,ultsikwh
He's choking on it,become2,full,uyhvhtsinvth,akhiyvhtsinvth,uyhvhtsinvth,uyhvhtsinv,tshayvhtsinvth,uyhvhtsinvt
He's choking on it,quit,full,uyhvhtsinvth,akhiyvhtsinvth,uyhvhtsinvth,uyhvhtsinv,tshayvhtsinvthk,uyhvhtsinvt
"he's putting him inside, (somewhere large enough to move around)",cause,full,ayht,tsiyvt,ayht,uyht,hiyvt,uyht
"he's putting him inside, (somewhere large enough to move around)",cause-no-pres,full,ayhtih,tsiyvtih,ayht,uyht,hiyvt,uyht
"he's putting him inside, (somewhere large enough to move around)",cause-no-h,full,ayht,tsiyvt,ayht,uyhth,hiyvt,uyht
He's mingling with a group,go-around,full,khelatit,kelatit,khelatit,uwhelatit,helatit,uwhelatit
he has time,apl1,full,utlanvtat,akwatlanvtat,utlanvtat,utlanvtat,tsatlanvtati,utlanvtat
he has time,apl2,full,utlanvtat,akwatlanvtat,utlanvtat,utlanvtat,tsatlanvtati,utlanvtat
he's yawning,apl-active1,full,uhalhok,akhalhok,uhalhok,uhalhok,tsahalhok,uhalhok
he's yawning,wash-hair,full,uhalhok,akhalhok,uhalhok,uhalhok,tsahalhokvl,uhalhoke
he's building a house,apl-active1,full,anhesk,kanesk,anhesk,unhesk,hanhesk,unhesk
he's building a house,wash-hair,full,anhesk,kanesk,anhesk,unhesk,hanheskvl,unheske
he's thanking him,apl1,full,alihelitsh,tsiyalielitsh,alihelitsh,ulihelitsh,hiyalielitshi,ulihelitsh
he's thanking him,apl2,full,alihelitsh,tsiyalielitsh,alihelitsh,ulihelitsh,hiyalielitshi,ulihelitsh
he's taking revenge against him,apl1,full,atletsh,tsiyatletsh,atletsh,utletsh,hiyatletshi,utletsh
he's taking revenge against him,apl2,full,atletsh,tsiyatletsh,atletsh,utletsh,hiyatletshi,utletsh
he's working,apl1,full,tulvwhistan,takilvwhistan,tulvwhistan,tulvwhistan,titsalvwhista,tsulvwhistan
he's working,apl2,full,tulvwhistan,takilvwhistan,tulvwhistan,tulvwhistan,titsalvwhista,tsulvwhistan
1. he's lonesome  2. he's homesick,apl1,full,uhisohtan,akihisohtan,uhisohtan,uhisohtan,tsahisohta,
1. he's lonesome  2. he's homesick,apl2,full,uhisohtan,akihisohtan,uhisohtan,uhisohtan,tsahisohta,
1. he's agreeing with him 2. he's vouching for him,apl1,full,kohiyhtan,tsiyoiyhtan,kohiyhtan,uwohiyhtan,hiyoiyhta,uwohiyhtan
1. he's agreeing with him 2. he's vouching for him,apl2,full,kohiyhtan,tsiyoiyhtan,kohiyhtan,uwohiyhtan,hiyoiyhta,uwohiyhtan
he's permitting him,apl1,full,alskolhtan,tsiyaliskolhtan,alskolhtan,ulskolhtan,hiyaliskolhta,ulskolhtan
he's permitting him,apl2,full,alskolhtan,tsiyaliskolhtan,alskolhtan,ulskolhtan,hiyaliskolhta,ulskolhtan
"he's aching, hurting",apl1,full,uwehistan,akwehistan,uwehistan,uwehistan,tsehista,uwehistan
"he's aching, hurting",apl2,full,uwehistan,akwehistan,uwehistan,uwehistan,tsehista,uwehistan
he's giving him a living thing,apl1,full,kakhan,tsiyakhan,kakhan,uwakhan,hiyakha,uwakhan
he's giving him a living thing,apl2,full,kakhan,tsiyakhan,kakhan,uwakhan,hiyakha,uwakhan
he's giving him a flexible object,apl1,full,kanvn,tsinvn,kanvn,unvn,hinv,unvn
he's giving him a flexible object,apl2,full,kanvn,tsinvn,kanvn,unvn,hinv,unvn
he's giving it to him,apl1,full,anh,tsin,anh,unh,hiv,unh
he's giving it to him,apl2,full,anh,tsin,anh,unh,hiv,unh
it's happening to him,apl1,full,ulstanh,akwalstanh,ulstanh,ulstanh,tsalsta,ulstanh
it's happening to him,apl2,full,ulstanh,akwalstanh,ulstanh,ulstanh,tsalsta,ulstanh
"he's fanning him, it",apl-active1,full,khanoy,tsinoy,khanoy,unhoy,hinoy,unhoy
"he's fanning him, it",wash-hair,full,khanoy,tsinoy,khanoy,unhoy,hinoyvl,unhoye
he's fanning himself,apl-active1,full,atanhoy,katanoy,atanhoy,utanhoy,hatanhoy,utanhoy
he's fanning himself,wash-hair,full,atanhoy,katanoy,atanhoy,utanhoy,hatanhoyvl,utanhoye
he's stirring it,apl-active1,full,asuy,kasuy,asuy,usuy,hasuy,usuy
he's stirring it,wash-hair,full,asuy,kasuy,asuy,usuy,hasuyvl,usuye
he's saying it,be-silly,full,at,kat,at,ut,hat,ut
he's riding it (anything that can be straddled),cause,full,akhilvt,tsiyakhilvt,akhilvt,ukhilvt,hiyakhilvt,ukhilvt
he's riding it (anything that can be straddled),cause-no-pres,full,akhilvtih,tsiyakhilvtih,akhilvt,ukhilvt,hiyakhilvt,ukhilvt
he's riding it (anything that can be straddled),cause-no-h,full,akhilvt,tsiyakhilvt,akhilvt,ukhilvth,hiyakhilvt,ukhilvt
"he's running over him, it",cause,full,atinvt,tsiyatinvt,atinvt,utinvt,hiyatinvt,utinvt
"he's running over him, it",cause-no-pres,full,atinvtih,tsiyatinvtih,atinvt,utinvt,hiyatinvt,utinvt
"he's running over him, it",cause-no-h,full,atinvt,tsiyatinvt,atinvt,utinvth,hiyatinvt,utinvt
he's bouncing it,cause,full,atatinvt,katatinvt,atatinvt,utatinvt,hatatinvt,utatinvt
he's bouncing it,cause-no-pres,full,atatinvtih,katatinvtih,atatinvt,utatinvt,hatatinvt,utatinvt
he's bouncing it,cause-no-h,full,atatinvt,katatinvt,atatinvt,utatinvth,hatatinvt,utatinvt
he's making him fall from an elevated psition,cause,full,kalonht,tsilonht,kalonht,ulonht,hilonht,ulonht
he's making him fall from an elevated psition,cause-no-pres,full,kalonhtih,tsilonhtih,kalonht,ulonht,hilonht,ulonht
he's making him fall from an elevated psition,cause-no-h,full,kalonht,tsilonht,kalonht,ulonhth,hilonht,ulonht
"he's interpreting, translating it",cause,full,anhelht,kanelht,anhelht,unhelht,hanhelht,unhelht
"he's interpreting, translating it",cause-no-pres,full,anhelhtih,kanelhtih,anhelht,unhelht,hanhelht,unhelht
"he's interpreting, translating it",cause-no-h,full,anhelht,kanelht,anhelht,unhelhth,hanhelht,unhelht
he's taking turns with him,cause,full,atanetliyvst,katanetliyvst,atanetliyvst,utanetliyvst,hatanetliyvst,utanetliyvst
he's taking turns with him,cause-no-pres,full,atanetliyvstih,katanetliyvstih,atanetliyvst,utanetliyvst,hatanetliyvst,utanetliyvst
he's taking turns with him,cause-no-h,full,atanetliyvst,katanetliyvst,atanetliyvst,utanetliyvsth,hatanetliyvst,utanetliyvst
he's waking him up,cause,full,ayeist,tsiyeist,ayeist,uyeist,hiyeist,uyeist
he's waking him up,cause-no-pres,full,ayeistih,tsiyeistih,ayeist,uyeist,hiyeist,uyeist
he's waking him up,cause-no-h,full,ayeist,tsiyeist,ayeist,uyeisth,hiyeist,uyeist
"he's listening to it, him",cause,full,athvtast,tsiyathvtast,athvtast,uthvtast,hiyathvtast,uthvtast
"he's listening to it, him",cause-no-pres,full,athvtastih,tsiyathvtastih,athvtast,uthvtast,hiyathvtast,uthvtast
"he's listening to it, him",cause-no-h,full,athvtast,tsiyathvtast,athvtast,uthvtasth,hiyathvtast,uthvtast
1. He's bluffing him. 2. he's deceiving him 3. he's tricking him,cause,full,kalonast,tsilonast,kalonast,ulonast,hilonast,ulonast
1. He's bluffing him. 2. he's deceiving him 3. he's tricking him,cause-no-pres,full,kalonastih,tsilonastih,kalonast,ulonast,hilonast,ulonast
1. He's bluffing him. 2. he's deceiving him 3. he's tricking him,cause-no-h,full,kalonast,tsilonast,kalonast,ulonasth,hilonast,ulonast
he's winking,cause,full,akhthast,kakathast,akhthast,ukhthast,hakhthast,ukhthast
he's winking,cause-no-pres,full,akhthastih,kakathastih,akhthast,ukhthast,hakhthast,ukhthast
he's winking,cause-no-h,full,akhthast,kakathast,akhthast,ukhthasth,hakhthast,ukhthast
he's closing his eyes,cause,full,takhthast,tekakathast,takhthast,tukhthast,thakhthast,tsukhthast
he's closing his eyes,cause-no-pres,full,takhthastih,tekakathastih,takhthast,tukhthast,thakhthast,tsukhthast
he's closing his eyes,cause-no-h,full,takhthast,tekakathast,takhthast,tukhthasth,thakhthast,tsukhthast
he has a chill,cause,full,unhawast,akhinawast,unhawast,unhawast,tshanawast,unhawast
he has a chill,cause-no-pres,full,unhawastih,akhinawastih,unhawast,unhawast,tshanawast,unhawast
he has a chill,cause-no-h,full,unhawast,akhinawast,unhawast,unhawasth,tshanawast,unhawast
he's wringing it out,cause,full,katsvwast,tsitsvwast,katsvwast,uwatsvwast,hitsvwast,uwatsvwast
he's wringing it out,cause-no-pres,full,katsvwastih,tsitsvwastih,katsvwast,uwatsvwast,hitsvwast,uwatsvwast
he's wringing it out,cause-no-h,full,katsvwast,tsitsvwast,katsvwast,uwatsvwasth,hitsvwast,uwatsvwast
he's stretching,cause,full,atayhast,katayast,atayhast,utayhast,hatayhast,utayhast
he's stretching,cause-no-pres,full,atayhastih,katayastih,atayhast,utayhast,hatayhast,utayhast
he's stretching,cause-no-h,full,atayhast,katayast,atayhast,utayhasth,hatayhast,utayhast
he's dodging,cause,full,tatanvtist,tekatanvtist,tatanvtit,tutanvtist,thatanvtist,tsutanvtist
he's dodging,cause-no-pres,full,tatanvtistih,tekatanvtistih,tatanvtit,tutanvtist,thatanvtist,tsutanvtist
he's dodging,cause-no-h,full,tatanvtist,tekatanvtist,tatanvtit,tutanvtisth,thatanvtist,tsutanvtist
he's starting it,cause,full,anhikist,kanikist,anhikist,unhikist,hanhikist,unhikist
he's starting it,cause-no-pres,full,anhikistih,kanikistih,anhikist,unhikist,hanhikist,unhikist
he's starting it,cause-no-h,full,anhikist,kanikist,anhikist,unhikisth,hanhikist,unhikist
he's praying,cause,full,atatolist,katatolist,atatolist,utatolist,hatatolist,utatolist
he's praying,cause-no-pres,full,atatolistih,katatolistih,atatolist,utatolist,hatatolist,utatolist
he's praying,cause-no-h,full,atatolist,katatolist,atatolist,utatolisth,hatatolist,utatolist
he's pouring liquid into a container,cause,full,atlist,tsitlist,atlist,utlist,hitlist,utlist
he's pouring liquid into a container,cause-no-pres,full,atlistih,tsitlistih,atlist,utlist,hitlist,utlist
he's pouring liquid into a container,cause-no-h,full,atlist,tsitlist,atlist,utlisth,hitlist,utlist
"he's slamming him, it",cause,full,tekalvtvnist,tetsilvtvnist,tekalvtvnist,tulvtvnist,thilvtvnist,tsulvtvnist
"he's slamming him, it",cause-no-pres,full,tekalvtvnistih,tetsilvtvnistih,tekalvtvnist,tulvtvnist,thilvtvnist,tsulvtvnist
"he's slamming him, it",cause-no-h,full,tekalvtvnist,tetsilvtvnist,tekalvtvnist,tulvtvnisth,thilvtvnist,tsulvtvnist
he's embarrassing him,cause,full,atehohist,tsiyateohist,atehohist,utehohist,hiyateohist,utehohist
he's embarrassing him,cause-no-pres,full,atehohistih,tsiyateohistih,atehohist,utehohist,hiyateohist,utehohist
he's embarrassing him,cause-no-h,full,atehohist,tsiyateohist,atehohist,utehohisth,hiyateohist,utehohist
he's turning it,cause,full,kateyst,tsiteyast,kateyst,uwateyst,hiteyst,uwateyst
he's turning it,cause-no-pres,full,kateystih,tsiteyastih,kateyst,uwateyst,hiteyst,uwateyst
he's turning it,cause-no-h,full,kateyst,tsiteyast,kateyst,uwateysth,hiteyst,uwateyst
he's spinning it,cause,full,katikwalvteyst,tsitikwalvteyst,katikwalvteyst,uwatikwalvteyst,hitikwalvteyst,uwatikwalvteyst
he's spinning it,cause-no-pres,full,katikwalvteystih,tsitikwalvteystih,katikwalvteyst,uwatikwalvteyst,hitikwalvteyst,uwatikwalvteyst
he's spinning it,cause-no-h,full,katikwalvteyst,tsitikwalvteyst,katikwalvteyst,uwatikwalvteysth,hitikwalvteyst,uwatikwalvteyst
"he's releasing it, (involuntarily)",cause,full,tuskalest,takwaskalest,tuskalest,tuskalest,titsaskalest,tsuskalest
"he's releasing it, (involuntarily)",cause-no-pres,full,tuskalestih,takwaskalestih,tuskalest,tuskalest,titsaskalest,tsuskalest
"he's releasing it, (involuntarily)",cause-no-h,full,tuskalest,takwaskalest,tuskalest,tuskalesth,titsaskalest,tsuskalest
"1. he's drawing a picture of him, it; 2. he's photographing him, it",cause,full,talhilost,tetsiyatlilost,talhilost,tulhilost,thiyatlilost,tsulhilost
"1. he's drawing a picture of him, it; 2. he's photographing him, it",cause-no-pres,full,talhilostih,tetsiyatlilostih,talhilost,tulhilost,thiyatlilost,tsulhilost
"1. he's drawing a picture of him, it; 2. he's photographing him, it",cause-no-h,full,talhilost,tetsiyatlilost,talhilost,tulhilosth,thiyatlilost,tsulhilost
"he's smothering him, it",cause,full,ahawost,tsiawost,ahawost,uhawost,hiawost,uhawost
"he's smothering him, it",cause-no-pres,full,ahawostih,tsiawostih,ahawost,uhawost,hiawost,uhawost
"he's smothering him, it",cause-no-h,full,ahawost,tsiawost,ahawost,uhawosth,hiawost,uhawost
"he's smothering, suffocating",cause,full,uhawost,akihawost,uhawost,uhawost,tsahawost,uhawost
"he's smothering, suffocating",cause-no-pres,full,uhawostih,akihawostih,uhawost,uhawost,tsahawost,uhawost
"he's smothering, suffocating",cause-no-h,full,uhawost,akihawost,uhawost,uhawosth,tsahawost,uhawost
he's holding his breath,cause,full,athawhost,katawhost,athawhost,uthawhost,hathawhost,uthawhost
he's holding his breath,cause-no-pres,full,athawhostih,katawhostih,athawhost,uthawhost,hathawhost,uthawhost
he's holding his breath,cause-no-h,full,athawhost,katawhost,athawhost,uthawhosth,hathawhost,uthawhost
"1. he's breaking it., 2. he's spoiling him",cause,full,ayost,tsiyost,ayost,uyost,hiyost,uyost
"1. he's breaking it., 2. he's spoiling him",cause-no-pres,full,ayostih,tsiyostih,ayost,uyost,hiyost,uyost
"1. he's breaking it., 2. he's spoiling him",cause-no-h,full,ayost,tsiyost,ayost,uyosth,hiyost,uyost
he's being married,cause,full,takatshvst,tvkwatshvst,takatshvst,takatshvst,witetsatshvst,tsakatshvst
he's being married,cause-no-pres,full,takatshvstih,tvkwatshvstih,takatshvst,takatshvst,witetsatshvst,tsakatshvst
he's being married,cause-no-h,full,takatshvst,tvkwatshvst,takatshvst,takatshvsth,witetsatshvst,tsakatshvst
he's making him angry,cause,full,khanalvst,tsinalvst,khanalvst,unhalvst,hinalvst,unhalvst
he's making him angry,cause-no-pres,full,khanalvstih,tsinalvstih,khanalvst,unhalvst,hinalvst,unhalvst
he's making him angry,cause-no-h,full,khanalvst,tsinalvst,khanalvst,unhalvsth,hinalvst,unhalvst
he's vomiting,cause,full,tukhst,takikhst,tukhst,tukhst,titsakhst,tsukhst
he's vomiting,cause-no-pres,full,tukhstih,takikhstih,tukhst,tukhst,titsakhst,tsukhst
he's vomiting,cause-no-h,full,tukhst,takikhst,tukhst,tukhsth,titsakhst,tsukhst
it's (sun or moon) shining,glottal-sk,full,akalih,,akali,ukalis,,ukalihi
it's (sun or moon) shining,aspectless,full,akalih,,akalisk,ukalis,,ukalihist
he's greeting him,round1,full,ayol,tsiyol,ayol,uyol,hiyoli,uyoli
he's greeting him,round2,full,ayol,tsiyol,ayol,uyol,hiyoli,uyolis
he's greeting him,round3,full,ayol,tsiyol,ayol,uyoli,hiyoli,uyoli
"he's joking, he's teasing",be-silly,full,kawelh,tsiwelh,kawelh,uwelh,hiwelhvn,uwelhv
"he's joking, he's teasing",tease,full,kawelh,tsiwelh,kawelh,uwelh,hiwelh,uwelh
he's speaking,glottal-sk,full,kawonih,tsiwonih,kawoni,uwonis,hiwonihi,uwonihi
he's hitting him on the abdomen with a long object,round1,full,askwohalvn,tsiskwohalvn,askwohalvn,uskwohalvn,hiskwohalvni,uskwohalvni
he's hitting him on the abdomen with a long object,round2,full,askwohalvn,tsiskwohalvn,askwohalvn,uskwohalvn,hiskwohalvni,uskwohalvnis
he's hitting him on the abdomen with a long object,round3,full,askwohalvn,tsiskwohalvn,askwohalvn,uskwohalvni,hiskwohalvni,uskwohalvni
he's hitting him on the head with a long object,round1,full,askwalvn,tsiskwalvn,askwalvn,uskwalvn,hiskwalvni,uskwalvni
he's hitting him on the head with a long object,round2,full,askwalvn,tsiskwalvn,askwalvn,uskwalvn,hiskwalvni,uskwalvnis
he's hitting him on the head with a long object,round3,full,askwalvn,tsiskwalvn,askwalvn,uskwalvni,hiskwalvni,uskwalvni
he's hitting him on the mouth,round1,full,ahulvn,tsiulvn,ahulvn,uhulvn,hiulvni,uhulvni
he's hitting him on the mouth,round2,full,ahulvn,tsiulvn,ahulvn,uhulvn,hiulvni,uhulvnis
he's hitting him on the mouth,round3,full,ahulvn,tsiulvn,ahulvn,uhulvni,hiulvni,uhulvni
"he's slapping him, it",round1,full,asihthvn,tsiyasihthvn,asihthvn,usihthvn,hiyasihthvni,usihthvni
"he's slapping him, it",round2,full,asihthvn,tsiyasihthvn,asihthvn,usihthvn,hiyasihthvni,usihthvnis
"he's slapping him, it",round3,full,asihthvn,tsiyasihthvn,asihthvn,usihthvni,hiyasihthvni,usihthvni
he's beating him up,round1,full,kalvnh,tsilvnh,kalvnh,ulvnh,hilvnh,ulvn
he's beating him up,round2,full,kalvnh,tsilvnh,kalvnh,ulvnh,hilvnh,ulvns
he's beating him up,round3,full,kalvnh,tsilvnh,kalvnh,ulvnhi,hilvnh,ulvn
he's beating him up,touch,full,kalvn,tsilvn,kalvn,ulvn,hilvn,ulvn
he hates him,lose-way,full,kanikwat,tsinikwat,kanikwat,unikwathi,hinikwathi,unikwathi
he hates him,hate,full,kanikwath,tsinikwath,kanikwath,unikwath,hinikwath,unikwath
he's peeking through,cause-late-h,full,akhth,kakath,akhth,ukhth,hakhth,ukhth
he has a cold,vh1,full,uyhvtla uniy,uyhvtla akiniy,uyhvtla uniy,uyhvtla uniy,uyhvtla witsaniy,uyhvtla uniy
he's looking around,round7,full,akhtheno,tsikatheno,akhtheno,ukhtheno,hikhthen,ukhthena
he's looking around,go-around,full,akhthen,tsikathen,akhthen,ukhthen,hikhthenak,ukhthen
1. he's going around a curve  2. he's turning off the road  3. he's circling it,round7,full,ateyo,kateyo,ateyo,uteyo,hatey,utey
"he, it's spinning, rotating",round7,full,atikwalvteyo,katikwalvteyo,atikwalvteyo,utikwalvteyo,hatikwalvtey,utikwalvtey
he's braiding it,twist,full,astey,tsistey,astey,ustey,histey,ustey
he's looking for it (inanimate),look,full,uy,akiy,uy,uy,tsay,uy
he's afraid,scared,full,aska,tsiska,aska,uska,hiska,uska
he's looking after him,go-around,full,takhanowatit,tetsikanowatit,takhanowatit,tukhanowatit,thikanowatit,tsukhanowatit
"he's handling it, he has it in his hand",go-around,full,ahit,tsiit,ahit,uhit,hihit,uhit
he's visiting him,go-around,full,awhahthvhit,tsiwahthvhit,awhahthvhit,uwhahthvhit,hiwahthvhit,uwhahthvhit
he's visiting,go-around,full,atawhahthvhit,katawahthvhit,atawhahthvhit,utawhahthvhit,hatawhahthvhit,utawhahthvhit
he's handling some liquid,go-around,full,kanhtsit,tsinvtsit,kanhtsit,unhtsit,hinhtsit,unhtsit
he's hunting,go-around,full,kanohalit,tsinoalit,kanohalit,unohalit,hinohalit,unohalit
its taking time,round7,full,alhiilito,,alhiilito,ulhiilito,,ulhiilita
its taking time,go-around,full,alhiilit,,alhiilit,ulhiilit,,ulhiilit
its taking time,scared,full,alhiilito,,alhiilito,ulhiilito,,ulhiilita
its taking time,aspectless,full,alhiilitoh,,alhiilitoh,ulhiilitol,,ulhiilitast
they are having a trial,go-around,full,tanatahilit,totsatahilit,tanatahilit,tunatahilit,titsatahilit,tsunatahilit
he's handling a long object,go-around,full,kanit,tsinit,kanit,uwanit,hinat,uwanit
he's handling a flexible object,go-around,full,kanhit,tsinit,kanhit,unhit,hinhit,unhit
"he's tromping on him/it,   he's speaking badly of him",apl-active2,full,alasta,tsiyalasta,alasta,ulasta,hiyalasta,ulasta
he's agitating liquid,apl-active1,full,kanhkwa,tsinhkwa,kanhkwa,unhkwa,hinhkwa,unhkwa
he's agitating liquid,wash-hair,full,kanhkwa,tsinhkwa,kanhkwa,unhkwa,hinhkwavl,unhkwae
"1. he's taking liquid from him, it  2. he's milking it (when used with unvdi)",apl1,full,kaneki,tsineki,kaneki,uneki,hineki,uneki
"1. he's taking liquid from him, it  2. he's milking it (when used with unvdi)",apl2,full,kaneki,tsineki,kaneki,uneki,hineki,uneki
he's disbelieving,apl1,full,utlasithv,akwatlasithv,utlasithv,utlasithv,tsatlasithv,utlasithv
he's disbelieving,apl2,full,utlasithv,akwatlasithv,utlasithv,utlasithv,tsatlasithv,utlasithv
he's paying him,apl1,full,akwhiyv,tsiyakwiyv,akwhiyv,ukwhiyv,hiyakwiyv,ukwhiyv
he's paying him,apl2,full,akwhiyv,tsiyakwiyv,akwhiyv,ukwhiyv,hiyakwiyv,ukwhiyv
it's dripping,round3,full,kaskwo,,kaskwo,uwaskwo,,uwaskwoi
it's dripping,round7,full,kaskwoi,,kaskwoi,uwaskwo,,uwaskwoi
it's dripping,scared,full,kaskwoi,,kaskwoi,uwaskwo,,uwaskwoi
it's dripping,aspectless,full,kaskwoih,,kaskwoih,uwaskwol,,uwaskwoist
he's moaning,cause,full,uliyet,akiliyet,uliyet,uliyet,tsaliyet,uliyet
he's moaning,cause-no-pres,full,uliyetih,akiliyetih,uliyet,uliyet,tsaliyet,uliyet
he's moaning,cause-no-h,full,uliyet,akiliyet,uliyet,uliyeth,tsaliyet,uliyet
he's making a mistake,cause,full,ulitast,akilitast,ulitast,ulitast,tsalitast,ulitast
he's making a mistake,cause-no-pres,full,ulitastih,akilitastih,ulitast,ulitast,tsalitast,ulitast
he's making a mistake,cause-no-h,full,ulitast,akilitast,ulitast,ulitasth,tsalitast,ulitast
he's exploding it,cause,full,athaskist,tsithaskist,athaskist,uthaskist,hathaskist,uthaskist
he's exploding it,cause-no-pres,full,athaskistih,tsithaskistih,athaskist,uthaskist,hathaskist,uthaskist
he's exploding it,cause-no-h,full,athaskist,tsithaskist,athaskist,uthaskisth,hathaskist,uthaskist
he's batting it,round1,full,kostvn,kostvn,kostvn,uwostvn,hostvni,uwostvni
he's batting it,round2,full,kostvn,kostvn,kostvn,uwostvn,hostvni,uwostvnis
he's batting it,round3,full,kostvn,kostvn,kostvn,uwostvni,hostvni,uwostvni
"he, it's rocking",apl-active1,full,talhihk,tekalihk,talhihk,tulhihk,thalhihk,tsulhihk
"he, it's rocking",wash-hair,full,talhihk,tekalihk,talhihk,tulhihk,thalhihkvl,tsulhihke
he's telling it,apl-active2,full,khanoh,tsinoh,khanoh,unhoh,hinhoh,unhoh
he's conversing,apl-active2,full,talhinoh,tekalinoh,talhinoh,tulhinoh,thalhinoh,tsulhinoh
he's looking at himself in a mirror,apl-active1,full,atakh,katakh,atakh,utakh,hatakh,utakh
he's looking at himself in a mirror,wash-hair,full,atakh,katakh,atakh,utakh,hatakhvl,utakhe
he's saying to him,apl1,full,kos,tsiyos,kos,uwos,hiyo,uwos
he's saying to him,apl2,full,kos,tsiyos,kos,uwos,hiyo,uwos
"he's over-taking him, it",apl1,full,kalohis,tsilois,kalohis,ulohis,hiloi,ulohis
"he's over-taking him, it",apl2,full,kalohis,tsilois,kalohis,ulohis,hiloi,ulohis
he's losing it,apl1,full,uyohus,akiyohus,uyohus,uyohus,tsayohu,uyohus
he's losing it,apl2,full,uyohus,akiyohus,uyohus,uyohus,tsayohu,uyohus
he's thinking,apl-active2,full,atanhth,katanvth,atanhth,utanhth,hatanhth,utanhth
"he's trimming it, (boy's hair, grass, hedge, but not paper, cloth)",wash-hair,full,astoy,tsistoy,astoy,ustoy,histoy,ustoy
he's prying it,vh1,full,khanekwat,tsinekwat,khanekwat,unhekwat,hinhekwat,unhekwat
he's placing a long object in an upright position,cause,full,aleht,kalet,aleht,uleht,haleht,uleht
he's placing a long object in an upright position,cause-no-pres,full,alehtih,kaletih,aleht,uleht,haleht,uleht
he's placing a long object in an upright position,cause-no-h,full,aleht,kalet,aleht,ulehth,haleht,uleht
1. he's helping him up 2. he's standing it up (object with legs),cause,full,taleht,tetsiyalet,taleht,tuleht,thiyalet,tsuleht
1. he's helping him up 2. he's standing it up (object with legs),cause-no-pres,full,talehtih,tetsiyaletih,taleht,tuleht,thiyalet,tsuleht
1. he's helping him up 2. he's standing it up (object with legs),cause-no-h,full,taleht,tetsiyalet,taleht,tulehth,thiyalet,tsuleht
"he's making it (round, long) fall",cause,full,kohonht,koonht,kohonht,uwohonht,hohonht,uwohonht
"he's making it (round, long) fall",cause-no-pres,full,kohonhtih,koonhtih,kohonht,uwohonht,hohonht,uwohonht
"he's making it (round, long) fall",cause-no-h,full,kohonht,koonht,kohonht,uwohonhth,hohonht,uwohonht
he's showing it to him,cause,full,akowhthvht,tsikowhthvht,akowhthvht,ukowhthvht,hikowhthvht,ukowhthvht
he's showing it to him,cause-no-pres,full,akowhthvhtih,tsikowhthvhtih,akowhthvht,ukowhthvht,hikowhthvht,ukowhthvht
he's showing it to him,cause-no-h,full,akowhthvht,tsikowhthvht,akowhthvht,ukowhthvhth,hikowhthvht,ukowhthvht
he's melting it,cause,full,kvnawht,kvnawot,kvnawht,uwanawht,hvnawht,uwanawht
he's melting it,cause-no-pres,full,kvnawhtih,kvnawotih,kvnawht,uwanawht,hvnawht,uwanawht
he's melting it,cause-no-h,full,kvnawht,kvnawot,kvnawht,uwanawhth,hvnawht,uwanawht
he's warming it,cause,full,akanawht,tsikanawot,akanawht,ukanawht,hikanawht,ukanawht
he's warming it,cause-no-pres,full,akanawhtih,tsikanawotih,akanawht,ukanawht,hikanawht,ukanawht
he's warming it,cause-no-h,full,akanawht,tsikanawot,akanawht,ukanawhth,hikanawht,ukanawht
1. he's making it crisp  2. he's starching it,cause,full,astakayht,tsistakayht,astakayht,ustakayht,histakayht,ustakayht
1. he's making it crisp  2. he's starching it,cause-no-pres,full,astakayhtih,tsistakayhtih,astakayht,ustakayht,histakayht,ustakayht
1. he's making it crisp  2. he's starching it,cause-no-h,full,astakayht,tsistakayht,astakayht,ustakayhth,histakayht,ustakayht
he's rising from a prone position,vh1,full,atit,katit,atit,utit,hatit,utit
"he's taking off flying, its flying away",vh1,full,alhawit,katlawit,alhawit,ulhawit,halhawit,ulhawit
"he's taking it (animal, flexible object) somewhere",vh1,full,kanawit,tsinawit,kanawit,unawit,hinawit,unawit
he's taking some liquid somewhere,vh1,full,kanewhit,tsinewit,kanewhit,unewhit,hinewhit,unewhit
he's taking a long object somewhere,vh1,full,ayvwhit,tsiyvwit,ayvwhit,uyvwhit,hiyvwhit,uyvwhit
he's putting it into a container,cause,full,kalht,tsilot,kalht,ulht,hilht,ulht
he's putting it into a container,cause-no-pres,full,kalhtih,tsilotih,kalht,ulht,hilht,ulht
he's putting it into a container,cause-no-h,full,kalht,tsilot,kalht,ulhth,hilht,ulht
he's setting a price,cause,full,takvwalht,tetsikvwalot,takvwalht,tukvwalht,thikvwalht,tsukvwalht
he's setting a price,cause-no-pres,full,takvwalhtih,tetsikvwalotih,takvwalht,tukvwalht,thikvwalht,tsukvwalht
he's setting a price,cause-no-h,full,takvwalht,tetsikvwalot,takvwalht,tukvwalhth,thikvwalht,tsukvwalht
he's attempting it,cause,full,anelht,kanelht,anelht,unelht,hanelht,unelht
he's attempting it,cause-no-pres,full,anelhtih,kanelhtih,anelht,unelht,hanelht,unelht
he's attempting it,cause-no-h,full,anelht,kanelht,anelht,unelhth,hanelht,unelht
"he's playing with him, it",cause,full,tanelht,tetsiyanelht,tanelht,tunelht,thiyanelht,tsunelht
"he's playing with him, it",cause-no-pres,full,tanelhtih,tetsiyanelhtih,tanelht,tunelht,thiyanelht,tsunelht
"he's playing with him, it",cause-no-h,full,tanelht,tetsiyanelht,tanelht,tunelhth,thiyanelht,tsunelht
he's lecturing him,cause,full,kawonht,tsiwonht,kawonht,uwonht,hiwonht,uwonht
he's lecturing him,cause-no-pres,full,kawonhtih,tsiwonhtih,kawonht,uwonht,hiwonht,uwonht
he's lecturing him,cause-no-h,full,kawonht,tsiwonht,kawonht,uwonhth,hiwonht,uwonht
he's putting it on,cause,full,nikvnht,nikvnht,nikvnht,nuwanht,nhvnht,iyuwanht
he's putting it on,cause-no-pres,full,nikvnhtih,nikvnhtih,nikvnht,nuwanht,nhvnht,iyuwanht
he's putting it on,cause-no-h,full,nikvnht,nikvnht,nikvnht,nuwanhth,nhvnht,iyuwanht
he's stopping him/it,cause,full,alewhistoht,tsiyalewistoht,alewhistoht,ulewhistoht,hiyalewistoht,ulewhistoht
he's stopping him/it,cause-no-pres,full,alewhistohtih,tsiyalewistohtih,alewhistoht,ulewhistoht,hiyalewistoht,ulewhistoht
he's stopping him/it,cause-no-h,full,alewhistoht,tsiyalewistoht,alewhistoht,ulewhistohth,hiyalewistoht,ulewhistoht
"he is dropping him, it (flexible)",cause,full,katonht,tsiyatonht,katonht,utonht,hiyatonht,utonht
"he is dropping him, it (flexible)",cause-no-pres,full,katonhtih,tsiyatonhtih,katonht,utonht,hiyatonht,utonht
"he is dropping him, it (flexible)",cause-no-h,full,katonht,tsiyatonht,katonht,utonhth,hiyatonht,utonht
he's using it,cause,full,kht,kvt,kht,uwht,hvht,uwht
he's using it,cause-no-pres,full,khtih,kvtih,kht,uwht,hvht,uwht
he's using it,cause-no-h,full,kht,kvt,kht,uwhth,hvht,uwht
he's staggering,cause,full,tutokht,takwatokht,tutokht,tutokht,titsatokht,tsutokht
he's staggering,cause-no-pres,full,tutokhtih,takwatokhtih,tutokht,tutokht,titsatokht,tsutokht
he's staggering,cause-no-h,full,tutokht,takwatokht,tutokht,tutokhth,titsatokht,tsutokht
he's deciding,cause,full,tekukht,tekukot,tekukht,tuwukht,thukht,tsuwukht
he's deciding,cause-no-pres,full,tekukhtih,tekukotih,tekukht,tuwukht,thukht,tsuwukht
he's deciding,cause-no-h,full,tekukht,tekukot,tekukht,tuwukhth,thukht,tsuwukht
he's snorting,cause,full,alhiyvsanawst,kaliyvsanawst,alhiyvsanawst,ulhiyvsanawst,halhiyvsanawst,ulhiyvsanawst
he's snorting,cause-no-pres,full,alhiyvsanawstih,kaliyvsanawstih,alhiyvsanawst,ulhiyvsanawst,halhiyvsanawst,ulhiyvsanawst
he's snorting,cause-no-h,full,alhiyvsanawst,kaliyvsanawst,alhiyvsanawst,ulhiyvsanawsth,halhiyvsanawst,ulhiyvsanawst
"he's including him, it (in counting)",cause,full,asest,tsiyasest,asest,usest,hiyasest,usest
"he's including him, it (in counting)",cause-no-pres,full,asestih,tsiyasestih,asest,usest,hiyasest,usest
"he's including him, it (in counting)",cause-no-h,full,asest,tsiyasest,asest,usesth,hiyasest,usest
he's promising,cause,full,athuist,tsithuist,athuist,uthuist,hithuist,uthuist
he's promising,cause-no-pres,full,athuistih,tsithuistih,athuist,uthuist,hithuist,uthuist
he's promising,cause-no-h,full,athuist,tsithuist,athuist,uthuisth,hithuist,uthuist
he's mentioning it,cause-no-h,full,khaneist,tsineist,khaneist,unheist,hinheist,unheist
1. he's preparing it.  2. he's getting ready,cause,full,atvnvist,katvnvist,atvnvist,utvnvist,hatvnvist,utvnvist
1. he's preparing it.  2. he's getting ready,cause-no-pres,full,atvnvistih,katvnvistih,atvnvist,utvnvist,hatvnvist,utvnvist
1. he's preparing it.  2. he's getting ready,cause-no-h,full,atvnvist,katvnvist,atvnvist,utvnvisth,hatvnvist,utvnvist
"1. he's raising him, it., 2. he's growing it., (plant)",cause,full,athvhist,tsiyatvhist,athvhist,uthvhist,hiyatvhist,uthvhist
"1. he's raising him, it., 2. he's growing it., (plant)",cause-no-pres,full,athvhistih,tsiyatvhistih,athvhist,uthvhist,hiyatvhist,uthvhist
"1. he's raising him, it., 2. he's growing it., (plant)",cause-no-h,full,athvhist,tsiyatvhist,athvhist,uthvhisth,hiyatvhist,uthvhist
he's stopping by (on his way somewhere),cause,full,kalohist,tsiloist,kalohist,ulohist,hilohist,ulohist
he's stopping by (on his way somewhere),cause-no-pres,full,kalohistih,tsiloistih,kalohist,ulohist,hilohist,ulohist
he's stopping by (on his way somewhere),cause-no-h,full,kalohist,tsiloist,kalohist,ulohisth,hilohist,ulohist
he's taking a break,cause,full,ayohist,tsiyohist,ayohist,uyohist,hiyohist,uyohist
he's taking a break,cause-no-pres,full,ayohistih,tsiyohistih,ayohist,uyohist,hiyohist,uyohist
he's taking a break,cause-no-h,full,ayohist,tsiyohist,ayohist,uyohisth,hiyohist,uyohist
"he, it's making noise",cause,full,atanoyhvlhist,katanoyvlist,atanoyhvlhist,utanoyhvlhist,hatanoyhvlhist,utanoyhvlhist
"he, it's making noise",cause-no-pres,full,atanoyhvlhistih,katanoyvlistih,atanoyhvlhist,utanoyhvlhist,hatanoyhvlhist,utanoyhvlhist
"he, it's making noise",cause-no-h,full,atanoyhvlhist,katanoyvlist,atanoyhvlhist,utanoyhvlhisth,hatanoyhvlhist,utanoyhvlhist
he's causing it to sound,cause,full,kanoyhvlhist,tsinoyvlist,kanoyhvlhist,unoyhvlhist,hinoyhvlhist,unoyhvlhist
he's causing it to sound,cause-no-pres,full,kanoyhvlhistih,tsinoyvlistih,kanoyhvlhist,unoyhvlhist,hinoyhvlhist,unoyhvlhist
he's causing it to sound,cause-no-h,full,kanoyhvlhist,tsinoyvlist,kanoyhvlhist,unoyhvlhisth,hinoyhvlhist,unoyhvlhist
he's cooking it (a specific food),cause,full,kvnhist,kvnist,kvnhist,uwanhist,hvnhist,uwanhist
he's cooking it (a specific food),cause-no-pres,full,kvnhistih,kvnistih,kvnhist,uwanhist,hvnhist,uwanhist
he's cooking it (a specific food),cause-no-h,full,kvnhist,kvnist,kvnhist,uwanhisth,hvnhist,uwanhist
he/it is stopping,cause,full,alewhist,kalewist,alewhist,ulewhist,halewhist,ulewhist
he/it is stopping,cause-no-pres,full,alewhistih,kalewistih,alewhist,ulewhist,halewhist,ulewhist
he/it is stopping,cause-no-h,full,alewhist,kalewist,alewhist,ulewhisth,halewhist,ulewhist
"he's burning him, it",cause,full,akohvst,tsiyakohvst,akohvst,ukohvst,hiyakohvst,ukohvst
"he's burning him, it",cause-no-pres,full,akohvstih,tsiyakohvstih,akohvst,ukohvst,hiyakohvst,ukohvst
"he's burning him, it",cause-no-h,full,akohvst,tsiyakohvst,akohvst,ukohvsth,hiyakohvst,ukohvst
"he's pressing down on him, it",cause,full,asonst,tsiyasonst,asonst,usonst,hiyasonst,usonst
"he's pressing down on him, it",cause-no-pres,full,asonstih,tsiyasonstih,asonst,usonst,hiyasonst,usonst
"he's pressing down on him, it",cause-no-h,full,asonst,tsiyasonst,asonst,usonsth,hiyasonst,usonst
he's smelling it  (sniff),cause,full,alsvst,kalisvst,alsvst,ulsvst,halsvst,ulsvst
he's smelling it  (sniff),cause-no-pres,full,alsvstih,kalisvstih,alsvst,ulsvst,halsvst,ulsvst
he's smelling it  (sniff),cause-no-h,full,alsvst,kalisvst,alsvst,ulsvsth,halsvst,ulsvst
he's taking off running,cause,full,atanawst,katanawst,atanawst,utanawst,hatanawst,utanawst
he's taking off running,cause-no-pres,full,atanawstih,katanawstih,atanawst,utanawst,hatanawst,utanawst
he's taking off running,cause-no-h,full,atanawst,katanawst,atanawst,utanawsth,hatanawst,utanawst
He's making an X,cause,full,tatanhawst,tekatanawst,tatanhawst,tutanhawst,thatanhawst,tsutanhawst
He's making an X,cause-no-pres,full,tatanhawstih,tekatanawstih,tatanhawst,tutanhawst,thatanhawst,tsutanhawst
He's making an X,cause-no-h,full,tatanhawst,tekatanawst,tatanhawst,tutanhawsth,thatanhawst,tsutanhawst
he's breaking it up,cause,full,ayoist,tsiyoist,ayoist,uyoist,hiyoist,uyoist
he's breaking it up,cause-no-pres,full,ayoistih,tsiyoistih,ayoist,uyoist,hiyoist,uyoist
he's breaking it up,cause-no-h,full,ayoist,tsiyoist,ayoist,uyoisth,hiyoist,uyoist
he's loaning it to him,cause,full,atholst,tsiyatholst,atholst,utholst,hiyatholst,utholst
he's loaning it to him,cause-no-pres,full,atholstih,tsiyatholstih,atholst,utholst,hiyatholst,utholst
he's loaning it to him,cause-no-h,full,atholst,tsiyatholst,atholst,utholsth,hiyatholst,utholst
"1. he's aiming at him, it  2 . he's aiming it",cause,full,talsost,tetsiyalisost,talsost,tulsost,thiyalisost,tsulsost
"1. he's aiming at him, it  2 . he's aiming it",cause-no-pres,full,talsostih,tetsiyalisostih,talsost,tulsost,thiyalisost,tsulsost
"1. he's aiming at him, it  2 . he's aiming it",cause-no-h,full,talsost,tetsiyalisost,talsost,tulsosth,thiyalisost,tsulsost
he's scheduling time,cause,full,tasvst,tetsisvst,tasvst,tusvst,thisvst,tsusvst
he's scheduling time,cause-no-pres,full,tasvstih,tetsisvstih,tasvst,tusvst,thisvst,tsusvst
he's scheduling time,cause-no-h,full,tasvst,tetsisvst,tasvst,tusvsth,thisvst,tsusvst
he's accusing him,cause,full,kuhist,tsiyuist,kuhist,uwuhist,hiyuist,uwuhist
he's accusing him,cause-no-pres,full,kuhistih,tsiyuistih,kuhist,uwuhist,hiyuist,uwuhist
he's accusing him,cause-no-h,full,kuhist,tsiyuist,kuhist,uwuhisth,hiyuist,uwuhist
1. he's setting a goal 2.  he's aiming,cause,full,alsost,kalisost,alsost,ulsost,halsost,ulsost
1. he's setting a goal 2.  he's aiming,cause-no-pres,full,alsostih,kalisostih,alsost,ulsost,halsost,ulsost
1. he's setting a goal 2.  he's aiming,cause-no-h,full,alsost,kalisost,alsost,ulsosth,halsost,ulsost
he's sifting it,cause,full,kvkust,kvkust,kvkust,uwakust,hvkust,uwakust
he's sifting it,cause-no-pres,full,kvkustih,kvkustih,kvkust,uwakust,hvkust,uwakust
he's sifting it,cause-no-h,full,kvkust,kvkust,kvkust,uwakusth,hvkust,uwakust
he's resting,cause,full,atawesolvst,katawesolvst,atawesolvst,utawesolvst,hatawesolvst,utawesolvst
he's resting,cause-no-pres,full,atawesolvstih,katawesolvstih,atawesolvst,utawesolvst,hatawesolvst,utawesolvst
he's resting,cause-no-h,full,atawesolvst,katawesolvst,atawesolvst,utawesolvsth,hatawesolvst,utawesolvst
he's resting him,cause,full,kawesolvst,tsiyawesolvst,kawesolvst,uyawesolvst,hiyawesolvst,uyawesolvst
he's resting him,cause-no-pres,full,kawesolvstih,tsiyawesolvstih,kawesolvst,uyawesolvst,hiyawesolvst,uyawesolvst
he's resting him,cause-no-h,full,kawesolvst,tsiyawesolvst,kawesolvst,uyawesolvsth,hiyawesolvst,uyawesolvst
he's straining it,cause,full,khanvsolvst,tsinvsolvst,khanvsolvst,unhvsolvst,hinhvsolvst,unhvsolvst
he's straining it,cause-no-pres,full,khanvsolvstih,tsinvsolvstih,khanvsolvst,unhvsolvst,hinhvsolvst,unhvsolvst
he's straining it,cause-no-h,full,khanvsolvst,tsinvsolvst,khanvsolvst,unhvsolvsth,hinhvsolvst,unhvsolvst
1. he's making smoke; 2. it's smoking,cause,full,takhsvst,tetsikasvst,takhsvst,tukhsvst,thikhsvst,tsukhsvst
1. he's making smoke; 2. it's smoking,cause-no-pres,full,takhsvstih,tetsikasvstih,takhsvst,tukhsvst,thikhsvst,tsukhsvst
1. he's making smoke; 2. it's smoking,cause-no-h,full,takhsvst,tetsikasvst,takhsvst,tukhsvsth,thikhsvst,tsukhsvst
"he's making him, it fly",cause-no-h,full,alhawitht,tsiyatlawitht,alhawitht,ulhawitht,hiyatlawitht,ulhawitht
he's shattering it,cause,full,alhkhotht,kalikhotht,alhkhotht,ulhkhotht,halhkhotht,ulhkhotht
he's shattering it,cause-no-pres,full,alhkhothtih,kalikhothtih,alhkhotht,ulhkhotht,halhkhotht,ulhkhotht
he's shattering it,cause-no-h,full,alhkhotht,kalikhotht,alhkhotht,ulhkhothth,halhkhotht,ulhkhotht
"he's killing him, it",lose-way,full,a,tsi,a,u,hilu,uhi
"he's counting it, them",lose-way,full,tase,tekase,tase,tuse,thase,tsuse
he's distributing it,round8,full,ayatho,tsiyatho,ayatho,uyatho,hiyatho,uyatho
he's putting on a belt,lose-way,full,atatlo,katatlo,atatlo,utatlo,hatatlo,utatlo
he's strapping it,lose-way,full,katlo,tsitlo,katlo,uwatlo,hitlo,uwatlo
1. he's tying up a leg 2. he's applying a break,lose-way,full,kanvlho,tsinvlho,kanvlho,unvlho,hinvlho,unvlho
he's asking for it,round6,full,athayo,tsithayo,athayo,uthayo,hithayo,uthayo
he's going to bed,round6,full,usv,akhsv,usv,usv,tsv,usv
he's entering it,round6,full,ayv,tsiyv,ayv,uyv,hiyv,uyv
it's becoming crisp,round4,full,astakayv,,astakayv,ustakayv,,
it's becoming crisp,round5,full,astakayv,,astakayv,ustakayv,,
it's becoming crisp,round6,full,astakayv,,astakayv,ustakayv,,
it's becoming crisp,round8,full,astakayv,,astakayv,ustakayv,,
it's becoming crisp,lose-way,full,astakayv,,astakayv,ustakayv,,
it's becoming crisp,aspectless,full,astakayvhih,,astakayvhih,ustakayvlh,,
it's becoming crisp,aspectless-h,full,astakayvhi,,astakayvhi,ustakayvl,,
"he's rolling him, it",lose-way,full,kasakwale,tsiyasakwale,kasakwale,uwasakwale,hiyasakwale,uwasakwale
he's tying it,lose-way,full,takhane,tetsikane,takhane,tukhane,thikhane,tsukhane
he's wrestling,lose-way,full,anhe,kanhe,anhe,unhe,hanhe,unhe
he's arguing,lose-way,full,athiyo,katiyo,athiyo,uthiyo,hathiyo,uthiyo
it's ripping,vh1,full,atatsakal,katatsakal,atatsakal,utatsakal,hatatsakal,utatsakal
he's ripping it,vh1,full,katsakal,tsitsakal,katsakal,uwatsakal,hitsakal,uwatsakal
"he's cleaning him, it",vh1,full,kanvkal,tsinvkal,kanvkal,unvkal,hinvkal,unvkal
"he's peeling, skinning him, it",vh1,full,kanekal,tsinekal,kanekal,unekal,hinekal,unekal
he's playing ball,vh1,full,alaskal,kalaskal,alaskal,ulaskal,halaskal,ulaskal
"1. he's cutting it, 2. he's slicing it",vh1,full,akvhal,tsikval,akvhal,ukvhal,hikvhal,ukvhal
it's lightning,glottal-sk,full,anakalih,,anakali,unakalvh,,
it's lightning,vh1,full,anakal,,anakal,unakal,,
it's lightning,vh2,full,anakal,,anakal,unakal,,
it's lightning,aspectless,full,anakalih,,anakalisk,unakalvh,,
he's helping him,vh1,full,astel,tsistel,astel,ustel,histel,ustel
he's helping,vh1,full,alstel,kalistel,alstel,ulstel,halstel,ulstel
he's acting silly,be-silly,full,atvnel,katvnel,atvnel,utvnel,hatvnel,utvnel
he wants it,vh1,full,utul,akwatul,utul,utul,tsatul,utul
it's boiling,vh1,full,alitl,,alitl,ulitl,,ulil
it's boiling,aspectless,full,alitlih,,alitlisk,ulitlvh,,ulilht
he's rooting it out,vh1,full,khanastetl,tsinastetl,khanastetl,unhastetl,hinhastetl,unhastel
he's sharpening it,vh1,full,khtl,kvtl,khtl,uwhtl,hvhtl,uwhtlv
he's sharpening it,vh2,full,khtl,kvtl,khtl,uwhtl,hvhtl,uwhtl
he's shelling corn,vh1,full,takhtlh,tetsikatlh,takhtlh,tukhtlh,thikhtlh,tsukhtlhv
he's shelling corn,vh2,full,takhtlh,tetsikatlh,takhtlh,tukhtlh,thikhtlh,tsukhtlh
"1. he's calling him, inviting him. 2. he's receiving, getting him",vh1,full,ayhan,tsiyan,ayhan,uyhan,hiyan,uyhan
he's starting/beginning,vh1,full,alen,kalen,alen,ulen,halen,ulen
it's beginning,vh1,full,atalen,,atalen,utalen,,utalen
it's beginning,aspectless,full,atalenih,,atalenisk,utalenvh,,utalenht
they are separating,vh1,full,tanakalen,tostakalen,tanakalen,tunakalen,tistakalen,tsunakalen
he's target practicing,vh1,full,akon,kakon,akon,ukon,hakon,ukon
he's spanking him,round1,full,kalivnh,tsilivnh,kalivnh,ulivnh,hilivnh,ulivnh
he's spanking him,round2,full,kalivnh,tsilivnh,kalivnh,ulivnh,hilivnh,ulivnhs
he's spanking him,round3,full,kalivnh,tsilivnh,kalivnh,ulivnhi,hilivnh,ulivnh
he's spanking him,touch,full,kalivn,tsilivn,kalivn,ulivn,hilivn,ulivnh
he's shaking his head,round2,full,alstvnh,kalistvnh,alstvnh,ulstvnh,halstvnh,ulstvnh
"1. he's hitting, striking him, it 2. he's knocking",round1,full,kvnh,tsiyvn,kvnh,uwanh,hiyvni,uwan
"1. he's hitting, striking him, it 2. he's knocking",round2,full,kvnh,tsiyvn,kvnh,uwanh,hiyvni,uwans
"1. he's hitting, striking him, it 2. he's knocking",round3,full,kvnh,tsiyvn,kvnh,uwanhi,hiyvni,uwan
"he's mourning for him, it",round1,full,askonh,tsiskonh,askonh,uskonh,hiskonh,uskon
"he's mourning for him, it",round2,full,askonh,tsiskonh,askonh,uskonh,hiskonh,uskons
"he's mourning for him, it",round3,full,askonh,tsiskonh,askonh,uskonhi,hiskonh,uskon
"he's mourning for him, it",touch,full,askon,tsiskon,askon,uskon,hiskon,uskon
1. he's withdrawing (a motion)  2. he's withdrawing (his candidacy)  3. he's pulling it out (a drawer),vh1,full,ases,kases,ases,uses,hases,usesv
1. he's withdrawing (a motion)  2. he's withdrawing (his candidacy)  3. he's pulling it out (a drawer),vh2,full,ases,kases,ases,uses,hases,uses
they are gathering,cause-late-h,full,anatalhis,otsatalhis,anatalhis,unatalhis,itsatalhis,unatalhis
he's gathering it,cause-late-h,full,kalhis,tsilhis,kalhis,uwalhis,hilhis,uwalhis
he's burying him,cause-late-h,full,kanis,tsinis,kanis,unis,hinis,unis
he's explaining it (a Biblical text),cause-late-h,full,tekosis,tekosis,tekosis,tuwosis,thosis,tsuwosis
he's straightening it,cause-late-h,full,katshinos,tsitshinos,katshinos,uwatshinos,hitshinos,uwatshinos
he's recuperating,cause-late-h,full,talehis,tekaleis,talehis,tulehis,thalehis,tsulehis
he's finding a flexible object,vh1,full,kanawhth,tsinawhth,kanawhth,unawhth,hinawhth,unawhthv
he's finding a flexible object,vh2,full,kanawhth,tsinawhth,kanawhth,unawhth,hinawhth,unawhth
"he's stabbing him, it",lose-way,full,kat,tsiyat,kat,uwathi,hiyathi,uwathi
"he's stabbing him, it",hate,full,kath,tsiyath,kath,uwath,hiyath,uwath
"he's finding him, it",vh1,full,awhahth,tsiwahth,awhahth,uwhahth,hiwahth,uwhahthv
"he's finding him, it",vh2,full,awhahth,tsiwahth,awhahth,uwhahth,hiwahth,uwhahth
he's finding some liquid,vh1,full,kanewhahth,tsinewahth,kanewhahth,unewhahth,hinewhahth,unewhahthv
he's finding some liquid,vh2,full,kanewhahth,tsinewahth,kanewhahth,unewhahth,hinewhahth,unewhahth
he's finding a long object,vh1,full,ayvwhahth,tsiyvwahth,ayvwhahth,uyvwhahth,hiyvwhahth,uyvwhahthv
he's finding a long object,vh2,full,ayvwhahth,tsiyvwahth,ayvwhahth,uyvwhahth,hiyvwhahth,uyvwhahth
it's snowing,cause-late-h,full,kuth,,kuth,uwuth,,uwuth
it's snowing,aspectless,full,kuthih,,kuthisk,uwuthanh,,uwuthoht
"1. he's getting a long object., 2. he's picking up a long object",vh1,full,ay,tsiy,ay,uy,hiy,uy
he's having a birthday,vh1,full,utethiy,akwatethiy,utethiy,utethiy,tsatethiy,utethiy
he's paying,vh1,full,akwhiy,kakwiy,akwhiy,ukwhiy,hakwhiy,ukwhiy
1. he's catching him 2. he's arresting him 3. he's playing catcher,vh1,full,kaniy,tsiniy,kaniy,uniy,hiniy,uniy
"he's denying him, it",round1,full,atayh,tsiyatay,atayh,utayh,hiyatayi,utayh
"he's denying him, it",round2,full,atayh,tsiyatay,atayh,utayh,hiyatayi,utayhs
"he's denying him, it",round3,full,atayh,tsiyatay,atayh,utayhi,hiyatayi,utayh
he's crying,round1,full,atloyh,katloy,atloyh,utloyh,hatloyh,utloy
he's crying,round2,full,atloyh,katloy,atloyh,utloyh,hatloyh,utloys
he's crying,round3,full,atloyh,katloy,atloyh,utloyhi,hatloyh,utloy
he's crying,touch,full,atloy,katloy,atloy,utloy,hatloy,utloy
he's untying it,vh1,full,takhaneyh,tetsikaneyh,takhaneyh,tukhaneyh,thikhaneyh,tsukhaneyhv
he's untying it,vh2,full,takhaneyh,tetsikaneyh,takhaneyh,tukhaneyh,thikhaneyh,tsukhaneyh
1. he's making an incision 2. he's operating on him,round7,full,ayhelho,tsiyelho,ayhelho,uyhelha,hiyel,uyhel
it's twisting,twist,full,atanuthey,katanuthey,atanuthey,utanuthey,hatanuthey,utanuthey
"he's twisting him, it",round7,full,kanutheyo,tsinutheyo,kanutheyo,unetheyo,hinuthey,unutheya
"he's twisting him, it",go-around,full,kanuthey,tsinuthey,kanuthey,unethey,hinutheyak,unuthey
he's looking for him,look,full,ay,tsiy,ay,uy,hiy,uy
he's building a fence,look,full,asoy,kasoy,asoy,usoy,hasoy,usoy
he's cheating,apl-active2,full,kalonuh,tsilonu,kalonuh,ulonuh,hilonuh,ulonuh
he's taking a long object out of a container,vh1,full,kal,tsil,kal,ul,hil,ul
he's drawing a liquid out of a container,vh1,full,atl,tsitl,atl,utl,hitl,utlv
he's drawing a liquid out of a container,vh2,full,atl,tsitl,atl,utl,hitl,utl
he's giving him a long  object,apl1,full,at,tsit,at,ut,hiti,ut
he's giving him a long  object,apl2,full,at,tsit,at,ut,hiti,ut
he's showing him,apl1,full,aseh,tsiyaseh,aseh,useh,hiyasehi,useh
he's showing him,apl2,full,aseh,tsiyaseh,aseh,useh,hiyasehi,useh
he's washing his hair,wash-hair,full,alstul,kalistul,alstul,ulstul,halstul,ulstul
he's taking it somewhere,vh1,full,awhit,tsiwit,awhit,uwhit,hiwhit,uwhit
he's losing his way,lose-way,full,ulena,akwalena,ulena,ulena,tsalena,ulena
he's choking him,vh1,full,ayhvskiy,tsiyvskiy,ayhvskiy,uyhvskiy,hiyvskiy,uyhvskiy
"1. he's walking around., 2. he's here",go-around,full,et,ket,et,uwet,het,uwet
he's tossing about,go-around,full,kanvtsit,tsinvtsit,kanvtsit,unvtsit,hinvtsit,unvtsit
he's climbing around,go-around,full,kalit,tsilit,kalit,ulit,hilit,ulit
"he's omitting him, it",glottal-sk,full,khanohiyah,tsinohiya,khanohiya,unhohiy,hinohiya,unhohiya
"he's putting out a fire, a light",glottal-sk,full,khtlatih,kvtlati,khtlati,uwhtlat,hvhtlata,uwhtlati
"1.  he's diverting him, it, 2. he's flagging him, it down",glottal-sk,full,ahalukih,tsialuki,ahaluki,uhalukis,hialuki,uhaluki
"he's touching him, it",round1,full,asvnh,tsiyasvnh,asvnh,usvnh,hiyasvnh,usvn
"he's touching him, it",round2,full,asvnh,tsiyasvnh,asvnh,usvnh,hiyasvnh,usvns
"he's touching him, it",round3,full,asvnh,tsiyasvnh,asvnh,usvnhi,hiyasvnh,usvn
"he's touching him, it",touch,full,asvn,tsiyasvn,asvn,usvn,hiyasvn,usvn
it (weather) is cold,aspectless,full,uyhvtl,,uyhvtl,uyhvtl,,
he's wearing shoes,aspectless,full,tulasulh,takwalasulh,tulasulh,tulasulh,tetsalasulh,
he's wearing shoes,aspectless-h,full,tulasul,takwalasul,tulasul,tulasul,tetsalasul,
he's looking at him/it,cause-no-pres,full,akhthost,tsiyakathost,akhthost,ukhthost,hiyakathost,ukhthost
he's driving it (vehicle in motion or animal),aspectless,full,ahil,tsiil,ahilis,uhilvs,,uhilvst
he's heading in the direction of,aspectless,full,wakhth,witsikath,wakhth,wakhth,whikhth,
he's heading in the direction of,aspectless-h,full,wakht,witsikat,wakht,wakht,whikht,
