definition,class,strictness,scope,stem_final_match_present,stem_final_match_imperfective,stem_final_match_perfective,stem_final_match_imperative,stem_final_match_infinitive
he's putting on his socks,VIa2,loose,full,True,True,True,True,True
he's putting on his socks,VIIa2,loose,full,True,True,True,True,True
he's taking a drink (alcoholic beverage),Ia,strict,reconstructs,True,True,True,True,True
he's taking a drink (alcoholic beverage),Ia,loose,full,True,True,True,True,True
he thinks so,Ia,strict,ending,True,True,True,False,True
he thinks so,Ia,loose,ending,True,True,True,False,True
he thinks so,Id,strict,ending,False,False,False,True,False
he thinks so,Id,loose,ending,False,False,False,True,False
he thinks so,IIa,loose,ending,False,False,False,True,False
he thinks so,Vb*,strict,ending,False,False,False,False,False
he thinks so,Vb*,loose,ending,False,False,False,False,False
"he's catching a falling person, object",Ia,strict,ending,False,False,False,True,False
"he's catching a falling person, object",Ia,loose,ending,False,False,False,True,False
"he's catching a falling person, object",Ia*,strict,full,True,True,True,True,True
"he's catching a falling person, object",Ia*,loose,full,True,True,True,True,True
"1. he's saying it  2. it's barking, meowing, whinnying, cooing, etc",Ia,strict,ending,False,False,False,True,False
"1. he's saying it  2. it's barking, meowing, whinnying, cooing, etc",Ia,loose,ending,False,False,False,True,False
it's hatching,Ia,strict,reconstructs,True,True,True,True,True
it's hatching,Ia,loose,full,True,True,True,True,True
he's opening it,Ia,strict,reconstructs,True,True,True,True,True
he's opening it,Ia,loose,full,True,True,True,True,True
it's freezing,Id,strict,ending,False,False,False,True,False
it's freezing,Id,loose,ending,False,False,False,True,False
it's freezing,IIa,loose,ending,False,False,False,False,False
it's freezing,Vb*,strict,reconstructs,True,True,True,True,True
it's freezing,Vb*,loose,full,True,True,True,True,True
he's getting married,Id,strict,ending,False,False,False,True,False
he's getting married,Id,loose,ending,False,False,False,True,False
he's getting married,IIa,loose,ending,False,False,False,False,False
he's getting married,Vb*,strict,reconstructs,True,True,True,True,True
he's getting married,Vb*,loose,full,True,True,True,True,True
1. he's pleading 2. he's urging,Id,strict,ending,False,False,False,True,False
1. he's pleading 2. he's urging,Id,loose,ending,False,False,False,True,False
1. he's pleading 2. he's urging,IIa,loose,ending,False,False,False,False,False
1. he's pleading 2. he's urging,Vb*,strict,reconstructs,True,True,True,True,True
1. he's pleading 2. he's urging,Vb*,loose,full,True,True,True,True,True
he's capturing him,Id,strict,ending,False,False,False,True,False
he's capturing him,Id,loose,ending,False,False,False,True,False
he's capturing him,IIa,loose,ending,False,False,False,False,False
he's capturing him,Vb*,strict,reconstructs,True,True,True,True,True
he's capturing him,Vb*,loose,full,True,True,True,True,True
he's bewitching him,Id,strict,ending,False,False,False,True,False
he's bewitching him,Id,loose,ending,False,False,False,True,False
he's bewitching him,IIa,loose,ending,False,False,False,False,False
he's bewitching him,Vb*,strict,reconstructs,True,True,True,True,True
he's bewitching him,Vb*,loose,full,True,True,True,True,True
it's burning (flames),Id,strict,ending,False,False,False,True,False
it's burning (flames),Id,loose,ending,False,False,False,True,False
it's burning (flames),IIa,loose,ending,False,False,False,False,False
it's burning (flames),Vb*,strict,reconstructs,True,True,True,True,True
it's burning (flames),Vb*,loose,full,True,True,True,True,True
he's taking off his socks,Ia,strict,reconstructs,True,True,True,True,True
he's taking off his socks,Ia,loose,full,True,True,True,True,True
he's chewing it,Ib,strict,reconstructs,True,True,True,True,True
he's chewing it,Ib,loose,full,True,True,True,True,True
he's chewing it,Id,strict,ending,False,False,False,True,False
he's chewing it,Id,loose,ending,False,False,False,True,False
he's chewing it,IIa,loose,ending,False,False,False,False,False
1. he's pondering it  2. he's considering,Ib,strict,reconstructs,True,True,True,True,True
1. he's pondering it  2. he's considering,Ib,loose,full,True,True,True,True,True
1. he's pondering it  2. he's considering,Id,strict,ending,False,False,False,True,False
1. he's pondering it  2. he's considering,Id,loose,ending,False,False,False,True,False
1. he's pondering it  2. he's considering,IIa,loose,ending,False,False,False,False,False
he's taking a step,Ia,strict,ending,False,False,False,False,False
he's taking a step,Ia,loose,ending,False,False,False,False,False
he's taking a step,Ic,strict,ending,True,True,False,True,True
he's taking a step,Ic,loose,ending,True,True,False,True,True
he's taking a step,Ic*,strict,reconstructs,True,True,True,True,True
he's taking a step,Ic*,loose,full,True,True,True,True,True
he's taking a step,Id,strict,ending,False,False,False,True,False
he's taking a step,Id,loose,ending,False,False,False,True,False
he's taking a step,IIa,loose,ending,False,False,False,False,False
he's replying,Ia,strict,ending,False,False,False,False,False
he's replying,Ia,loose,ending,False,False,False,False,False
he's replying,Ic,strict,ending,True,True,False,True,True
he's replying,Ic,loose,ending,True,True,False,True,True
he's replying,Ic*,strict,reconstructs,True,True,True,True,True
he's replying,Ic*,loose,full,True,True,True,True,True
he's replying,Id,strict,ending,False,False,False,True,False
he's replying,Id,loose,ending,False,False,False,True,False
he's replying,IIa,loose,ending,False,False,False,False,False
"he, it's changing",Ia,strict,ending,False,False,False,False,False
"he, it's changing",Ia,loose,ending,False,False,False,False,False
"he, it's changing",Ic,strict,ending,True,True,False,True,True
"he, it's changing",Ic,loose,ending,True,True,False,True,True
"he, it's changing",Ic*,strict,reconstructs,True,True,True,True,True
"he, it's changing",Ic*,loose,full,True,True,True,True,True
"he, it's changing",Id,strict,ending,False,False,False,True,False
"he, it's changing",Id,loose,ending,False,False,False,True,False
"he, it's changing",IIa,loose,ending,False,False,False,False,False
he's changing it,Ia,strict,ending,False,False,False,False,False
he's changing it,Ia,loose,ending,False,False,False,False,False
he's changing it,Ic,strict,ending,True,True,False,True,True
he's changing it,Ic,loose,ending,True,True,False,True,True
he's changing it,Ic*,strict,reconstructs,True,True,True,True,True
he's changing it,Ic*,loose,full,True,True,True,True,True
he's changing it,Id,strict,ending,False,False,False,True,False
he's changing it,Id,loose,ending,False,False,False,True,False
he's changing it,IIa,loose,ending,False,False,False,False,False
he's erasing it,Id,strict,ending,False,False,False,True,False
he's erasing it,Id,loose,ending,False,False,False,True,False
he's erasing it,IIa,loose,ending,False,False,False,False,False
he's erasing it,Vb*,strict,reconstructs,True,True,True,True,True
he's erasing it,Vb*,loose,full,True,True,True,True,True
"he, it's moving from one place to another",Ia,strict,ending,False,False,False,False,False
"he, it's moving from one place to another",Ia,loose,ending,False,False,False,False,False
"he, it's moving from one place to another",Ic,strict,ending,True,True,False,True,True
"he, it's moving from one place to another",Ic,loose,ending,True,True,False,True,True
"he, it's moving from one place to another",Ic*,strict,reconstructs,True,True,True,True,True
"he, it's moving from one place to another",Ic*,loose,full,True,True,True,True,True
"he, it's moving from one place to another",Id,strict,ending,False,False,False,True,False
"he, it's moving from one place to another",Id,loose,ending,False,False,False,True,False
"he, it's moving from one place to another",IIa,loose,ending,False,False,False,False,False
"he's learning, he's learning it",Id,strict,ending,False,False,False,True,False
"he's learning, he's learning it",Id,loose,ending,False,False,False,True,False
"he's learning, he's learning it",IIa,loose,ending,False,False,False,False,False
he's leaving it behind,Id,strict,ending,False,False,False,True,False
he's leaving it behind,Id,loose,ending,False,False,False,True,False
he's leaving it behind,IIa,loose,ending,False,False,False,True,False
he's leaving a living thing behind,Id,strict,ending,False,False,False,True,False
he's leaving a living thing behind,Id,loose,ending,False,False,False,True,False
he's leaving a living thing behind,IIa,loose,ending,False,False,False,True,False
he's leaving it (flexible),Id,strict,ending,False,False,False,True,False
he's leaving it (flexible),Id,loose,ending,False,False,False,True,False
he's leaving it (flexible),IIa,loose,ending,False,False,False,True,False
he's leaving a long object behind,Id,strict,ending,False,False,False,True,False
he's leaving a long object behind,Id,loose,ending,False,False,False,True,False
he's leaving a long object behind,IIa,loose,ending,False,False,False,True,False
he's scattering it,Id,strict,ending,False,False,False,True,False
he's scattering it,Id,loose,ending,False,False,False,True,False
he's scattering it,IIa,loose,ending,False,False,False,True,False
1. he's racing 2. he's running for office,Id,strict,ending,False,False,False,True,False
1. he's racing 2. he's running for office,Id,loose,ending,False,False,False,True,False
1. he's racing 2. he's running for office,IIa,loose,ending,False,False,False,True,False
he's shoveling it,Ia,strict,ending,False,False,False,True,False
he's shoveling it,Ia,loose,ending,False,False,False,True,False
he's shoveling it,Ia*,strict,full,True,True,True,True,True
he's shoveling it,Ia*,loose,full,True,True,True,True,True
"he's taking off, removing a cap",Ia,strict,ending,False,False,False,True,False
"he's taking off, removing a cap",Ia,loose,ending,False,False,False,True,False
"he's taking off, removing a cap",Ia*,strict,full,True,True,True,True,True
"he's taking off, removing a cap",Ia*,loose,full,True,True,True,True,True
he's oiling it,Id,strict,full,True,True,True,True,True
he's oiling it,Id,loose,full,True,True,True,True,True
he's oiling it,IIa,loose,ending,False,False,False,False,False
he's washing (dishes),Id,strict,full,True,True,True,True,True
he's washing (dishes),Id,loose,full,True,True,True,True,True
he's washing (dishes),IIa,loose,full,True,True,True,True,True
"1. he's reading, 2. he's examining him, it",Id,strict,full,True,True,True,True,True
"1. he's reading, 2. he's examining him, it",Id,loose,full,True,True,True,True,True
"1. he's reading, 2. he's examining him, it",IIa,loose,full,True,True,True,True,True
"he's rubbing him, it",Id,strict,full,True,True,True,True,True
"he's rubbing him, it",Id,loose,full,True,True,True,True,True
"he's rubbing him, it",IIa,loose,full,True,True,True,True,True
he's laying a long object down,Id,strict,ending,False,False,False,True,False
he's laying a long object down,Id,loose,ending,False,False,False,True,False
he's laying a long object down,IIa,loose,ending,False,False,False,False,False
he's laying a long object down,Vb*,strict,reconstructs,True,True,True,True,True
he's laying a long object down,Vb*,loose,full,True,True,True,True,True
"he's remembering him, it",Id,strict,ending,False,False,False,True,False
"he's remembering him, it",Id,loose,ending,False,False,False,True,False
"he's remembering him, it",IIa,loose,ending,False,False,False,False,False
"he's remembering him, it",Vb*,strict,full,True,True,True,True,True
"he's remembering him, it",Vb*,loose,full,True,True,True,True,True
"he's lifting him, raising him, it",Id,strict,ending,False,False,False,True,False
"he's lifting him, raising him, it",Id,loose,ending,False,False,False,True,False
"he's lifting him, raising him, it",IIa,loose,ending,False,False,False,False,False
"he's lifting him, raising him, it",IVa,loose,ending,True,True,True,False,True
"he's lifting him, raising him, it",Vc*,strict,reconstructs,True,True,True,True,True
"he's lifting him, raising him, it",Vc*,loose,full,True,True,True,True,True
"he, it's ascending, raising",Id,strict,ending,False,False,False,True,False
"he, it's ascending, raising",Id,loose,ending,False,False,False,True,False
"he, it's ascending, raising",IIa,loose,ending,False,False,False,False,False
"he, it's ascending, raising",IVa,loose,ending,True,True,True,False,True
"he, it's ascending, raising",Vc*,strict,reconstructs,True,True,True,True,True
"he, it's ascending, raising",Vc*,loose,full,True,True,True,True,True
he's mooring a boat,Id,strict,ending,False,False,False,True,False
he's mooring a boat,Id,loose,ending,False,False,False,True,False
he's mooring a boat,IIa,loose,ending,False,False,False,False,False
he's mooring a boat,Vb*,strict,reconstructs,True,True,True,True,True
he's mooring a boat,Vb*,loose,full,True,True,True,True,True
he's joining,Id,strict,ending,False,False,False,True,False
he's joining,Id,loose,ending,False,False,False,True,False
he's joining,IIa,loose,ending,False,False,False,False,False
he's joining,Vb*,strict,reconstructs,True,True,True,True,True
he's joining,Vb*,loose,full,True,True,True,True,True
"he's roping him, it",Id,strict,ending,False,False,False,True,False
"he's roping him, it",Id,loose,ending,False,False,False,True,False
"he's roping him, it",IIa,loose,ending,False,False,False,False,False
"he's roping him, it",Vb*,strict,reconstructs,True,True,True,True,True
"he's roping him, it",Vb*,loose,full,True,True,True,True,True
"he's placing his hand on him, it",Id,strict,ending,False,False,False,True,False
"he's placing his hand on him, it",Id,loose,ending,False,False,False,True,False
"he's placing his hand on him, it",IIa,loose,ending,False,False,False,False,False
"he's placing his hand on him, it",Vb*,strict,reconstructs,True,True,True,True,True
"he's placing his hand on him, it",Vb*,loose,full,True,True,True,True,True
he's sending a long object,Id,strict,ending,False,False,False,True,False
he's sending a long object,Id,loose,ending,False,False,False,True,False
he's sending a long object,IIa,loose,ending,False,False,False,False,False
he's sending a long object,Vb*,strict,reconstructs,True,True,True,True,True
he's sending a long object,Vb*,loose,full,True,True,True,True,True
he's finishing it,Id,strict,ending,False,False,False,True,False
he's finishing it,Id,loose,ending,False,False,False,True,False
he's finishing it,IIa,loose,ending,False,False,False,False,False
he's finishing it,Vb*,strict,reconstructs,True,True,True,True,True
he's finishing it,Vb*,loose,full,True,True,True,True,True
it's ending,Ib,strict,ending,False,False,False,True,False
it's ending,Ib,loose,ending,False,False,False,True,False
it's ending,Ic,strict,ending,False,False,False,True,False
it's ending,Ic,loose,ending,False,False,False,True,False
it's ending,Id,strict,ending,False,False,False,True,False
it's ending,Id,loose,ending,False,False,False,True,False
it's ending,IIa,loose,ending,False,False,False,True,False
it's ending,IIb,loose,ending,False,False,False,True,False
it's ending,Vb*,strict,reconstructs,True,True,True,True,True
it's ending,Vb*,loose,full,True,True,True,True,True
he's exchanging/trading it,Id,strict,ending,False,False,False,True,False
he's exchanging/trading it,Id,loose,ending,False,False,False,True,False
he's exchanging/trading it,IIa,loose,ending,False,False,False,False,False
he's exchanging/trading it,Vb*,strict,reconstructs,True,True,True,True,True
he's exchanging/trading it,Vb*,loose,full,True,True,True,True,True
he's putting a long object in liquid,Id,strict,ending,False,False,False,True,False
he's putting a long object in liquid,Id,loose,ending,False,False,False,True,False
he's putting a long object in liquid,IIa,loose,ending,False,False,False,False,False
he's putting a long object in liquid,Vb*,strict,reconstructs,True,True,True,True,True
he's putting a long object in liquid,Vb*,loose,full,True,True,True,True,True
he's receiving punishment,Id,strict,ending,False,False,False,True,False
he's receiving punishment,Id,loose,ending,False,False,False,True,False
he's receiving punishment,IIa,loose,ending,False,False,False,False,False
he's receiving punishment,Vb*,strict,reconstructs,True,True,True,True,True
he's receiving punishment,Vb*,loose,full,True,True,True,True,True
he's putting a long object in a container,Id,strict,ending,False,False,False,True,False
he's putting a long object in a container,Id,loose,ending,False,False,False,True,False
he's putting a long object in a container,IIa,loose,ending,False,False,False,False,False
he's putting a long object in a container,Vb*,strict,reconstructs,True,True,True,True,True
he's putting a long object in a container,Vb*,loose,full,True,True,True,True,True
he's hiding a long object,Id,strict,ending,False,False,False,True,False
he's hiding a long object,Id,loose,ending,False,False,False,True,False
he's hiding a long object,IIa,loose,ending,False,False,False,False,False
he's hiding a long object,Vb*,strict,reconstructs,True,True,True,True,True
he's hiding a long object,Vb*,loose,full,True,True,True,True,True
it's misting,Ib,strict,ending,False,False,False,True,False
it's misting,Ib,loose,ending,False,False,False,True,False
it's misting,Ic,strict,ending,False,False,False,True,False
it's misting,Ic,loose,ending,False,False,False,True,False
it's misting,Id,strict,ending,False,False,False,True,False
it's misting,Id,loose,ending,False,False,False,True,False
it's misting,IIa,loose,ending,False,False,False,True,False
it's misting,IIb,loose,ending,False,False,False,True,False
it's misting,Vb*,strict,full,True,True,True,True,True
it's misting,Vb*,loose,full,True,True,True,True,True
he's setting up a bed,Id,strict,ending,False,False,False,True,False
he's setting up a bed,Id,loose,ending,False,False,False,True,False
he's setting up a bed,IIa,loose,ending,False,False,False,False,False
he's setting up a bed,Vb*,strict,reconstructs,True,True,True,True,True
he's setting up a bed,Vb*,loose,full,True,True,True,True,True
he's licking it,Id,strict,ending,False,False,False,True,False
he's licking it,Id,loose,ending,False,False,False,True,False
he's licking it,IIa,loose,ending,False,False,False,False,False
he's licking it,Vb*,strict,reconstructs,True,True,True,True,True
he's licking it,Vb*,loose,full,True,True,True,True,True
he's sticking his head out,Id,strict,ending,False,False,False,True,False
he's sticking his head out,Id,loose,ending,False,False,False,True,False
he's sticking his head out,IIa,loose,ending,False,False,False,False,False
he's sticking his head out,IVa,loose,ending,True,True,True,False,True
he's sticking his head out,Vc*,strict,reconstructs,True,True,True,True,True
he's sticking his head out,Vc*,loose,full,True,True,True,True,True
"he's missing him, it",Id,strict,ending,False,False,False,True,False
"he's missing him, it",Id,loose,ending,False,False,False,True,False
"he's missing him, it",IIa,loose,ending,False,False,False,False,False
"he's missing him, it",Vb*,strict,reconstructs,True,True,True,True,True
"he's missing him, it",Vb*,loose,full,True,True,True,True,True
he's eating it (a single solid food),Id,strict,ending,False,False,False,True,False
he's eating it (a single solid food),Id,loose,ending,False,False,False,True,False
he's eating it (a single solid food),IIa,loose,ending,False,False,False,False,False
he's eating it (a single solid food),Vb*,strict,reconstructs,True,True,True,True,True
he's eating it (a single solid food),Vb*,loose,full,True,True,True,True,True
1. he's leaving  2. it's starting,Ia,strict,reconstructs,True,True,True,True,True
1. he's leaving  2. it's starting,Ia,loose,full,True,True,True,True,True
he's gnawing it,Id,strict,ending,False,False,False,True,False
he's gnawing it,Id,loose,ending,False,False,False,True,False
he's gnawing it,IIa,loose,ending,False,False,False,False,False
he's gnawing it,Vb*,strict,reconstructs,True,True,True,True,True
he's gnawing it,Vb*,loose,full,True,True,True,True,True
he's eating a long object,Id,strict,ending,False,False,False,True,False
he's eating a long object,Id,loose,ending,False,False,False,True,False
he's eating a long object,IIa,loose,ending,False,False,False,False,False
he's eating a long object,Vb*,strict,reconstructs,True,True,True,True,True
he's eating a long object,Vb*,loose,full,True,True,True,True,True
it's flooding,Id,strict,ending,False,False,False,True,False
it's flooding,Id,loose,ending,False,False,False,True,False
it's flooding,IIa,loose,ending,False,False,False,True,False
it's flooding,IIb,loose,ending,False,False,False,True,False
it's flooding,IVa,loose,ending,False,False,False,True,False
it's flooding,Vc,strict,reconstructs,True,True,True,True,True
it's flooding,Vc,loose,full,True,True,True,True,True
it's flooding,Vc*,strict,reconstructs,True,True,True,True,True
it's flooding,Vc*,loose,full,True,True,True,True,True
he's dipping liquid,Ia,strict,reconstructs,True,True,True,True,True
he's dipping liquid,Ia,loose,full,True,True,True,True,True
he's plowing it,Id,strict,ending,False,False,False,True,False
he's plowing it,Id,loose,ending,False,False,False,True,False
he's plowing it,IIa,loose,ending,False,False,False,False,False
he's plowing it,IVa,loose,ending,False,False,False,False,False
he's plowing it,Vc*,strict,reconstructs,True,True,True,True,True
he's plowing it,Vc*,loose,full,True,True,True,True,True
1. he's tickling him; 2. he's spurring a horse,Id,strict,ending,False,False,False,True,False
1. he's tickling him; 2. he's spurring a horse,Id,loose,ending,False,False,False,True,False
1. he's tickling him; 2. he's spurring a horse,IIa,loose,ending,False,False,False,False,False
1. he's tickling him; 2. he's spurring a horse,Vb*,strict,reconstructs,True,True,True,True,True
1. he's tickling him; 2. he's spurring a horse,Vb*,loose,full,True,True,True,True,True
he's putting his gloves on,Id,strict,ending,False,False,False,True,False
he's putting his gloves on,Id,loose,ending,False,False,False,True,False
he's putting his gloves on,IIa,loose,ending,False,False,False,False,False
he's putting his gloves on,IVa,loose,ending,False,False,False,False,False
he's putting his gloves on,Vc*,strict,reconstructs,True,True,True,True,True
he's putting his gloves on,Vc*,loose,full,True,True,True,True,True
he's putting his pants on,Id,strict,ending,False,False,False,True,False
he's putting his pants on,Id,loose,ending,False,False,False,True,False
he's putting his pants on,IIa,loose,ending,False,False,False,False,False
he's putting his pants on,IVa,loose,ending,False,False,False,False,False
he's putting his pants on,Vc*,strict,reconstructs,True,True,True,True,True
he's putting his pants on,Vc*,loose,full,True,True,True,True,True
he's putting on a cap,Id,strict,ending,False,False,False,True,False
he's putting on a cap,Id,loose,ending,False,False,False,True,False
he's putting on a cap,IIa,loose,ending,False,False,False,False,False
he's putting on a cap,IVa,loose,ending,False,False,False,False,False
he's putting on a cap,Vc*,strict,reconstructs,True,True,True,True,True
he's putting on a cap,Vc*,loose,full,True,True,True,True,True
he's pouring liquid from a container,Id,strict,ending,False,False,False,True,False
he's pouring liquid from a container,Id,loose,ending,False,False,False,True,False
he's pouring liquid from a container,IIa,loose,ending,False,False,False,False,False
he's pouring liquid from a container,Vb*,strict,ending,False,False,False,True,False
he's pouring liquid from a container,Vb*,loose,ending,False,False,False,True,False
he's sprinkling it (with a liquid),Id,strict,ending,False,False,False,True,False
he's sprinkling it (with a liquid),Id,loose,ending,False,False,False,True,False
he's sprinkling it (with a liquid),IIa,loose,ending,False,False,False,True,False
he's sprinkling it (with a liquid),Vb*,strict,ending,False,False,False,False,False
he's sprinkling it (with a liquid),Vb*,loose,ending,False,False,False,False,False
he's shivering,Id,strict,ending,False,False,False,True,False
he's shivering,Id,loose,ending,False,False,False,True,False
he's shivering,IIa,loose,ending,False,False,False,False,False
he's shivering,Vb*,strict,ending,False,False,False,False,False
he's shivering,Vb*,loose,ending,False,False,False,False,False
"1. he's spilling it (a liquid or nonliquid like salt, sugar) 2. he's pouring it on the ground (liquid or non-liquid) 3. he's being wasteful (of money, etc.)",Id,strict,ending,False,False,False,True,False
"1. he's spilling it (a liquid or nonliquid like salt, sugar) 2. he's pouring it on the ground (liquid or non-liquid) 3. he's being wasteful (of money, etc.)",Id,loose,ending,False,False,False,True,False
"1. he's spilling it (a liquid or nonliquid like salt, sugar) 2. he's pouring it on the ground (liquid or non-liquid) 3. he's being wasteful (of money, etc.)",IIa,loose,ending,False,False,False,False,False
"1. he's curing, doctoring him, 2. he's soldering, welding it",Id,strict,ending,False,False,False,True,False
"1. he's curing, doctoring him, 2. he's soldering, welding it",Id,loose,ending,False,False,False,True,False
"1. he's curing, doctoring him, 2. he's soldering, welding it",IIa,loose,ending,False,False,False,False,False
"1. he's curing, doctoring him, 2. he's soldering, welding it",IVa,loose,ending,False,False,False,False,False
"1. he's curing, doctoring him, 2. he's soldering, welding it",Vc*,strict,full,True,True,True,True,True
"1. he's curing, doctoring him, 2. he's soldering, welding it",Vc*,loose,full,True,True,True,True,True
it's thundering,Ib,strict,reconstructs,True,True,True,True,True
it's thundering,Ib,loose,full,True,True,True,True,True
it's thundering,Ic,strict,ending,False,False,False,True,False
it's thundering,Ic,loose,ending,False,False,False,True,False
it's thundering,Id,strict,ending,False,False,False,True,False
it's thundering,Id,loose,ending,False,False,False,True,False
it's thundering,IIa,loose,ending,False,False,False,True,False
it's thundering,IIb,loose,ending,False,False,False,True,False
he's leaving some liquid,Id,strict,ending,False,False,False,True,False
he's leaving some liquid,Id,loose,ending,False,False,False,True,False
he's leaving some liquid,IIa,loose,ending,False,False,False,True,False
he's removing it (solid or flexible object) from a hanging position,Ia,strict,ending,False,False,False,True,False
he's removing it (solid or flexible object) from a hanging position,Ia,loose,ending,False,False,False,True,False
he's removing it (solid or flexible object) from a hanging position,Ia*,strict,full,True,True,True,True,True
he's removing it (solid or flexible object) from a hanging position,Ia*,loose,full,True,True,True,True,True
he's taking off his glasses,Ia,strict,ending,False,False,False,True,False
he's taking off his glasses,Ia,loose,ending,False,False,False,True,False
he's taking off his glasses,Ia*,strict,full,True,True,True,True,True
he's taking off his glasses,Ia*,loose,full,True,True,True,True,True
he's taking it off,Ia,strict,ending,False,False,False,True,False
he's taking it off,Ia,loose,ending,False,False,False,True,False
he's taking it off,Ia*,strict,full,True,True,True,True,True
he's taking it off,Ia*,loose,full,True,True,True,True,True
He's getting drunk,Id,strict,ending,True,True,False,True,False
He's getting drunk,Id,loose,ending,True,True,False,True,False
He's getting drunk,IIa,loose,ending,False,False,False,False,False
he's taking a bite,Ia,strict,ending,False,False,False,True,False
he's taking a bite,Ia,loose,ending,False,False,False,True,False
he's taking a bite,Ia*,strict,full,True,True,True,True,True
he's taking a bite,Ia*,loose,full,True,True,True,True,True
"1. he's unhitching him, it 2. he's unhooking it 3. he's unplugging it",Ia,strict,ending,False,False,False,True,False
"1. he's unhitching him, it 2. he's unhooking it 3. he's unplugging it",Ia,loose,ending,False,False,False,True,False
"1. he's unhitching him, it 2. he's unhooking it 3. he's unplugging it",Ia*,strict,full,True,True,True,True,True
"1. he's unhitching him, it 2. he's unhooking it 3. he's unplugging it",Ia*,loose,full,True,True,True,True,True
he's taking it (solid or flexible object) out of a container,Ia,strict,ending,False,False,False,True,False
he's taking it (solid or flexible object) out of a container,Ia,loose,ending,False,False,False,True,False
he's taking it (solid or flexible object) out of a container,Ia*,strict,full,True,True,True,True,True
he's taking it (solid or flexible object) out of a container,Ia*,loose,full,True,True,True,True,True
he's taking off his shoes,Ia,strict,ending,False,False,False,True,False
he's taking off his shoes,Ia,loose,ending,False,False,False,True,False
he's taking off his shoes,Ia*,strict,full,True,True,True,True,True
he's taking off his shoes,Ia*,loose,full,True,True,True,True,True
he's taking off his gloves,Ia,strict,ending,False,False,False,True,False
he's taking off his gloves,Ia,loose,ending,False,False,False,True,False
he's taking off his gloves,Ia*,strict,full,True,True,True,True,True
he's taking off his gloves,Ia*,loose,full,True,True,True,True,True
he's taking his pants off,Ia,strict,ending,False,False,False,True,False
he's taking his pants off,Ia,loose,ending,False,False,False,True,False
he's taking his pants off,Ia*,strict,full,True,True,True,True,True
he's taking his pants off,Ia*,loose,full,True,True,True,True,True
he's turning off the road,Ia,strict,ending,False,False,False,True,False
he's turning off the road,Ia,loose,ending,False,False,False,True,False
he's turning off the road,Ia*,strict,full,True,True,True,True,True
he's turning off the road,Ia*,loose,full,True,True,True,True,True
1. he's getting a flexible object  2. he's picking up a flexible object,Ia,strict,ending,False,False,False,True,False
1. he's getting a flexible object  2. he's picking up a flexible object,Ia,loose,ending,False,False,False,True,False
1. he's getting a flexible object  2. he's picking up a flexible object,Ia*,strict,full,True,True,True,True,True
1. he's getting a flexible object  2. he's picking up a flexible object,Ia*,loose,full,True,True,True,True,True
he's pulling a trigger,Ia,strict,ending,False,False,False,True,False
he's pulling a trigger,Ia,loose,ending,False,False,False,True,False
he's pulling a trigger,Ia*,strict,full,True,True,True,True,True
he's pulling a trigger,Ia*,loose,full,True,True,True,True,True
"he's pulling him, it",Ia,strict,ending,False,False,False,True,False
"he's pulling him, it",Ia,loose,ending,False,False,False,True,False
"he's pulling him, it",Ia*,strict,full,True,True,True,True,True
"he's pulling him, it",Ia*,loose,full,True,True,True,True,True
he's conjuring,Id,strict,ending,True,True,False,True,False
he's conjuring,Id,loose,ending,True,True,False,True,False
he's conjuring,IIa,loose,ending,False,False,False,False,False
"he's kicking him, it",Ia,strict,ending,False,False,False,True,False
"he's kicking him, it",Ia,loose,ending,False,False,False,True,False
"he's kicking him, it",Ia*,strict,full,True,True,True,True,True
"he's kicking him, it",Ia*,loose,full,True,True,True,True,True
"he's taking his shirt, coat off",Ia,strict,ending,False,False,False,True,False
"he's taking his shirt, coat off",Ia,loose,ending,False,False,False,True,False
"he's taking his shirt, coat off",Ia*,strict,full,True,True,True,True,True
"he's taking his shirt, coat off",Ia*,loose,full,True,True,True,True,True
he's undressing,Ia,strict,ending,False,False,False,True,False
he's undressing,Ia,loose,ending,False,False,False,True,False
he's undressing,Ia*,strict,full,True,True,True,True,True
he's undressing,Ia*,loose,full,True,True,True,True,True
"he's choosing him, it",Ia,strict,ending,False,False,False,True,False
"he's choosing him, it",Ia,loose,ending,False,False,False,True,False
"he's choosing him, it",Ia*,strict,full,True,True,True,True,True
"he's choosing him, it",Ia*,loose,full,True,True,True,True,True
he's eating a flexible object,Id,strict,ending,True,True,False,True,False
he's eating a flexible object,Id,loose,ending,True,True,False,True,False
he's eating a flexible object,IIa,loose,ending,True,True,False,False,False
1. he's picking it up  2. he's getting it,Ia,strict,reconstructs,True,True,True,True,True
1. he's picking it up  2. he's getting it,Ia,loose,full,True,True,True,True,True
he's waving his hand,Ia,strict,reconstructs,True,True,True,True,True
he's waving his hand,Ia,loose,full,True,True,True,True,True
he's waving his hand,Ia*,strict,ending,False,False,False,True,False
he's waving his hand,Ia*,loose,ending,False,False,False,True,False
he's having a nightmare,Ia,strict,reconstructs,True,True,True,True,True
he's having a nightmare,Ia,loose,full,True,True,True,True,True
he's snoring,Ia,strict,reconstructs,True,True,True,True,True
he's snoring,Ia,loose,full,True,True,True,True,True
he's snoring,Ia*,strict,ending,False,False,False,True,False
he's snoring,Ia*,loose,ending,False,False,False,True,False
he's thirsty,Id,strict,ending,False,False,False,True,False
he's thirsty,Id,loose,ending,False,False,False,True,False
he's thirsty,IIa,loose,ending,False,False,False,False,False
he's thirsty,IVa,loose,ending,False,False,False,False,False
he's thirsty,Vc*,strict,reconstructs,True,True,True,True,True
he's thirsty,Vc*,loose,full,True,True,True,True,True
1. he's getting some liquid  2. he's picking up some liquid,Ia,strict,reconstructs,True,True,True,True,True
1. he's getting some liquid  2. he's picking up some liquid,Ia,loose,full,True,True,True,True,True
he's taking his hat off,Ia,strict,reconstructs,True,True,True,True,True
he's taking his hat off,Ia,loose,full,True,True,True,True,True
he's hoeing it,Id,strict,ending,False,False,False,True,False
he's hoeing it,Id,loose,ending,False,False,False,True,False
he's hoeing it,IIa,loose,ending,False,False,False,False,False
he's hoeing it,IVa,loose,ending,False,False,False,False,False
he's hoeing it,Vc*,strict,reconstructs,True,True,True,True,True
he's hoeing it,Vc*,loose,full,True,True,True,True,True
he's singing,Ia,strict,full,True,True,True,True,True
he's singing,Ia,loose,full,True,True,True,True,True
"he hears him, it",Id,strict,ending,False,False,False,True,False
"he hears him, it",Id,loose,ending,False,False,False,True,False
"he hears him, it",IIa,loose,ending,False,False,False,False,False
"he hears him, it",IVa,loose,ending,False,False,False,False,False
"he hears him, it",Vc*,strict,reconstructs,True,True,True,True,True
"he hears him, it",Vc*,loose,full,True,True,True,True,True
he's dancing,Ia,strict,reconstructs,True,True,True,True,True
he's dancing,Ia,loose,full,True,True,True,True,True
it's exploding,Ia,strict,reconstructs,True,True,True,True,True
it's exploding,Ia,loose,full,True,True,True,True,True
he's stealing it,Ia,strict,reconstructs,True,True,True,True,True
he's stealing it,Ia,loose,full,True,True,True,True,True
he's taking his ring off,Ia,strict,reconstructs,True,True,True,True,True
he's taking his ring off,Ia,loose,full,True,True,True,True,True
"he's shelling, picking out (peas, nut meats, etc.)",Ia,strict,reconstructs,True,True,True,True,True
"he's shelling, picking out (peas, nut meats, etc.)",Ia,loose,full,True,True,True,True,True
"1. he's imitating him, it 2. he's mocking him",Ia,strict,ending,True,True,True,False,True
"1. he's imitating him, it 2. he's mocking him",Ia,loose,ending,True,True,True,False,True
"1. he's imitating him, it 2. he's mocking him",Id,strict,ending,False,False,False,True,False
"1. he's imitating him, it 2. he's mocking him",Id,loose,ending,False,False,False,True,False
"1. he's imitating him, it 2. he's mocking him",IIa,loose,ending,False,False,False,True,False
"1. he's imitating him, it 2. he's mocking him",Vb*,strict,ending,False,False,False,False,False
"1. he's imitating him, it 2. he's mocking him",Vb*,loose,ending,False,False,False,False,False
he's writing it,Id,strict,ending,False,False,False,True,False
he's writing it,Id,loose,ending,False,False,False,True,False
he's writing it,IIa,loose,ending,False,False,False,False,False
he's writing it,IVa,loose,ending,False,False,False,False,False
he's writing it,Vc*,strict,reconstructs,True,True,True,True,True
he's writing it,Vc*,loose,full,True,True,True,True,True
"he's running away, he's escaping",Ia,strict,reconstructs,True,True,True,True,True
"he's running away, he's escaping",Ia,loose,full,True,True,True,True,True
he's crushing it,Ib,strict,reconstructs,True,True,True,True,True
he's crushing it,Ib,loose,full,True,True,True,True,True
he's crushing it,Id,strict,ending,False,False,False,True,False
he's crushing it,Id,loose,ending,False,False,False,True,False
he's crushing it,IIa,loose,ending,False,False,False,False,False
he's hammering it,Ib,strict,reconstructs,True,True,True,True,True
he's hammering it,Ib,loose,full,True,True,True,True,True
he's hammering it,Id,strict,ending,False,False,False,True,False
he's hammering it,Id,loose,ending,False,False,False,True,False
he's hammering it,IIa,loose,ending,False,False,False,False,False
stubbing his toe,Ib,strict,full,True,True,True,True,True
stubbing his toe,Ib,loose,full,True,True,True,True,True
stubbing his toe,Id,strict,ending,False,False,False,True,False
stubbing his toe,Id,loose,ending,False,False,False,True,False
stubbing his toe,IIa,loose,ending,False,False,False,False,False
he's cracking it,Ib,strict,reconstructs,True,True,True,True,True
he's cracking it,Ib,loose,full,True,True,True,True,True
he's cracking it,Id,strict,ending,False,False,False,True,False
he's cracking it,Id,loose,ending,False,False,False,True,False
he's cracking it,IIa,loose,ending,False,False,False,False,False
he's washing it,Ib,strict,reconstructs,True,True,True,True,True
he's washing it,Ib,loose,full,True,True,True,True,True
he's washing it,Id,strict,ending,False,False,False,True,False
he's washing it,Id,loose,ending,False,False,False,True,False
he's washing it,IIa,loose,ending,False,False,False,False,False
he's measuring it,Ib,strict,reconstructs,True,True,True,True,True
he's measuring it,Ib,loose,full,True,True,True,True,True
he's measuring it,Id,strict,ending,False,False,False,True,False
he's measuring it,Id,loose,ending,False,False,False,True,False
he's measuring it,IIa,loose,ending,False,False,False,False,False
1. he's bathing  2. he's swimming,Ib,strict,reconstructs,True,True,True,True,True
1. he's bathing  2. he's swimming,Ib,loose,full,True,True,True,True,True
1. he's bathing  2. he's swimming,Id,strict,ending,False,False,False,True,False
1. he's bathing  2. he's swimming,Id,loose,ending,False,False,False,True,False
1. he's bathing  2. he's swimming,IIa,loose,ending,False,False,False,False,False
1. he's bathing him 2. he's baptizing him,Ib,strict,reconstructs,True,True,True,True,True
1. he's bathing him 2. he's baptizing him,Ib,loose,full,True,True,True,True,True
1. he's bathing him 2. he's baptizing him,Id,strict,ending,False,False,False,True,False
1. he's bathing him 2. he's baptizing him,Id,loose,ending,False,False,False,True,False
1. he's bathing him 2. he's baptizing him,IIa,loose,ending,False,False,False,False,False
he's putting on a shirt,Ib,strict,reconstructs,True,True,True,True,True
he's putting on a shirt,Ib,loose,full,True,True,True,True,True
he's putting on a shirt,Id,strict,ending,False,False,False,True,False
he's putting on a shirt,Id,loose,ending,False,False,False,True,False
he's putting on a shirt,IIa,loose,ending,False,False,False,False,False
he's putting on clothes,Ib,strict,reconstructs,True,True,True,True,True
he's putting on clothes,Ib,loose,full,True,True,True,True,True
he's putting on clothes,Id,strict,ending,False,False,False,True,False
he's putting on clothes,Id,loose,ending,False,False,False,True,False
he's putting on clothes,IIa,loose,ending,False,False,False,False,False
he's combing someone's hair,Ib,strict,reconstructs,True,True,True,True,True
he's combing someone's hair,Ib,loose,full,True,True,True,True,True
he's combing someone's hair,Id,strict,ending,False,False,False,True,False
he's combing someone's hair,Id,loose,ending,False,False,False,True,False
he's combing someone's hair,IIa,loose,ending,False,False,False,False,False
he's combing his hair,Ib,strict,reconstructs,True,True,True,True,True
he's combing his hair,Ib,loose,full,True,True,True,True,True
he's combing his hair,Id,strict,ending,False,False,False,True,False
he's combing his hair,Id,loose,ending,False,False,False,True,False
he's combing his hair,IIa,loose,ending,False,False,False,False,False
he's performing a baptism,Ib,strict,reconstructs,True,True,True,True,True
he's performing a baptism,Ib,loose,full,True,True,True,True,True
he's performing a baptism,Id,strict,ending,False,False,False,True,False
he's performing a baptism,Id,loose,ending,False,False,False,True,False
he's performing a baptism,IIa,loose,ending,False,False,False,False,False
"he's accumulating it, he's increasing it",Ib,strict,full,True,True,True,True,True
"he's accumulating it, he's increasing it",Ib,loose,full,True,True,True,True,True
"he's accumulating it, he's increasing it",Id,strict,ending,False,False,False,True,False
"he's accumulating it, he's increasing it",Id,loose,ending,False,False,False,True,False
"he's accumulating it, he's increasing it",IIa,loose,ending,False,False,False,False,False
he's washing his face,Ib,strict,reconstructs,True,True,True,True,True
he's washing his face,Ib,loose,full,True,True,True,True,True
he's washing his face,Id,strict,ending,False,False,False,True,False
he's washing his face,Id,loose,ending,False,False,False,True,False
he's washing his face,IIa,loose,ending,False,False,False,False,False
he's sopping it,Ia,strict,ending,False,False,False,False,False
he's sopping it,Ia,loose,ending,False,False,False,False,False
he's sopping it,Ib,strict,ending,False,False,False,False,False
he's sopping it,Ib,loose,ending,False,False,False,False,False
he's sopping it,Id,strict,ending,False,False,False,True,False
he's sopping it,Id,loose,ending,False,False,False,True,False
he's sopping it,IIa,loose,ending,False,False,False,False,False
he's moving it from one place to another,Ia,strict,ending,False,False,False,False,False
he's moving it from one place to another,Ia,loose,ending,False,False,False,False,False
he's moving it from one place to another,Ic,strict,ending,True,True,False,True,True
he's moving it from one place to another,Ic,loose,ending,True,True,False,True,True
he's moving it from one place to another,Ic*,strict,reconstructs,True,True,True,True,True
he's moving it from one place to another,Ic*,loose,full,True,True,True,True,True
he's moving it from one place to another,Id,strict,ending,False,False,False,True,False
he's moving it from one place to another,Id,loose,ending,False,False,False,True,False
he's moving it from one place to another,IIa,loose,ending,False,False,False,False,False
1. he's turning back 2. he's turning (his head or body),Ia,strict,ending,False,False,False,False,False
1. he's turning back 2. he's turning (his head or body),Ia,loose,ending,False,False,False,False,False
1. he's turning back 2. he's turning (his head or body),Ic,strict,ending,True,True,False,True,True
1. he's turning back 2. he's turning (his head or body),Ic,loose,ending,True,True,False,True,True
1. he's turning back 2. he's turning (his head or body),Ic*,strict,reconstructs,True,True,True,True,True
1. he's turning back 2. he's turning (his head or body),Ic*,loose,full,True,True,True,True,True
1. he's turning back 2. he's turning (his head or body),Id,strict,ending,False,False,False,True,False
1. he's turning back 2. he's turning (his head or body),Id,loose,ending,False,False,False,True,False
1. he's turning back 2. he's turning (his head or body),IIa,loose,ending,False,False,False,False,False
he's changing shoes,Ia,strict,ending,False,False,False,False,False
he's changing shoes,Ia,loose,ending,False,False,False,False,False
he's changing shoes,Ic,strict,ending,True,True,False,True,True
he's changing shoes,Ic,loose,ending,True,True,False,True,True
he's changing shoes,Ic*,strict,reconstructs,True,True,True,True,True
he's changing shoes,Ic*,loose,full,True,True,True,True,True
he's changing shoes,Id,strict,ending,False,False,False,True,False
he's changing shoes,Id,loose,ending,False,False,False,True,False
he's changing shoes,IIa,loose,ending,False,False,False,False,False
he's changing his pants,Ia,strict,ending,False,False,False,False,False
he's changing his pants,Ia,loose,ending,False,False,False,False,False
he's changing his pants,Ic,strict,ending,True,True,False,True,True
he's changing his pants,Ic,loose,ending,True,True,False,True,True
he's changing his pants,Ic*,strict,reconstructs,True,True,True,True,True
he's changing his pants,Ic*,loose,full,True,True,True,True,True
he's changing his pants,Id,strict,ending,False,False,False,True,False
he's changing his pants,Id,loose,ending,False,False,False,True,False
he's changing his pants,IIa,loose,ending,False,False,False,False,False
he's changing his shirt,Ia,strict,ending,False,False,False,False,False
he's changing his shirt,Ia,loose,ending,False,False,False,False,False
he's changing his shirt,Ic,strict,ending,True,True,False,True,True
he's changing his shirt,Ic,loose,ending,True,True,False,True,True
he's changing his shirt,Ic*,strict,reconstructs,True,True,True,True,True
he's changing his shirt,Ic*,loose,full,True,True,True,True,True
he's changing his shirt,Id,strict,ending,False,False,False,True,False
he's changing his shirt,Id,loose,ending,False,False,False,True,False
he's changing his shirt,IIa,loose,ending,False,False,False,False,False
he's changing clothes,Ia,strict,ending,False,False,False,False,False
he's changing clothes,Ia,loose,ending,False,False,False,False,False
he's changing clothes,Ic,strict,ending,True,True,False,True,True
he's changing clothes,Ic,loose,ending,True,True,False,True,True
he's changing clothes,Ic*,strict,reconstructs,True,True,True,True,True
he's changing clothes,Ic*,loose,full,True,True,True,True,True
he's changing clothes,Id,strict,ending,False,False,False,True,False
he's changing clothes,Id,loose,ending,False,False,False,True,False
he's changing clothes,IIa,loose,ending,False,False,False,False,False
he's climbing it,X*,strict,reconstructs,True,True,True,True,True
he's climbing it,X*,loose,full,True,True,True,True,True
"he, it's going out of sight",VIIIa,loose,full,True,True,True,True,True
he's becoming blind,VIIIa,loose,full,True,True,True,True,True
"he's chasing him, it",X*,strict,reconstructs,True,True,True,True,True
"he's chasing him, it",X*,loose,full,True,True,True,True,True
"he's attacking him, it",X*,strict,full,True,True,True,True,True
"he's attacking him, it",X*,loose,full,True,True,True,True,True
he's not having any luck hunting,X*,strict,reconstructs,True,True,True,True,True
he's not having any luck hunting,X*,loose,full,True,True,True,True,True
"he's belching, burping",VIIIa,loose,full,True,True,True,True,True
he's leading him by the hand,X*,strict,full,True,True,True,True,True
he's leading him by the hand,X*,loose,full,True,True,True,True,True
he's carrying a long object on his shoulder,X*,strict,reconstructs,True,True,True,True,True
he's carrying a long object on his shoulder,X*,loose,full,True,True,True,True,True
"1. he's dragging him, it 2. he's towing it",X*,strict,full,True,True,True,True,True
"1. he's dragging him, it 2. he's towing it",X*,loose,full,True,True,True,True,True
he's happy/thankful,VIIIa,loose,full,True,True,True,True,True
he's pitying him,VIIIa,loose,full,True,True,True,True,True
he's becoming angry,VIIIa,loose,full,True,True,True,True,True
"1. he, it's sinking  2. he, it is being buried",VIIIa,loose,full,True,True,True,True,True
he's arriving,VIIIa,loose,full,True,True,True,True,True
he's recognizing him,VIIIa,loose,full,True,True,True,True,True
he understands it,VIIIa,loose,full,True,True,True,True,True
he's putting his hat on,Id,strict,ending,False,False,False,True,False
he's putting his hat on,Id,loose,ending,False,False,False,True,False
he's putting his hat on,IIa,loose,ending,False,False,False,False,False
"he's following him, it",X*,strict,reconstructs,True,True,True,True,True
"he's following him, it",X*,loose,full,True,True,True,True,True
he's parting with him (in death),VIIIa,loose,full,True,True,True,True,True
he's taking a liquid somewhere by hand,X*,strict,reconstructs,True,True,True,True,True
he's taking a liquid somewhere by hand,X*,loose,full,True,True,True,True,True
he's taking revenge,VIIIa,loose,full,True,True,True,True,True
he's taking a long object somewhere by hand,X*,strict,reconstructs,True,True,True,True,True
he's taking a long object somewhere by hand,X*,loose,full,True,True,True,True,True
he's swimming (propelling himself through water),X*,strict,reconstructs,True,True,True,True,True
he's swimming (propelling himself through water),X*,loose,full,True,True,True,True,True
he's backing up,X*,strict,reconstructs,True,True,True,True,True
he's backing up,X*,loose,full,True,True,True,True,True
he's taking a flexible object somewhere by hand,X*,strict,reconstructs,True,True,True,True,True
he's taking a flexible object somewhere by hand,X*,loose,full,True,True,True,True,True
he's waking up,VIIIa,loose,full,True,True,True,True,True
he's taking it somewhere by hand,X*,strict,reconstructs,True,True,True,True,True
he's taking it somewhere by hand,X*,loose,full,True,True,True,True,True
he's crossing it (a body of water),VIIIa,loose,full,True,True,True,True,True
it (forest or grass) is burning,VIIIa,strict,reconstructs,True,True,True,True,True
it (forest or grass) is burning,VIIIa,loose,full,True,True,True,True,True
"it's accumulating, it's increasing",VIIIa,loose,full,True,True,True,True,True
he's falling from an upright  position,VIIIa,loose,full,True,True,True,True,True
"he's blowing, he's blowing on it",Id,strict,ending,False,False,False,True,False
"he's blowing, he's blowing on it",Id,loose,ending,False,False,False,True,False
"he's blowing, he's blowing on it",IIa,loose,ending,False,False,False,False,False
he's buying it,Ia,strict,ending,False,False,False,True,True
he's buying it,Ia,loose,ending,False,False,False,True,True
he's buying it,IIIc1,strict,full,True,True,True,True,True
he's buying it,IIIc1,loose,full,True,True,True,True,True
he's buying it,IIIc1*,strict,ending,False,False,False,False,False
he's buying it,IIIc1*,loose,ending,False,False,False,False,False
he's buying it,IIIc2,strict,ending,False,False,False,False,True
he's buying it,IIIc2,loose,ending,False,False,False,False,True
he's swallowing it,Ia,strict,ending,False,True,True,True,True
he's swallowing it,Ia,loose,ending,False,True,True,True,True
he's swallowing it,IIIc1,strict,ending,False,False,False,False,False
he's swallowing it,IIIc1,loose,ending,False,False,False,False,False
he's swallowing it,IIIc1*,strict,ending,False,False,False,False,False
he's swallowing it,IIIc1*,loose,ending,False,False,False,False,False
he's swallowing it,IIIc2,strict,full,True,True,True,True,True
he's swallowing it,IIIc2,loose,full,True,True,True,True,True
it's swelling,Ia,strict,ending,False,True,True,True,True
it's swelling,Ia,loose,ending,False,True,True,True,True
it's swelling,IIIc1,strict,ending,False,False,False,False,False
it's swelling,IIIc1,loose,ending,False,False,False,False,False
it's swelling,IIIc1*,strict,ending,False,False,False,False,False
it's swelling,IIIc1*,loose,ending,False,False,False,False,False
it's swelling,IIIc2,strict,full,True,True,True,True,True
it's swelling,IIIc2,loose,full,True,True,True,True,True
he's getting a rash,Ia,strict,ending,False,True,True,True,True
he's getting a rash,Ia,loose,ending,False,True,True,True,True
he's getting a rash,IIIc1,strict,ending,False,False,False,False,False
he's getting a rash,IIIc1,loose,ending,False,False,False,False,False
he's getting a rash,IIIc1*,strict,ending,False,False,False,False,False
he's getting a rash,IIIc1*,loose,ending,False,False,False,False,False
he's getting a rash,IIIc2,strict,reconstructs,True,True,True,True,True
he's getting a rash,IIIc2,loose,full,True,True,True,True,True
he's planting it,Ia,strict,ending,False,True,True,True,True
he's planting it,Ia,loose,ending,False,True,True,True,True
he's planting it,IIIc1,loose,ending,False,False,False,False,False
he's planting it,IIIc1*,loose,ending,False,False,False,False,False
he's planting it,IIIc2,loose,ending,True,True,True,False,True
"it's (round, long) falling",Ia,strict,ending,False,False,False,True,True
"it's (round, long) falling",Ia,loose,ending,False,False,False,True,True
"it's (round, long) falling",IIIc1,strict,reconstructs,True,True,True,True,True
"it's (round, long) falling",IIIc1,loose,full,True,True,True,True,True
"it's (round, long) falling",IIIc1*,strict,ending,False,False,False,False,False
"it's (round, long) falling",IIIc1*,loose,ending,False,False,False,False,False
"it's (round, long) falling",IIIc2,strict,ending,False,False,False,False,True
"it's (round, long) falling",IIIc2,loose,ending,False,False,False,False,True
he's piling it up,Id,strict,ending,False,False,False,True,False
he's piling it up,Id,loose,ending,False,False,False,True,False
he's piling it up,IIa,loose,ending,False,False,False,False,False
he's piling it up,IIIa1,strict,ending,False,False,True,False,True
he's piling it up,IIIa1,loose,ending,False,False,True,False,True
he's piling it up,IIIa1*,strict,ending,False,False,False,False,False
he's piling it up,IIIa1*,loose,ending,False,False,False,False,False
he's piling it up,IIIa2,loose,ending,False,False,True,False,False
he's piling it up,IIIb,strict,ending,False,False,False,False,True
he's piling it up,IIIb,loose,ending,False,False,False,False,True
"He is getting in a car, box, etc",Id,strict,ending,False,False,False,True,True
"He is getting in a car, box, etc",Id,loose,ending,False,False,False,True,True
"He is getting in a car, box, etc",IIa,loose,ending,False,False,False,False,True
"He is getting in a car, box, etc",IIIa1,strict,full,True,True,True,True,True
"He is getting in a car, box, etc",IIIa1,loose,full,True,True,True,True,True
"He is getting in a car, box, etc",IIIa1*,strict,ending,True,True,False,True,True
"He is getting in a car, box, etc",IIIa1*,loose,ending,True,True,False,True,True
"He is getting in a car, box, etc",IIIa2,strict,ending,False,False,False,False,True
"He is getting in a car, box, etc",IIIa2,loose,ending,False,False,False,False,True
"He is getting in a car, box, etc",IIIa3,strict,ending,False,False,False,False,True
"He is getting in a car, box, etc",IIIa3,loose,full,True,True,True,True,True
"He is getting in a car, box, etc",IIIb,strict,ending,False,False,True,False,True
"He is getting in a car, box, etc",IIIb,loose,ending,False,False,True,False,True
he's kissing her,Id,strict,ending,False,False,False,True,False
he's kissing her,Id,loose,ending,False,False,False,True,False
he's kissing her,IIa,loose,ending,False,False,False,False,False
he's kissing her,IIIa1,strict,full,True,True,True,True,True
he's kissing her,IIIa1,loose,full,True,True,True,True,True
he's kissing her,IIIa1*,strict,ending,True,True,False,True,False
he's kissing her,IIIa1*,loose,ending,True,True,False,True,False
he's kissing her,IIIa2,loose,full,True,True,True,True,True
he's kissing her,IIIa3,loose,ending,False,False,False,False,False
he's kissing her,IIIb,strict,ending,False,False,False,False,True
he's kissing her,IIIb,loose,ending,False,False,False,False,True
he's shaking a flexible object,Id,strict,ending,False,False,False,True,False
he's shaking a flexible object,Id,loose,ending,False,False,False,True,False
he's shaking a flexible object,IIa,loose,ending,False,False,False,True,False
he's sending; taking it (flexible),Id,strict,ending,False,False,False,True,False
he's sending; taking it (flexible),Id,loose,ending,False,False,False,True,False
he's sending; taking it (flexible),IIa,loose,ending,False,False,False,False,False
he's sending; taking it (flexible),IIIa1,strict,full,True,True,True,True,True
he's sending; taking it (flexible),IIIa1,loose,full,True,True,True,True,True
he's sending; taking it (flexible),IIIa1*,strict,full,True,True,True,True,True
he's sending; taking it (flexible),IIIa1*,loose,full,True,True,True,True,True
he's sending; taking it (flexible),IIIa2,loose,full,True,True,True,True,True
he's sending; taking it (flexible),IIIb,strict,ending,False,False,False,False,True
he's sending; taking it (flexible),IIIb,loose,ending,False,False,False,False,True
he's lying,Id,strict,ending,False,False,False,True,False
he's lying,Id,loose,ending,False,False,False,True,False
he's lying,IIa,loose,ending,False,False,False,False,False
he's lying,IIIa1,strict,full,True,True,True,True,True
he's lying,IIIa1,loose,full,True,True,True,True,True
he's lying,IIIa1*,strict,ending,True,True,False,True,False
he's lying,IIIa1*,loose,ending,True,True,False,True,False
he's lying,IIIa2,loose,full,True,True,True,True,True
he's lying,IIIa3,loose,ending,False,False,False,False,False
he's lying,IIIb,strict,ending,False,False,False,False,True
he's lying,IIIb,loose,ending,False,False,False,False,True
"he's sprinkling it (with a liquid, powder, salt, etc.)",Id,strict,ending,False,False,False,True,False
"he's sprinkling it (with a liquid, powder, salt, etc.)",Id,loose,ending,False,False,False,True,False
"he's sprinkling it (with a liquid, powder, salt, etc.)",IIa,loose,ending,False,False,False,False,False
"he's sprinkling it (with a liquid, powder, salt, etc.)",IIIa1,strict,full,True,True,True,True,True
"he's sprinkling it (with a liquid, powder, salt, etc.)",IIIa1,loose,full,True,True,True,True,True
"he's sprinkling it (with a liquid, powder, salt, etc.)",IIIa1*,strict,ending,True,True,False,True,False
"he's sprinkling it (with a liquid, powder, salt, etc.)",IIIa1*,loose,ending,True,True,False,True,False
"he's sprinkling it (with a liquid, powder, salt, etc.)",IIIa2,loose,full,True,True,True,True,True
"he's sprinkling it (with a liquid, powder, salt, etc.)",IIIa3,loose,ending,False,False,False,False,False
"he's sprinkling it (with a liquid, powder, salt, etc.)",IIIb,strict,ending,False,False,False,False,True
"he's sprinkling it (with a liquid, powder, salt, etc.)",IIIb,loose,ending,False,False,False,False,True
it (wind) is blowing,Id,strict,ending,False,False,False,True,False
it (wind) is blowing,Id,loose,ending,False,False,False,True,False
it (wind) is blowing,IIa,loose,ending,False,False,False,True,False
it (wind) is blowing,IIb,loose,ending,False,False,False,True,False
it (wind) is blowing,IIIa1,strict,full,True,True,True,True,True
it (wind) is blowing,IIIa1,loose,full,True,True,True,True,True
it (wind) is blowing,IIIa1*,strict,full,True,True,True,True,True
it (wind) is blowing,IIIa1*,loose,full,True,True,True,True,True
it (wind) is blowing,IIIa2,loose,full,True,True,True,True,True
it (wind) is blowing,IIIb,strict,ending,False,False,False,True,True
it (wind) is blowing,IIIb,loose,ending,False,False,False,True,True
"he's attaching it (flexible), behind it",Id,strict,ending,False,False,False,True,False
"he's attaching it (flexible), behind it",Id,loose,ending,False,False,False,True,False
"he's attaching it (flexible), behind it",IIa,loose,ending,False,False,False,False,False
"he's attaching it (flexible), behind it",IIIa1,strict,full,True,True,True,True,True
"he's attaching it (flexible), behind it",IIIa1,loose,full,True,True,True,True,True
"he's attaching it (flexible), behind it",IIIa1*,strict,reconstructs,True,True,True,True,True
"he's attaching it (flexible), behind it",IIIa1*,loose,full,True,True,True,True,True
"he's attaching it (flexible), behind it",IIIa2,loose,ending,False,False,True,False,True
"he's attaching it (flexible), behind it",IIIb,strict,ending,False,False,False,False,True
"he's attaching it (flexible), behind it",IIIb,loose,ending,False,False,False,False,True
he's stepping on him/it,Id,strict,ending,False,False,False,True,False
he's stepping on him/it,Id,loose,ending,False,False,False,True,False
he's stepping on him/it,IIa,loose,ending,False,False,False,False,False
he's stepping on him/it,IIIa1,strict,full,True,True,True,True,True
he's stepping on him/it,IIIa1,loose,full,True,True,True,True,True
he's stepping on him/it,IIIa1*,strict,full,True,True,True,True,True
he's stepping on him/it,IIIa1*,loose,full,True,True,True,True,True
he's stepping on him/it,IIIa2,loose,ending,False,False,True,True,True
he's stepping on him/it,IIIb,strict,ending,False,False,False,False,True
he's stepping on him/it,IIIb,loose,ending,False,False,False,False,True
he's becoming wise,Ia,strict,ending,False,False,False,True,True
he's becoming wise,Ia,loose,ending,False,False,False,True,True
he's becoming wise,IIIc1,strict,ending,False,False,False,False,False
he's becoming wise,IIIc1,loose,ending,False,False,False,False,False
he's becoming wise,IIIc1*,strict,full,True,True,True,True,True
he's becoming wise,IIIc1*,loose,full,True,True,True,True,True
he's becoming wise,IIIc2,strict,ending,False,False,False,False,True
he's becoming wise,IIIc2,loose,ending,False,False,False,False,True
1. he's closing it  2. he's jailing him,Id,strict,ending,False,False,False,True,False
1. he's closing it  2. he's jailing him,Id,loose,ending,False,False,False,True,False
1. he's closing it  2. he's jailing him,IIa,loose,ending,False,False,False,False,False
1. he's closing it  2. he's jailing him,IIIa1,strict,full,True,True,True,True,True
1. he's closing it  2. he's jailing him,IIIa1,loose,full,True,True,True,True,True
1. he's closing it  2. he's jailing him,IIIa1*,strict,ending,True,True,False,True,False
1. he's closing it  2. he's jailing him,IIIa1*,loose,ending,True,True,False,True,False
1. he's closing it  2. he's jailing him,IIIa2,loose,full,True,True,True,True,True
1. he's closing it  2. he's jailing him,IIIb,strict,ending,False,False,False,False,True
1. he's closing it  2. he's jailing him,IIIb,loose,ending,False,False,False,False,True
he's hitting him on the nose,Id,strict,ending,False,False,False,True,False
he's hitting him on the nose,Id,loose,ending,False,False,False,True,False
he's hitting him on the nose,IIa,loose,ending,False,False,False,False,False
he's hitting him on the nose,IIIa1,strict,full,True,True,True,True,True
he's hitting him on the nose,IIIa1,loose,full,True,True,True,True,True
he's hitting him on the nose,IIIa1*,strict,ending,True,True,False,True,False
he's hitting him on the nose,IIIa1*,loose,ending,True,True,False,True,False
he's hitting him on the nose,IIIa2,strict,full,True,True,True,True,True
he's hitting him on the nose,IIIa2,loose,full,True,True,True,True,True
he's hitting him on the nose,IIIb,strict,ending,False,False,False,False,True
he's hitting him on the nose,IIIb,loose,ending,False,False,False,False,True
"he's sending, taking it (animate)",Id,strict,ending,False,False,False,True,False
"he's sending, taking it (animate)",Id,loose,ending,False,False,False,True,False
"he's sending, taking it (animate)",IIa,loose,ending,False,False,False,False,False
"he's sending, taking it (animate)",IIIa1,strict,full,True,True,True,True,True
"he's sending, taking it (animate)",IIIa1,loose,full,True,True,True,True,True
"he's sending, taking it (animate)",IIIa1*,strict,ending,True,True,False,True,False
"he's sending, taking it (animate)",IIIa1*,loose,ending,True,True,False,True,False
"he's sending, taking it (animate)",IIIa2,strict,ending,False,False,False,False,True
"he's sending, taking it (animate)",IIIa2,loose,ending,False,False,False,False,True
"he's sending, taking it (animate)",IIIa3,strict,ending,True,True,False,True,False
"he's sending, taking it (animate)",IIIa3,loose,ending,True,True,True,True,False
"he's sending, taking it (animate)",IIIb,strict,ending,False,False,True,False,True
"he's sending, taking it (animate)",IIIb,loose,ending,False,False,True,False,True
"he, it's burning",Ic,strict,ending,False,True,False,False,True
"he, it's burning",Ic,loose,ending,False,True,False,False,True
"he, it's burning",Id,strict,ending,False,False,False,True,False
"he, it's burning",Id,loose,ending,False,False,False,True,False
"he, it's burning",IIa,loose,ending,False,False,False,False,False
"he's sending, taking it (liquid)",Id,strict,ending,False,False,False,True,False
"he's sending, taking it (liquid)",Id,loose,ending,False,False,False,True,True
"he's sending, taking it (liquid)",IIa,loose,ending,False,False,False,False,False
"he's sending, taking it (liquid)",IIIa1,strict,full,True,True,True,True,True
"he's sending, taking it (liquid)",IIIa1,loose,full,True,True,True,True,True
"he's sending, taking it (liquid)",IIIa1*,strict,ending,True,True,False,True,False
"he's sending, taking it (liquid)",IIIa1*,loose,ending,True,True,False,True,False
"he's sending, taking it (liquid)",IIIa2,strict,ending,False,False,False,False,False
"he's sending, taking it (liquid)",IIIa2,loose,ending,False,False,False,False,False
"he's sending, taking it (liquid)",IIIb,strict,ending,False,False,False,False,True
"he's sending, taking it (liquid)",IIIb,loose,ending,False,False,False,False,True
"1. he's asking him a question., 2. he's asking a question",Id,strict,ending,False,False,False,True,False
"1. he's asking him a question., 2. he's asking a question",Id,loose,ending,False,False,False,True,False
"1. he's asking him a question., 2. he's asking a question",IIa,loose,ending,False,False,False,False,False
"1. he's asking him a question., 2. he's asking a question",IIIa1,strict,full,True,True,True,True,True
"1. he's asking him a question., 2. he's asking a question",IIIa1,loose,full,True,True,True,True,True
"1. he's asking him a question., 2. he's asking a question",IIIa1*,strict,ending,True,True,False,True,False
"1. he's asking him a question., 2. he's asking a question",IIIa1*,loose,ending,True,True,True,True,False
"1. he's asking him a question., 2. he's asking a question",IIIa2,strict,ending,True,True,True,True,False
"1. he's asking him a question., 2. he's asking a question",IIIa2,loose,ending,True,True,True,True,False
"1. he's asking him a question., 2. he's asking a question",IIIb,strict,ending,False,False,False,False,True
"1. he's asking him a question., 2. he's asking a question",IIIb,loose,ending,False,False,False,False,True
he's hiring him,Id,strict,ending,False,False,False,True,False
he's hiring him,Id,loose,ending,False,False,False,True,False
he's hiring him,IIa,loose,ending,False,False,False,False,False
he's hiring him,IIIa1,strict,full,True,True,True,True,True
he's hiring him,IIIa1,loose,full,True,True,True,True,True
he's hiring him,IIIa1*,strict,full,True,True,True,True,True
he's hiring him,IIIa1*,loose,full,True,True,True,True,True
he's hiring him,IIIa2,loose,ending,False,False,True,True,True
he's hiring him,IIIb,strict,ending,False,False,False,False,True
he's hiring him,IIIb,loose,ending,False,False,False,False,True
he's sandwiching it,Id,strict,ending,False,False,False,True,False
he's sandwiching it,Id,loose,ending,False,False,False,True,False
he's sandwiching it,IIa,loose,ending,False,False,False,False,False
he's sandwiching it,IIIa1,strict,full,True,True,True,True,True
he's sandwiching it,IIIa1,loose,full,True,True,True,True,True
he's sandwiching it,IIIa1*,strict,ending,True,True,False,True,False
he's sandwiching it,IIIa1*,loose,ending,True,True,False,True,False
he's sandwiching it,IIIa2,loose,ending,False,False,False,False,False
he's sandwiching it,IIIb,strict,ending,False,False,True,False,True
he's sandwiching it,IIIb,loose,ending,False,False,True,False,True
1. he's covering it 2. he's putting a lid on it,Id,strict,ending,False,False,False,True,False
1. he's covering it 2. he's putting a lid on it,Id,loose,ending,False,False,False,True,False
1. he's covering it 2. he's putting a lid on it,IIa,loose,ending,False,False,False,False,False
1. he's covering it 2. he's putting a lid on it,IIIa1,strict,full,True,True,True,True,True
1. he's covering it 2. he's putting a lid on it,IIIa1,loose,full,True,True,True,True,True
1. he's covering it 2. he's putting a lid on it,IIIa1*,strict,full,True,True,True,True,True
1. he's covering it 2. he's putting a lid on it,IIIa1*,loose,full,True,True,True,True,True
1. he's covering it 2. he's putting a lid on it,IIIa2,loose,ending,False,False,True,True,True
1. he's covering it 2. he's putting a lid on it,IIIb,strict,ending,False,False,False,False,True
1. he's covering it 2. he's putting a lid on it,IIIb,loose,ending,False,False,False,False,True
"light a fire, match",Id,strict,ending,False,False,False,True,False
"light a fire, match",Id,loose,ending,False,False,False,True,False
"light a fire, match",IIa,loose,ending,False,False,False,False,False
"light a fire, match",IIIa1,strict,full,True,True,True,True,True
"light a fire, match",IIIa1,loose,full,True,True,True,True,True
"light a fire, match",IIIa1*,strict,ending,True,True,False,True,False
"light a fire, match",IIIa1*,loose,ending,True,True,False,True,False
"light a fire, match",IIIa2,loose,ending,False,False,False,False,False
"light a fire, match",IIIb,strict,ending,False,False,True,False,True
"light a fire, match",IIIb,loose,ending,False,False,True,False,True
"he, it's growing",Ia,strict,ending,False,False,False,True,True
"he, it's growing",Ia,loose,ending,False,False,False,True,True
"he, it's growing",IIIc1,strict,ending,False,False,False,False,False
"he, it's growing",IIIc1,loose,ending,False,False,False,False,False
"he, it's growing",IIIc1*,strict,reconstructs,True,True,True,True,True
"he, it's growing",IIIc1*,loose,full,True,True,True,True,True
"he, it's growing",IIIc2,strict,ending,False,False,False,False,True
"he, it's growing",IIIc2,loose,ending,False,False,False,False,True
he's enduring it (idiom),Id,strict,ending,False,False,False,True,False
he's enduring it (idiom),Id,loose,ending,False,False,False,True,False
he's enduring it (idiom),IIa,loose,ending,False,False,False,False,False
he's enduring it (idiom),IIIa1,strict,full,True,True,True,True,True
he's enduring it (idiom),IIIa1,loose,full,True,True,True,True,True
he's enduring it (idiom),IIIa1*,strict,ending,True,True,False,True,False
he's enduring it (idiom),IIIa1*,loose,ending,True,True,False,True,False
he's enduring it (idiom),IIIa2,strict,ending,False,False,False,False,False
he's enduring it (idiom),IIIa2,loose,ending,False,False,False,False,False
he's enduring it (idiom),IIIb,strict,ending,False,False,False,False,True
he's enduring it (idiom),IIIb,loose,ending,False,False,False,False,True
"he's hiding him, it (flexible)",Id,strict,ending,False,False,False,True,False
"he's hiding him, it (flexible)",Id,loose,ending,False,False,False,True,False
"he's hiding him, it (flexible)",IIa,loose,ending,False,False,False,False,False
"he's hiding him, it (flexible)",IIIa1,strict,full,True,True,True,True,True
"he's hiding him, it (flexible)",IIIa1,loose,full,True,True,True,True,True
"he's hiding him, it (flexible)",IIIa1*,strict,full,True,True,True,True,True
"he's hiding him, it (flexible)",IIIa1*,loose,full,True,True,True,True,True
"he's hiding him, it (flexible)",IIIa2,loose,ending,False,False,True,True,True
"he's hiding him, it (flexible)",IIIb,strict,ending,False,False,False,False,True
"he's hiding him, it (flexible)",IIIb,loose,ending,False,False,False,False,True
"1.  he's breaking a flexible object, 2. He's cutting a flexible object",Ia,strict,ending,False,False,False,False,False
"1.  he's breaking a flexible object, 2. He's cutting a flexible object",Ia,loose,ending,False,False,False,False,False
"1.  he's breaking a flexible object, 2. He's cutting a flexible object",Id,strict,ending,False,False,False,True,False
"1.  he's breaking a flexible object, 2. He's cutting a flexible object",Id,loose,ending,False,False,False,True,False
"1.  he's breaking a flexible object, 2. He's cutting a flexible object",IIa,loose,ending,False,False,False,True,False
"1.  he's breaking a flexible object, 2. He's cutting a flexible object",IIId*,strict,reconstructs,True,True,True,True,True
"1.  he's breaking a flexible object, 2. He's cutting a flexible object",IIId*,loose,full,True,True,True,True,True
he's breaking a long object,Ia,strict,ending,False,False,False,False,False
he's breaking a long object,Ia,loose,ending,False,False,False,False,False
he's breaking a long object,Id,strict,ending,False,False,False,True,False
he's breaking a long object,Id,loose,ending,False,False,False,True,False
he's breaking a long object,IIa,loose,ending,False,False,False,True,False
he's breaking a long object,IIId*,strict,reconstructs,True,True,True,True,True
he's breaking a long object,IIId*,loose,full,True,True,True,True,True
"he's pushing him, it",Id,strict,ending,False,False,False,True,False
"he's pushing him, it",Id,loose,ending,False,False,False,True,False
"he's pushing him, it",IIa,loose,ending,False,False,False,True,False
he's falling from an elevated position,Ia,strict,ending,False,False,False,True,True
he's falling from an elevated position,Ia,loose,ending,False,False,False,True,True
he's falling from an elevated position,IIIc1,strict,reconstructs,True,True,True,True,True
he's falling from an elevated position,IIIc1,loose,full,True,True,True,True,True
he's falling from an elevated position,IIIc1*,strict,ending,False,False,False,False,False
he's falling from an elevated position,IIIc1*,loose,ending,False,False,False,False,False
he's falling from an elevated position,IIIc2,strict,ending,False,False,False,False,True
he's falling from an elevated position,IIIc2,loose,ending,False,False,False,False,True
he's nodding his head,Id,strict,ending,False,False,False,True,False
he's nodding his head,Id,loose,ending,False,False,False,True,False
he's nodding his head,IIa,loose,ending,False,False,False,True,False
he's splitting it,Id,strict,ending,False,False,False,True,False
he's splitting it,Id,loose,ending,False,False,False,True,False
he's splitting it,IIa,loose,ending,False,False,False,True,False
he's setting a trap,Id,strict,ending,False,False,False,True,False
he's setting a trap,Id,loose,ending,False,False,False,True,False
he's setting a trap,IIa,loose,ending,False,False,False,False,False
he's setting a trap,IIIa1,strict,full,True,True,True,True,True
he's setting a trap,IIIa1,loose,full,True,True,True,True,True
he's setting a trap,IIIa1*,strict,full,True,True,True,True,True
he's setting a trap,IIIa1*,loose,full,True,True,True,True,True
he's setting a trap,IIIa2,loose,ending,False,False,True,True,True
he's setting a trap,IIIb,strict,ending,False,False,False,False,True
he's setting a trap,IIIb,loose,ending,False,False,False,False,True
1. he's bending it  2. she's hemming it,Id,strict,ending,False,False,False,True,False
1. he's bending it  2. she's hemming it,Id,loose,ending,False,False,False,True,False
1. he's bending it  2. she's hemming it,IIa,loose,ending,False,False,False,False,False
1. he's bending it  2. she's hemming it,IIIa1,strict,full,True,True,True,True,True
1. he's bending it  2. she's hemming it,IIIa1,loose,full,True,True,True,True,True
1. he's bending it  2. she's hemming it,IIIa1*,strict,full,True,True,True,True,True
1. he's bending it  2. she's hemming it,IIIa1*,loose,full,True,True,True,True,True
1. he's bending it  2. she's hemming it,IIIa2,loose,ending,False,False,True,True,True
1. he's bending it  2. she's hemming it,IIIb,strict,ending,False,False,False,False,True
1. he's bending it  2. she's hemming it,IIIb,loose,ending,False,False,False,False,True
"1. he's hitching him, it up 2. he's hooking it up 3. he's plugging it in",Id,strict,ending,False,False,False,True,False
"1. he's hitching him, it up 2. he's hooking it up 3. he's plugging it in",Id,loose,ending,False,False,False,True,False
"1. he's hitching him, it up 2. he's hooking it up 3. he's plugging it in",IIa,loose,ending,False,False,False,False,False
"1. he's hitching him, it up 2. he's hooking it up 3. he's plugging it in",IIIa1,strict,full,True,True,True,True,True
"1. he's hitching him, it up 2. he's hooking it up 3. he's plugging it in",IIIa1,loose,full,True,True,True,True,True
"1. he's hitching him, it up 2. he's hooking it up 3. he's plugging it in",IIIa1*,strict,full,True,True,True,True,True
"1. he's hitching him, it up 2. he's hooking it up 3. he's plugging it in",IIIa1*,loose,full,True,True,True,True,True
"1. he's hitching him, it up 2. he's hooking it up 3. he's plugging it in",IIIa2,loose,ending,False,False,True,True,True
"1. he's hitching him, it up 2. he's hooking it up 3. he's plugging it in",IIIb,strict,ending,False,False,False,False,True
"1. he's hitching him, it up 2. he's hooking it up 3. he's plugging it in",IIIb,loose,ending,False,False,False,False,True
he's scolding him,Id,strict,ending,False,False,False,True,False
he's scolding him,Id,loose,ending,False,False,False,True,False
he's scolding him,IIa,loose,ending,False,False,False,False,False
he's scolding him,IIIa1,strict,full,True,True,True,True,True
he's scolding him,IIIa1,loose,full,True,True,True,True,True
he's scolding him,IIIa1*,strict,full,True,True,True,True,True
he's scolding him,IIIa1*,loose,full,True,True,True,True,True
he's scolding him,IIIa2,loose,ending,False,False,True,True,True
he's scolding him,IIIb,strict,ending,False,False,False,False,True
he's scolding him,IIIb,loose,ending,False,False,False,False,True
he's blinking,Ia,strict,ending,False,False,False,False,False
he's blinking,Ia,loose,ending,False,False,False,False,False
he's blinking,Id,strict,ending,False,False,False,True,False
he's blinking,Id,loose,ending,False,False,False,True,False
he's blinking,IIa,loose,ending,False,False,False,False,False
he's blinking,IIId*,strict,full,True,True,True,True,True
he's blinking,IIId*,loose,full,True,True,True,True,True
it's flashing (reflected light),Ia,strict,ending,False,False,False,True,False
it's flashing (reflected light),Ia,loose,ending,False,False,False,True,False
it's flashing (reflected light),Ia*,strict,ending,False,False,False,True,False
it's flashing (reflected light),Ia*,loose,ending,False,False,False,True,False
it's flashing (reflected light),Ib,strict,ending,False,False,False,True,False
it's flashing (reflected light),Ib,loose,ending,False,False,False,True,False
it's flashing (reflected light),Ic,strict,ending,False,False,False,True,False
it's flashing (reflected light),Ic,loose,ending,False,False,False,True,False
it's flashing (reflected light),Ic*,strict,ending,False,False,False,True,False
it's flashing (reflected light),Ic*,loose,ending,False,False,False,True,False
it's flashing (reflected light),Id,strict,ending,False,False,False,True,False
it's flashing (reflected light),Id,loose,ending,False,False,False,True,False
it's flashing (reflected light),IIa,loose,ending,False,False,False,True,False
it's flashing (reflected light),IIb,loose,ending,False,False,False,True,False
it's flashing (reflected light),IIIc2,strict,ending,False,False,False,True,False
it's flashing (reflected light),IIIc2,loose,ending,False,False,False,True,False
it's flashing (reflected light),IIId*,strict,reconstructs,True,True,True,True,True
it's flashing (reflected light),IIId*,loose,full,True,True,True,True,True
he's getting well,Ia,strict,ending,False,False,False,True,True
he's getting well,Ia,loose,ending,False,False,False,True,True
he's getting well,IIIc1,loose,ending,False,False,False,False,False
he's getting well,IIIc1*,loose,ending,False,False,False,False,False
he's getting well,IIIc2,loose,full,True,True,True,True,True
he's sneezing,Id,strict,ending,False,False,False,True,False
he's sneezing,Id,loose,ending,False,False,False,True,False
he's sneezing,IIa,loose,ending,False,False,False,True,False
he's chopping it,Id,strict,ending,False,False,False,True,False
he's chopping it,Id,loose,ending,False,False,False,True,False
he's chopping it,IIa,loose,ending,False,False,False,True,False
he's chopping it up,Id,strict,ending,False,False,False,True,False
he's chopping it up,Id,loose,ending,False,False,False,True,False
he's chopping it up,IIa,loose,ending,False,False,False,True,False
it's raining,Id,strict,ending,False,False,False,True,False
it's raining,Id,loose,ending,False,False,False,True,False
it's raining,IIa,loose,ending,False,False,False,True,False
it's raining,IIb,loose,ending,False,False,False,True,False
it's raining,IIIa1,strict,ending,False,False,True,True,True
it's raining,IIIa1,loose,ending,False,False,True,True,True
it's raining,IIIa1*,strict,ending,False,False,False,True,False
it's raining,IIIa1*,loose,ending,False,False,False,True,False
it's raining,IIIa2,strict,ending,False,False,False,True,False
it's raining,IIIa2,loose,ending,False,False,False,True,False
it's raining,IIIb,strict,full,True,True,True,True,True
it's raining,IIIb,loose,full,True,True,True,True,True
he's drilling a hole,Ia,strict,ending,False,False,False,False,False
he's drilling a hole,Ia,loose,ending,False,False,False,False,False
he's drilling a hole,Id,strict,ending,False,True,False,True,False
he's drilling a hole,Id,loose,ending,False,True,False,True,False
he's drilling a hole,IIa,loose,ending,False,True,False,False,False
he's drilling a hole,IIId*,strict,full,True,True,True,True,True
he's drilling a hole,IIId*,loose,full,True,True,True,True,True
he/it is going through it,Ia,strict,ending,False,False,False,True,True
he/it is going through it,Ia,loose,ending,False,False,False,True,True
he/it is going through it,IIIc1,strict,ending,False,False,False,False,False
he/it is going through it,IIIc1,loose,ending,False,False,False,False,False
he/it is going through it,IIIc1*,strict,reconstructs,True,True,True,True,True
he/it is going through it,IIIc1*,loose,full,True,True,True,True,True
he/it is going through it,IIIc2,strict,ending,False,False,False,False,True
he/it is going through it,IIIc2,loose,ending,False,False,False,False,True
he's getting exhausted,Ia,strict,ending,False,False,False,True,True
he's getting exhausted,Ia,loose,ending,False,False,False,True,True
he's getting exhausted,IIIc1,strict,ending,False,False,False,False,False
he's getting exhausted,IIIc1,loose,ending,False,False,False,False,False
he's getting exhausted,IIIc1*,strict,reconstructs,True,True,True,True,True
he's getting exhausted,IIIc1*,loose,full,True,True,True,True,True
he's getting exhausted,IIIc2,strict,ending,False,False,False,False,True
he's getting exhausted,IIIc2,loose,ending,False,False,False,False,True
"he's borrowing him, it",Ia,strict,ending,False,False,False,False,True
"he's borrowing him, it",Ia,loose,ending,False,False,False,False,True
"he's borrowing him, it",Id,strict,ending,False,False,False,True,False
"he's borrowing him, it",Id,loose,ending,False,False,False,True,False
"he's borrowing him, it",IIa,loose,ending,False,False,False,True,False
"he's borrowing him, it",IIId*,strict,full,True,True,True,True,True
"he's borrowing him, it",IIId*,loose,full,True,True,True,True,True
1. it's becoming done (by cooking) 2. it's ripening,Ia,strict,ending,False,False,False,True,True
1. it's becoming done (by cooking) 2. it's ripening,Ia,loose,ending,False,False,False,True,True
1. it's becoming done (by cooking) 2. it's ripening,IIIc1,loose,ending,False,False,False,False,False
1. it's becoming done (by cooking) 2. it's ripening,IIIc1*,loose,ending,False,False,False,False,False
1. it's becoming done (by cooking) 2. it's ripening,IIIc2,loose,ending,False,False,False,False,True
1. it's decaying  2. it's spoiling,Ia,strict,ending,False,False,False,True,True
1. it's decaying  2. it's spoiling,Ia,loose,ending,False,False,False,True,True
1. it's decaying  2. it's spoiling,IIIc1,strict,reconstructs,True,True,True,True,True
1. it's decaying  2. it's spoiling,IIIc1,loose,full,True,True,True,True,True
1. it's decaying  2. it's spoiling,IIIc1*,strict,ending,False,False,False,False,False
1. it's decaying  2. it's spoiling,IIIc1*,loose,ending,False,False,False,False,False
1. it's decaying  2. it's spoiling,IIIc2,strict,ending,False,False,False,False,True
1. it's decaying  2. it's spoiling,IIIc2,loose,ending,False,False,False,False,True
he's finding it out,Ia,strict,ending,False,False,False,True,True
he's finding it out,Ia,loose,ending,False,False,False,True,True
he's finding it out,IIIc1,strict,reconstructs,True,True,True,True,True
he's finding it out,IIIc1,loose,full,True,True,True,True,True
he's finding it out,IIIc1*,strict,ending,False,False,False,False,False
he's finding it out,IIIc1*,loose,ending,False,False,False,False,False
he's finding it out,IIIc2,strict,ending,False,False,False,False,True
he's finding it out,IIIc2,loose,ending,False,False,False,False,True
he's confronted with it,Ia,strict,ending,False,False,False,True,True
he's confronted with it,Ia,loose,ending,False,False,False,True,True
he's confronted with it,IIIc1,strict,reconstructs,True,True,True,True,True
he's confronted with it,IIIc1,loose,full,True,True,True,True,True
he's confronted with it,IIIc1*,strict,ending,False,False,False,False,False
he's confronted with it,IIIc1*,loose,ending,False,False,False,False,False
he's confronted with it,IIIc2,strict,ending,False,False,False,False,True
he's confronted with it,IIIc2,loose,ending,False,False,False,False,True
he's beating him at a game,Ia,strict,ending,False,False,False,True,True
he's beating him at a game,Ia,loose,ending,False,False,False,True,True
he's beating him at a game,IIIc1,strict,reconstructs,True,True,True,True,True
he's beating him at a game,IIIc1,loose,full,True,True,True,True,True
he's beating him at a game,IIIc1*,strict,ending,False,False,False,False,False
he's beating him at a game,IIIc1*,loose,ending,False,False,False,False,False
he's beating him at a game,IIIc2,strict,ending,False,False,False,False,True
he's beating him at a game,IIIc2,loose,ending,False,False,False,False,True
he's becoming enraged,Ia,strict,ending,False,False,False,True,True
he's becoming enraged,Ia,loose,ending,False,False,False,True,True
he's becoming enraged,IIIc1,strict,reconstructs,True,True,True,True,True
he's becoming enraged,IIIc1,loose,full,True,True,True,True,True
he's becoming enraged,IIIc1*,strict,ending,False,False,False,False,False
he's becoming enraged,IIIc1*,loose,ending,False,False,False,False,False
he's becoming enraged,IIIc2,strict,ending,False,False,False,False,True
he's becoming enraged,IIIc2,loose,ending,False,False,False,False,True
it's getting warm,Ia,strict,ending,False,False,False,True,True
it's getting warm,Ia,loose,ending,False,False,False,True,True
it's getting warm,Ia*,strict,ending,False,False,False,True,False
it's getting warm,Ia*,loose,ending,False,False,False,True,False
it's getting warm,Ib,strict,ending,False,True,False,True,False
it's getting warm,Ib,loose,ending,False,True,False,True,False
it's getting warm,Ic,strict,ending,False,False,False,True,False
it's getting warm,Ic,loose,ending,False,False,False,True,False
it's getting warm,Ic*,strict,ending,False,False,False,True,False
it's getting warm,Ic*,loose,ending,False,False,False,True,False
it's getting warm,Id,strict,ending,False,False,False,True,False
it's getting warm,Id,loose,ending,False,False,False,True,False
it's getting warm,IIa,loose,ending,False,False,False,True,False
it's getting warm,IIb,loose,ending,False,False,False,True,False
it's getting warm,IIIc1,strict,reconstructs,True,True,True,True,True
it's getting warm,IIIc1,loose,full,True,True,True,True,True
it's getting warm,IIIc1*,strict,ending,False,False,False,True,False
it's getting warm,IIIc1*,loose,ending,False,False,False,True,False
it's getting warm,IIIc2,strict,ending,False,False,False,True,True
it's getting warm,IIIc2,loose,ending,False,False,False,True,True
it's getting warm,IIId*,strict,full,True,True,True,True,True
it's getting warm,IIId*,loose,full,True,True,True,True,True
1. he's becoming warm  2. he's warming himself,Ia,strict,ending,False,False,False,True,True
1. he's becoming warm  2. he's warming himself,Ia,loose,ending,False,False,False,True,True
1. he's becoming warm  2. he's warming himself,IIIc1,strict,reconstructs,True,True,True,True,True
1. he's becoming warm  2. he's warming himself,IIIc1,loose,full,True,True,True,True,True
1. he's becoming warm  2. he's warming himself,IIIc1*,strict,ending,False,False,False,False,False
1. he's becoming warm  2. he's warming himself,IIIc1*,loose,ending,False,False,False,False,False
1. he's becoming warm  2. he's warming himself,IIIc2,strict,ending,False,False,False,False,True
1. he's becoming warm  2. he's warming himself,IIIc2,loose,ending,False,False,False,False,True
it's melting,Ia,strict,ending,False,False,False,True,True
it's melting,Ia,loose,ending,False,False,False,True,True
it's melting,IIIc1,strict,reconstructs,True,True,True,True,True
it's melting,IIIc1,loose,full,True,True,True,True,True
it's melting,IIIc1*,strict,ending,False,False,False,False,False
it's melting,IIIc1*,loose,ending,False,False,False,False,False
it's melting,IIIc2,strict,ending,False,False,False,False,True
it's melting,IIIc2,loose,ending,False,False,False,False,True
"he's dying, (human)",Ia,strict,ending,False,False,False,True,True
"he's dying, (human)",Ia,loose,ending,False,False,False,True,True
"he's dying, (human)",IIIc1,strict,reconstructs,True,True,True,True,True
"he's dying, (human)",IIIc1,loose,full,True,True,True,True,True
"he's dying, (human)",IIIc1*,strict,ending,False,False,False,False,False
"he's dying, (human)",IIIc1*,loose,ending,False,False,False,False,False
"he's dying, (human)",IIIc2,strict,ending,False,False,False,False,True
"he's dying, (human)",IIIc2,loose,ending,False,False,False,False,True
he's ascending an incline,Ia,strict,ending,False,False,False,True,True
he's ascending an incline,Ia,loose,ending,False,False,False,True,True
he's ascending an incline,IIIc1,strict,full,True,True,True,True,True
he's ascending an incline,IIIc1,loose,full,True,True,True,True,True
he's ascending an incline,IIIc1*,strict,ending,False,False,False,False,False
he's ascending an incline,IIIc1*,loose,ending,False,False,False,False,False
he's ascending an incline,IIIc2,strict,ending,False,False,False,False,True
he's ascending an incline,IIIc2,loose,ending,False,False,False,False,True
it's shattering,Ib,strict,ending,False,False,False,True,True
it's shattering,Ib,loose,ending,False,False,False,True,True
it's shattering,Ic,strict,ending,False,True,False,True,True
it's shattering,Ic,loose,ending,False,True,False,True,True
it's shattering,Id,strict,ending,False,False,False,True,True
it's shattering,Id,loose,ending,False,False,False,True,True
it's shattering,IIa,loose,ending,False,False,False,True,True
it's shattering,IIb,loose,ending,False,False,False,True,True
it's shattering,IIIa1,strict,reconstructs,True,True,True,True,True
it's shattering,IIIa1,loose,full,True,True,True,True,True
it's shattering,IIIa1*,strict,ending,True,True,False,True,True
it's shattering,IIIa1*,loose,full,True,True,True,True,True
it's shattering,IIIa2,strict,ending,False,False,True,True,True
it's shattering,IIIa2,loose,ending,False,False,True,True,True
it's shattering,IIIa3,strict,ending,False,False,False,True,True
it's shattering,IIIa3,loose,ending,False,False,False,True,True
it's shattering,IIIb,strict,ending,False,False,False,True,True
it's shattering,IIIb,loose,ending,False,False,False,True,True
he's acting like him,Id,strict,ending,False,False,False,True,False
he's acting like him,Id,loose,ending,False,False,False,True,False
he's acting like him,IIa,loose,ending,False,False,False,False,False
it's blooming,Id,strict,ending,False,False,False,True,False
it's blooming,Id,loose,ending,False,False,False,True,False
it's blooming,IIa,loose,ending,False,False,False,True,False
it's blooming,IIb,loose,ending,False,False,False,True,False
it's blooming,IIIa1,strict,full,True,True,True,True,True
it's blooming,IIIa1,loose,full,True,True,True,True,True
it's blooming,IIIa1*,strict,ending,True,True,False,True,False
it's blooming,IIIa1*,loose,ending,True,True,True,True,False
it's blooming,IIIa2,loose,ending,False,False,True,True,False
it's blooming,IIIb,strict,ending,False,False,False,True,True
it's blooming,IIIb,loose,ending,False,False,False,True,True
he's making it,Id,strict,ending,False,False,False,True,False
he's making it,Id,loose,ending,False,False,False,True,False
he's making it,IIa,loose,ending,False,False,False,False,False
"he's sleepy, he's going to sleep",Id,strict,ending,False,False,False,True,False
"he's sleepy, he's going to sleep",Id,loose,ending,False,False,False,True,False
"he's sleepy, he's going to sleep",IIa,loose,ending,False,False,False,False,False
he's dressing up,Id,strict,ending,False,False,False,True,False
he's dressing up,Id,loose,ending,False,False,False,True,False
he's dressing up,IIa,loose,ending,False,False,False,False,False
"he's wrapping him, it",Id,strict,ending,False,False,False,True,False
"he's wrapping him, it",Id,loose,ending,False,False,False,True,False
"he's wrapping him, it",IIa,loose,ending,False,False,False,False,False
"he's wounding him, it",Ic,strict,ending,False,True,False,True,True
"he's wounding him, it",Ic,loose,ending,False,True,False,True,True
"he's wounding him, it",Id,strict,ending,False,False,False,True,False
"he's wounding him, it",Id,loose,ending,False,False,False,True,False
"he's wounding him, it",IIa,loose,ending,False,False,False,False,False
he's burning,Ia,strict,ending,False,False,False,True,True
he's burning,Ia,loose,ending,False,False,False,True,True
he's burning,IIIc1,strict,ending,False,False,False,False,False
he's burning,IIIc1,loose,ending,False,False,False,False,False
he's burning,IIIc1*,strict,reconstructs,True,True,True,True,True
he's burning,IIIc1*,loose,full,True,True,True,True,True
he's burning,IIIc2,strict,ending,False,False,False,False,True
he's burning,IIIc2,loose,ending,False,False,False,False,True
he's sewing it,Ia,strict,ending,False,False,False,False,False
he's sewing it,Ia,loose,ending,False,False,False,False,False
he's sewing it,Id,strict,ending,False,False,False,True,False
he's sewing it,Id,loose,ending,False,False,False,True,False
he's sewing it,IIa,loose,ending,False,False,False,False,False
he's sewing it,IIId*,strict,reconstructs,True,True,True,True,True
he's sewing it,IIId*,loose,full,True,True,True,True,True
he's getting off,Ia,strict,ending,False,False,False,True,True
he's getting off,Ia,loose,ending,False,False,False,True,True
he's getting off,IIIc1,strict,ending,False,False,False,True,True
he's getting off,IIIc1,loose,ending,False,False,False,True,True
he's getting off,IIIc1*,strict,ending,False,False,False,False,False
he's getting off,IIIc1*,loose,ending,False,False,False,False,False
he's getting off,IIIc2,strict,ending,False,False,False,False,True
he's getting off,IIIc2,loose,ending,False,False,False,False,True
he's drinking it,Id,strict,ending,False,False,False,True,False
he's drinking it,Id,loose,ending,False,False,False,True,False
he's drinking it,IIa,loose,ending,False,False,False,False,False
"he's catching up with him, it",Id,strict,ending,False,False,False,True,False
"he's catching up with him, it",Id,loose,ending,False,False,False,True,False
"he's catching up with him, it",IIa,loose,ending,False,False,False,False,False
it's barking,Ia,strict,ending,False,True,True,False,True
it's barking,Ia,loose,ending,False,True,True,False,True
it's barking,Id,strict,ending,False,False,False,True,False
it's barking,Id,loose,ending,False,False,False,True,False
it's barking,IIa,loose,ending,False,False,False,False,False
it's barking,IIId*,strict,full,True,True,True,True,True
it's barking,IIId*,loose,full,True,True,True,True,True
he's painting it,Ia,strict,ending,False,True,True,False,True
he's painting it,Ia,loose,ending,False,True,True,False,True
he's painting it,Id,strict,ending,False,False,False,True,False
he's painting it,Id,loose,ending,False,False,False,True,False
he's painting it,IIa,loose,ending,False,False,False,False,False
he's painting it,IIId*,strict,full,True,True,True,True,True
he's painting it,IIId*,loose,full,True,True,True,True,True
it (a flexible object) is falling from a hanging position,Ia,strict,ending,False,False,False,True,True
it (a flexible object) is falling from a hanging position,Ia,loose,ending,False,False,False,True,True
it (a flexible object) is falling from a hanging position,IIIc1,strict,reconstructs,True,True,True,True,True
it (a flexible object) is falling from a hanging position,IIIc1,loose,full,True,True,True,True,True
it (a flexible object) is falling from a hanging position,IIIc1*,strict,ending,False,False,False,False,False
it (a flexible object) is falling from a hanging position,IIIc1*,loose,ending,False,False,False,False,False
it (a flexible object) is falling from a hanging position,IIIc2,strict,ending,False,False,False,False,True
it (a flexible object) is falling from a hanging position,IIIc2,loose,ending,False,False,False,False,True
he's frolicking,Id,strict,ending,False,False,False,True,False
he's frolicking,Id,loose,ending,False,False,False,True,False
he's frolicking,IIa,loose,ending,False,False,False,False,False
he's frolicking,IIIa1,strict,ending,False,False,True,True,True
he's frolicking,IIIa1,loose,ending,False,False,True,True,True
he's frolicking,IIIa1*,strict,ending,False,False,False,True,False
he's frolicking,IIIa1*,loose,ending,False,False,False,True,False
he's frolicking,IIIa2,loose,ending,False,False,True,True,True
he's frolicking,IIIa3,loose,ending,False,False,False,False,False
he's frolicking,IIIb,strict,ending,False,False,False,False,True
he's frolicking,IIIb,loose,ending,False,False,False,False,True
he's going down hill,Ia,strict,ending,False,False,False,True,True
he's going down hill,Ia,loose,ending,False,False,False,True,True
he's going down hill,IIIc1,strict,reconstructs,True,True,True,True,True
he's going down hill,IIIc1,loose,full,True,True,True,True,True
he's going down hill,IIIc1*,strict,ending,False,False,False,False,False
he's going down hill,IIIc1*,loose,ending,False,False,False,False,False
he's going down hill,IIIc2,strict,ending,False,False,False,False,True
he's going down hill,IIIc2,loose,ending,False,False,False,False,True
he's releasing him,Ia,strict,ending,False,False,False,True,True
he's releasing him,Ia,loose,ending,False,False,False,True,True
he's releasing him,IIIc1,strict,reconstructs,True,True,True,True,True
he's releasing him,IIIc1,loose,full,True,True,True,True,True
he's releasing him,IIIc1*,strict,ending,False,False,False,False,False
he's releasing him,IIIc1*,loose,ending,False,False,False,False,False
he's releasing him,IIIc2,strict,ending,False,False,False,False,True
he's releasing him,IIIc2,loose,ending,False,False,False,False,True
"He's releasing it, (voluntarily)",Ia,strict,ending,False,False,False,True,True
"He's releasing it, (voluntarily)",Ia,loose,ending,False,False,False,True,True
"He's releasing it, (voluntarily)",IIIc1,strict,reconstructs,True,True,True,True,True
"He's releasing it, (voluntarily)",IIIc1,loose,full,True,True,True,True,True
"He's releasing it, (voluntarily)",IIIc1*,strict,ending,False,False,False,False,False
"He's releasing it, (voluntarily)",IIIc1*,loose,ending,False,False,False,False,False
"He's releasing it, (voluntarily)",IIIc2,strict,ending,False,False,False,False,True
"He's releasing it, (voluntarily)",IIIc2,loose,ending,False,False,False,False,True
he's giving up,Ia,strict,ending,False,False,False,True,True
he's giving up,Ia,loose,ending,False,False,False,True,True
he's giving up,IIIc1,strict,reconstructs,True,True,True,True,True
he's giving up,IIIc1,loose,full,True,True,True,True,True
he's giving up,IIIc1*,strict,ending,False,False,False,False,False
he's giving up,IIIc1*,loose,ending,False,False,False,False,False
he's giving up,IIIc2,strict,ending,False,False,False,False,True
he's giving up,IIIc2,loose,ending,False,False,False,False,True
he's squatting,Id,strict,ending,False,False,False,True,False
he's squatting,Id,loose,ending,False,False,False,True,False
he's squatting,IIa,loose,ending,False,False,False,False,False
he's squatting,IIIa1,strict,ending,False,False,True,False,True
he's squatting,IIIa1,loose,ending,False,False,True,False,True
he's squatting,IIIa1*,strict,ending,False,False,False,False,False
he's squatting,IIIa1*,loose,ending,False,False,False,False,False
he's squatting,IIIa2,loose,ending,False,False,True,False,False
he's squatting,IIIb,strict,ending,False,False,False,False,True
he's squatting,IIIb,loose,ending,False,False,False,False,True
he's taking a seat,Id,strict,ending,False,False,False,True,False
he's taking a seat,Id,loose,ending,False,False,False,True,False
he's taking a seat,IIa,loose,ending,False,False,False,False,False
he's taking a seat,IIIa1,strict,ending,False,False,True,False,True
he's taking a seat,IIIa1,loose,ending,False,False,True,False,True
he's taking a seat,IIIa1*,strict,ending,False,False,False,False,False
he's taking a seat,IIIa1*,loose,ending,False,False,False,False,False
he's taking a seat,IIIa2,loose,ending,False,False,True,False,False
he's taking a seat,IIIb,strict,ending,False,False,False,False,True
he's taking a seat,IIIb,loose,ending,False,False,False,False,True
he's setting it down,Id,strict,ending,False,False,False,True,False
he's setting it down,Id,loose,ending,False,False,False,True,False
he's setting it down,IIa,loose,ending,False,False,False,False,False
he's setting it down,IIIa1,strict,full,True,True,True,True,True
he's setting it down,IIIa1,loose,full,True,True,True,True,True
he's setting it down,IIIa1*,strict,ending,True,True,False,True,False
he's setting it down,IIIa1*,loose,ending,True,True,False,True,False
he's setting it down,IIIa2,strict,ending,False,False,False,False,False
he's setting it down,IIIa2,loose,ending,False,False,False,False,False
he's setting it down,IIIb,strict,ending,False,False,False,False,True
he's setting it down,IIIb,loose,ending,False,False,False,False,True
he's placing it on something,Id,strict,ending,False,False,False,True,False
he's placing it on something,Id,loose,ending,False,False,False,True,False
he's placing it on something,IIa,loose,ending,False,False,False,False,False
he's sending it (solid),Id,strict,ending,False,False,False,True,False
he's sending it (solid),Id,loose,ending,False,False,False,True,False
he's sending it (solid),IIa,loose,ending,False,False,False,False,False
he's sending it (solid),IIIa1,strict,full,True,True,True,True,True
he's sending it (solid),IIIa1,loose,full,True,True,True,True,True
he's sending it (solid),IIIa1*,strict,ending,True,True,False,True,False
he's sending it (solid),IIIa1*,loose,ending,True,True,False,True,False
he's sending it (solid),IIIa2,strict,ending,False,False,False,False,False
he's sending it (solid),IIIa2,loose,ending,False,False,False,False,False
he's sending it (solid),IIIb,strict,ending,False,False,False,False,True
he's sending it (solid),IIIb,loose,ending,False,False,False,False,True
"he, it's howling, screaming, yelling, etc",Id,strict,ending,False,False,False,True,False
"he, it's howling, screaming, yelling, etc",Id,loose,ending,False,False,False,True,False
"he, it's howling, screaming, yelling, etc",IIa,loose,ending,False,False,False,False,False
"he, it's howling, screaming, yelling, etc",IIIa1,strict,full,True,True,True,True,True
"he, it's howling, screaming, yelling, etc",IIIa1,loose,full,True,True,True,True,True
"he, it's howling, screaming, yelling, etc",IIIa1*,strict,ending,True,True,False,True,False
"he, it's howling, screaming, yelling, etc",IIIa1*,loose,ending,True,True,False,True,False
"he, it's howling, screaming, yelling, etc",IIIa2,loose,ending,True,True,True,True,False
"he, it's howling, screaming, yelling, etc",IIIb,strict,ending,False,False,False,False,True
"he, it's howling, screaming, yelling, etc",IIIb,loose,ending,False,False,False,False,True
"1. he, it's using it up 2. he's drinking, eating it up",Ic,strict,ending,False,True,False,False,True
"1. he, it's using it up 2. he's drinking, eating it up",Ic,loose,ending,False,True,False,True,True
"1. he, it's using it up 2. he's drinking, eating it up",Id,strict,ending,False,False,False,True,False
"1. he, it's using it up 2. he's drinking, eating it up",Id,loose,ending,False,False,False,True,False
"1. he, it's using it up 2. he's drinking, eating it up",IIa,loose,ending,False,False,False,False,False
he's being born,Id,strict,ending,False,False,False,True,False
he's being born,Id,loose,ending,False,False,False,True,True
he's being born,IIa,loose,ending,False,False,False,False,False
he's being born,IIIa1,strict,full,True,True,True,True,True
he's being born,IIIa1,loose,full,True,True,True,True,True
he's being born,IIIa1*,strict,ending,True,True,False,True,False
he's being born,IIIa1*,loose,ending,True,True,False,True,False
he's being born,IIIa2,strict,ending,False,False,False,False,False
he's being born,IIIa2,loose,ending,False,False,False,False,False
he's being born,IIIb,strict,ending,False,False,False,False,True
he's being born,IIIb,loose,ending,False,False,False,False,True
he's standing in a certain spot,Id,strict,ending,False,False,False,True,False
he's standing in a certain spot,Id,loose,ending,False,False,False,True,True
he's standing in a certain spot,IIa,loose,ending,False,False,False,False,True
he's standing in a certain spot,IIIa1,strict,full,True,True,True,True,True
he's standing in a certain spot,IIIa1,loose,full,True,True,True,True,True
he's standing in a certain spot,IIIa1*,strict,ending,True,True,False,True,False
he's standing in a certain spot,IIIa1*,loose,ending,True,True,False,True,False
he's standing in a certain spot,IIIa2,strict,ending,False,False,False,False,False
he's standing in a certain spot,IIIa2,loose,ending,False,False,False,False,False
he's standing in a certain spot,IIIb,strict,ending,False,False,False,False,True
he's standing in a certain spot,IIIb,loose,ending,False,False,False,False,True
he's getting up (from sitting or from involuntarily assumed prone position),Id,strict,ending,False,False,False,True,False
he's getting up (from sitting or from involuntarily assumed prone position),Id,loose,ending,False,False,False,True,True
he's getting up (from sitting or from involuntarily assumed prone position),IIa,loose,ending,False,False,False,False,True
he's getting up (from sitting or from involuntarily assumed prone position),IIIa1,strict,full,True,True,True,True,True
he's getting up (from sitting or from involuntarily assumed prone position),IIIa1,loose,full,True,True,True,True,True
he's getting up (from sitting or from involuntarily assumed prone position),IIIa1*,strict,ending,True,True,False,True,False
he's getting up (from sitting or from involuntarily assumed prone position),IIIa1*,loose,ending,True,True,False,True,False
he's getting up (from sitting or from involuntarily assumed prone position),IIIa2,strict,ending,False,False,False,False,False
he's getting up (from sitting or from involuntarily assumed prone position),IIIa2,loose,ending,False,False,False,False,False
he's getting up (from sitting or from involuntarily assumed prone position),IIIb,strict,ending,False,False,False,False,True
he's getting up (from sitting or from involuntarily assumed prone position),IIIb,loose,ending,False,False,False,False,True
he's baking it,Id,strict,ending,False,False,False,True,False
he's baking it,Id,loose,ending,False,False,False,True,False
he's baking it,IIa,loose,ending,False,False,False,False,False
he's baking it,IIIa1,strict,full,True,True,True,True,True
he's baking it,IIIa1,loose,full,True,True,True,True,True
he's baking it,IIIa1*,strict,ending,True,True,False,True,False
he's baking it,IIIa1*,loose,ending,True,True,False,True,False
he's baking it,IIIa2,strict,ending,True,True,True,True,False
he's baking it,IIIa2,loose,ending,True,True,True,True,False
he's baking it,IIIb,strict,ending,False,False,False,False,True
he's baking it,IIIb,loose,ending,False,False,False,False,True
he's putting it in water,Id,strict,ending,False,False,False,True,False
he's putting it in water,Id,loose,ending,False,False,False,True,False
he's putting it in water,IIa,loose,ending,False,False,False,False,False
he's putting it in water,IIIa1,strict,full,True,True,True,True,True
he's putting it in water,IIIa1,loose,full,True,True,True,True,True
he's putting it in water,IIIa1*,strict,ending,True,True,False,True,False
he's putting it in water,IIIa1*,loose,ending,True,True,False,True,False
he's putting it in water,IIIa2,strict,full,True,True,True,True,True
he's putting it in water,IIIa2,loose,full,True,True,True,True,True
he's putting it in water,IIIb,strict,ending,False,False,False,False,True
he's putting it in water,IIIb,loose,ending,False,False,False,False,True
he's hitting him on the eye,Id,strict,ending,False,False,False,True,False
he's hitting him on the eye,Id,loose,ending,False,False,False,True,False
he's hitting him on the eye,IIa,loose,ending,False,False,False,False,False
he's hitting him on the eye,IIIa1,strict,full,True,True,True,True,True
he's hitting him on the eye,IIIa1,loose,full,True,True,True,True,True
he's hitting him on the eye,IIIa1*,strict,ending,True,True,False,True,False
he's hitting him on the eye,IIIa1*,loose,ending,True,True,False,True,False
he's hitting him on the eye,IIIa2,strict,full,True,True,True,True,True
he's hitting him on the eye,IIIa2,loose,full,True,True,True,True,True
he's hitting him on the eye,IIIb,strict,ending,False,False,False,False,True
he's hitting him on the eye,IIIb,loose,ending,False,False,False,False,True
"he's shaking him, it",Id,strict,ending,False,False,False,True,False
"he's shaking him, it",Id,loose,ending,False,False,False,True,False
"he's shaking him, it",IIa,loose,ending,False,False,False,False,False
"he, it's moving (without changing location)",Id,strict,ending,False,False,False,True,False
"he, it's moving (without changing location)",Id,loose,ending,False,False,False,True,False
"he, it's moving (without changing location)",IIa,loose,ending,False,False,False,False,False
"he, it's moving (without changing location)",IIIa1,strict,full,True,True,True,True,True
"he, it's moving (without changing location)",IIIa1,loose,full,True,True,True,True,True
"he, it's moving (without changing location)",IIIa1*,strict,ending,True,True,False,True,False
"he, it's moving (without changing location)",IIIa1*,loose,ending,True,True,True,True,False
"he, it's moving (without changing location)",IIIa2,loose,ending,True,True,True,True,False
"he, it's moving (without changing location)",IIIb,strict,ending,False,False,False,False,True
"he, it's moving (without changing location)",IIIb,loose,ending,False,False,False,False,True
he's shopping,Id,strict,ending,False,False,False,True,False
he's shopping,Id,loose,ending,False,False,False,True,False
he's shopping,IIa,loose,ending,False,False,False,False,False
he's shopping,IIIa1,strict,full,True,True,True,True,True
he's shopping,IIIa1,loose,full,True,True,True,True,True
he's shopping,IIIa1*,strict,ending,True,True,False,True,False
he's shopping,IIIa1*,loose,ending,True,True,True,True,False
he's shopping,IIIa2,loose,ending,True,True,True,True,False
he's shopping,IIIb,strict,ending,False,False,False,False,True
he's shopping,IIIb,loose,ending,False,False,False,False,True
he's eating a meal,Id,strict,ending,False,False,False,True,False
he's eating a meal,Id,loose,ending,False,False,False,True,False
he's eating a meal,IIa,loose,ending,False,False,False,False,False
he's eating a meal,IIIa1,strict,full,True,True,True,True,True
he's eating a meal,IIIa1,loose,full,True,True,True,True,True
he's eating a meal,IIIa1*,strict,ending,True,True,False,True,False
he's eating a meal,IIIa1*,loose,ending,True,True,True,True,False
he's eating a meal,IIIa2,strict,ending,True,True,True,True,False
he's eating a meal,IIIa2,loose,ending,True,True,True,True,False
he's eating a meal,IIIb,strict,ending,False,False,False,False,True
he's eating a meal,IIIb,loose,ending,False,False,False,False,True
"he, it's destroying it",Ic,strict,ending,False,True,False,False,True
"he, it's destroying it",Ic,loose,ending,False,True,False,False,True
"he, it's destroying it",Id,strict,ending,False,False,False,True,False
"he, it's destroying it",Id,loose,ending,False,False,False,True,False
"he, it's destroying it",IIa,loose,ending,False,False,False,False,False
he's preaching,Id,strict,ending,False,False,False,True,False
he's preaching,Id,loose,ending,False,False,False,True,False
he's preaching,IIa,loose,ending,False,False,False,False,False
he's preaching,IIIa1,strict,full,True,True,True,True,True
he's preaching,IIIa1,loose,full,True,True,True,True,True
he's preaching,IIIa1*,strict,ending,True,True,False,True,False
he's preaching,IIIa1*,loose,ending,True,True,False,True,False
he's preaching,IIIa2,strict,ending,True,True,True,True,False
he's preaching,IIIa2,loose,ending,True,True,True,True,False
he's preaching,IIIb,strict,ending,False,False,False,False,True
he's preaching,IIIb,loose,ending,False,False,False,False,True
he's playing,Id,strict,ending,False,False,False,True,False
he's playing,Id,loose,ending,False,False,False,True,False
he's playing,IIa,loose,ending,False,False,False,False,False
he's playing,IIIa1,strict,full,True,True,True,True,True
he's playing,IIIa1,loose,full,True,True,True,True,True
he's playing,IIIa1*,strict,ending,True,True,False,True,False
he's playing,IIIa1*,loose,ending,True,True,False,True,False
he's playing,IIIa2,loose,ending,True,True,True,True,False
he's playing,IIIb,strict,ending,False,False,False,False,True
he's playing,IIIb,loose,ending,False,False,False,False,True
he's teaching,Id,strict,ending,False,False,False,True,False
he's teaching,Id,loose,ending,False,False,False,True,False
he's teaching,IIa,loose,ending,False,False,False,False,False
he's teaching,IIIa1,strict,full,True,True,True,True,True
he's teaching,IIIa1,loose,full,True,True,True,True,True
he's teaching,IIIa1*,strict,ending,True,True,False,True,False
he's teaching,IIIa1*,loose,ending,True,True,False,True,False
he's teaching,IIIa2,strict,full,True,True,True,True,True
he's teaching,IIIa2,loose,full,True,True,True,True,True
he's teaching,IIIa3,strict,ending,False,False,False,False,False
he's teaching,IIIa3,loose,ending,False,False,False,False,False
he's teaching,IIIb,strict,ending,False,False,False,False,True
he's teaching,IIIb,loose,ending,False,False,False,False,True
he's fishing,Id,strict,ending,False,False,False,True,False
he's fishing,Id,loose,ending,False,False,False,True,False
he's fishing,IIa,loose,ending,False,False,False,False,False
he's fishing,IIIa1,strict,full,True,True,True,True,True
he's fishing,IIIa1,loose,full,True,True,True,True,True
he's fishing,IIIa1*,strict,ending,True,True,False,True,False
he's fishing,IIIa1*,loose,ending,True,True,False,True,False
he's fishing,IIIa2,strict,full,True,True,True,True,True
he's fishing,IIIa2,loose,full,True,True,True,True,True
he's fishing,IIIb,strict,ending,False,False,False,False,True
he's fishing,IIIb,loose,ending,False,False,False,False,True
it's (the ground) becoming frosty,Id,strict,ending,False,False,False,True,False
it's (the ground) becoming frosty,Id,loose,ending,False,False,False,True,False
it's (the ground) becoming frosty,IIa,loose,ending,False,False,False,True,False
it's (the ground) becoming frosty,IIb,loose,ending,False,False,False,True,False
it's (the ground) becoming frosty,IIIa1,strict,full,True,True,True,True,True
it's (the ground) becoming frosty,IIIa1,loose,full,True,True,True,True,True
it's (the ground) becoming frosty,IIIa1*,strict,ending,True,True,False,True,False
it's (the ground) becoming frosty,IIIa1*,loose,ending,True,True,True,True,False
it's (the ground) becoming frosty,IIIa2,strict,ending,True,True,True,True,False
it's (the ground) becoming frosty,IIIa2,loose,ending,True,True,True,True,False
it's (the ground) becoming frosty,IIIb,strict,ending,False,False,False,True,True
it's (the ground) becoming frosty,IIIb,loose,ending,False,False,False,True,True
he's putting it in a hole or a container,Id,strict,ending,False,False,False,True,False
he's putting it in a hole or a container,Id,loose,ending,False,False,False,True,False
he's putting it in a hole or a container,IIa,loose,ending,False,False,False,False,False
he's putting it in a hole or a container,IIIa1,strict,full,True,True,True,True,True
he's putting it in a hole or a container,IIIa1,loose,full,True,True,True,True,True
he's putting it in a hole or a container,IIIa1*,strict,ending,True,True,False,True,False
he's putting it in a hole or a container,IIIa1*,loose,ending,True,True,False,True,False
he's putting it in a hole or a container,IIIa2,loose,ending,False,False,False,False,False
he's putting it in a hole or a container,IIIb,strict,ending,False,False,True,False,True
he's putting it in a hole or a container,IIIb,loose,ending,False,False,True,False,True
he's hiding it,Id,strict,ending,False,False,False,True,False
he's hiding it,Id,loose,ending,False,False,False,True,False
he's hiding it,IIa,loose,ending,False,False,False,False,False
he's hiding it,IIIa1,strict,full,True,True,True,True,True
he's hiding it,IIIa1,loose,full,True,True,True,True,True
he's hiding it,IIIa1*,strict,ending,True,True,False,True,False
he's hiding it,IIIa1*,loose,ending,True,True,False,True,False
he's hiding it,IIIa2,loose,ending,False,False,False,False,False
he's hiding it,IIIb,strict,ending,False,False,True,False,True
he's hiding it,IIIb,loose,ending,False,False,True,False,True
he's hiding,Id,strict,ending,False,False,False,True,False
he's hiding,Id,loose,ending,False,False,False,True,False
he's hiding,IIa,loose,ending,False,False,False,False,False
he's hiding,IIIa1,strict,full,True,True,True,True,True
he's hiding,IIIa1,loose,full,True,True,True,True,True
he's hiding,IIIa1*,strict,ending,True,True,False,True,False
he's hiding,IIIa1*,loose,ending,True,True,False,True,False
he's hiding,IIIa2,loose,ending,False,False,False,False,False
he's hiding,IIIb,strict,ending,False,False,True,False,True
he's hiding,IIIb,loose,ending,False,False,True,False,True
he's putting a handle on a tool,Id,strict,ending,False,False,False,True,False
he's putting a handle on a tool,Id,loose,ending,False,False,False,True,False
he's putting a handle on a tool,IIa,loose,ending,False,False,False,False,False
he's putting a handle on a tool,IIIa1,strict,full,True,True,True,True,True
he's putting a handle on a tool,IIIa1,loose,full,True,True,True,True,True
he's putting a handle on a tool,IIIa1*,strict,ending,True,True,False,True,False
he's putting a handle on a tool,IIIa1*,loose,ending,True,True,False,True,False
he's putting a handle on a tool,IIIa2,loose,ending,False,False,False,False,False
he's putting a handle on a tool,IIIb,strict,ending,False,False,True,False,True
he's putting a handle on a tool,IIIb,loose,ending,False,False,True,False,True
1. he's advertising it  2. he's announcing it,Id,strict,ending,False,False,False,True,False
1. he's advertising it  2. he's announcing it,Id,loose,ending,False,False,False,True,False
1. he's advertising it  2. he's announcing it,IIa,loose,ending,False,False,False,False,False
1. he's advertising it  2. he's announcing it,IIIa1,strict,full,True,True,True,True,True
1. he's advertising it  2. he's announcing it,IIIa1,loose,full,True,True,True,True,True
1. he's advertising it  2. he's announcing it,IIIa1*,strict,ending,True,True,False,True,False
1. he's advertising it  2. he's announcing it,IIIa1*,loose,ending,True,True,False,True,False
1. he's advertising it  2. he's announcing it,IIIa2,loose,ending,False,False,False,False,False
1. he's advertising it  2. he's announcing it,IIIb,strict,ending,False,False,True,False,True
1. he's advertising it  2. he's announcing it,IIIb,loose,ending,False,False,True,False,True
he's frying it,Id,strict,ending,False,False,False,True,False
he's frying it,Id,loose,ending,False,False,False,True,False
he's frying it,IIa,loose,ending,False,False,False,False,False
he's frying it,IIIa1,strict,full,True,True,True,True,True
he's frying it,IIIa1,loose,full,True,True,True,True,True
he's frying it,IIIa1*,strict,ending,True,True,False,True,False
he's frying it,IIIa1*,loose,ending,True,True,False,True,False
he's frying it,IIIa2,loose,ending,False,False,False,False,False
he's frying it,IIIb,strict,ending,False,False,True,False,True
he's frying it,IIIb,loose,ending,False,False,True,False,True
he's contaminating it (with visible foreign matter),Id,strict,ending,False,False,False,True,False
he's contaminating it (with visible foreign matter),Id,loose,ending,False,False,False,True,False
he's contaminating it (with visible foreign matter),IIa,loose,ending,False,False,False,False,False
he's contaminating it (with visible foreign matter),IIIa1,strict,full,True,True,True,True,True
he's contaminating it (with visible foreign matter),IIIa1,loose,full,True,True,True,True,True
he's contaminating it (with visible foreign matter),IIIa1*,strict,ending,True,True,False,True,False
he's contaminating it (with visible foreign matter),IIIa1*,loose,ending,True,True,False,True,False
he's contaminating it (with visible foreign matter),IIIa2,loose,ending,False,False,False,False,False
he's contaminating it (with visible foreign matter),IIIb,strict,ending,False,False,True,False,True
he's contaminating it (with visible foreign matter),IIIb,loose,ending,False,False,True,False,True
he's soaking it (flexible object),Id,strict,ending,False,False,False,True,False
he's soaking it (flexible object),Id,loose,ending,False,False,False,True,False
he's soaking it (flexible object),IIa,loose,ending,False,False,False,False,False
he's soaking it (flexible object),IIIa1,strict,full,True,True,True,True,True
he's soaking it (flexible object),IIIa1,loose,full,True,True,True,True,True
he's soaking it (flexible object),IIIa1*,strict,ending,True,True,False,True,False
he's soaking it (flexible object),IIIa1*,loose,ending,True,True,False,True,False
he's soaking it (flexible object),IIIa2,loose,ending,False,False,False,False,False
he's soaking it (flexible object),IIIb,strict,ending,False,False,True,False,True
he's soaking it (flexible object),IIIb,loose,ending,False,False,True,False,True
he's collecting from him,Id,strict,ending,False,False,False,True,False
he's collecting from him,Id,loose,ending,False,False,False,True,False
he's collecting from him,IIa,loose,ending,False,False,False,False,False
he's collecting from him,IIIa1,strict,full,True,True,True,True,True
he's collecting from him,IIIa1,loose,full,True,True,True,True,True
he's collecting from him,IIIa1*,strict,ending,True,True,False,True,False
he's collecting from him,IIIa1*,loose,ending,True,True,False,True,False
he's collecting from him,IIIa2,loose,ending,False,False,False,False,False
he's collecting from him,IIIb,strict,ending,False,False,True,False,True
he's collecting from him,IIIb,loose,ending,False,False,True,False,True
he's getting full,Ia,strict,ending,False,False,False,True,True
he's getting full,Ia,loose,ending,False,False,False,True,True
he's getting full,IIIc1,strict,ending,False,False,False,False,False
he's getting full,IIIc1,loose,ending,False,False,False,False,False
he's getting full,IIIc1*,strict,reconstructs,True,True,True,True,True
he's getting full,IIIc1*,loose,full,True,True,True,True,True
he's getting full,IIIc2,strict,ending,False,False,False,False,True
he's getting full,IIIc2,loose,ending,False,False,False,False,True
"1. he's whittling it., 2. he's carving it., 3. he's hewing it",Id,strict,ending,False,False,False,True,False
"1. he's whittling it., 2. he's carving it., 3. he's hewing it",Id,loose,ending,False,False,False,True,False
"1. he's whittling it., 2. he's carving it., 3. he's hewing it",IIa,loose,ending,False,False,False,False,False
"1. he's whittling it., 2. he's carving it., 3. he's hewing it",IIIa1,strict,full,True,True,True,True,True
"1. he's whittling it., 2. he's carving it., 3. he's hewing it",IIIa1,loose,full,True,True,True,True,True
"1. he's whittling it., 2. he's carving it., 3. he's hewing it",IIIa1*,strict,ending,True,True,False,True,False
"1. he's whittling it., 2. he's carving it., 3. he's hewing it",IIIa1*,loose,ending,True,True,False,True,False
"1. he's whittling it., 2. he's carving it., 3. he's hewing it",IIIa2,loose,ending,False,False,False,False,False
"1. he's whittling it., 2. he's carving it., 3. he's hewing it",IIIb,strict,ending,False,False,True,False,True
"1. he's whittling it., 2. he's carving it., 3. he's hewing it",IIIb,loose,ending,False,False,True,False,True
he's putting on shoes,Id,strict,ending,False,False,False,True,False
he's putting on shoes,Id,loose,ending,False,False,False,True,False
he's putting on shoes,IIa,loose,ending,False,False,False,False,False
he's putting on shoes,IIIa1,strict,full,True,True,True,True,True
he's putting on shoes,IIIa1,loose,full,True,True,True,True,True
he's putting on shoes,IIIa1*,strict,ending,True,True,False,True,False
he's putting on shoes,IIIa1*,loose,ending,True,True,False,True,False
he's putting on shoes,IIIa2,loose,ending,False,False,False,False,False
he's putting on shoes,IIIb,strict,ending,False,False,True,False,True
he's putting on shoes,IIIb,loose,ending,False,False,True,False,True
he's drawing a line,Id,strict,ending,False,False,False,True,False
he's drawing a line,Id,loose,ending,False,False,False,True,False
he's drawing a line,IIa,loose,ending,False,False,False,False,False
he's drawing a line,IIIa1,strict,full,True,True,True,True,True
he's drawing a line,IIIa1,loose,full,True,True,True,True,True
he's drawing a line,IIIa1*,strict,ending,True,True,False,True,False
he's drawing a line,IIIa1*,loose,ending,True,True,False,True,False
he's drawing a line,IIIa2,strict,ending,False,False,False,False,False
he's drawing a line,IIIa2,loose,ending,False,False,False,False,False
he's drawing a line,IIIb,strict,ending,False,False,True,False,True
he's drawing a line,IIIb,loose,ending,False,False,True,False,True
he's hanging it up,Id,strict,ending,False,False,False,True,False
he's hanging it up,Id,loose,ending,False,False,False,True,False
he's hanging it up,IIa,loose,ending,False,False,False,False,False
he's hanging it up,IIIa1,strict,full,True,True,True,True,True
he's hanging it up,IIIa1,loose,full,True,True,True,True,True
he's hanging it up,IIIa1*,strict,ending,True,True,False,True,False
he's hanging it up,IIIa1*,loose,ending,True,True,False,True,False
he's hanging it up,IIIa2,strict,ending,False,False,False,False,False
he's hanging it up,IIIa2,loose,ending,False,False,False,False,False
he's hanging it up,IIIb,strict,ending,False,False,True,False,True
he's hanging it up,IIIb,loose,ending,False,False,True,False,True
he's diving,Id,strict,ending,False,False,False,True,False
he's diving,Id,loose,ending,False,False,False,True,False
he's diving,IIa,loose,ending,False,False,False,False,False
he's diving,IIIa1,strict,full,True,True,True,True,True
he's diving,IIIa1,loose,full,True,True,True,True,True
he's diving,IIIa1*,strict,ending,True,True,False,True,False
he's diving,IIIa1*,loose,ending,True,True,False,True,False
he's diving,IIIa2,strict,ending,False,False,False,False,False
he's diving,IIIa2,loose,ending,False,False,False,False,False
he's diving,IIIb,strict,ending,False,False,False,False,True
he's diving,IIIb,loose,ending,False,False,False,False,True
he's setting a post (or other long object) into the ground,Id,strict,ending,False,False,False,True,False
he's setting a post (or other long object) into the ground,Id,loose,ending,False,False,False,True,False
he's setting a post (or other long object) into the ground,IIa,loose,ending,False,False,False,False,False
he's setting a post (or other long object) into the ground,IIIa1,strict,full,True,True,True,True,True
he's setting a post (or other long object) into the ground,IIIa1,loose,full,True,True,True,True,True
he's setting a post (or other long object) into the ground,IIIa1*,strict,ending,True,True,False,True,False
he's setting a post (or other long object) into the ground,IIIa1*,loose,ending,True,True,False,True,False
he's setting a post (or other long object) into the ground,IIIa2,strict,ending,False,False,False,False,False
he's setting a post (or other long object) into the ground,IIIa2,loose,ending,False,False,False,False,False
he's setting a post (or other long object) into the ground,IIIb,strict,ending,False,False,False,False,True
he's setting a post (or other long object) into the ground,IIIb,loose,ending,False,False,False,False,True
he's putting it into a fire,Id,strict,ending,False,False,False,True,False
he's putting it into a fire,Id,loose,ending,False,False,False,True,False
he's putting it into a fire,IIa,loose,ending,False,False,False,False,False
he's putting it into a fire,IIIa1,strict,full,True,True,True,True,True
he's putting it into a fire,IIIa1,loose,full,True,True,True,True,True
he's putting it into a fire,IIIa1*,strict,ending,True,True,False,True,False
he's putting it into a fire,IIIa1*,loose,ending,True,True,False,True,False
he's putting it into a fire,IIIa2,strict,ending,False,False,False,False,False
he's putting it into a fire,IIIa2,loose,ending,False,False,False,False,False
he's putting it into a fire,IIIb,strict,ending,False,False,True,False,True
he's putting it into a fire,IIIb,loose,ending,False,False,True,False,True
He's putting fuel (solid) into a fire,Id,strict,ending,False,False,False,True,False
He's putting fuel (solid) into a fire,Id,loose,ending,False,False,False,True,False
He's putting fuel (solid) into a fire,IIa,loose,ending,False,False,False,False,False
He's putting fuel (solid) into a fire,IIIa1,strict,full,True,True,True,True,True
He's putting fuel (solid) into a fire,IIIa1,loose,full,True,True,True,True,True
He's putting fuel (solid) into a fire,IIIa1*,strict,ending,True,True,False,True,False
He's putting fuel (solid) into a fire,IIIa1*,loose,ending,True,True,False,True,False
He's putting fuel (solid) into a fire,IIIa2,strict,ending,False,False,False,False,False
He's putting fuel (solid) into a fire,IIIa2,loose,ending,False,False,False,False,False
He's putting fuel (solid) into a fire,IIIb,strict,ending,False,False,True,False,True
He's putting fuel (solid) into a fire,IIIb,loose,ending,False,False,True,False,True
he's putting on glasses,Id,strict,ending,False,False,False,True,False
he's putting on glasses,Id,loose,ending,False,False,False,True,False
he's putting on glasses,IIa,loose,ending,False,False,False,False,False
he's putting on glasses,IIIa1,strict,full,True,True,True,True,True
he's putting on glasses,IIIa1,loose,full,True,True,True,True,True
he's putting on glasses,IIIa1*,strict,ending,True,True,False,True,False
he's putting on glasses,IIIa1*,loose,ending,True,True,False,True,False
he's putting on glasses,IIIa2,strict,ending,False,False,False,False,False
he's putting on glasses,IIIa2,loose,ending,False,False,False,False,False
he's putting on glasses,IIIb,strict,ending,False,False,True,False,True
he's putting on glasses,IIIb,loose,ending,False,False,True,False,True
he's piling it up,Id,strict,ending,False,False,False,True,False
he's piling it up,Id,loose,ending,False,False,False,True,False
he's piling it up,IIa,loose,ending,False,False,False,False,False
he's piling it up,IIIa1,strict,full,True,True,True,True,True
he's piling it up,IIIa1,loose,full,True,True,True,True,True
he's piling it up,IIIa1*,strict,ending,True,True,False,True,False
he's piling it up,IIIa1*,loose,ending,True,True,False,True,False
he's piling it up,IIIa2,strict,ending,False,False,False,False,False
he's piling it up,IIIa2,loose,ending,False,False,False,False,False
he's piling it up,IIIb,strict,ending,False,False,True,False,True
he's piling it up,IIIb,loose,ending,False,False,True,False,True
he's building a fire,Id,strict,ending,False,False,False,True,False
he's building a fire,Id,loose,ending,False,False,False,True,False
he's building a fire,IIa,loose,ending,False,False,False,False,False
he's building a fire,IIIa1,strict,full,True,True,True,True,True
he's building a fire,IIIa1,loose,full,True,True,True,True,True
he's building a fire,IIIa1*,strict,ending,True,True,False,True,False
he's building a fire,IIIa1*,loose,ending,True,True,False,True,False
he's building a fire,IIIa2,strict,ending,False,False,False,False,False
he's building a fire,IIIa2,loose,ending,False,False,False,False,False
he's building a fire,IIIb,strict,ending,False,False,True,False,True
he's building a fire,IIIb,loose,ending,False,False,True,False,True
he's putting a ring on his finger,Id,strict,ending,False,False,False,True,False
he's putting a ring on his finger,Id,loose,ending,False,False,False,True,False
he's putting a ring on his finger,IIa,loose,ending,False,False,False,False,False
he's putting a ring on his finger,IIIa1,strict,full,True,True,True,True,True
he's putting a ring on his finger,IIIa1,loose,full,True,True,True,True,True
he's putting a ring on his finger,IIIa1*,strict,ending,True,True,False,True,False
he's putting a ring on his finger,IIIa1*,loose,ending,True,True,False,True,False
he's putting a ring on his finger,IIIa2,loose,ending,False,False,False,False,False
he's putting a ring on his finger,IIIb,strict,ending,False,False,True,False,True
he's putting a ring on his finger,IIIb,loose,ending,False,False,True,False,True
he's turning on a light,Id,strict,ending,False,False,False,True,False
he's turning on a light,Id,loose,ending,False,False,False,True,False
he's turning on a light,IIa,loose,ending,False,False,False,False,False
he's turning on a light,IIIa1,strict,full,True,True,True,True,True
he's turning on a light,IIIa1,loose,full,True,True,True,True,True
he's turning on a light,IIIa1*,strict,ending,True,True,False,True,False
he's turning on a light,IIIa1*,loose,ending,True,True,False,True,False
he's turning on a light,IIIa2,loose,ending,False,False,False,False,False
he's turning on a light,IIIb,strict,ending,False,False,True,False,True
he's turning on a light,IIIb,loose,ending,False,False,True,False,True
he's mixing it in,Id,strict,ending,False,False,False,True,False
he's mixing it in,Id,loose,ending,False,False,False,True,False
he's mixing it in,IIa,loose,ending,False,False,False,False,False
he's mixing it in,IIIa1,strict,full,True,True,True,True,True
he's mixing it in,IIIa1,loose,full,True,True,True,True,True
he's mixing it in,IIIa1*,strict,full,True,True,True,True,True
he's mixing it in,IIIa1*,loose,full,True,True,True,True,True
he's mixing it in,IIIa2,loose,ending,False,False,True,True,True
he's mixing it in,IIIb,strict,ending,False,False,False,False,True
he's mixing it in,IIIb,loose,ending,False,False,False,False,True
he's ironing,Ia,strict,ending,False,False,False,False,False
he's ironing,Ia,loose,ending,False,False,False,False,False
he's ironing,Id,strict,ending,False,True,False,True,False
he's ironing,Id,loose,ending,False,True,False,True,False
he's ironing,IIa,loose,ending,False,False,False,True,False
he's ironing,IIId*,strict,full,True,True,True,True,True
he's ironing,IIId*,loose,full,True,True,True,True,True
"he's rowing, paddling",Ia,strict,ending,False,False,False,True,False
"he's rowing, paddling",Ia,loose,ending,False,False,False,True,False
"he's rowing, paddling",IIIc2,strict,ending,False,False,False,False,False
"he's rowing, paddling",IIIc2,loose,ending,False,False,False,False,False
he's scratching,Ia,strict,ending,False,False,False,False,False
he's scratching,Ia,loose,ending,False,False,False,False,False
he's scratching,Id,strict,ending,False,False,False,True,False
he's scratching,Id,loose,ending,False,False,False,True,False
he's scratching,IIa,loose,ending,False,False,False,True,False
he's scratching,IIId*,strict,full,True,True,True,True,True
he's scratching,IIId*,loose,full,True,True,True,True,True
"he's scratching him, it",Ia,strict,ending,False,False,False,False,False
"he's scratching him, it",Ia,loose,ending,False,False,False,False,False
"he's scratching him, it",Id,strict,ending,False,False,False,True,False
"he's scratching him, it",Id,loose,ending,False,False,False,True,False
"he's scratching him, it",IIa,loose,ending,False,False,False,True,False
"he's scratching him, it",IIId*,strict,full,True,True,True,True,True
"he's scratching him, it",IIId*,loose,full,True,True,True,True,True
he's amazed,Ia,strict,ending,False,False,False,True,True
he's amazed,Ia,loose,ending,False,False,False,True,True
he's amazed,IIIc1,strict,reconstructs,True,True,True,True,True
he's amazed,IIIc1,loose,full,True,True,True,True,True
he's amazed,IIIc1*,strict,ending,False,False,False,False,False
he's amazed,IIIc1*,loose,ending,False,False,False,False,False
he's amazed,IIIc2,strict,ending,False,False,False,False,True
he's amazed,IIIc2,loose,ending,False,False,False,False,True
he's digging it,Ia,strict,ending,False,False,False,False,False
he's digging it,Ia,loose,ending,False,False,False,False,False
he's digging it,Id,strict,ending,False,False,False,True,False
he's digging it,Id,loose,ending,False,False,False,True,False
he's digging it,IIa,loose,ending,False,False,False,True,False
he's digging it,IIId*,strict,full,True,True,True,True,True
he's digging it,IIId*,loose,full,True,True,True,True,True
he's embarrassed,Ia,strict,ending,False,False,False,True,True
he's embarrassed,Ia,loose,ending,False,False,False,True,True
he's embarrassed,IIIc1,strict,reconstructs,True,True,True,True,True
he's embarrassed,IIIc1,loose,full,True,True,True,True,True
he's embarrassed,IIIc1*,strict,ending,False,False,False,False,False
he's embarrassed,IIIc1*,loose,ending,False,False,False,False,False
he's embarrassed,IIIc2,strict,ending,False,False,False,False,True
he's embarrassed,IIIc2,loose,ending,False,False,False,False,True
it's leaking,Ia,strict,ending,False,False,False,True,False
it's leaking,Ia,loose,ending,False,False,False,True,False
it's leaking,Ia*,strict,ending,False,False,False,True,False
it's leaking,Ia*,loose,ending,False,False,False,True,False
it's leaking,Ib,strict,ending,False,False,False,True,False
it's leaking,Ib,loose,ending,False,False,False,True,False
it's leaking,Ic,strict,ending,False,False,False,True,False
it's leaking,Ic,loose,ending,False,False,False,True,False
it's leaking,Ic*,strict,ending,False,False,False,True,False
it's leaking,Ic*,loose,ending,False,False,False,True,False
it's leaking,Id,strict,ending,False,False,False,True,False
it's leaking,Id,loose,ending,False,False,False,True,False
it's leaking,IIa,loose,ending,False,False,False,True,False
it's leaking,IIb,loose,ending,False,False,False,True,False
it's leaking,IIIc2,strict,ending,False,False,False,True,False
it's leaking,IIIc2,loose,ending,False,False,False,True,False
it's leaking,IIId*,strict,reconstructs,True,True,True,True,True
it's leaking,IIId*,loose,full,True,True,True,True,True
he's ordering it,Ia,strict,ending,False,False,False,False,False
he's ordering it,Ia,loose,ending,False,False,False,False,False
he's ordering it,Id,strict,ending,False,False,False,True,False
he's ordering it,Id,loose,ending,False,False,False,True,False
he's ordering it,IIa,loose,ending,False,False,False,True,False
he's ordering it,IIId*,strict,full,True,True,True,True,True
he's ordering it,IIId*,loose,full,True,True,True,True,True
a long object is falling from an upright position,Ia,strict,ending,False,False,False,True,True
a long object is falling from an upright position,Ia,loose,ending,False,False,False,True,True
a long object is falling from an upright position,IIIc1,strict,ending,False,False,False,False,False
a long object is falling from an upright position,IIIc1,loose,ending,False,False,False,False,False
a long object is falling from an upright position,IIIc1*,strict,reconstructs,True,True,True,True,True
a long object is falling from an upright position,IIIc1*,loose,full,True,True,True,True,True
a long object is falling from an upright position,IIIc2,strict,ending,False,False,False,False,True
a long object is falling from an upright position,IIIc2,loose,ending,False,False,False,False,True
he's sweeping it,Id,strict,ending,False,False,False,True,False
he's sweeping it,Id,loose,ending,False,False,False,True,False
he's sweeping it,IIa,loose,ending,False,False,False,False,False
she's cooking a meal,Id,strict,ending,False,False,False,True,False
she's cooking a meal,Id,loose,ending,False,False,False,True,False
she's cooking a meal,IIa,loose,ending,False,False,False,False,False
she's cooking a meal,IIIa1,strict,full,True,True,True,True,True
she's cooking a meal,IIIa1,loose,full,True,True,True,True,True
she's cooking a meal,IIIa1*,strict,ending,True,True,False,True,False
she's cooking a meal,IIIa1*,loose,ending,True,True,True,True,False
she's cooking a meal,IIIa2,strict,ending,True,True,True,True,False
she's cooking a meal,IIIa2,loose,ending,True,True,True,True,False
she's cooking a meal,IIIb,strict,ending,False,False,False,False,True
she's cooking a meal,IIIb,loose,ending,False,False,False,False,True
he's putting a flexible object in a hole or in a container,Id,strict,ending,False,False,False,True,False
he's putting a flexible object in a hole or in a container,Id,loose,ending,False,False,False,True,False
he's putting a flexible object in a hole or in a container,IIa,loose,ending,False,False,False,False,False
he's putting a flexible object in a hole or in a container,IIIa1,strict,full,True,True,True,True,True
he's putting a flexible object in a hole or in a container,IIIa1,loose,full,True,True,True,True,True
he's putting a flexible object in a hole or in a container,IIIa1*,strict,full,True,True,True,True,True
he's putting a flexible object in a hole or in a container,IIIa1*,loose,full,True,True,True,True,True
he's putting a flexible object in a hole or in a container,IIIa2,loose,ending,False,False,True,True,True
he's putting a flexible object in a hole or in a container,IIIb,strict,ending,False,False,False,False,True
he's putting a flexible object in a hole or in a container,IIIb,loose,ending,False,False,False,False,True
he's quilting it,Id,strict,ending,False,False,False,True,False
he's quilting it,Id,loose,ending,False,False,False,True,False
he's quilting it,IIa,loose,ending,False,False,False,False,False
he's quilting it,IIIa1,strict,full,True,True,True,True,True
he's quilting it,IIIa1,loose,full,True,True,True,True,True
he's quilting it,IIIa1*,strict,ending,True,True,False,True,False
he's quilting it,IIIa1*,loose,ending,True,True,False,True,False
he's quilting it,IIIa2,loose,ending,False,False,False,False,False
he's quilting it,IIIb,strict,ending,False,False,True,False,True
he's quilting it,IIIb,loose,ending,False,False,True,False,True
"he's crossing (a road, bridge, etc.)",Ia,strict,ending,False,False,False,True,True
"he's crossing (a road, bridge, etc.)",Ia,loose,ending,False,False,False,True,True
"he's crossing (a road, bridge, etc.)",IIIc1,loose,ending,False,False,False,False,False
"he's crossing (a road, bridge, etc.)",IIIc1*,loose,ending,False,False,False,False,False
"he's crossing (a road, bridge, etc.)",IIIc2,loose,full,True,True,True,True,True
he's stinging it,Id,strict,ending,False,False,False,True,False
he's stinging it,Id,loose,ending,False,False,False,True,False
he's stinging it,IIa,loose,ending,False,False,False,True,False
he's smoking it,Ia,strict,ending,False,False,False,True,False
he's smoking it,Ia,loose,ending,False,False,False,True,False
he's smoking it,IIIc2,loose,ending,False,False,False,False,False
he's clawing him,Ia,strict,ending,False,False,False,False,False
he's clawing him,Ia,loose,ending,False,False,False,False,False
he's clawing him,Id,strict,ending,False,False,False,True,False
he's clawing him,Id,loose,ending,False,False,False,True,False
he's clawing him,IIa,loose,ending,False,False,False,True,False
he's clawing him,IIId*,strict,full,True,True,True,True,True
he's clawing him,IIId*,loose,full,True,True,True,True,True
he's sucking it,Ia,strict,ending,False,False,False,False,False
he's sucking it,Ia,loose,ending,False,False,False,False,False
he's sucking it,Ib,strict,ending,False,False,False,False,False
he's sucking it,Ib,loose,ending,False,False,False,False,False
he's sucking it,Id,strict,ending,False,False,False,True,False
he's sucking it,Id,loose,ending,False,False,False,True,False
he's sucking it,IIa,loose,ending,False,False,False,False,False
he's sucking it,IIId*,strict,full,True,True,True,True,True
he's sucking it,IIId*,loose,full,True,True,True,True,True
he's laughing,Ia,strict,ending,False,False,False,False,False
he's laughing,Ia,loose,ending,False,False,False,False,False
he's laughing,Ib,strict,ending,False,False,False,False,False
he's laughing,Ib,loose,ending,False,False,False,False,False
he's laughing,Id,strict,ending,False,False,False,True,False
he's laughing,Id,loose,ending,False,False,False,True,False
he's laughing,IIa,loose,ending,False,False,False,False,False
he's laughing,IIId*,strict,full,True,True,True,True,True
he's laughing,IIId*,loose,full,True,True,True,True,True
"he's dreaming about him, it",Ia,strict,ending,False,False,False,False,False
"he's dreaming about him, it",Ia,loose,ending,False,False,False,False,False
"he's dreaming about him, it",Ib,strict,ending,False,False,False,False,False
"he's dreaming about him, it",Ib,loose,ending,False,False,False,False,False
"he's dreaming about him, it",Id,strict,ending,False,False,False,True,False
"he's dreaming about him, it",Id,loose,ending,False,False,False,True,False
"he's dreaming about him, it",IIa,loose,ending,False,False,False,False,False
"he's dreaming about him, it",IIId*,strict,full,True,True,True,True,True
"he's dreaming about him, it",IIId*,loose,full,True,True,True,True,True
he's peeling it,Ia,strict,ending,False,False,False,False,False
he's peeling it,Ia,loose,ending,False,False,False,False,False
he's peeling it,Ib,strict,ending,False,False,False,False,False
he's peeling it,Ib,loose,ending,False,False,False,False,False
he's peeling it,Id,strict,ending,False,False,False,True,False
he's peeling it,Id,loose,ending,False,False,False,True,False
he's peeling it,IIa,loose,ending,False,False,False,False,False
he's peeling it,IIId*,strict,full,True,True,True,True,True
he's peeling it,IIId*,loose,full,True,True,True,True,True
it's bending,Id,strict,ending,False,False,False,True,False
it's bending,Id,loose,ending,False,False,False,True,False
it's bending,IIa,loose,ending,False,False,False,True,False
it's bending,IIb,loose,ending,False,False,False,True,False
it's bending,IIIa1,strict,full,True,True,True,True,True
it's bending,IIIa1,loose,full,True,True,True,True,True
it's bending,IIIa1*,strict,reconstructs,True,True,True,True,True
it's bending,IIIa1*,loose,full,True,True,True,True,True
it's bending,IIIa2,loose,ending,False,False,True,True,True
it's bending,IIIb,strict,ending,False,False,False,True,True
it's bending,IIIb,loose,ending,False,False,False,True,True
he's bragging,Ia,strict,ending,False,False,False,False,True
he's bragging,Ia,loose,ending,False,False,False,False,True
he's bragging,Id,strict,ending,False,False,False,True,False
he's bragging,Id,loose,ending,False,False,False,True,False
he's bragging,IIa,loose,ending,False,False,False,False,False
he's bragging,IIId*,strict,full,True,True,True,True,True
he's bragging,IIId*,loose,full,True,True,True,True,True
he's spitting,Id,strict,ending,False,False,False,True,False
he's spitting,Id,loose,ending,False,False,False,True,False
he's spitting,IIa,loose,ending,False,False,False,False,False
"he's putting him inside, (somewhere large enough to move around)",Id,strict,ending,False,False,False,True,False
"he's putting him inside, (somewhere large enough to move around)",Id,loose,ending,False,False,False,True,False
"he's putting him inside, (somewhere large enough to move around)",IIa,loose,ending,False,False,False,False,False
"he's putting him inside, (somewhere large enough to move around)",IVa,strict,full,True,True,True,True,True
"he's putting him inside, (somewhere large enough to move around)",IVa,loose,full,True,True,True,True,True
he has time,XIa*,strict,reconstructs,True,True,True,True,True
he has time,XIa*,loose,full,True,True,True,True,True
he has time,XIb*,strict,full,True,True,True,True,True
he has time,XIb*,loose,full,True,True,True,True,True
he's yawning,Id,strict,ending,False,True,False,True,False
he's yawning,Id,loose,full,True,True,True,True,True
he's yawning,IIa,strict,ending,False,False,False,True,False
he's yawning,IIa,loose,ending,False,False,False,True,False
he's building a house,Id,strict,ending,False,True,False,True,False
he's building a house,Id,loose,full,True,True,True,True,True
he's building a house,IIa,strict,ending,False,False,False,True,False
he's building a house,IIa,loose,ending,False,False,False,True,False
he's thanking him,XIa*,strict,full,True,True,True,True,True
he's thanking him,XIa*,loose,full,True,True,True,True,True
he's thanking him,XIb*,strict,full,True,True,True,True,True
he's thanking him,XIb*,loose,full,True,True,True,True,True
he's taking revenge against him,XIa*,strict,reconstructs,True,True,True,True,True
he's taking revenge against him,XIa*,loose,full,True,True,True,True,True
he's taking revenge against him,XIb*,strict,full,True,True,True,True,True
he's taking revenge against him,XIb*,loose,full,True,True,True,True,True
he's working,XIa*,strict,full,True,True,True,True,True
he's working,XIa*,loose,full,True,True,True,True,True
he's working,XIb*,strict,full,True,True,True,True,True
he's working,XIb*,loose,full,True,True,True,True,True
1. he's lonesome  2. he's homesick,XIa*,strict,full,True,True,True,True,True
1. he's lonesome  2. he's homesick,XIa*,loose,full,True,True,True,True,True
1. he's lonesome  2. he's homesick,XIb*,strict,full,True,True,True,True,True
1. he's lonesome  2. he's homesick,XIb*,loose,full,True,True,True,True,True
1. he's agreeing with him 2. he's vouching for him,XIa*,strict,full,True,True,True,True,True
1. he's agreeing with him 2. he's vouching for him,XIa*,loose,full,True,True,True,True,True
1. he's agreeing with him 2. he's vouching for him,XIb*,strict,full,True,True,True,True,True
1. he's agreeing with him 2. he's vouching for him,XIb*,loose,full,True,True,True,True,True
he's permitting him,XIa*,strict,full,True,True,True,True,True
he's permitting him,XIa*,loose,full,True,True,True,True,True
he's permitting him,XIb*,strict,full,True,True,True,True,True
he's permitting him,XIb*,loose,full,True,True,True,True,True
"he's aching, hurting",XIa*,strict,full,True,True,True,True,True
"he's aching, hurting",XIa*,loose,full,True,True,True,True,True
"he's aching, hurting",XIb*,strict,full,True,True,True,True,True
"he's aching, hurting",XIb*,loose,full,True,True,True,True,True
he's giving him a living thing,XIa*,strict,full,True,True,True,True,True
he's giving him a living thing,XIa*,loose,full,True,True,True,True,True
he's giving him a living thing,XIb*,strict,full,True,True,True,True,True
he's giving him a living thing,XIb*,loose,full,True,True,True,True,True
he's giving him a flexible object,XIa*,strict,full,True,True,True,True,True
he's giving him a flexible object,XIa*,loose,full,True,True,True,True,True
he's giving him a flexible object,XIb*,strict,full,True,True,True,True,True
he's giving him a flexible object,XIb*,loose,full,True,True,True,True,True
he's giving it to him,XIa*,strict,full,True,True,True,True,True
he's giving it to him,XIa*,loose,full,True,True,True,True,True
he's giving it to him,XIb*,strict,full,True,True,True,True,True
he's giving it to him,XIb*,loose,full,True,True,True,True,True
it's happening to him,XIa*,strict,full,True,True,True,True,True
it's happening to him,XIa*,loose,full,True,True,True,True,True
it's happening to him,XIb*,strict,full,True,True,True,True,True
it's happening to him,XIb*,loose,full,True,True,True,True,True
"he's fanning him, it",Id,strict,ending,False,True,False,True,False
"he's fanning him, it",Id,loose,full,True,True,True,True,True
"he's fanning him, it",IIa,strict,full,True,True,True,True,True
"he's fanning him, it",IIa,loose,full,True,True,True,True,True
he's fanning himself,Id,strict,ending,False,True,False,True,False
he's fanning himself,Id,loose,full,True,True,True,True,True
he's fanning himself,IIa,strict,full,True,True,True,True,True
he's fanning himself,IIa,loose,full,True,True,True,True,True
he's stirring it,Id,strict,ending,False,True,False,True,False
he's stirring it,Id,loose,full,True,True,True,True,True
he's stirring it,IIa,strict,full,True,True,True,True,True
he's stirring it,IIa,loose,full,True,True,True,True,True
he's saying it,Id,strict,ending,False,False,False,True,False
he's saying it,Id,loose,ending,False,False,False,True,False
he's saying it,IIa,loose,ending,False,False,False,False,False
he's riding it (anything that can be straddled),Id,strict,ending,False,False,False,True,False
he's riding it (anything that can be straddled),Id,loose,ending,False,False,False,True,False
he's riding it (anything that can be straddled),IIa,loose,ending,False,False,False,False,False
he's riding it (anything that can be straddled),IVa,strict,reconstructs,True,True,True,True,True
he's riding it (anything that can be straddled),IVa,loose,full,True,True,True,True,True
"he's running over him, it",Id,strict,ending,False,False,False,True,False
"he's running over him, it",Id,loose,ending,False,False,False,True,False
"he's running over him, it",IIa,loose,ending,False,False,False,False,False
"he's running over him, it",IVa,strict,reconstructs,True,True,True,True,True
"he's running over him, it",IVa,loose,full,True,True,True,True,True
he's bouncing it,Id,strict,ending,False,False,False,True,False
he's bouncing it,Id,loose,ending,False,False,False,True,False
he's bouncing it,IIa,loose,ending,False,False,False,False,False
he's bouncing it,IVa,strict,reconstructs,True,True,True,True,True
he's bouncing it,IVa,loose,full,True,True,True,True,True
he's making him fall from an elevated psition,Id,strict,ending,False,False,False,True,False
he's making him fall from an elevated psition,Id,loose,ending,False,False,False,True,False
he's making him fall from an elevated psition,IIa,loose,ending,False,False,False,False,False
he's making him fall from an elevated psition,IVa,strict,reconstructs,True,True,True,True,True
he's making him fall from an elevated psition,IVa,loose,full,True,True,True,True,True
"he's interpreting, translating it",Id,strict,ending,False,False,False,True,False
"he's interpreting, translating it",Id,loose,ending,False,False,False,True,False
"he's interpreting, translating it",IIa,loose,ending,False,False,False,False,False
"he's interpreting, translating it",IVa,strict,reconstructs,True,True,True,True,True
"he's interpreting, translating it",IVa,loose,full,True,True,True,True,True
he's taking turns with him,Id,strict,ending,False,False,False,True,False
he's taking turns with him,Id,loose,ending,False,False,False,True,False
he's taking turns with him,IIa,loose,ending,False,False,False,False,False
he's taking turns with him,IVa,strict,reconstructs,True,True,True,True,True
he's taking turns with him,IVa,loose,full,True,True,True,True,True
he's waking him up,Id,strict,ending,False,False,False,True,False
he's waking him up,Id,loose,ending,False,False,False,True,False
he's waking him up,IIa,loose,ending,False,False,False,False,False
he's waking him up,IVa,strict,reconstructs,True,True,True,True,True
he's waking him up,IVa,loose,full,True,True,True,True,True
"he's listening to it, him",Id,strict,ending,False,False,False,True,False
"he's listening to it, him",Id,loose,ending,False,False,False,True,False
"he's listening to it, him",IIa,loose,ending,False,False,False,False,False
"he's listening to it, him",IVa,strict,reconstructs,True,True,True,True,True
"he's listening to it, him",IVa,loose,full,True,True,True,True,True
1. He's bluffing him. 2. he's deceiving him 3. he's tricking him,Id,strict,ending,False,False,False,True,False
1. He's bluffing him. 2. he's deceiving him 3. he's tricking him,Id,loose,ending,False,False,False,True,False
1. He's bluffing him. 2. he's deceiving him 3. he's tricking him,IIa,loose,ending,False,False,False,False,False
1. He's bluffing him. 2. he's deceiving him 3. he's tricking him,IVa,strict,reconstructs,True,True,True,True,True
1. He's bluffing him. 2. he's deceiving him 3. he's tricking him,IVa,loose,full,True,True,True,True,True
he's winking,Id,strict,ending,False,False,False,True,False
he's winking,Id,loose,ending,False,False,False,True,False
he's winking,IIa,loose,ending,False,False,False,False,False
he's winking,IVa,strict,reconstructs,True,True,True,True,True
he's winking,IVa,loose,full,True,True,True,True,True
he's closing his eyes,Id,strict,ending,False,False,False,True,False
he's closing his eyes,Id,loose,ending,False,False,False,True,False
he's closing his eyes,IIa,loose,ending,False,False,False,False,False
he's closing his eyes,IVa,strict,reconstructs,True,True,True,True,True
he's closing his eyes,IVa,loose,full,True,True,True,True,True
he has a chill,Id,strict,ending,False,False,False,True,False
he has a chill,Id,loose,ending,False,False,False,True,False
he has a chill,IIa,loose,ending,False,False,False,False,False
he has a chill,IVa,strict,full,True,True,True,True,True
he has a chill,IVa,loose,full,True,True,True,True,True
he's wringing it out,Id,strict,ending,False,False,False,True,False
he's wringing it out,Id,loose,ending,False,False,False,True,False
he's wringing it out,IIa,loose,ending,False,False,False,False,False
he's wringing it out,IVa,strict,reconstructs,True,True,True,True,True
he's wringing it out,IVa,loose,full,True,True,True,True,True
he's stretching,Id,strict,ending,False,False,False,True,False
he's stretching,Id,loose,ending,False,False,False,True,False
he's stretching,IIa,loose,ending,False,False,False,False,False
he's stretching,IVa,strict,reconstructs,True,True,True,True,True
he's stretching,IVa,loose,full,True,True,True,True,True
he's dodging,Id,strict,ending,False,False,False,True,False
he's dodging,Id,loose,ending,False,False,False,True,False
he's dodging,IIa,loose,ending,False,False,False,False,False
he's dodging,IVa,strict,full,True,True,True,True,True
he's dodging,IVa,loose,full,True,True,True,True,True
he's starting it,Id,strict,ending,False,False,False,True,False
he's starting it,Id,loose,ending,False,False,False,True,False
he's starting it,IIa,loose,ending,False,False,False,False,False
he's starting it,IVa,strict,reconstructs,True,True,True,True,True
he's starting it,IVa,loose,full,True,True,True,True,True
he's praying,Id,strict,ending,False,False,False,True,False
he's praying,Id,loose,ending,False,False,False,True,False
he's praying,IIa,loose,ending,False,False,False,False,False
he's praying,IVa,strict,reconstructs,True,True,True,True,True
he's praying,IVa,loose,full,True,True,True,True,True
he's pouring liquid into a container,Id,strict,ending,False,False,False,True,False
he's pouring liquid into a container,Id,loose,ending,False,False,False,True,False
he's pouring liquid into a container,IIa,loose,ending,False,False,False,False,False
he's pouring liquid into a container,IVa,strict,reconstructs,True,True,True,True,True
he's pouring liquid into a container,IVa,loose,full,True,True,True,True,True
"he's slamming him, it",Id,strict,ending,False,False,False,True,False
"he's slamming him, it",Id,loose,ending,False,False,False,True,False
"he's slamming him, it",IIa,loose,ending,False,False,False,False,False
"he's slamming him, it",IVa,strict,reconstructs,True,True,True,True,True
"he's slamming him, it",IVa,loose,full,True,True,True,True,True
he's embarrassing him,Id,strict,ending,False,False,False,True,False
he's embarrassing him,Id,loose,ending,False,False,False,True,False
he's embarrassing him,IIa,loose,ending,False,False,False,False,False
he's embarrassing him,IVa,strict,full,True,True,True,True,True
he's embarrassing him,IVa,loose,full,True,True,True,True,True
he's turning it,Id,strict,ending,False,False,False,True,False
he's turning it,Id,loose,ending,False,False,False,True,False
he's turning it,IIa,loose,ending,False,False,False,False,False
he's turning it,IVa,strict,reconstructs,True,True,True,True,True
he's turning it,IVa,loose,full,True,True,True,True,True
he's spinning it,Id,strict,ending,False,False,False,True,False
he's spinning it,Id,loose,ending,False,False,False,True,False
he's spinning it,IIa,loose,ending,False,False,False,False,False
he's spinning it,IVa,strict,reconstructs,True,True,True,True,True
he's spinning it,IVa,loose,full,True,True,True,True,True
"he's releasing it, (involuntarily)",Id,strict,ending,False,False,False,True,False
"he's releasing it, (involuntarily)",Id,loose,ending,False,False,False,True,False
"he's releasing it, (involuntarily)",IIa,loose,ending,False,False,False,False,False
"he's releasing it, (involuntarily)",IVa,strict,reconstructs,True,True,True,True,True
"he's releasing it, (involuntarily)",IVa,loose,full,True,True,True,True,True
"1. he's drawing a picture of him, it; 2. he's photographing him, it",Id,strict,ending,False,False,False,True,False
"1. he's drawing a picture of him, it; 2. he's photographing him, it",Id,loose,ending,False,False,False,True,False
"1. he's drawing a picture of him, it; 2. he's photographing him, it",IIa,loose,ending,False,False,False,False,False
"1. he's drawing a picture of him, it; 2. he's photographing him, it",IVa,strict,full,True,True,True,True,True
"1. he's drawing a picture of him, it; 2. he's photographing him, it",IVa,loose,full,True,True,True,True,True
"he's smothering him, it",Id,strict,ending,False,False,False,True,False
"he's smothering him, it",Id,loose,ending,False,False,False,True,False
"he's smothering him, it",IIa,loose,ending,False,False,False,False,False
"he's smothering him, it",IVa,strict,full,True,True,True,True,True
"he's smothering him, it",IVa,loose,full,True,True,True,True,True
"he's smothering, suffocating",Id,strict,ending,False,False,False,True,False
"he's smothering, suffocating",Id,loose,ending,False,False,False,True,False
"he's smothering, suffocating",IIa,loose,ending,False,False,False,False,False
"he's smothering, suffocating",IVa,strict,reconstructs,True,True,True,True,True
"he's smothering, suffocating",IVa,loose,full,True,True,True,True,True
he's holding his breath,Id,strict,ending,False,False,False,True,False
he's holding his breath,Id,loose,ending,False,False,False,True,False
he's holding his breath,IIa,loose,ending,False,False,False,False,False
he's holding his breath,IVa,strict,reconstructs,True,True,True,True,True
he's holding his breath,IVa,loose,full,True,True,True,True,True
"1. he's breaking it., 2. he's spoiling him",Id,strict,ending,False,False,False,True,False
"1. he's breaking it., 2. he's spoiling him",Id,loose,ending,False,False,False,True,False
"1. he's breaking it., 2. he's spoiling him",IIa,loose,ending,False,False,False,False,False
"1. he's breaking it., 2. he's spoiling him",IVa,strict,reconstructs,True,True,True,True,True
"1. he's breaking it., 2. he's spoiling him",IVa,loose,full,True,True,True,True,True
he's making him angry,Id,strict,ending,False,False,False,True,False
he's making him angry,Id,loose,ending,False,False,False,True,False
he's making him angry,IIa,loose,ending,False,False,False,False,False
he's making him angry,IVa,strict,full,True,True,True,True,True
he's making him angry,IVa,loose,full,True,True,True,True,True
he's vomiting,Id,strict,ending,False,False,False,True,False
he's vomiting,Id,loose,ending,False,False,False,True,False
he's vomiting,IIa,loose,ending,False,False,False,False,False
he's vomiting,IVa,strict,reconstructs,True,True,True,True,True
he's vomiting,IVa,loose,full,True,True,True,True,True
it's (sun or moon) shining,Ia,strict,ending,False,True,True,True,True
it's (sun or moon) shining,Ia,loose,full,True,True,True,True,True
it's (sun or moon) shining,Ia*,strict,ending,False,False,False,True,False
it's (sun or moon) shining,Ia*,loose,ending,False,False,False,True,False
it's (sun or moon) shining,Ib,strict,ending,False,False,False,True,False
it's (sun or moon) shining,Ib,loose,ending,False,False,False,True,False
it's (sun or moon) shining,Ic,strict,ending,False,False,False,True,False
it's (sun or moon) shining,Ic,loose,ending,False,False,False,True,False
it's (sun or moon) shining,Ic*,strict,ending,False,False,False,True,False
it's (sun or moon) shining,Ic*,loose,ending,False,False,False,True,False
it's (sun or moon) shining,Id,strict,ending,False,False,False,True,False
it's (sun or moon) shining,Id,loose,ending,False,False,False,True,False
it's (sun or moon) shining,IIa,loose,ending,False,False,False,True,False
it's (sun or moon) shining,IIb,loose,ending,False,False,False,True,False
it's (sun or moon) shining,Vb*,loose,ending,False,False,False,True,False
he's greeting him,VIa1,strict,ending,False,False,False,False,False
he's greeting him,VIa1,loose,ending,False,False,False,False,False
he's greeting him,VIa2,strict,full,True,True,True,True,True
he's greeting him,VIa2,loose,full,True,True,True,True,True
he's greeting him,VIIa2,loose,full,True,True,True,True,True
"he's joking, he's teasing",Id,strict,ending,False,False,False,True,False
"he's joking, he's teasing",Id,loose,ending,False,False,False,True,False
"he's joking, he's teasing",IIa,loose,ending,False,False,False,False,False
he's speaking,Ia,strict,ending,False,True,True,True,True
he's speaking,Ia,loose,full,True,True,True,True,True
he's hitting him on the abdomen with a long object,VIa1,strict,ending,False,False,False,False,False
he's hitting him on the abdomen with a long object,VIa1,loose,ending,False,False,False,False,False
he's hitting him on the abdomen with a long object,VIa2,strict,full,True,True,True,True,True
he's hitting him on the abdomen with a long object,VIa2,loose,full,True,True,True,True,True
he's hitting him on the abdomen with a long object,VIIa2,loose,full,True,True,True,True,True
he's hitting him on the head with a long object,VIa1,strict,ending,False,False,False,False,False
he's hitting him on the head with a long object,VIa1,loose,ending,False,False,False,False,False
he's hitting him on the head with a long object,VIa2,strict,full,True,True,True,True,True
he's hitting him on the head with a long object,VIa2,loose,full,True,True,True,True,True
he's hitting him on the head with a long object,VIIa2,loose,full,True,True,True,True,True
he's hitting him on the mouth,VIa1,strict,ending,False,False,False,False,False
he's hitting him on the mouth,VIa1,loose,ending,False,False,False,False,False
he's hitting him on the mouth,VIa2,strict,full,True,True,True,True,True
he's hitting him on the mouth,VIa2,loose,full,True,True,True,True,True
he's hitting him on the mouth,VIIa2,loose,full,True,True,True,True,True
"he's slapping him, it",VIa1,strict,ending,False,False,False,False,False
"he's slapping him, it",VIa1,loose,ending,False,False,False,False,False
"he's slapping him, it",VIa2,strict,full,True,True,True,True,True
"he's slapping him, it",VIa2,loose,full,True,True,True,True,True
"he's slapping him, it",VIIa2,loose,full,True,True,True,True,True
he's beating him up,VIa1,strict,ending,False,False,False,False,False
he's beating him up,VIa1,loose,ending,False,False,False,False,False
he's beating him up,VIa2,strict,full,True,True,True,True,True
he's beating him up,VIa2,loose,full,True,True,True,True,True
he's beating him up,VIIa2,loose,full,True,True,True,True,True
he hates him,VIa1,loose,ending,False,False,False,False,False
he hates him,VIa2,strict,full,True,True,True,True,True
he hates him,VIa2,loose,full,True,True,True,True,True
he hates him,VIIa2,loose,full,True,True,True,True,True
he's peeking through,Id,strict,ending,False,False,False,True,False
he's peeking through,Id,loose,ending,False,False,False,True,False
he's peeking through,IIa,loose,ending,False,False,False,False,False
he's peeking through,IVa,loose,full,True,True,True,True,True
he's looking around,VII*,strict,full,True,True,True,True,True
he's looking around,VII*,loose,full,True,True,True,True,True
he's looking around,IXa,strict,ending,False,False,False,False,False
he's looking around,IXa,loose,ending,False,False,False,False,False
1. he's going around a curve  2. he's turning off the road  3. he's circling it,VII*,strict,full,True,True,True,True,True
1. he's going around a curve  2. he's turning off the road  3. he's circling it,VII*,loose,full,True,True,True,True,True
"he, it's spinning, rotating",VII*,strict,full,True,True,True,True,True
"he, it's spinning, rotating",VII*,loose,full,True,True,True,True,True
he's afraid,IXa,strict,ending,False,False,False,False,False
he's afraid,IXa,loose,ending,False,False,False,False,False
he's looking after him,IXa,strict,full,True,True,True,True,True
he's looking after him,IXa,loose,full,True,True,True,True,True
"he's handling it, he has it in his hand",IXa,strict,full,True,True,True,True,True
"he's handling it, he has it in his hand",IXa,loose,full,True,True,True,True,True
he's visiting him,IXa,strict,full,True,True,True,True,True
he's visiting him,IXa,loose,full,True,True,True,True,True
he's visiting,IXa,strict,full,True,True,True,True,True
he's visiting,IXa,loose,full,True,True,True,True,True
he's handling some liquid,IXa,strict,full,True,True,True,True,True
he's handling some liquid,IXa,loose,full,True,True,True,True,True
he's hunting,IXa,strict,full,True,True,True,True,True
he's hunting,IXa,loose,full,True,True,True,True,True
its taking time,VII*,strict,full,True,True,True,True,True
its taking time,VII*,loose,full,True,True,True,True,True
its taking time,IXa,strict,full,True,True,True,True,True
its taking time,IXa,loose,full,True,True,True,True,True
he's handling a long object,IXa,strict,full,True,True,True,True,True
he's handling a long object,IXa,loose,full,True,True,True,True,True
he's handling a flexible object,IXa,strict,full,True,True,True,True,True
he's handling a flexible object,IXa,loose,full,True,True,True,True,True
"he's tromping on him/it,   he's speaking badly of him",Id,strict,ending,False,True,False,True,False
"he's tromping on him/it,   he's speaking badly of him",Id,loose,ending,True,True,False,True,True
"he's tromping on him/it,   he's speaking badly of him",IIa,loose,ending,False,False,False,True,False
he's agitating liquid,Id,strict,ending,False,True,False,True,False
he's agitating liquid,Id,loose,full,True,True,True,True,True
he's agitating liquid,IIa,strict,ending,False,False,False,True,False
he's agitating liquid,IIa,loose,ending,False,False,False,True,False
"1. he's taking liquid from him, it  2. he's milking it (when used with unvdi)",XIa*,strict,full,True,True,True,True,True
"1. he's taking liquid from him, it  2. he's milking it (when used with unvdi)",XIa*,loose,full,True,True,True,True,True
"1. he's taking liquid from him, it  2. he's milking it (when used with unvdi)",XIb*,strict,reconstructs,True,True,True,True,True
"1. he's taking liquid from him, it  2. he's milking it (when used with unvdi)",XIb*,loose,full,True,True,True,True,True
he's disbelieving,XIa*,strict,full,True,True,True,True,True
he's disbelieving,XIa*,loose,full,True,True,True,True,True
he's disbelieving,XIb*,strict,reconstructs,True,True,True,True,True
he's disbelieving,XIb*,loose,full,True,True,True,True,True
he's paying him,XIa*,strict,full,True,True,True,True,True
he's paying him,XIa*,loose,full,True,True,True,True,True
he's paying him,XIb*,strict,full,True,True,True,True,True
he's paying him,XIb*,loose,full,True,True,True,True,True
it's dripping,VIa2,strict,full,True,True,True,True,True
it's dripping,VIa2,loose,full,True,True,True,True,True
it's dripping,VIIa1,loose,ending,False,False,False,True,False
it's dripping,VIIa2,loose,full,True,True,True,True,True
it's dripping,VII*,strict,full,True,True,True,True,True
it's dripping,VII*,loose,full,True,True,True,True,True
he's moaning,Id,strict,ending,False,False,False,True,False
he's moaning,Id,loose,ending,False,False,False,True,False
he's moaning,IIa,loose,ending,False,False,False,False,False
he's moaning,IVa,strict,reconstructs,True,True,True,True,True
he's moaning,IVa,loose,full,True,True,True,True,True
he's making a mistake,Id,strict,ending,False,False,False,True,False
he's making a mistake,Id,loose,ending,False,False,False,True,False
he's making a mistake,IIa,loose,ending,False,False,False,False,False
he's making a mistake,IVa,strict,reconstructs,True,True,True,True,True
he's making a mistake,IVa,loose,full,True,True,True,True,True
he's batting it,VIa1,strict,ending,False,False,False,False,False
he's batting it,VIa1,loose,ending,False,False,False,False,False
he's batting it,VIa2,strict,full,True,True,True,True,True
he's batting it,VIa2,loose,full,True,True,True,True,True
he's batting it,VIIa2,loose,full,True,True,True,True,True
"he, it's rocking",Id,strict,ending,False,True,False,True,False
"he, it's rocking",Id,loose,full,True,True,True,True,True
"he, it's rocking",IIa,strict,ending,False,False,False,True,False
"he, it's rocking",IIa,loose,ending,False,False,False,True,False
he's telling it,Id,strict,ending,False,True,False,True,False
he's telling it,Id,loose,ending,True,True,False,True,True
he's telling it,IIa,loose,ending,False,False,False,True,False
he's conversing,Id,strict,ending,False,True,False,True,False
he's conversing,Id,loose,ending,True,True,False,True,True
he's conversing,IIa,loose,ending,False,False,False,True,False
he's looking at himself in a mirror,Id,strict,ending,False,True,False,True,False
he's looking at himself in a mirror,Id,loose,full,True,True,True,True,True
he's looking at himself in a mirror,IIa,strict,ending,False,False,False,True,False
he's looking at himself in a mirror,IIa,loose,ending,False,False,False,True,False
he's saying to him,XIa*,strict,full,True,True,True,True,True
he's saying to him,XIa*,loose,full,True,True,True,True,True
he's saying to him,XIb*,strict,full,True,True,True,True,True
he's saying to him,XIb*,loose,full,True,True,True,True,True
"he's over-taking him, it",XIa*,strict,full,True,True,True,True,True
"he's over-taking him, it",XIa*,loose,full,True,True,True,True,True
"he's over-taking him, it",XIb*,strict,full,True,True,True,True,True
"he's over-taking him, it",XIb*,loose,full,True,True,True,True,True
he's losing it,XIa*,strict,full,True,True,True,True,True
he's losing it,XIa*,loose,full,True,True,True,True,True
he's losing it,XIb*,strict,full,True,True,True,True,True
he's losing it,XIb*,loose,full,True,True,True,True,True
he's thinking,Id,strict,ending,False,True,False,True,False
he's thinking,Id,loose,ending,True,True,False,True,True
he's thinking,IIa,loose,ending,False,False,False,True,False
"he's trimming it, (boy's hair, grass, hedge, but not paper, cloth)",Id,strict,ending,False,True,False,True,False
"he's trimming it, (boy's hair, grass, hedge, but not paper, cloth)",Id,loose,ending,True,True,True,True,False
"he's trimming it, (boy's hair, grass, hedge, but not paper, cloth)",IIa,strict,ending,True,True,True,True,False
"he's trimming it, (boy's hair, grass, hedge, but not paper, cloth)",IIa,loose,ending,True,True,True,True,False
he's prying it,Id,strict,ending,False,False,False,True,False
he's prying it,Id,loose,ending,False,False,False,True,False
he's prying it,IIa,strict,ending,False,False,False,False,False
he's prying it,IIa,loose,ending,False,False,False,False,False
he's prying it,IVb,strict,full,True,True,True,True,True
he's prying it,IVb,loose,full,True,True,True,True,True
he's prying it,Va,loose,full,True,True,True,True,True
he's placing a long object in an upright position,Id,strict,ending,False,False,False,True,False
he's placing a long object in an upright position,Id,loose,ending,False,False,False,True,False
he's placing a long object in an upright position,IIa,loose,ending,False,False,False,False,False
he's placing a long object in an upright position,IVa,strict,reconstructs,True,True,True,True,True
he's placing a long object in an upright position,IVa,loose,full,True,True,True,True,True
1. he's helping him up 2. he's standing it up (object with legs),Id,strict,ending,False,False,False,True,False
1. he's helping him up 2. he's standing it up (object with legs),Id,loose,ending,False,False,False,True,False
1. he's helping him up 2. he's standing it up (object with legs),IIa,loose,ending,False,False,False,False,False
1. he's helping him up 2. he's standing it up (object with legs),IVa,strict,full,True,True,True,True,True
1. he's helping him up 2. he's standing it up (object with legs),IVa,loose,full,True,True,True,True,True
"he's making it (round, long) fall",Id,strict,ending,False,False,False,True,False
"he's making it (round, long) fall",Id,loose,ending,False,False,False,True,False
"he's making it (round, long) fall",IIa,loose,ending,False,False,False,False,False
"he's making it (round, long) fall",IVa,strict,reconstructs,True,True,True,True,True
"he's making it (round, long) fall",IVa,loose,full,True,True,True,True,True
he's showing it to him,Id,strict,ending,False,False,False,True,False
he's showing it to him,Id,loose,ending,False,False,False,True,False
he's showing it to him,IIa,loose,ending,False,False,False,False,False
he's showing it to him,IVa,strict,reconstructs,True,True,True,True,True
he's showing it to him,IVa,loose,full,True,True,True,True,True
he's melting it,Id,strict,ending,False,False,False,True,False
he's melting it,Id,loose,ending,False,False,False,True,False
he's melting it,IIa,loose,ending,False,False,False,False,False
he's melting it,IVa,strict,reconstructs,True,True,True,True,True
he's melting it,IVa,loose,full,True,True,True,True,True
he's warming it,Id,strict,ending,False,False,False,True,False
he's warming it,Id,loose,ending,False,False,False,True,False
he's warming it,IIa,loose,ending,False,False,False,False,False
he's warming it,IVa,strict,reconstructs,True,True,True,True,True
he's warming it,IVa,loose,full,True,True,True,True,True
1. he's making it crisp  2. he's starching it,Id,strict,ending,False,False,False,True,False
1. he's making it crisp  2. he's starching it,Id,loose,ending,False,False,False,True,False
1. he's making it crisp  2. he's starching it,IIa,loose,ending,False,False,False,False,False
1. he's making it crisp  2. he's starching it,IVa,strict,reconstructs,True,True,True,True,True
1. he's making it crisp  2. he's starching it,IVa,loose,full,True,True,True,True,True
he's rising from a prone position,Id,strict,ending,False,False,False,True,False
he's rising from a prone position,Id,loose,ending,False,False,False,True,False
he's rising from a prone position,IIa,strict,ending,False,False,False,False,False
he's rising from a prone position,IIa,loose,ending,False,False,False,False,False
he's rising from a prone position,IVb,strict,reconstructs,True,True,True,True,True
he's rising from a prone position,IVb,loose,full,True,True,True,True,True
he's rising from a prone position,Va,loose,full,True,True,True,True,True
"he's taking off flying, its flying away",Id,strict,ending,False,False,False,True,False
"he's taking off flying, its flying away",Id,loose,ending,False,False,False,True,False
"he's taking off flying, its flying away",IIa,strict,ending,False,False,False,False,False
"he's taking off flying, its flying away",IIa,loose,ending,False,False,False,False,False
"he's taking off flying, its flying away",IVb,strict,reconstructs,True,True,True,True,True
"he's taking off flying, its flying away",IVb,loose,full,True,True,True,True,True
"he's taking off flying, its flying away",Va,loose,full,True,True,True,True,True
"he's taking it (animal, flexible object) somewhere",Id,strict,ending,False,False,False,True,False
"he's taking it (animal, flexible object) somewhere",Id,loose,ending,False,False,False,True,False
"he's taking it (animal, flexible object) somewhere",IIa,strict,ending,False,False,False,False,False
"he's taking it (animal, flexible object) somewhere",IIa,loose,ending,False,False,False,False,False
"he's taking it (animal, flexible object) somewhere",IVb,strict,reconstructs,True,True,True,True,True
"he's taking it (animal, flexible object) somewhere",IVb,loose,full,True,True,True,True,True
"he's taking it (animal, flexible object) somewhere",Va,loose,full,True,True,True,True,True
he's taking some liquid somewhere,Id,strict,ending,False,False,False,True,False
he's taking some liquid somewhere,Id,loose,ending,False,False,False,True,False
he's taking some liquid somewhere,IIa,strict,ending,False,False,False,False,False
he's taking some liquid somewhere,IIa,loose,ending,False,False,False,False,False
he's taking some liquid somewhere,IVb,strict,reconstructs,True,True,True,True,True
he's taking some liquid somewhere,IVb,loose,full,True,True,True,True,True
he's taking some liquid somewhere,Va,loose,full,True,True,True,True,True
he's taking a long object somewhere,Id,strict,ending,False,False,False,True,False
he's taking a long object somewhere,Id,loose,ending,False,False,False,True,False
he's taking a long object somewhere,IIa,strict,ending,False,False,False,False,False
he's taking a long object somewhere,IIa,loose,ending,False,False,False,False,False
he's taking a long object somewhere,IVb,strict,reconstructs,True,True,True,True,True
he's taking a long object somewhere,IVb,loose,full,True,True,True,True,True
he's taking a long object somewhere,Va,loose,full,True,True,True,True,True
he's putting it into a container,Id,strict,ending,False,False,False,True,False
he's putting it into a container,Id,loose,ending,False,False,False,True,False
he's putting it into a container,IIa,loose,ending,False,False,False,False,False
he's putting it into a container,IVa,strict,reconstructs,True,True,True,True,True
he's putting it into a container,IVa,loose,full,True,True,True,True,True
he's setting a price,Id,strict,ending,False,False,False,True,False
he's setting a price,Id,loose,ending,False,False,False,True,False
he's setting a price,IIa,loose,ending,False,False,False,False,False
he's setting a price,IVa,strict,reconstructs,True,True,True,True,True
he's setting a price,IVa,loose,full,True,True,True,True,True
he's attempting it,Id,strict,ending,False,False,False,True,False
he's attempting it,Id,loose,ending,False,False,False,True,False
he's attempting it,IIa,loose,ending,False,False,False,False,False
he's attempting it,IVa,strict,reconstructs,True,True,True,True,True
he's attempting it,IVa,loose,full,True,True,True,True,True
"he's playing with him, it",Id,strict,ending,False,False,False,True,False
"he's playing with him, it",Id,loose,ending,False,False,False,True,False
"he's playing with him, it",IIa,loose,ending,False,False,False,False,False
"he's playing with him, it",IVa,strict,reconstructs,True,True,True,True,True
"he's playing with him, it",IVa,loose,full,True,True,True,True,True
he's lecturing him,Id,strict,ending,False,False,False,True,False
he's lecturing him,Id,loose,ending,False,False,False,True,False
he's lecturing him,IIa,loose,ending,False,False,False,False,False
he's lecturing him,IVa,strict,reconstructs,True,True,True,True,True
he's lecturing him,IVa,loose,full,True,True,True,True,True
he's putting it on,Id,strict,ending,False,False,False,True,False
he's putting it on,Id,loose,ending,False,False,False,True,False
he's putting it on,IIa,loose,ending,False,False,False,False,False
he's putting it on,IVa,strict,reconstructs,True,True,True,True,True
he's putting it on,IVa,loose,full,True,True,True,True,True
he's stopping him/it,Id,strict,ending,False,False,False,True,False
he's stopping him/it,Id,loose,ending,False,False,False,True,False
he's stopping him/it,IIa,loose,ending,False,False,False,False,False
he's stopping him/it,IVa,strict,full,True,True,True,True,True
he's stopping him/it,IVa,loose,full,True,True,True,True,True
"he is dropping him, it (flexible)",Id,strict,ending,False,False,False,True,False
"he is dropping him, it (flexible)",Id,loose,ending,False,False,False,True,False
"he is dropping him, it (flexible)",IIa,loose,ending,False,False,False,False,False
"he is dropping him, it (flexible)",IVa,strict,full,True,True,True,True,True
"he is dropping him, it (flexible)",IVa,loose,full,True,True,True,True,True
he's staggering,Id,strict,ending,False,False,False,True,False
he's staggering,Id,loose,ending,False,False,False,True,False
he's staggering,IIa,loose,ending,False,False,False,False,False
he's staggering,IVa,strict,reconstructs,True,True,True,True,True
he's staggering,IVa,loose,full,True,True,True,True,True
he's deciding,Id,strict,ending,False,False,False,True,False
he's deciding,Id,loose,ending,False,False,False,True,False
he's deciding,IIa,loose,ending,False,False,False,False,False
he's deciding,IVa,strict,reconstructs,True,True,True,True,True
he's deciding,IVa,loose,full,True,True,True,True,True
he's snorting,Id,strict,ending,False,False,False,True,False
he's snorting,Id,loose,ending,False,False,False,True,False
he's snorting,IIa,loose,ending,False,False,False,False,False
he's snorting,IVa,strict,reconstructs,True,True,True,True,True
he's snorting,IVa,loose,full,True,True,True,True,True
"he's including him, it (in counting)",Id,strict,ending,False,False,False,True,False
"he's including him, it (in counting)",Id,loose,ending,False,False,False,True,False
"he's including him, it (in counting)",IIa,loose,ending,False,False,False,False,False
"he's including him, it (in counting)",IVa,strict,reconstructs,True,True,True,True,True
"he's including him, it (in counting)",IVa,loose,full,True,True,True,True,True
he's promising,Id,strict,ending,False,False,False,True,False
he's promising,Id,loose,ending,False,False,False,True,False
he's promising,IIa,loose,ending,False,False,False,False,False
he's promising,IVa,strict,reconstructs,True,True,True,True,True
he's promising,IVa,loose,full,True,True,True,True,True
he's mentioning it,Id,strict,ending,False,False,False,True,False
he's mentioning it,Id,loose,ending,False,False,False,True,False
he's mentioning it,IIa,loose,ending,False,False,False,False,False
he's mentioning it,IVa,loose,full,True,True,True,True,True
1. he's preparing it.  2. he's getting ready,Id,strict,ending,False,False,False,True,False
1. he's preparing it.  2. he's getting ready,Id,loose,ending,False,False,False,True,False
1. he's preparing it.  2. he's getting ready,IIa,loose,ending,False,False,False,False,False
1. he's preparing it.  2. he's getting ready,IVa,strict,reconstructs,True,True,True,True,True
1. he's preparing it.  2. he's getting ready,IVa,loose,full,True,True,True,True,True
"1. he's raising him, it., 2. he's growing it., (plant)",Id,strict,ending,False,False,False,True,False
"1. he's raising him, it., 2. he's growing it., (plant)",Id,loose,ending,False,False,False,True,False
"1. he's raising him, it., 2. he's growing it., (plant)",IIa,loose,ending,False,False,False,False,False
"1. he's raising him, it., 2. he's growing it., (plant)",IVa,strict,full,True,True,True,True,True
"1. he's raising him, it., 2. he's growing it., (plant)",IVa,loose,full,True,True,True,True,True
he's stopping by (on his way somewhere),Id,strict,ending,False,False,False,True,False
he's stopping by (on his way somewhere),Id,loose,ending,False,False,False,True,False
he's stopping by (on his way somewhere),IIa,loose,ending,False,False,False,False,False
he's stopping by (on his way somewhere),IVa,strict,reconstructs,True,True,True,True,True
he's stopping by (on his way somewhere),IVa,loose,full,True,True,True,True,True
he's taking a break,Id,strict,ending,False,False,False,True,False
he's taking a break,Id,loose,ending,False,False,False,True,False
he's taking a break,IIa,loose,ending,False,False,False,False,False
he's taking a break,IVa,strict,reconstructs,True,True,True,True,True
he's taking a break,IVa,loose,full,True,True,True,True,True
"he, it's making noise",Id,strict,ending,False,False,False,True,False
"he, it's making noise",Id,loose,ending,False,False,False,True,False
"he, it's making noise",IIa,loose,ending,False,False,False,False,False
"he, it's making noise",IVa,strict,reconstructs,True,True,True,True,True
"he, it's making noise",IVa,loose,full,True,True,True,True,True
he's causing it to sound,Id,strict,ending,False,False,False,True,False
he's causing it to sound,Id,loose,ending,False,False,False,True,False
he's causing it to sound,IIa,loose,ending,False,False,False,False,False
he's causing it to sound,IVa,strict,reconstructs,True,True,True,True,True
he's causing it to sound,IVa,loose,full,True,True,True,True,True
he's cooking it (a specific food),Id,strict,ending,False,False,False,True,False
he's cooking it (a specific food),Id,loose,ending,False,False,False,True,False
he's cooking it (a specific food),IIa,loose,ending,False,False,False,False,False
he's cooking it (a specific food),IVa,strict,reconstructs,True,True,True,True,True
he's cooking it (a specific food),IVa,loose,full,True,True,True,True,True
he/it is stopping,Id,strict,ending,False,False,False,True,False
he/it is stopping,Id,loose,ending,False,False,False,True,False
he/it is stopping,IIa,loose,ending,False,False,False,False,False
he/it is stopping,IVa,strict,reconstructs,True,True,True,True,True
he/it is stopping,IVa,loose,full,True,True,True,True,True
"he's burning him, it",Id,strict,ending,False,False,False,True,False
"he's burning him, it",Id,loose,ending,False,False,False,True,False
"he's burning him, it",IIa,loose,ending,False,False,False,False,False
"he's burning him, it",IVa,strict,reconstructs,True,True,True,True,True
"he's burning him, it",IVa,loose,full,True,True,True,True,True
"he's pressing down on him, it",Id,strict,ending,False,False,False,True,False
"he's pressing down on him, it",Id,loose,ending,False,False,False,True,False
"he's pressing down on him, it",IIa,loose,ending,False,False,False,False,False
"he's pressing down on him, it",IVa,strict,reconstructs,True,True,True,True,True
"he's pressing down on him, it",IVa,loose,full,True,True,True,True,True
he's smelling it  (sniff),Id,strict,ending,False,False,False,True,False
he's smelling it  (sniff),Id,loose,ending,False,False,False,True,False
he's smelling it  (sniff),IIa,loose,ending,False,False,False,False,False
he's smelling it  (sniff),IVa,strict,reconstructs,True,True,True,True,True
he's smelling it  (sniff),IVa,loose,full,True,True,True,True,True
he's taking off running,Id,strict,ending,False,False,False,True,False
he's taking off running,Id,loose,ending,False,False,False,True,False
he's taking off running,IIa,loose,ending,False,False,False,False,False
he's taking off running,IVa,strict,reconstructs,True,True,True,True,True
he's taking off running,IVa,loose,full,True,True,True,True,True
He's making an X,Id,strict,ending,False,False,False,True,False
He's making an X,Id,loose,ending,False,False,False,True,False
He's making an X,IIa,loose,ending,False,False,False,False,False
He's making an X,IVa,strict,reconstructs,True,True,True,True,True
He's making an X,IVa,loose,full,True,True,True,True,True
he's breaking it up,Id,strict,ending,False,False,False,True,False
he's breaking it up,Id,loose,ending,False,False,False,True,False
he's breaking it up,IIa,loose,ending,False,False,False,False,False
he's breaking it up,IVa,strict,reconstructs,True,True,True,True,True
he's breaking it up,IVa,loose,full,True,True,True,True,True
he's loaning it to him,Id,strict,ending,False,False,False,True,False
he's loaning it to him,Id,loose,ending,False,False,False,True,False
he's loaning it to him,IIa,loose,ending,False,False,False,False,False
he's loaning it to him,IVa,strict,reconstructs,True,True,True,True,True
he's loaning it to him,IVa,loose,full,True,True,True,True,True
"1. he's aiming at him, it  2 . he's aiming it",Id,strict,ending,False,False,False,True,False
"1. he's aiming at him, it  2 . he's aiming it",Id,loose,ending,False,False,False,True,False
"1. he's aiming at him, it  2 . he's aiming it",IIa,loose,ending,False,False,False,False,False
"1. he's aiming at him, it  2 . he's aiming it",IVa,strict,full,True,True,True,True,True
"1. he's aiming at him, it  2 . he's aiming it",IVa,loose,full,True,True,True,True,True
he's scheduling time,Id,strict,ending,False,False,False,True,False
he's scheduling time,Id,loose,ending,False,False,False,True,False
he's scheduling time,IIa,loose,ending,False,False,False,False,False
he's scheduling time,IVa,strict,reconstructs,True,True,True,True,True
he's scheduling time,IVa,loose,full,True,True,True,True,True
he's accusing him,Id,strict,ending,False,False,False,True,False
he's accusing him,Id,loose,ending,False,False,False,True,False
he's accusing him,IIa,loose,ending,False,False,False,False,False
he's accusing him,IVa,strict,full,True,True,True,True,True
he's accusing him,IVa,loose,full,True,True,True,True,True
1. he's setting a goal 2.  he's aiming,Id,strict,ending,False,False,False,True,False
1. he's setting a goal 2.  he's aiming,Id,loose,ending,False,False,False,True,False
1. he's setting a goal 2.  he's aiming,IIa,loose,ending,False,False,False,False,False
1. he's setting a goal 2.  he's aiming,IVa,strict,reconstructs,True,True,True,True,True
1. he's setting a goal 2.  he's aiming,IVa,loose,full,True,True,True,True,True
he's sifting it,Id,strict,ending,False,False,False,True,False
he's sifting it,Id,loose,ending,False,False,False,True,False
he's sifting it,IIa,loose,ending,False,False,False,False,False
he's sifting it,IVa,strict,reconstructs,True,True,True,True,True
he's sifting it,IVa,loose,full,True,True,True,True,True
he's resting,Id,strict,ending,False,False,False,True,False
he's resting,Id,loose,ending,False,False,False,True,False
he's resting,IIa,loose,ending,False,False,False,False,False
he's resting,IVa,strict,reconstructs,True,True,True,True,True
he's resting,IVa,loose,full,True,True,True,True,True
he's resting him,Id,strict,ending,False,False,False,True,False
he's resting him,Id,loose,ending,False,False,False,True,False
he's resting him,IIa,loose,ending,False,False,False,False,False
he's resting him,IVa,strict,full,True,True,True,True,True
he's resting him,IVa,loose,full,True,True,True,True,True
he's straining it,Id,strict,ending,False,False,False,True,False
he's straining it,Id,loose,ending,False,False,False,True,False
he's straining it,IIa,loose,ending,False,False,False,False,False
he's straining it,IVa,strict,full,True,True,True,True,True
he's straining it,IVa,loose,full,True,True,True,True,True
1. he's making smoke; 2. it's smoking,Id,strict,ending,False,False,False,True,False
1. he's making smoke; 2. it's smoking,Id,loose,ending,False,False,False,True,False
1. he's making smoke; 2. it's smoking,IIa,loose,ending,False,False,False,False,False
1. he's making smoke; 2. it's smoking,IVa,strict,reconstructs,True,True,True,True,True
1. he's making smoke; 2. it's smoking,IVa,loose,full,True,True,True,True,True
"he's making him, it fly",Id,strict,ending,False,False,False,True,False
"he's making him, it fly",Id,loose,ending,False,False,False,True,False
"he's making him, it fly",IIa,loose,ending,False,False,False,False,False
"he's making him, it fly",IVa,loose,full,True,True,True,True,True
he's shattering it,Id,strict,ending,False,False,False,True,False
he's shattering it,Id,loose,ending,False,False,False,True,False
he's shattering it,IIa,loose,ending,False,False,False,False,False
he's shattering it,IVa,strict,reconstructs,True,True,True,True,True
he's shattering it,IVa,loose,full,True,True,True,True,True
"he's killing him, it",VIa2,strict,full,True,True,True,True,True
"he's killing him, it",VIa2,loose,full,True,True,True,True,True
"he's killing him, it",VIIa2,loose,full,True,True,True,True,True
"he's counting it, them",VIa2,strict,full,True,True,True,True,True
"he's counting it, them",VIa2,loose,full,True,True,True,True,True
"he's counting it, them",VIIa2,loose,full,True,True,True,True,True
he's putting on a belt,VIa2,strict,full,True,True,True,True,True
he's putting on a belt,VIa2,loose,full,True,True,True,True,True
he's putting on a belt,VIIa2,loose,full,True,True,True,True,True
he's strapping it,VIa2,strict,full,True,True,True,True,True
he's strapping it,VIa2,loose,full,True,True,True,True,True
he's strapping it,VIIa2,loose,full,True,True,True,True,True
1. he's tying up a leg 2. he's applying a break,VIa2,strict,full,True,True,True,True,True
1. he's tying up a leg 2. he's applying a break,VIa2,loose,full,True,True,True,True,True
1. he's tying up a leg 2. he's applying a break,VIIa2,loose,full,True,True,True,True,True
it's becoming crisp,VIa2,strict,reconstructs,True,True,True,True,True
it's becoming crisp,VIa2,loose,full,True,True,True,True,True
it's becoming crisp,VIIa1,strict,ending,False,False,False,True,True
it's becoming crisp,VIIa1,loose,ending,False,False,False,True,True
it's becoming crisp,VIIa2,strict,reconstructs,True,True,True,True,True
it's becoming crisp,VIIa2,loose,full,True,True,True,True,True
it's becoming crisp,VII*,strict,full,True,True,True,True,True
it's becoming crisp,VII*,loose,full,True,True,True,True,True
it's becoming crisp,IXa,strict,ending,False,False,False,True,True
it's becoming crisp,IXa,loose,ending,False,False,False,True,True
"he's rolling him, it",VIa2,strict,full,True,True,True,True,True
"he's rolling him, it",VIa2,loose,full,True,True,True,True,True
"he's rolling him, it",VIIa2,loose,full,True,True,True,True,True
he's tying it,VIa2,strict,full,True,True,True,True,True
he's tying it,VIa2,loose,full,True,True,True,True,True
he's tying it,VIIa2,loose,full,True,True,True,True,True
he's wrestling,VIa2,strict,full,True,True,True,True,True
he's wrestling,VIa2,loose,full,True,True,True,True,True
he's wrestling,VIIa2,loose,full,True,True,True,True,True
he's arguing,VIa2,strict,full,True,True,True,True,True
he's arguing,VIa2,loose,full,True,True,True,True,True
he's arguing,VIIa2,loose,full,True,True,True,True,True
it's ripping,Id,strict,ending,False,False,False,True,False
it's ripping,Id,loose,ending,False,False,False,True,False
it's ripping,IIa,loose,ending,False,False,False,True,False
it's ripping,IVb,loose,full,True,True,True,True,True
it's ripping,Va,loose,full,True,True,True,True,True
he's ripping it,Id,strict,ending,False,False,False,True,False
he's ripping it,Id,loose,ending,False,False,False,True,False
he's ripping it,IIa,loose,ending,False,False,False,True,False
he's ripping it,IVb,loose,full,True,True,True,True,True
he's ripping it,Va,loose,full,True,True,True,True,True
"he's cleaning him, it",Id,strict,ending,False,False,False,True,False
"he's cleaning him, it",Id,loose,ending,False,False,False,True,False
"he's cleaning him, it",IIa,loose,ending,False,False,False,True,False
"he's cleaning him, it",IVb,loose,full,True,True,True,True,True
"he's cleaning him, it",Va,loose,full,True,True,True,True,True
"he's peeling, skinning him, it",Id,strict,ending,False,False,False,True,False
"he's peeling, skinning him, it",Id,loose,ending,False,False,False,True,False
"he's peeling, skinning him, it",IIa,loose,ending,False,False,False,True,False
"he's peeling, skinning him, it",IVb,loose,full,True,True,True,True,True
"he's peeling, skinning him, it",Va,loose,full,True,True,True,True,True
he's playing ball,Id,strict,ending,False,False,False,True,False
he's playing ball,Id,loose,ending,False,False,False,True,False
he's playing ball,IIa,loose,ending,False,False,False,True,False
he's playing ball,IVb,loose,full,True,True,True,True,True
he's playing ball,Va,loose,full,True,True,True,True,True
"1. he's cutting it, 2. he's slicing it",Id,strict,ending,False,False,False,True,False
"1. he's cutting it, 2. he's slicing it",Id,loose,ending,False,False,False,True,False
"1. he's cutting it, 2. he's slicing it",IIa,loose,ending,False,False,False,True,False
"1. he's cutting it, 2. he's slicing it",IVb,loose,full,True,True,True,True,True
"1. he's cutting it, 2. he's slicing it",Va,loose,full,True,True,True,True,True
it's lightning,Ib,strict,ending,False,False,False,True,True
it's lightning,Ib,loose,ending,False,False,False,True,True
it's lightning,Ic,strict,ending,False,False,False,True,True
it's lightning,Ic,loose,ending,False,False,True,True,True
it's lightning,Id,strict,ending,False,False,False,True,True
it's lightning,Id,loose,ending,False,False,False,True,True
it's lightning,IIa,strict,ending,False,False,False,True,True
it's lightning,IIa,loose,ending,False,False,False,True,True
it's lightning,IIb,strict,ending,False,False,False,True,True
it's lightning,IIb,loose,ending,False,False,False,True,True
it's lightning,IVb,strict,reconstructs,True,True,True,True,True
it's lightning,IVb,loose,full,True,True,True,True,True
it's lightning,Va,loose,full,True,True,True,True,True
it's lightning,Vb*,loose,ending,False,False,False,True,True
he's helping him,Id,strict,ending,False,False,False,True,False
he's helping him,Id,loose,ending,False,False,False,True,False
he's helping him,IIa,loose,ending,False,False,False,True,False
he's helping him,IVb,loose,full,True,True,True,True,True
he's helping him,Va,loose,full,True,True,True,True,True
he's helping,Id,strict,ending,False,False,False,True,False
he's helping,Id,loose,ending,False,False,False,True,False
he's helping,IIa,loose,ending,False,False,False,True,False
he's helping,IVb,loose,full,True,True,True,True,True
he's helping,Va,loose,full,True,True,True,True,True
he's acting silly,Id,strict,ending,False,False,False,True,False
he's acting silly,Id,loose,ending,False,False,False,True,False
he's acting silly,IIa,loose,ending,False,False,False,True,False
he wants it,Id,strict,ending,False,False,False,True,False
he wants it,Id,loose,ending,False,False,False,True,False
he wants it,IIa,loose,ending,False,False,False,True,False
he wants it,IVb,loose,full,True,True,True,True,True
he wants it,Va,loose,full,True,True,True,True,True
it's boiling,Id,strict,ending,False,False,False,True,False
it's boiling,Id,loose,ending,False,False,False,True,False
it's boiling,IIa,loose,ending,False,False,False,True,False
it's boiling,IIb,loose,ending,False,False,False,True,False
it's boiling,IVb,loose,full,True,True,True,True,True
it's boiling,Va,loose,full,True,True,True,True,True
he's rooting it out,Id,strict,ending,False,False,False,True,False
he's rooting it out,Id,loose,ending,False,False,False,True,False
he's rooting it out,IIa,loose,ending,False,False,False,True,False
he's rooting it out,IVb,loose,full,True,True,True,True,True
he's rooting it out,Va,loose,full,True,True,True,True,True
he's shelling corn,Id,strict,ending,False,False,False,True,False
he's shelling corn,Id,loose,ending,False,False,False,True,False
he's shelling corn,IIa,strict,ending,False,False,False,True,False
he's shelling corn,IIa,loose,ending,False,False,False,True,False
he's shelling corn,IVb,strict,ending,True,True,True,True,False
he's shelling corn,IVb,loose,ending,True,True,True,True,False
he's shelling corn,Va,loose,full,True,True,True,True,True
"1. he's calling him, inviting him. 2. he's receiving, getting him",Id,strict,ending,False,False,False,True,False
"1. he's calling him, inviting him. 2. he's receiving, getting him",Id,loose,ending,False,False,False,True,False
"1. he's calling him, inviting him. 2. he's receiving, getting him",IIa,strict,ending,False,False,False,False,False
"1. he's calling him, inviting him. 2. he's receiving, getting him",IIa,loose,ending,False,False,False,False,False
"1. he's calling him, inviting him. 2. he's receiving, getting him",IVb,strict,reconstructs,True,True,True,True,True
"1. he's calling him, inviting him. 2. he's receiving, getting him",IVb,loose,full,True,True,True,True,True
"1. he's calling him, inviting him. 2. he's receiving, getting him",Va,loose,full,True,True,True,True,True
he's starting/beginning,Id,strict,ending,False,False,False,True,False
he's starting/beginning,Id,loose,ending,False,False,False,True,False
he's starting/beginning,IIa,strict,ending,False,False,False,False,False
he's starting/beginning,IIa,loose,ending,False,False,False,False,False
he's starting/beginning,IVb,strict,reconstructs,True,True,True,True,True
he's starting/beginning,IVb,loose,full,True,True,True,True,True
he's starting/beginning,Va,loose,full,True,True,True,True,True
it's beginning,Id,strict,ending,False,False,False,True,False
it's beginning,Id,loose,ending,False,False,False,True,False
it's beginning,IIa,strict,ending,False,False,False,True,False
it's beginning,IIa,loose,ending,False,False,False,True,False
it's beginning,IIb,strict,ending,False,False,False,True,False
it's beginning,IIb,loose,ending,False,False,False,True,False
it's beginning,IVb,strict,reconstructs,True,True,True,True,True
it's beginning,IVb,loose,full,True,True,True,True,True
it's beginning,Va,loose,full,True,True,True,True,True
he's target practicing,Id,strict,ending,False,False,False,True,False
he's target practicing,Id,loose,ending,False,False,False,True,False
he's target practicing,IIa,strict,ending,False,False,False,False,False
he's target practicing,IIa,loose,ending,False,False,False,False,False
he's target practicing,IVb,strict,reconstructs,True,True,True,True,True
he's target practicing,IVb,loose,full,True,True,True,True,True
he's target practicing,Va,loose,full,True,True,True,True,True
he's spanking him,VIa1,strict,ending,False,False,False,False,False
he's spanking him,VIa1,loose,ending,False,False,False,False,False
he's spanking him,VIa2,strict,full,True,True,True,True,True
he's spanking him,VIa2,loose,full,True,True,True,True,True
he's spanking him,VIIa2,loose,full,True,True,True,True,True
"1. he's hitting, striking him, it 2. he's knocking",VIa1,strict,ending,False,False,False,False,False
"1. he's hitting, striking him, it 2. he's knocking",VIa1,loose,ending,False,False,False,False,False
"1. he's hitting, striking him, it 2. he's knocking",VIa2,strict,full,True,True,True,True,True
"1. he's hitting, striking him, it 2. he's knocking",VIa2,loose,full,True,True,True,True,True
"1. he's hitting, striking him, it 2. he's knocking",VIIa2,loose,full,True,True,True,True,True
"he's mourning for him, it",VIa1,strict,ending,False,False,False,False,False
"he's mourning for him, it",VIa1,loose,ending,False,False,False,False,False
"he's mourning for him, it",VIa2,strict,full,True,True,True,True,True
"he's mourning for him, it",VIa2,loose,full,True,True,True,True,True
"he's mourning for him, it",VIIa2,loose,full,True,True,True,True,True
1. he's withdrawing (a motion)  2. he's withdrawing (his candidacy)  3. he's pulling it out (a drawer),Id,strict,ending,False,False,False,True,False
1. he's withdrawing (a motion)  2. he's withdrawing (his candidacy)  3. he's pulling it out (a drawer),Id,loose,ending,False,False,False,True,False
1. he's withdrawing (a motion)  2. he's withdrawing (his candidacy)  3. he's pulling it out (a drawer),IIa,strict,ending,False,False,False,False,False
1. he's withdrawing (a motion)  2. he's withdrawing (his candidacy)  3. he's pulling it out (a drawer),IIa,loose,ending,False,False,False,False,False
1. he's withdrawing (a motion)  2. he's withdrawing (his candidacy)  3. he's pulling it out (a drawer),IVb,strict,ending,True,True,True,True,False
1. he's withdrawing (a motion)  2. he's withdrawing (his candidacy)  3. he's pulling it out (a drawer),IVb,loose,ending,True,True,True,True,False
1. he's withdrawing (a motion)  2. he's withdrawing (his candidacy)  3. he's pulling it out (a drawer),Va,loose,full,True,True,True,True,True
he's gathering it,Id,strict,ending,False,False,False,True,False
he's gathering it,Id,loose,ending,False,False,False,True,False
he's gathering it,IIa,loose,ending,False,False,False,False,False
he's gathering it,IVa,loose,ending,False,False,False,False,False
he's burying him,Id,strict,ending,False,False,False,True,False
he's burying him,Id,loose,ending,False,False,False,True,False
he's burying him,IIa,loose,ending,False,False,False,False,False
he's burying him,IVa,loose,ending,False,False,False,False,False
he's explaining it (a Biblical text),Id,strict,ending,False,False,False,True,False
he's explaining it (a Biblical text),Id,loose,ending,False,False,False,True,False
he's explaining it (a Biblical text),IIa,loose,ending,False,False,False,False,False
he's explaining it (a Biblical text),IVa,loose,ending,False,False,False,False,False
he's straightening it,Id,strict,ending,False,False,False,True,False
he's straightening it,Id,loose,ending,False,False,False,True,False
he's straightening it,IIa,loose,ending,False,False,False,False,False
he's straightening it,IVa,loose,ending,False,False,False,False,False
he's recuperating,Id,strict,ending,False,False,False,True,False
he's recuperating,Id,loose,ending,False,False,False,True,False
he's recuperating,IIa,loose,ending,False,False,False,False,False
he's recuperating,IVa,loose,ending,False,False,False,False,False
he's finding a flexible object,Id,strict,ending,False,False,False,True,False
he's finding a flexible object,Id,loose,ending,False,False,False,True,False
he's finding a flexible object,IIa,strict,ending,False,False,False,False,False
he's finding a flexible object,IIa,loose,ending,False,False,False,False,False
he's finding a flexible object,IVb,strict,ending,True,True,True,True,False
he's finding a flexible object,IVb,loose,ending,True,True,True,True,False
he's finding a flexible object,Va,loose,full,True,True,True,True,True
"he's stabbing him, it",VIa1,loose,ending,False,False,False,False,False
"he's stabbing him, it",VIa2,strict,full,True,True,True,True,True
"he's stabbing him, it",VIa2,loose,full,True,True,True,True,True
"he's stabbing him, it",VIIa2,loose,full,True,True,True,True,True
"he's finding him, it",Id,strict,ending,False,False,False,True,False
"he's finding him, it",Id,loose,ending,False,False,False,True,False
"he's finding him, it",IIa,strict,ending,False,False,False,False,False
"he's finding him, it",IIa,loose,ending,False,False,False,False,False
"he's finding him, it",IVb,strict,ending,True,True,True,True,False
"he's finding him, it",IVb,loose,ending,True,True,True,True,False
"he's finding him, it",Va,loose,full,True,True,True,True,True
he's finding some liquid,Id,strict,ending,False,False,False,True,False
he's finding some liquid,Id,loose,ending,False,False,False,True,False
he's finding some liquid,IIa,strict,ending,False,False,False,False,False
he's finding some liquid,IIa,loose,ending,False,False,False,False,False
he's finding some liquid,IVb,strict,ending,True,True,True,True,False
he's finding some liquid,IVb,loose,ending,True,True,True,True,False
he's finding some liquid,Va,loose,full,True,True,True,True,True
he's finding a long object,Id,strict,ending,False,False,False,True,False
he's finding a long object,Id,loose,ending,False,False,False,True,False
he's finding a long object,IIa,strict,ending,False,False,False,False,False
he's finding a long object,IIa,loose,ending,False,False,False,False,False
he's finding a long object,IVb,strict,ending,True,True,True,True,False
he's finding a long object,IVb,loose,ending,True,True,True,True,False
he's finding a long object,Va,loose,full,True,True,True,True,True
"he sees him, it",Id,strict,ending,False,False,False,True,False
"he sees him, it",Id,loose,ending,False,False,False,True,False
"he sees him, it",IIa,strict,ending,False,False,False,False,False
"he sees him, it",IIa,loose,ending,False,False,False,False,False
it's snowing,Id,strict,ending,False,False,False,True,False
it's snowing,Id,loose,ending,False,False,False,True,False
it's snowing,IIa,loose,ending,False,False,False,True,False
it's snowing,IIb,loose,ending,False,False,False,True,False
it's snowing,IVa,loose,full,True,True,True,True,True
it's snowing,Vc,loose,full,True,True,True,True,True
it's snowing,Vc*,loose,full,True,True,True,True,True
"1. he's getting a long object., 2. he's picking up a long object",Id,strict,ending,False,False,False,True,False
"1. he's getting a long object., 2. he's picking up a long object",Id,loose,ending,False,False,False,True,False
"1. he's getting a long object., 2. he's picking up a long object",IIa,strict,ending,False,False,False,True,False
"1. he's getting a long object., 2. he's picking up a long object",IIa,loose,ending,False,False,False,True,False
"1. he's getting a long object., 2. he's picking up a long object",IVb,strict,reconstructs,True,True,True,True,True
"1. he's getting a long object., 2. he's picking up a long object",IVb,loose,full,True,True,True,True,True
"1. he's getting a long object., 2. he's picking up a long object",Va,loose,full,True,True,True,True,True
he's having a birthday,Id,strict,ending,False,False,False,True,False
he's having a birthday,Id,loose,ending,False,False,False,True,False
he's having a birthday,IIa,strict,ending,False,False,False,True,False
he's having a birthday,IIa,loose,ending,False,False,False,True,False
he's having a birthday,IVb,strict,reconstructs,True,True,True,True,True
he's having a birthday,IVb,loose,full,True,True,True,True,True
he's having a birthday,Va,loose,full,True,True,True,True,True
he's paying,Id,strict,ending,False,False,False,True,False
he's paying,Id,loose,ending,False,False,False,True,False
he's paying,IIa,strict,ending,False,False,False,True,False
he's paying,IIa,loose,ending,False,False,False,True,False
he's paying,IVb,strict,reconstructs,True,True,True,True,True
he's paying,IVb,loose,full,True,True,True,True,True
he's paying,Va,loose,full,True,True,True,True,True
1. he's catching him 2. he's arresting him 3. he's playing catcher,Id,strict,ending,False,False,False,True,False
1. he's catching him 2. he's arresting him 3. he's playing catcher,Id,loose,ending,False,False,False,True,False
1. he's catching him 2. he's arresting him 3. he's playing catcher,IIa,strict,ending,False,False,False,True,False
1. he's catching him 2. he's arresting him 3. he's playing catcher,IIa,loose,ending,False,False,False,True,False
1. he's catching him 2. he's arresting him 3. he's playing catcher,IVb,strict,reconstructs,True,True,True,True,True
1. he's catching him 2. he's arresting him 3. he's playing catcher,IVb,loose,full,True,True,True,True,True
1. he's catching him 2. he's arresting him 3. he's playing catcher,Va,loose,full,True,True,True,True,True
"he's denying him, it",VIa1,strict,ending,False,False,False,False,False
"he's denying him, it",VIa1,loose,ending,False,False,False,False,False
"he's denying him, it",VIa2,strict,full,True,True,True,True,True
"he's denying him, it",VIa2,loose,full,True,True,True,True,True
"he's denying him, it",VIIa2,loose,full,True,True,True,True,True
he's crying,VIa1,strict,ending,False,False,False,False,False
he's crying,VIa1,loose,ending,False,False,False,False,False
he's crying,VIa2,strict,full,True,True,True,True,True
he's crying,VIa2,loose,full,True,True,True,True,True
he's crying,VIIa2,loose,full,True,True,True,True,True
he's untying it,Id,strict,ending,False,False,False,True,False
he's untying it,Id,loose,ending,False,False,False,True,False
he's untying it,IIa,strict,ending,False,False,False,True,False
he's untying it,IIa,loose,ending,False,False,False,True,False
he's untying it,IVb,strict,ending,True,True,True,True,False
he's untying it,IVb,loose,ending,True,True,True,True,False
he's untying it,Va,loose,full,True,True,True,True,True
1. he's making an incision 2. he's operating on him,VII*,strict,full,True,True,True,True,True
1. he's making an incision 2. he's operating on him,VII*,loose,full,True,True,True,True,True
"he's twisting him, it",VII*,strict,full,True,True,True,True,True
"he's twisting him, it",VII*,loose,full,True,True,True,True,True
"he's twisting him, it",IXa,strict,ending,False,False,False,False,False
"he's twisting him, it",IXa,loose,ending,False,False,False,False,False
he's cheating,Id,strict,ending,False,True,False,True,False
he's cheating,Id,loose,ending,True,True,False,True,True
he's cheating,IIa,loose,ending,False,False,False,True,False
he's drawing a liquid out of a container,Id,strict,ending,False,False,False,True,False
he's drawing a liquid out of a container,Id,loose,ending,False,False,False,True,False
he's drawing a liquid out of a container,IIa,strict,ending,False,False,False,True,False
he's drawing a liquid out of a container,IIa,loose,ending,False,False,False,True,False
he's drawing a liquid out of a container,IVb,strict,ending,True,True,True,True,False
he's drawing a liquid out of a container,IVb,loose,ending,True,True,True,True,False
he's drawing a liquid out of a container,Va,loose,full,True,True,True,True,True
he's giving him a long  object,XIa*,strict,reconstructs,True,True,True,True,True
he's giving him a long  object,XIa*,loose,full,True,True,True,True,True
he's giving him a long  object,XIb*,strict,full,True,True,True,True,True
he's giving him a long  object,XIb*,loose,full,True,True,True,True,True
he's showing him,XIa*,strict,reconstructs,True,True,True,True,True
he's showing him,XIa*,loose,full,True,True,True,True,True
he's showing him,XIb*,strict,full,True,True,True,True,True
he's showing him,XIb*,loose,full,True,True,True,True,True
he's washing his hair,Id,strict,ending,False,True,False,True,False
he's washing his hair,Id,loose,ending,True,True,True,True,False
he's washing his hair,IIa,loose,ending,True,True,True,True,False
he's giving him some liquid,XIa*,loose,full,True,True,True,True,True
he's giving him some liquid,XIb*,loose,full,True,True,True,True,True
he's taking it somewhere,Id,strict,ending,False,False,False,True,False
he's taking it somewhere,Id,loose,ending,False,False,False,True,False
he's taking it somewhere,IIa,strict,ending,False,False,False,False,False
he's taking it somewhere,IIa,loose,ending,False,False,False,False,False
he's taking it somewhere,IVb,strict,reconstructs,True,True,True,True,True
he's taking it somewhere,IVb,loose,full,True,True,True,True,True
he's taking it somewhere,Va,loose,full,True,True,True,True,True
he's losing his way,VIa2,strict,full,True,True,True,True,True
he's losing his way,VIa2,loose,full,True,True,True,True,True
he's losing his way,VIIa1,loose,ending,False,False,False,False,False
he's losing his way,VIIa2,loose,full,True,True,True,True,True
he's losing his way,VII*,strict,full,True,True,True,True,True
he's losing his way,VII*,loose,full,True,True,True,True,True
he's losing his way,IXa,strict,ending,False,False,False,False,False
he's losing his way,IXa,loose,ending,False,False,False,False,False
he's choking him,Id,strict,ending,False,False,False,True,False
he's choking him,Id,loose,ending,False,False,False,True,False
he's choking him,IIa,strict,ending,False,False,False,True,False
he's choking him,IIa,loose,ending,False,False,False,True,False
he's choking him,IVb,strict,reconstructs,True,True,True,True,True
he's choking him,IVb,loose,full,True,True,True,True,True
he's choking him,Va,loose,full,True,True,True,True,True
"1. he's walking around., 2. he's here",IXa,strict,full,True,True,True,True,True
"1. he's walking around., 2. he's here",IXa,loose,full,True,True,True,True,True
he's tossing about,IXa,strict,full,True,True,True,True,True
he's tossing about,IXa,loose,full,True,True,True,True,True
he's climbing around,IXa,strict,full,True,True,True,True,True
he's climbing around,IXa,loose,full,True,True,True,True,True
"he's omitting him, it",Id,strict,ending,False,False,False,True,False
"he's omitting him, it",Id,loose,ending,False,False,False,True,False
"he's omitting him, it",IIa,loose,ending,False,False,False,True,False
"1.  he's diverting him, it, 2. he's flagging him, it down",Ia,strict,ending,False,True,True,True,True
"1.  he's diverting him, it, 2. he's flagging him, it down",Ia,loose,full,True,True,True,True,True
"he's touching him, it",VIa1,strict,ending,False,False,False,False,False
"he's touching him, it",VIa1,loose,ending,False,False,False,False,False
"he's touching him, it",VIa2,strict,full,True,True,True,True,True
"he's touching him, it",VIa2,loose,full,True,True,True,True,True
"he's touching him, it",VIIa2,loose,full,True,True,True,True,True
it (weather) is cold,VII*,loose,full,True,True,True,True,True
it (weather) is cold,IXa,loose,ending,False,False,False,True,True
he's looking at him/it,Id,strict,ending,False,False,False,True,False
he's looking at him/it,Id,loose,ending,False,False,False,True,False
he's looking at him/it,IIa,loose,ending,False,False,False,False,False
