corpus_id,definition,form,surface_stem,underlying_stem
59,he/she is giving him/her it (refers to a long object),present,t-e33h,t-ee'h
59,he/she is giving him/her it (refers to a long object),present,t-e33h,t-eeh'
59,he/she is giving him/her it (refers to a long object),present,t-e33h,t-ee/h'
59,he/she is giving him/her it (refers to a long object),present_1sg,t-e33h,t-ee'h
59,he/she is giving him/her it (refers to a long object),present_1sg,t-e33h,t-eeh'
59,he/she is giving him/her it (refers to a long object),present_1sg,t-e33h,t-ee/h'
59,he/she is giving him/her it (refers to a long object),imperfective,t-e33h,t-ee'h
59,he/she is giving him/her it (refers to a long object),imperfective,t-e33h,t-eeh'
59,he/she is giving him/her it (refers to a long object),imperfective,t-e33h,t-ee/h'
59,he/she is giving him/her it (refers to a long object),perfective,t-e33l,t-ee'l
59,he/she is giving him/her it (refers to a long object),perfective,t-e33l,t-eel'
59,he/she is giving him/her it (refers to a long object),perfective,t-e33l,t-ee/l'
59,he/she is giving him/her it (refers to a long object),infinitive,t-e3ht,t-eh't
59,he/she is giving him/her it (refers to a long object),infinitive,t-e3ht,t-e/ht
59,he/she is giving him/her it (refers to a long object),infinitive,t-e3ht,t-e/h't
72,he/she is laying it down (refers to a long object),present,-t-i3',-t-i'
72,he/she is laying it down (refers to a long object),present,-t-i3',-t-i'
72,he/she is laying it down (refers to a long object),present,-t-i3',-t-i/'
72,he/she is laying it down (refers to a long object),present_1sg,-t-i3',-t-i'
72,he/she is laying it down (refers to a long object),present_1sg,-t-i3',-t-i'
72,he/she is laying it down (refers to a long object),present_1sg,-t-i3',-t-i/'
72,he/she is laying it down (refers to a long object),imperfective,-t-i32hsk,-t-i'hsk
72,he/she is laying it down (refers to a long object),perfective,-t-,-t-
72,he/she is laying it down (refers to a long object),imperative,-t-a2,-t-a
80,he/she is leaving it behind (refers to a long object),present,ti32hs-i22y-a3',ti'hs-iiy-a'
80,he/she is leaving it behind (refers to a long object),present,ti32hs-i22y-a3',ti'hs-iiy-a'
80,he/she is leaving it behind (refers to a long object),present,ti32hs-i22y-a3',ti'hs-iiy-a/'
80,he/she is leaving it behind (refers to a long object),present_1sg,ti32hs-i22y-a3',ti'hs-iiy-a'
80,he/she is leaving it behind (refers to a long object),present_1sg,ti32hs-i22y-a3',ti'hs-iiy-a'
80,he/she is leaving it behind (refers to a long object),present_1sg,ti32hs-i22y-a3',ti'hs-iiy-a/'
80,he/she is leaving it behind (refers to a long object),imperfective,ti32hs-i22y-a32hsk,ti'hs-iiy-a'hsk
80,he/she is leaving it behind (refers to a long object),perfective,ti32hs-i22y-,ti'hs-iiy-
95,he/she is drawing a liquid out of a container,present,tl-i23h,tl-ii/h
95,he/she is drawing a liquid out of a container,present_1sg,tl-i3',tl-i'
95,he/she is drawing a liquid out of a container,present_1sg,tl-i3',tl-i'
95,he/she is drawing a liquid out of a container,present_1sg,tl-i3',tl-i/'
95,he/she is drawing a liquid out of a container,imperfective,tl-i23hsk,tl-ii/hsk
95,he/she is drawing a liquid out of a container,perfective,tl-v22h,tl-vvh
95,he/she is drawing a liquid out of a container,imperative,tl-a2,tl-a
95,he/she is drawing a liquid out of a container,infinitive,tl-v2ht,tl-vht
96,he/she is pouring a liquid into a container,present,tli32hst-i2h,tli'hst-ih
96,he/she is pouring a liquid into a container,present_1sg,tli32hst-i2h,tli'hst-ih
96,he/she is pouring a liquid into a container,imperfective,tli32hst-i22hsk,tli'hst-iihsk
96,he/she is pouring a liquid into a container,perfective,tli32hst-ha2n,tli'hst-han
112,it is shining (refers to sun or moon),present,ka33l-i2h,kaa'l-ih
112,it is shining (refers to sun or moon),present,ka33l-i2h,kaal'-ih
112,it is shining (refers to sun or moon),present,ka33l-i2h,kaa/l'-ih
112,it is shining (refers to sun or moon),imperfective,ka33l-i22hsk,kaa'l-iihsk
112,it is shining (refers to sun or moon),imperfective,ka33l-i22hsk,kaal'-iihsk
112,it is shining (refers to sun or moon),imperfective,ka33l-i22hsk,kaa/l-iihsk
112,it is shining (refers to sun or moon),imperfective,ka33l-i22hsk,kaa'/l-iihsk
112,it is shining (refers to sun or moon),imperfective,ka33l-i22hsk,kaa/l'-iihsk
112,it is shining (refers to sun or moon),perfective,ka33l-i22hs,kaa'l-iihs
112,it is shining (refers to sun or moon),perfective,ka33l-i22hs,kaal'-iihs
112,it is shining (refers to sun or moon),perfective,ka33l-i22hs,kaa/l-iihs
112,it is shining (refers to sun or moon),perfective,ka33l-i22hs,kaa'/l-iihs
112,it is shining (refers to sun or moon),perfective,ka33l-i22hs,kaa/l'-iihs
115,he/she is licking it,present,ka2n-a23t-i3',kan-aat-i'
115,he/she is licking it,present,ka2n-a23t-i3',kan-aat-ii'
115,he/she is licking it,present,ka2n-a23t-i3',kan-aat-i'
115,he/she is licking it,present,ka2n-a23t-i3',kan-aa/t-i'
115,he/she is licking it,present,ka2n-a23t-i3',kan-aa/t-i'
115,he/she is licking it,present,ka2n-a23t-i3',kan-aa/t-i/'
115,he/she is licking it,present_1sg,ka2n-a23t-i3',kan-aat-i'
115,he/she is licking it,present_1sg,ka2n-a23t-i3',kan-aat-ii'
115,he/she is licking it,present_1sg,ka2n-a23t-i3',kan-aat-i'
115,he/she is licking it,present_1sg,ka2n-a23t-i3',kan-aa/t-i'
115,he/she is licking it,present_1sg,ka2n-a23t-i3',kan-aa/t-i'
115,he/she is licking it,present_1sg,ka2n-a23t-i3',kan-aa/t-i/'
115,he/she is licking it,imperfective,ka2n-a23t-i32hsk,kan-aat-ii'hsk
115,he/she is licking it,imperfective,ka2n-a23t-i32hsk,kan-aat-i'hsk
115,he/she is licking it,imperfective,ka2n-a23t-i32hsk,kan-aa/t-i'hsk
115,he/she is licking it,perfective,ka2n-a33t-,kan-aa't-
115,he/she is licking it,perfective,ka2n-a33t-,kan-aat'-
115,he/she is licking it,perfective,ka2n-a33t-,kan-aa/t'-
115,he/she is licking it,imperative,ka2n-a23t-a2,kan-aa/t-a
115,he/she is licking it,infinitive,ka2n-a23t-i32hst,kan-aat-ii'hst
115,he/she is licking it,infinitive,ka2n-a23t-i32hst,kan-aat-i'hst
115,he/she is licking it,infinitive,ka2n-a23t-i32hst,kan-aa/t-i'hst
117,he/she is warming it,present,ka22na2wht-i3h,kaanawht-ih'
117,he/she is warming it,present,ka22na2wht-i3h,kaanawht-i/h
117,he/she is warming it,present,ka22na2wht-i3h,kaanawht-i/h'
117,he/she is warming it,imperfective,ka22na2wht-i23hsk,kaanawht-ii/hsk
117,he/she is warming it,perfective,ka22na2wht-ha2n,kaanawht-han
117,he/she is warming it,imperative,ka22na2wht-a2,kaanawht-a
117,he/she is warming it,infinitive,ka22na2wht-o3ht,kaanawht-oh't
117,he/she is warming it,infinitive,ka22na2wht-o3ht,kaanawht-o/ht
117,he/she is warming it,infinitive,ka22na2wht-o3ht,kaanawht-o/h't
118,it’s getting warm,present,ka22na2wo22-hsk,kaanawoo-hsk
118,it’s getting warm,imperfective,ka22na2wo22-hsk,kaanawoo-hsk
118,it’s getting warm,perfective,ka22na2wo22-hs,kaanawoo-hs
118,it’s getting warm,infinitive,ka22na2wo22-hi2hst,kaanawoo-hihst
127,he/she is eating it (refers to a single solid food),present,k-i3',k-i'
127,he/she is eating it (refers to a single solid food),present,k-i3',k-i'
127,he/she is eating it (refers to a single solid food),present,k-i3',k-i/'
127,he/she is eating it (refers to a single solid food),present_1sg,k-i3',k-i'
127,he/she is eating it (refers to a single solid food),present_1sg,k-i3',k-i'
127,he/she is eating it (refers to a single solid food),present_1sg,k-i3',k-i/'
127,he/she is eating it (refers to a single solid food),imperfective,k-i32hsk,k-i'hsk
127,he/she is eating it (refers to a single solid food),perfective,k-,k-
127,he/she is eating it (refers to a single solid food),imperative,k-a2,k-a
128,he/she is picking it up,present,-ki33',-kii'
128,he/she is picking it up,present,-ki33',-kii'
128,he/she is picking it up,present_1sg,-ki33',-kii'
128,he/she is picking it up,present_1sg,-ki33',-kii'
128,he/she is picking it up,imperfective,-ki33hsk,-kii'hsk
128,he/she is picking it up,imperfective,-ki33hsk,-kiih'sk
128,he/she is picking it up,imperfective,-ki33hsk,-kii/h'sk
128,he/she is picking it up,perfective,-ki33hs,-kii'hs
128,he/she is picking it up,perfective,-ki33hs,-kiih's
128,he/she is picking it up,perfective,-ki33hs,-kii/h's
128,he/she is picking it up,imperative,-ki2,-ki
133,he/she is chewing it,present,ki32hst-o2',ki'hst-o'
133,he/she is chewing it,present,ki32hst-o2',ki'hst-oo'
133,he/she is chewing it,present,ki32hst-o2',ki'hst-o'
133,he/she is chewing it,present_1sg,ki32hst-o2',ki'hst-o'
133,he/she is chewing it,present_1sg,ki32hst-o2',ki'hst-oo'
133,he/she is chewing it,present_1sg,ki32hst-o2',ki'hst-o'
133,he/she is chewing it,imperfective,ki32hst-o21hsk,ki'hst-oo'hsk
133,he/she is chewing it,imperfective,ki32hst-o21hsk,ki'hst-o'hsk
133,he/she is chewing it,perfective,ki32hst-o2',ki'hst-o'
133,he/she is chewing it,perfective,ki32hst-o2',ki'hst-oo'
133,he/she is chewing it,perfective,ki32hst-o2',ki'hst-o'
138,he/she is reading,present,ko22li23y-e3',koolii/y-e'
138,he/she is reading,present,ko22li23y-e3',koolii/y-e'
138,he/she is reading,present,ko22li23y-e3',koolii/y-e/'
138,he/she is reading,present_1sg,ko22li23y-e3',koolii/y-e'
138,he/she is reading,present_1sg,ko22li23y-e3',koolii/y-e'
138,he/she is reading,present_1sg,ko22li23y-e3',koolii/y-e/'
138,he/she is reading,imperfective,ko22li23y-e32hsk,koolii/y-e'hsk
138,he/she is reading,perfective,ko22li23y-e3',koolii/y-e'
138,he/she is reading,perfective,ko22li23y-e3',koolii/y-e'
138,he/she is reading,perfective,ko22li23y-e3',koolii/y-e/'
138,he/she is reading,imperative,ko22li23y-a2,koolii/y-a
138,he/she is reading,infinitive,ko22li23y-e32t,koolii/y-e't
145,he/she is showing it to him/her,present,ko2whthv2ht-i3h,kowhthvht-ih'
145,he/she is showing it to him/her,present,ko2whthv2ht-i3h,kowhthvht-i/h
145,he/she is showing it to him/her,present,ko2whthv2ht-i3h,kowhthvht-i/h'
145,he/she is showing it to him/her,imperfective,ko2whthv2ht-i23hsk,kowhthvht-ii/hsk
145,he/she is showing it to him/her,perfective,ko2whthv2ht-ha2n,kowhthvht-han
145,he/she is showing it to him/her,infinitive,ko2whthv2ht-o3ht,kowhthvht-oh't
145,he/she is showing it to him/her,infinitive,ko2whthv2ht-o3ht,kowhthvht-o/ht
145,he/she is showing it to him/her,infinitive,ko2whthv2ht-o3ht,kowhthvht-o/h't
149,he/she is chopping it up,imperfective,kv22ha2lu32y-hsk,kvvhalu'y-hsk
149,he/she is chopping it up,perfective,kv22ha2lu32y-h,kvvhalu'y-h
152,he/she is scolding him/her,present,kv22hsko23l-v32hsk,kvvhskoo/l-v'hsk
152,he/she is scolding him/her,imperfective,kv22hsko23l-v32hsk,kvvhskoo/l-v'hsk
152,he/she is scolding him/her,perfective,kv22hsko23l-v32n,kvvhskoo/l-v'n
152,he/she is scolding him/her,infinitive,kv22hsko23l-v32t,kvvhskoo/l-v't
155,he/she is diverting him/her,present,ha2lu23-ki3',haluu-ki'
155,he/she is diverting him/her,present,ha2lu23-ki3',haluu-kii'
155,he/she is diverting him/her,present,ha2lu23-ki3',haluu-ki'
155,he/she is diverting him/her,present,ha2lu23-ki3',haluu/-ki'
155,he/she is diverting him/her,present,ha2lu23-ki3',haluu/-ki'
155,he/she is diverting him/her,present,ha2lu23-ki3',haluu/-ki/'
155,he/she is diverting him/her,present_1sg,'a2lu23-ki3','aluu-ki'
155,he/she is diverting him/her,present_1sg,'a2lu23-ki3','aluu-kii'
155,he/she is diverting him/her,present_1sg,'a2lu23-ki3','aluu-ki'
155,he/she is diverting him/her,present_1sg,'a2lu23-ki3','aluu/-ki'
155,he/she is diverting him/her,present_1sg,'a2lu23-ki3','aluu/-ki'
155,he/she is diverting him/her,present_1sg,'a2lu23-ki3','aluu/-ki/'
155,he/she is diverting him/her,imperfective,ha2lu23-ki32hsk,haluu-kii'hsk
155,he/she is diverting him/her,imperfective,ha2lu23-ki32hsk,haluu-ki'hsk
155,he/she is diverting him/her,imperfective,ha2lu23-ki32hsk,haluu/-ki'hsk
155,he/she is diverting him/her,perfective,ha2lu23-ki32hs,haluu-kii'hs
155,he/she is diverting him/her,perfective,ha2lu23-ki32hs,haluu-ki'hs
155,he/she is diverting him/her,perfective,ha2lu23-ki32hs,haluu/-ki'hs
155,he/she is diverting him/her,imperative,'a2lu23-ki2,'aluu/-ki
155,he/she is diverting him/her,infinitive,ha2lu23-ki32hst,haluu-kii'hst
155,he/she is diverting him/her,infinitive,ha2lu23-ki32hst,haluu-ki'hst
155,he/she is diverting him/her,infinitive,ha2lu23-ki32hst,haluu/-ki'hst
158,he/she is smothering him/her,present,ha2wo33hst-i2h,hawoo'hst-ih
158,he/she is smothering him/her,present,ha2wo33hst-i2h,hawooh'st-ih
158,he/she is smothering him/her,present,ha2wo33hst-i2h,hawoo/h'st-ih
158,he/she is smothering him/her,present_1sg,'a2wo33hst-i2h,'awoo'hst-ih
158,he/she is smothering him/her,present_1sg,'a2wo33hst-i2h,'awooh'st-ih
158,he/she is smothering him/her,present_1sg,'a2wo33hst-i2h,'awoo/h'st-ih
158,he/she is smothering him/her,imperfective,ha2wo33hst-i22hsk,hawoo'hst-iihsk
158,he/she is smothering him/her,imperfective,ha2wo33hst-i22hsk,hawooh'st-iihsk
158,he/she is smothering him/her,imperfective,ha2wo33hst-i22hsk,hawoo/hst-iihsk
158,he/she is smothering him/her,imperfective,ha2wo33hst-i22hsk,hawoo'/hst-iihsk
158,he/she is smothering him/her,imperfective,ha2wo33hst-i22hsk,hawoo/h'st-iihsk
158,he/she is smothering him/her,perfective,ha2wo33hst-ha2n,hawoo'hst-han
158,he/she is smothering him/her,perfective,ha2wo33hst-ha2n,hawooh'st-han
158,he/she is smothering him/her,perfective,ha2wo33hst-ha2n,hawoo/h'st-han
160,he/she is handling it,present,h-i23t-o32h,h-iit-oo'h
160,he/she is handling it,present,h-i23t-o32h,h-iit-o'h
160,he/she is handling it,present,h-i23t-o32h,h-ii/t-o'h
160,he/she is handling it,present_1sg,'-i23t-o32h,'-iit-oo'h
160,he/she is handling it,present_1sg,'-i23t-o32h,'-iit-o'h
160,he/she is handling it,present_1sg,'-i23t-o32h,'-ii/t-o'h
160,he/she is handling it,imperfective,h-i23t-o32h,h-iit-oo'h
160,he/she is handling it,imperfective,h-i23t-o32h,h-iit-o'h
160,he/she is handling it,imperfective,h-i23t-o32h,h-ii/t-o'h
160,he/she is handling it,perfective,h-i23t-o32l,h-iit-oo'l
160,he/she is handling it,perfective,h-i23t-o32l,h-iit-o'l
160,he/she is handling it,perfective,h-i23t-o32l,h-ii/t-o'l
160,he/she is handling it,imperative,h-i23t-a2,h-ii/t-a
160,he/she is handling it,infinitive,h-i23t-a32hst,h-iit-aa'hst
160,he/she is handling it,infinitive,h-i23t-a32hst,h-iit-a'hst
160,he/she is handling it,infinitive,h-i23t-a32hst,h-ii/t-a'hst
165,he/she is leaving it behind,present,h-i22y-a3',h-iiy-a/'
165,he/she is leaving it behind,present_1sg,'-i22y-a3','-iiy-a/'
165,he/she is leaving it behind,perfective,h-i33y-,h-ii'y-
165,he/she is leaving it behind,perfective,h-i33y-,h-iiy'-
165,he/she is leaving it behind,perfective,h-i33y-,h-ii/y'-
165,he/she is leaving it behind,imperative,h-i23y-a2,h-ii/y-a
165,he/she is leaving it behind,infinitive,h-i23y-a32hst,h-iiy-aa'hst
165,he/she is leaving it behind,infinitive,h-i23y-a32hst,h-iiy-a'hst
165,he/she is leaving it behind,infinitive,h-i23y-a32hst,h-ii/y-a'hst
166,he/she is placing it on something,present,lha2-hv3hsk,lha-hvh'sk
166,he/she is placing it on something,present,lha2-hv3hsk,lha-hv/hsk
166,he/she is placing it on something,present,lha2-hv3hsk,lha-hv/h'sk
166,he/she is placing it on something,present_1sg,lha2-hv3hsk,lha-hvh'sk
166,he/she is placing it on something,present_1sg,lha2-hv3hsk,lha-hv/hsk
166,he/she is placing it on something,present_1sg,lha2-hv3hsk,lha-hv/h'sk
166,he/she is placing it on something,imperfective,lha2-hv3hsk,lha-hvh'sk
166,he/she is placing it on something,imperfective,lha2-hv3hsk,lha-hv/hsk
166,he/she is placing it on something,imperfective,lha2-hv3hsk,lha-hv/h'sk
166,he/she is placing it on something,perfective,lha2-nh,lha-nh
166,he/she is placing it on something,infinitive,lh-o2ht,lh-oht
182,he/she is beating him/her at a game,present,lho22-hsk,lhoo-hsk
182,he/she is beating him/her at a game,present_1sg,lho22-hsk,lhoo-hsk
182,he/she is beating him/her at a game,imperfective,lho22-hsk,lhoo-hsk
182,he/she is beating him/her at a game,perfective,lho22-hs,lhoo-hs
182,he/she is beating him/her at a game,imperative,lho23-hi2,lhoo/-hi
182,he/she is beating him/her at a game,infinitive,lho22-hi2hst,lhoo-hihst
200,he/she is putting it in liquid (refers to a long object),present,hu22-t-i3',huu-t-i/'
200,he/she is putting it in liquid (refers to a long object),present_1sg,'u22-t-i3','uu-t-i/'
200,he/she is putting it in liquid (refers to a long object),perfective,hu33-t-,huu'-t-
200,he/she is putting it in liquid (refers to a long object),perfective,hu33-t-,huu-t'-
200,he/she is putting it in liquid (refers to a long object),perfective,hu33-t-,huu/-t'-
200,he/she is putting it in liquid (refers to a long object),imperative,hu23-t-a2,huu/-t-a
200,he/she is putting it in liquid (refers to a long object),infinitive,hu23-t-i32hst,huu-t-ii'hst
200,he/she is putting it in liquid (refers to a long object),infinitive,hu23-t-i32hst,huu-t-i'hst
200,he/she is putting it in liquid (refers to a long object),infinitive,hu23-t-i32hst,huu/-t-i'hst
204,he/she is hitting him/her on the mouth,present,hu22l-v33n-i2h,huul-vvn-ih
204,he/she is hitting him/her on the mouth,present,hu22l-v33n-i2h,huul-vvn'-ih
204,he/she is hitting him/her on the mouth,present,hu22l-v33n-i2h,huul-vv/n'-ih
204,he/she is hitting him/her on the mouth,present_1sg,'u22l-v33n-i2h,'uul-vvn-ih
204,he/she is hitting him/her on the mouth,present_1sg,'u22l-v33n-i2h,'uul-vvn'-ih
204,he/she is hitting him/her on the mouth,present_1sg,'u22l-v33n-i2h,'uul-vv/n'-ih
204,he/she is hitting him/her on the mouth,imperfective,hu22l-v33n-i2h,huul-vvn-ih
204,he/she is hitting him/her on the mouth,imperfective,hu22l-v33n-i2h,huul-vvn'-ih
204,he/she is hitting him/her on the mouth,imperfective,hu22l-v33n-i2h,huul-vv/n'-ih
204,he/she is hitting him/her on the mouth,perfective,hu22l-v23n-i32l,huul-vv/n-i'l
204,he/she is hitting him/her on the mouth,infinitive,hu22l-v23n-i32hst,huul-vv/n-i'hst
205,he/she is moving it from one place to another,present,h-v33',h-vv'
205,he/she is moving it from one place to another,present,h-v33',h-vv'
205,he/she is moving it from one place to another,present_1sg,'-v33','-vv'
205,he/she is moving it from one place to another,present_1sg,'-v33','-vv'
205,he/she is moving it from one place to another,imperfective,h-v33hsk,h-vv'hsk
205,he/she is moving it from one place to another,imperfective,h-v33hsk,h-vvh'sk
205,he/she is moving it from one place to another,imperfective,h-v33hsk,h-vv/h'sk
205,he/she is moving it from one place to another,perfective,h-v33hs,h-vv'hs
205,he/she is moving it from one place to another,perfective,h-v33hs,h-vvh's
205,he/she is moving it from one place to another,perfective,h-v33hs,h-vv/h's
206,he/she is setting it down,present,-hv3hsk,-hvh'sk
206,he/she is setting it down,present,-hv3hsk,-hv/hsk
206,he/she is setting it down,present,-hv3hsk,-hv/h'sk
206,he/she is setting it down,present_1sg,-'v3hsk,-'vh'sk
206,he/she is setting it down,present_1sg,-'v3hsk,-'v/hsk
206,he/she is setting it down,present_1sg,-'v3hsk,-'v/h'sk
206,he/she is setting it down,imperfective,-hv2hsk,-hvhsk
206,he/she is setting it down,perfective,-nh,-nh
206,he/she is setting it down,infinitive,-ht,-ht
207,he/she is finding him/her,present,wha2hth-i3h,whahth-ih'
207,he/she is finding him/her,present,wha2hth-i3h,whahth-i/h
207,he/she is finding him/her,present,wha2hth-i3h,whahth-i/h'
207,he/she is finding him/her,present_1sg,wa2hth-i3h,wahth-ih'
207,he/she is finding him/her,present_1sg,wa2hth-i3h,wahth-i/h
207,he/she is finding him/her,present_1sg,wa2hth-i3h,wahth-i/h'
207,he/she is finding him/her,imperfective,wha2hth-i23hsk,whahth-ii/hsk
207,he/she is finding him/her,perfective,wha2hth-v22h,whahth-vvh
207,he/she is finding him/her,imperative,wa2hth-a2,wahth-a
207,he/she is finding him/her,infinitive,wha2hth-v2ht,whahth-vht
208,he/she is visiting him/her,present,wha2hthv22h-i23t-o32h,whahthvvh-ii/t-o'h
208,he/she is visiting him/her,present_1sg,wa2hthv22h-i23t-o32h,wahthvvh-ii/t-o'h
208,he/she is visiting him/her,imperfective,wha2hthv22h-i23t-o32h,whahthvvh-ii/t-o'h
208,he/she is visiting him/her,perfective,wha2hthv22h-i23t-o32l,whahthvvh-ii/t-o'l
208,he/she is visiting him/her,imperative,wa2hthv22h-i23t-a2,wahthvvh-ii/t-a
208,he/she is visiting him/her,infinitive,wha2hthv22h-i23t-a32hst,whahthvvh-ii/t-a'hst
210,he/she is planting it,present,whi2-hsk,whi-hsk
210,he/she is planting it,present_1sg,wi2-hsk,wi-hsk
210,he/she is planting it,imperfective,whi2-hsk,whi-hsk
210,he/she is planting it,perfective,whi2-hs,whi-hs
210,he/she is planting it,imperative,whi2-,whi-
210,he/she is planting it,infinitive,whi2-hst,whi-hst
215,he/she is calling him/her,present,yha2n-i3h,yhan-ih'
215,he/she is calling him/her,present,yha2n-i3h,yhan-i/h
215,he/she is calling him/her,present,yha2n-i3h,yhan-i/h'
215,he/she is calling him/her,present_1sg,ya2n-i3h,yan-ih'
215,he/she is calling him/her,present_1sg,ya2n-i3h,yan-i/h
215,he/she is calling him/her,present_1sg,ya2n-i3h,yan-i/h'
215,he/she is calling him/her,imperfective,yha2n-i23hsk,yhan-ii/hsk
215,he/she is calling him/her,perfective,yha2n-v22h,yhan-vvh
215,he/she is calling him/her,imperative,ya2n-a2,yan-a
215,he/she is calling him/her,infinitive,yha2n-ht,yhan-ht
216,he/she is taking it somewhere by hand,present,yh-e33k,yh-ee'k
216,he/she is taking it somewhere by hand,present,yh-e33k,yh-eek'
216,he/she is taking it somewhere by hand,present,yh-e33k,yh-ee/k'
216,he/she is taking it somewhere by hand,present_1sg,y-e33k,y-ee'k
216,he/she is taking it somewhere by hand,present_1sg,y-e33k,y-eek'
216,he/she is taking it somewhere by hand,present_1sg,y-e33k,y-ee/k'
216,he/she is taking it somewhere by hand,imperfective,yh-e33k,yh-ee'k
216,he/she is taking it somewhere by hand,imperfective,yh-e33k,yh-eek'
216,he/she is taking it somewhere by hand,imperfective,yh-e33k,yh-ee/k'
216,he/she is taking it somewhere by hand,perfective,yh-v33hs,yh-vv'hs
216,he/she is taking it somewhere by hand,perfective,yh-v33hs,yh-vvh's
216,he/she is taking it somewhere by hand,perfective,yh-v33hs,yh-vv/h's
218,he/she is quilting it,present,yhe2hka2l-hv3hsk,yhehkal-hvh'sk
218,he/she is quilting it,present,yhe2hka2l-hv3hsk,yhehkal-hv/hsk
218,he/she is quilting it,present,yhe2hka2l-hv3hsk,yhehkal-hv/h'sk
218,he/she is quilting it,present_1sg,ye2hka2l-hv3hsk,yehkal-hvh'sk
218,he/she is quilting it,present_1sg,ye2hka2l-hv3hsk,yehkal-hv/hsk
218,he/she is quilting it,present_1sg,ye2hka2l-hv3hsk,yehkal-hv/h'sk
218,he/she is quilting it,imperfective,yhe2hka2l-hv3hsk,yhehkal-hvh'sk
218,he/she is quilting it,imperfective,yhe2hka2l-hv3hsk,yhehkal-hv/hsk
218,he/she is quilting it,imperfective,yhe2hka2l-hv3hsk,yhehkal-hv/h'sk
218,he/she is quilting it,perfective,yhe2hka2l-ha3n,yhehkal-han'
218,he/she is quilting it,perfective,yhe2hka2l-ha3n,yhehkal-ha/n
218,he/she is quilting it,perfective,yhe2hka2l-ha3n,yhehkal-ha/n'
218,he/she is quilting it,infinitive,yhe2hka2l-ht,yhehkal-ht
219,he/she is making an incision,present,yhe23l-ho3h,yheel-hoh'
219,he/she is making an incision,present,yhe23l-ho3h,yheel-ho/h'
219,he/she is making an incision,present,yhe23l-ho3h,yhee/l-hoh'
219,he/she is making an incision,present,yhe23l-ho3h,yhee/l-ho/h
219,he/she is making an incision,present,yhe23l-ho3h,yhee/l-ho/h'
219,he/she is making an incision,present_1sg,ye23l-ho3h,yeel-hoh'
219,he/she is making an incision,present_1sg,ye23l-ho3h,yeel-ho/h'
219,he/she is making an incision,present_1sg,ye23l-ho3h,yee/l-hoh'
219,he/she is making an incision,present_1sg,ye23l-ho3h,yee/l-ho/h
219,he/she is making an incision,present_1sg,ye23l-ho3h,yee/l-ho/h'
219,he/she is making an incision,imperfective,yhe23l-ho3h,yheel-hoh'
219,he/she is making an incision,imperfective,yhe23l-ho3h,yheel-ho/h'
219,he/she is making an incision,imperfective,yhe23l-ho3h,yhee/l-hoh'
219,he/she is making an incision,imperfective,yhe23l-ho3h,yhee/l-ho/h
219,he/she is making an incision,imperfective,yhe23l-ho3h,yhee/l-ho/h'
219,he/she is making an incision,perfective,yhe23l-ha3l,yheel-hal'
219,he/she is making an incision,perfective,yhe23l-ha3l,yheel-ha/l'
219,he/she is making an incision,perfective,yhe23l-ha3l,yhee/l-hal'
219,he/she is making an incision,perfective,yhe23l-ha3l,yhee/l-ha/l
219,he/she is making an incision,perfective,yhe23l-ha3l,yhee/l-ha/l'
219,he/she is making an incision,imperative,ye22l-a2ka2,yeel-aka
219,he/she is making an incision,infinitive,yhe23l-hst,yhee/l-hst
220,he/she is imitating him/her,present,yhe22l-i33',yheel-ii'
220,he/she is imitating him/her,present,yhe22l-i33',yheel-ii'
220,he/she is imitating him/her,present_1sg,ye22l-i33',yeel-ii'
220,he/she is imitating him/her,present_1sg,ye22l-i33',yeel-ii'
220,he/she is imitating him/her,imperfective,yhe22l-i33hsk,yheel-iihsk
220,he/she is imitating him/her,imperfective,yhe22l-i33hsk,yheel-iih'sk
220,he/she is imitating him/her,imperfective,yhe22l-i33hsk,yheel-ii/h'sk
220,he/she is imitating him/her,perfective,yhe22l-i33hs,yheel-iihs
220,he/she is imitating him/her,perfective,yhe22l-i33hs,yheel-iih's
220,he/she is imitating him/her,perfective,yhe22l-i33hs,yheel-ii/h's
220,he/she is imitating him/her,imperative,ye23l-a2,yee/l-a
222,he/she is looking for him/her,present,y-ho3h,y-hoh'
222,he/she is looking for him/her,present,y-ho3h,y-ho/h
222,he/she is looking for him/her,present,y-ho3h,y-ho/h'
222,he/she is looking for him/her,present_1sg,y-o3h,y-oh'
222,he/she is looking for him/her,present_1sg,y-o3h,y-o/h
222,he/she is looking for him/her,present_1sg,y-o3h,y-o/h'
222,he/she is looking for him/her,imperfective,y-ho2h,y-hoh
222,he/she is looking for him/her,perfective,y-ha2l,y-hal
222,he/she is looking for him/her,imperative,y-hka2,y-hka
222,he/she is looking for him/her,infinitive,y-hst,y-hst
224,it’s thundering,present,yhv22ta2kwa2l-o3',yhvvtakwal-o'
224,it’s thundering,present,yhv22ta2kwa2l-o3',yhvvtakwal-o'
224,it’s thundering,present,yhv22ta2kwa2l-o3',yhvvtakwal-o/'
224,it’s thundering,perfective,yhv22ta2kwa2l-o3',yhvvtakwal-o'
224,it’s thundering,perfective,yhv22ta2kwa2l-o3',yhvvtakwal-o'
224,it’s thundering,perfective,yhv22ta2kwa2l-o3',yhvvtakwal-o/'
232,he/she is capturing him/her,imperative,yv22khi23-t-a2,yvvkhii/-t-a
234,he/she is choking him/her,imperative,yv2hski23y-a2,yvhskii/y-a
234,he/she is choking him/her,infinitive,yhv2hski23y-ht,yhvhskii/y-ht
253,he/she is lighting a fire,present,tsi33hsl-hv22hsk,tsii'hsl-hvvhsk
253,he/she is lighting a fire,present,tsi33hsl-hv22hsk,tsiih'sl-hvvhsk
253,he/she is lighting a fire,present,tsi33hsl-hv22hsk,tsii/hsl-hvvhsk
253,he/she is lighting a fire,present,tsi33hsl-hv22hsk,tsii'/hsl-hvvhsk
253,he/she is lighting a fire,present,tsi33hsl-hv22hsk,tsii/h'sl-hvvhsk
253,he/she is lighting a fire,present_1sg,tsi33hsl-hv2hsk,tsii'hsl-hvhsk
253,he/she is lighting a fire,present_1sg,tsi33hsl-hv2hsk,tsiih'sl-hvhsk
253,he/she is lighting a fire,present_1sg,tsi33hsl-hv2hsk,tsii/h'sl-hvhsk
253,he/she is lighting a fire,imperfective,tsi33hsl-hv2hsk,tsii'hsl-hvhsk
253,he/she is lighting a fire,imperfective,tsi33hsl-hv2hsk,tsiih'sl-hvhsk
253,he/she is lighting a fire,imperfective,tsi33hsl-hv2hsk,tsii/h'sl-hvhsk
253,he/she is lighting a fire,perfective,tsi33hsl-ha2n,tsii'hsl-han
253,he/she is lighting a fire,perfective,tsi33hsl-ha2n,tsiih'sl-han
253,he/she is lighting a fire,perfective,tsi33hsl-ha2n,tsii/h'sl-han
255,he/she is turning on a light,present,tsv22hst-hv3hsk,tsvvhst-hv/hsk
255,he/she is turning on a light,imperfective,tsv22hst-hv3hsk,tsvvhst-hv/hsk
255,he/she is turning on a light,perfective,tsv22hst-ha3n,tsvvhst-ha/n
255,he/she is turning on a light,infinitive,tsv22hst-hv3hst,tsvvhst-hv/hst
259,he/she is chasing him/her,present,khe23h-e32k,kheeh-ee'k
259,he/she is chasing him/her,present,khe23h-e32k,kheeh-e'k
259,he/she is chasing him/her,present,khe23h-e32k,khee/h-e'k
259,he/she is chasing him/her,present_1sg,khe23h-e32k,kheeh-ee'k
259,he/she is chasing him/her,present_1sg,khe23h-e32k,kheeh-e'k
259,he/she is chasing him/her,present_1sg,khe23h-e32k,khee/h-e'k
259,he/she is chasing him/her,imperfective,khe23h-e32k,kheeh-ee'k
259,he/she is chasing him/her,imperfective,khe23h-e32k,kheeh-e'k
259,he/she is chasing him/her,imperfective,khe23h-e32k,khee/h-e'k
259,he/she is chasing him/her,perfective,khe23h-v32hs,kheeh-vv'hs
259,he/she is chasing him/her,perfective,khe23h-v32hs,kheeh-v'hs
259,he/she is chasing him/her,perfective,khe23h-v32hs,khee/h-v'hs
259,he/she is chasing him/her,infinitive,khe23h-v32hst,kheeh-vv'hst
259,he/she is chasing him/her,infinitive,khe23h-v32hst,kheeh-v'hst
259,he/she is chasing him/her,infinitive,khe23h-v32hst,khee/h-v'hst
263,he/she is swallowing it,present,khi2-hsk,khi-hsk
263,he/she is swallowing it,present_1sg,'ki2-hsk,'ki-hsk
263,he/she is swallowing it,imperfective,khi2-hsk,khi-hsk
263,he/she is swallowing it,perfective,khi2-hs,khi-hs
263,he/she is swallowing it,imperative,khi2-hi2,khi-hi
263,he/she is swallowing it,infinitive,khi2-hi2hst,khi-hihst
266,he/she is shovelling it,present,kho23t-e3',khoot-e'
266,he/she is shovelling it,present,kho23t-e3',khoot-ee'
266,he/she is shovelling it,present,kho23t-e3',khoot-e'
266,he/she is shovelling it,present,kho23t-e3',khoo/t-e'
266,he/she is shovelling it,present,kho23t-e3',khoo/t-e'
266,he/she is shovelling it,present,kho23t-e3',khoo/t-e/'
266,he/she is shovelling it,present_1sg,kho23t-e3',khoot-e'
266,he/she is shovelling it,present_1sg,kho23t-e3',khoot-ee'
266,he/she is shovelling it,present_1sg,kho23t-e3',khoot-e'
266,he/she is shovelling it,present_1sg,kho23t-e3',khoo/t-e'
266,he/she is shovelling it,present_1sg,kho23t-e3',khoo/t-e'
266,he/she is shovelling it,present_1sg,kho23t-e3',khoo/t-e/'
266,he/she is shovelling it,imperfective,kho23t-e32hsk,khoot-ee'hsk
266,he/she is shovelling it,imperfective,kho23t-e32hsk,khoot-e'hsk
266,he/she is shovelling it,imperfective,kho23t-e32hsk,khoo/t-e'hsk
266,he/she is shovelling it,perfective,kho23t-e32hs,khoot-ee'hs
266,he/she is shovelling it,perfective,kho23t-e32hs,khoot-e'hs
266,he/she is shovelling it,perfective,kho23t-e32hs,khoo/t-e'hs
266,he/she is shovelling it,imperative,kho22t-a2ki2,khoot-aki
266,he/she is shovelling it,infinitive,kho23t-e32hst,khoot-ee'hst
266,he/she is shovelling it,infinitive,kho23t-e32hst,khoot-e'hst
266,he/she is shovelling it,infinitive,kho23t-e32hst,khoo/t-e'hst
270,he/she is going down-hill,present,khso3-hsk,khso-h'sk
270,he/she is going down-hill,present,khso3-hsk,khso/-hsk
270,he/she is going down-hill,present,khso3-hsk,khso/-h'sk
270,he/she is going down-hill,imperfective,khso3-hsk,khso-h'sk
270,he/she is going down-hill,imperfective,khso3-hsk,khso/-hsk
270,he/she is going down-hill,imperfective,khso3-hsk,khso/-h'sk
270,he/she is going down-hill,perfective,khso3-hs,khso-h's
270,he/she is going down-hill,perfective,khso3-hs,khso/-hs
270,he/she is going down-hill,perfective,khso3-hs,khso/-h's
273,he/she knows how,present,khtha2-h,khtha-h
273,he/she knows how,imperfective,khtha2-h,khtha-h
278,he/she is hitting him/her on the eye,infinitive,khthe22lu2-ht,khtheelu-ht
280,he/she is looking around,present,khthe33n-o2h,khthee'n-oh
280,he/she is looking around,present,khthe33n-o2h,khtheen'-oh
280,he/she is looking around,present,khthe33n-o2h,khthee/n'-oh
280,he/she is looking around,imperfective,khthe33n-o2h,khthee'n-oh
280,he/she is looking around,imperfective,khthe33n-o2h,khtheen'-oh
280,he/she is looking around,imperfective,khthe33n-o2h,khthee/n'-oh
280,he/she is looking around,perfective,khthe23n-o32l,khtheen-oo'l
280,he/she is looking around,perfective,khthe23n-o32l,khtheen-o'l
280,he/she is looking around,perfective,khthe23n-o32l,khthee/n-o'l
280,he/she is looking around,imperative,khthe22n-a2ka2,khtheen-aka
280,he/she is looking around,infinitive,khthe23n-a32hst,khtheen-aa'hst
280,he/she is looking around,infinitive,khthe23n-a32hst,khtheen-a'hst
280,he/she is looking around,infinitive,khthe23n-a32hst,khthee/n-a'hst
290,he/she is going through it,present,khthv33le22-hsk,khthvv'lee-hsk
290,he/she is going through it,present,khthv33le22-hsk,khthvvl'ee-hsk
290,he/she is going through it,imperfective,khthv33le22-hsk,khthvv'lee-hsk
290,he/she is going through it,imperfective,khthv33le22-hsk,khthvvl'ee-hsk
290,he/she is going through it,perfective,khthv33le22-hs,khthvv'lee-hs
290,he/she is going through it,perfective,khthv33le22-hs,khthvvl'ee-hs
290,he/she is going through it,imperative,khthv22le23-hi2,khthvvlee/-hi
290,he/she is going through it,infinitive,khthv22le23-hi3hst,khthvvlee/-hih'st
290,he/she is going through it,infinitive,khthv22le23-hi3hst,khthvvlee/-hi/hst
290,he/she is going through it,infinitive,khthv22le23-hi3hst,khthvvlee/-hi/h'st
291,he/she is dipping liquid,present,khu23-ki3',khuu-ki'
291,he/she is dipping liquid,present,khu23-ki3',khuu-kii'
291,he/she is dipping liquid,present,khu23-ki3',khuu-ki'
291,he/she is dipping liquid,present,khu23-ki3',khuu/-ki'
291,he/she is dipping liquid,present,khu23-ki3',khuu/-ki'
291,he/she is dipping liquid,present,khu23-ki3',khuu/-ki/'
291,he/she is dipping liquid,present_1sg,'ku23-ki3','kuu-ki'
291,he/she is dipping liquid,present_1sg,'ku23-ki3','kuu-kii'
291,he/she is dipping liquid,present_1sg,'ku23-ki3','kuu-ki'
291,he/she is dipping liquid,present_1sg,'ku23-ki3','kuu/-ki'
291,he/she is dipping liquid,present_1sg,'ku23-ki3','kuu/-ki'
291,he/she is dipping liquid,present_1sg,'ku23-ki3','kuu/-ki/'
291,he/she is dipping liquid,imperfective,khu23-ki32hsk,khuu-kii'hsk
291,he/she is dipping liquid,imperfective,khu23-ki32hsk,khuu-ki'hsk
291,he/she is dipping liquid,imperfective,khu23-ki32hsk,khuu/-ki'hsk
291,he/she is dipping liquid,perfective,khu23-ki32hs,khuu-kii'hs
291,he/she is dipping liquid,perfective,khu23-ki32hs,khuu-ki'hs
291,he/she is dipping liquid,perfective,khu23-ki32hs,khuu/-ki'hs
291,he/she is dipping liquid,imperative,khu23-ki2,khuu/-ki
291,he/she is dipping liquid,infinitive,khu23-ki32hst,khuu-kii'hst
291,he/she is dipping liquid,infinitive,khu23-ki32hst,khuu-ki'hst
291,he/she is dipping liquid,infinitive,khu23-ki32hst,khuu/-ki'hst
366,they are asleep (refers to more than two),present,lhi3n-,lhin'-
366,they are asleep (refers to more than two),present,lhi3n-,lhi/n-
366,they are asleep (refers to more than two),present,lhi3n-,lhi/n'-
366,they are asleep (refers to more than two),present_1sg,lhi3n-,lhin'-
366,they are asleep (refers to more than two),present_1sg,lhi3n-,lhi/n-
366,they are asleep (refers to more than two),present_1sg,lhi3n-,lhi/n'-
366,they are asleep (refers to more than two),imperfective,lhi3n-,lhin'-
366,they are asleep (refers to more than two),imperfective,lhi3n-,lhi/n-
366,they are asleep (refers to more than two),imperfective,lhi3n-,lhi/n'-
373,he/she is setting a trap,present,hsa2t-v32hsk,hsat-v'hsk
373,he/she is setting a trap,present_1sg,hsa2t-v32hsk,hsat-v'hsk
373,he/she is setting a trap,imperfective,hsa2t-v32hsk,hsat-v'hsk
373,he/she is setting a trap,perfective,hsa2t-v32n,hsat-v'n
374,he/she is lifting him/her,present,hsa2la2t-i3',hsalat-i'
374,he/she is lifting him/her,present,hsa2la2t-i3',hsalat-i'
374,he/she is lifting him/her,present,hsa2la2t-i3',hsalat-i/'
374,he/she is lifting him/her,present_1sg,hsa2la2t-i3',hsalat-i'
374,he/she is lifting him/her,present_1sg,hsa2la2t-i3',hsalat-i'
374,he/she is lifting him/her,present_1sg,hsa2la2t-i3',hsalat-i/'
374,he/she is lifting him/her,imperfective,hsa2la2t-i32hsk,hsalat-i'hsk
374,he/she is lifting him/her,perfective,hsa2la2t-a32n,hsalat-a'n
377,he/she is making it crisp,present,hsta2ka2yht-i3h,hstakayht-ih'
377,he/she is making it crisp,present,hsta2ka2yht-i3h,hstakayht-i/h
377,he/she is making it crisp,present,hsta2ka2yht-i3h,hstakayht-i/h'
377,he/she is making it crisp,present_1sg,hsta2ka2yht-i3h,hstakayht-ih'
377,he/she is making it crisp,present_1sg,hsta2ka2yht-i3h,hstakayht-i/h
377,he/she is making it crisp,present_1sg,hsta2ka2yht-i3h,hstakayht-i/h'
377,he/she is making it crisp,imperfective,hsta2ka2yht-i23hsk,hstakayht-ii/hsk
377,he/she is making it crisp,perfective,hsta2ka2yht-ha3n,hstakayht-han'
377,he/she is making it crisp,perfective,hsta2ka2yht-ha3n,hstakayht-ha/n
377,he/she is making it crisp,perfective,hsta2ka2yht-ha3n,hstakayht-ha/n'
377,he/she is making it crisp,imperative,hsta2ka2yht-a2,hstakayht-a
377,he/she is making it crisp,infinitive,hsta2ka2yht-o3ht,hstakayht-oh't
377,he/she is making it crisp,infinitive,hsta2ka2yht-o3ht,hstakayht-o/ht
377,he/she is making it crisp,infinitive,hsta2ka2yht-o3ht,hstakayht-o/h't
378,it’s becoming crisp,present,hsta2ka2yv22-hi3h,hstakayvv-hi/h
378,it’s becoming crisp,imperfective,hsta2ka2yv22-hi2h,hstakayvv-hih
378,it’s becoming crisp,perfective,hsta2ka2yv22-lh,hstakayvv-lh
380,he/she is drawing a line,present,hsta2nv22n-hv3hsk,hstanvvn-hv/hsk
380,he/she is drawing a line,present_1sg,hsta2nv22n-hv3hsk,hstanvvn-hv/hsk
380,he/she is drawing a line,imperfective,hsta2nv22n-hv3hsk,hstanvvn-hv/hsk
380,he/she is drawing a line,perfective,hsta2nv22n-ha3n,hstanvvn-ha/n
380,he/she is drawing a line,infinitive,hsta2nv2n-ht,hstanvn-ht
381,he/she is following him/her,present,hsta32wa2t-e33k,hsta'wat-ee'k
381,he/she is following him/her,present,hsta32wa2t-e33k,hsta'wat-eek'
381,he/she is following him/her,present,hsta32wa2t-e33k,hsta'wat-ee/k'
381,he/she is following him/her,present_1sg,hsta32wa2t-e33k,hsta'wat-ee'k
381,he/she is following him/her,present_1sg,hsta32wa2t-e33k,hsta'wat-eek'
381,he/she is following him/her,present_1sg,hsta32wa2t-e33k,hsta'wat-ee/k'
381,he/she is following him/her,imperfective,hsta32wa2t-e33k,hsta'wat-ee'k
381,he/she is following him/her,imperfective,hsta32wa2t-e33k,hsta'wat-eek'
381,he/she is following him/her,imperfective,hsta32wa2t-e33k,hsta'wat-ee/k'
381,he/she is following him/her,perfective,hsta32wa2t-v33hs,hsta'wat-vv'hs
381,he/she is following him/her,perfective,hsta32wa2t-v33hs,hsta'wat-vvh's
381,he/she is following him/her,perfective,hsta32wa2t-v33hs,hsta'wat-vv/h's
382,he/she is helping him/her,present,hste22l-i3h,hsteel-i/h
382,he/she is helping him/her,present_1sg,hste22l-i3h,hsteel-i/h
382,he/she is helping him/her,imperfective,hste22l-i23hsk,hsteel-ii/hsk
382,he/she is helping him/her,imperative,hste23l-a2,hstee/l-a
382,he/she is helping him/her,infinitive,hste2l-ht,hstel-ht
383,he/she is braiding it,present,hste33y-o2h,hstee'y-oh
383,he/she is braiding it,present,hste33y-o2h,hsteey'-oh
383,he/she is braiding it,present,hste33y-o2h,hstee/y'-oh
383,he/she is braiding it,present_1sg,hste33y-o2h,hstee'y-oh
383,he/she is braiding it,present_1sg,hste33y-o2h,hsteey'-oh
383,he/she is braiding it,present_1sg,hste33y-o2h,hstee/y'-oh
383,he/she is braiding it,imperfective,hste33y-o2h,hstee'y-oh
383,he/she is braiding it,imperfective,hste33y-o2h,hsteey'-oh
383,he/she is braiding it,imperfective,hste33y-o2h,hstee/y'-oh
383,he/she is braiding it,perfective,hste23y-o32l,hsteey-oo'l
383,he/she is braiding it,perfective,hste23y-o32l,hsteey-o'l
383,he/she is braiding it,perfective,hste23y-o32l,hstee/y-o'l
383,he/she is braiding it,imperative,hste22y-a2ka2,hsteey-aka
383,he/she is braiding it,infinitive,hste23y-o32t,hsteey-oo't
383,he/she is braiding it,infinitive,hste23y-o32t,hsteey-o't
383,he/she is braiding it,infinitive,hste23y-o32t,hstee/y-o't
384,he/she is eating it (refers to a long object),present,hsti23k-i3',hstiik-i'
384,he/she is eating it (refers to a long object),present,hsti23k-i3',hstiik-ii'
384,he/she is eating it (refers to a long object),present,hsti23k-i3',hstiik-i'
384,he/she is eating it (refers to a long object),present,hsti23k-i3',hstii/k-i'
384,he/she is eating it (refers to a long object),present,hsti23k-i3',hstii/k-i'
384,he/she is eating it (refers to a long object),present,hsti23k-i3',hstii/k-i/'
384,he/she is eating it (refers to a long object),present_1sg,hsti23k-i3',hstiik-i'
384,he/she is eating it (refers to a long object),present_1sg,hsti23k-i3',hstiik-ii'
384,he/she is eating it (refers to a long object),present_1sg,hsti23k-i3',hstiik-i'
384,he/she is eating it (refers to a long object),present_1sg,hsti23k-i3',hstii/k-i'
384,he/she is eating it (refers to a long object),present_1sg,hsti23k-i3',hstii/k-i'
384,he/she is eating it (refers to a long object),present_1sg,hsti23k-i3',hstii/k-i/'
384,he/she is eating it (refers to a long object),imperfective,hsti23k-i32hsk,hstiik-ii'hsk
384,he/she is eating it (refers to a long object),imperfective,hsti23k-i32hsk,hstiik-i'hsk
384,he/she is eating it (refers to a long object),imperfective,hsti23k-i32hsk,hstii/k-i'hsk
384,he/she is eating it (refers to a long object),perfective,hsti33k-,hstii'k-
384,he/she is eating it (refers to a long object),perfective,hsti33k-,hstiik'-
384,he/she is eating it (refers to a long object),perfective,hsti33k-,hstii/k'-
384,he/she is eating it (refers to a long object),imperative,hsti23k-a2,hstii/k-a
384,he/she is eating it (refers to a long object),infinitive,hsti23k-i32hst,hstiik-ii'hst
384,he/she is eating it (refers to a long object),infinitive,hsti23k-i32hst,hstiik-i'hst
384,he/she is eating it (refers to a long object),infinitive,hsti23k-i32hst,hstii/k-i'hst
386,he/she is crushing it,present,hst-o33',hst-oo'
386,he/she is crushing it,present,hst-o33',hst-oo'
386,he/she is crushing it,present_1sg,hst-o33',hst-oo'
386,he/she is crushing it,present_1sg,hst-o33',hst-oo'
386,he/she is crushing it,imperfective,hst-o33hsk,hst-oo'hsk
386,he/she is crushing it,imperfective,hst-o33hsk,hst-ooh'sk
386,he/she is crushing it,imperfective,hst-o33hsk,hst-oo/h'sk
386,he/she is crushing it,perfective,hst-o33',hst-oo'
386,he/she is crushing it,perfective,hst-o33',hst-oo'
388,he/she is trimming it (refers to hair‚ grass‚ hedge; but not paper‚ cloth),present,hsto22y-e3h,hstooy-e/h
388,he/she is trimming it (refers to hair‚ grass‚ hedge; but not paper‚ cloth),present_1sg,hsto22y-e3h,hstooy-e/h
388,he/she is trimming it (refers to hair‚ grass‚ hedge; but not paper‚ cloth),imperfective,hsto22y-e23hsk,hstooy-ee/hsk
388,he/she is trimming it (refers to hair‚ grass‚ hedge; but not paper‚ cloth),perfective,hsto22y-e23h,hstooy-ee/h
388,he/she is trimming it (refers to hair‚ grass‚ hedge; but not paper‚ cloth),imperative,hsto23y-a2,hstoo/y-a
388,he/she is trimming it (refers to hair‚ grass‚ hedge; but not paper‚ cloth),infinitive,hsto2y-ht,hstoy-ht
390,he/she is opening it,imperfective,hstu3-'i21hsk,hstu/-'ii'hsk
390,he/she is opening it,perfective,hstu3-'i21hs,hstu/-'ii'hs
390,he/she is opening it,imperative,hstu2-'i2,hstu-'i
392,he/she is sandwiching it,present,hstv23ha3l-hv2hsk,hstvvhal'-hvhsk
392,he/she is sandwiching it,present,hstv23ha3l-hv2hsk,hstvvha/l'-hvhsk
392,he/she is sandwiching it,present_1sg,hstv23ha3l-hv2hsk,hstvvhal'-hvhsk
392,he/she is sandwiching it,present_1sg,hstv23ha3l-hv2hsk,hstvvha/l'-hvhsk
392,he/she is sandwiching it,imperfective,hstv23ha3l-hv2hsk,hstvvhal'-hvhsk
392,he/she is sandwiching it,imperfective,hstv23ha3l-hv2hsk,hstvvha/l'-hvhsk
392,he/she is sandwiching it,perfective,hstv23ha3l-ha2n,hstvvhal'-han
392,he/she is sandwiching it,perfective,hstv23ha3l-ha2n,hstvvha/l'-han
392,he/she is sandwiching it,infinitive,hstv23ha3l-ht,hstvvhal'-ht
392,he/she is sandwiching it,infinitive,hstv23ha3l-ht,hstvvha/l'-ht
400,he/she is reprimanding him/her,present,hska32-k,hska'-k
400,he/she is reprimanding him/her,present_1sg,hska32-k,hska'-k
400,he/she is reprimanding him/her,imperfective,hska32-k,hska'-k
400,he/she is reprimanding him/her,perfective,hska32-ts,hska'-ts
405,he/she is committing a crime,present,hska2nv32-k,hskanv'-k
405,he/she is committing a crime,present_1sg,hska2nv32-k,hskanv'-k
405,he/she is committing a crime,imperfective,hska2nv32-k,hskanv'-k
405,he/she is committing a crime,perfective,hska2nv32-ts,hskanv'-ts
411,he/she is gnawing it,present,hsko22k-i3',hskook-i/'
411,he/she is gnawing it,present_1sg,hsko22k-i3',hskook-i/'
411,he/she is gnawing it,perfective,hsko33k-,hskoo'k-
411,he/she is gnawing it,perfective,hsko33k-,hskook'-
411,he/she is gnawing it,perfective,hsko33k-,hskoo/k'-
411,he/she is gnawing it,imperative,hsko23k-a2,hskoo/k-a
411,he/she is gnawing it,infinitive,hsko23k-i32hst,hskook-ii'hst
411,he/she is gnawing it,infinitive,hsko23k-i32hst,hskook-i'hst
411,he/she is gnawing it,infinitive,hsko23k-i32hst,hskoo/k-i'hst
412,he/she is mourning for him/her,present,hsko23n-hi3h,hskoon-hih'
412,he/she is mourning for him/her,present,hsko23n-hi3h,hskoon-hi/h'
412,he/she is mourning for him/her,present,hsko23n-hi3h,hskoo/n-hih'
412,he/she is mourning for him/her,present,hsko23n-hi3h,hskoo/n-hi/h
412,he/she is mourning for him/her,present,hsko23n-hi3h,hskoo/n-hi/h'
412,he/she is mourning for him/her,present_1sg,hsko23n-hi3h,hskoon-hih'
412,he/she is mourning for him/her,present_1sg,hsko23n-hi3h,hskoon-hi/h'
412,he/she is mourning for him/her,present_1sg,hsko23n-hi3h,hskoo/n-hih'
412,he/she is mourning for him/her,present_1sg,hsko23n-hi3h,hskoo/n-hi/h
412,he/she is mourning for him/her,present_1sg,hsko23n-hi3h,hskoo/n-hi/h'
412,he/she is mourning for him/her,imperfective,hsko23n-hi3h,hskoon-hih'
412,he/she is mourning for him/her,imperfective,hsko23n-hi3h,hskoon-hi/h'
412,he/she is mourning for him/her,imperfective,hsko23n-hi3h,hskoo/n-hih'
412,he/she is mourning for him/her,imperfective,hsko23n-hi3h,hskoo/n-hi/h
412,he/she is mourning for him/her,imperfective,hsko23n-hi3h,hskoo/n-hi/h'
412,he/she is mourning for him/her,perfective,hsko23n-hi3l,hskoon-hil'
412,he/she is mourning for him/her,perfective,hsko23n-hi3l,hskoon-hi/l'
412,he/she is mourning for him/her,perfective,hsko23n-hi3l,hskoo/n-hil'
412,he/she is mourning for him/her,perfective,hsko23n-hi3l,hskoo/n-hi/l
412,he/she is mourning for him/her,perfective,hsko23n-hi3l,hskoo/n-hi/l'
412,he/she is mourning for him/her,imperative,hsko23n-hka2,hskoo/n-hka
412,he/she is mourning for him/her,infinitive,hsko23n-hst,hskoo/n-hst
416,it’s fading,present,hsko23lv32-k,hskoolvv'-k
416,it’s fading,present,hsko23lv32-k,hskoolv'-k
416,it’s fading,imperfective,hsko23lv32-k,hskoolvv'-k
416,it’s fading,imperfective,hsko23lv32-k,hskoolv'-k
416,it’s fading,perfective,hsko23lv32-ts,hskoolvv'-ts
416,it’s fading,perfective,hsko23lv32-ts,hskoolv'-ts
416,it’s fading,infinitive,hsko23lv32-yhst,hskoolvv'-yhst
416,it’s fading,infinitive,hsko23lv32-yhst,hskoolv'-yhst
419,he/she is finishing it,present,hskw-a2t-i33',hskw-at-ii'
419,he/she is finishing it,present,hskw-a2t-i33',hskw-at-ii'
419,he/she is finishing it,present_1sg,hskw-a2t-i3',hskw-at-i'
419,he/she is finishing it,present_1sg,hskw-a2t-i3',hskw-at-i'
419,he/she is finishing it,present_1sg,hskw-a2t-i3',hskw-at-i/'
419,he/she is finishing it,imperfective,hskw-a2t-i32hsk,hskw-at-i'hsk
419,he/she is finishing it,perfective,hskw-a3t-,hskw-at'-
419,he/she is finishing it,perfective,hskw-a3t-,hskw-a/t-
419,he/she is finishing it,perfective,hskw-a3t-,hskw-a/t'-
419,he/she is finishing it,imperative,hskw-a2t-a2,hskw-at-a
421,he/she is catching him/her (refers to a falling person or object),present,hskwa32lh-e2',hskwa'lh-e'
421,he/she is catching him/her (refers to a falling person or object),present,hskwa32lh-e2',hskwa'lh-ee'
421,he/she is catching him/her (refers to a falling person or object),present,hskwa32lh-e2',hskwa'lh-e'
421,he/she is catching him/her (refers to a falling person or object),present_1sg,hskwa32lh-e2',hskwa'lh-e'
421,he/she is catching him/her (refers to a falling person or object),present_1sg,hskwa32lh-e2',hskwa'lh-ee'
421,he/she is catching him/her (refers to a falling person or object),present_1sg,hskwa32lh-e2',hskwa'lh-e'
421,he/she is catching him/her (refers to a falling person or object),imperfective,hskwa32lh-e21hsk,hskwa'lh-ee'hsk
421,he/she is catching him/her (refers to a falling person or object),imperfective,hskwa32lh-e21hsk,hskwa'lh-e'hsk
421,he/she is catching him/her (refers to a falling person or object),perfective,hskwa32lh-e21hs,hskwa'lh-ee'hs
421,he/she is catching him/her (refers to a falling person or object),perfective,hskwa32lh-e21hs,hskwa'lh-e'hs
423,it’s getting shorter,present,hskwa2lo32-k,hskwalo'-k
423,it’s getting shorter,present_1sg,hskwa2lo32-k,hskwalo'-k
423,it’s getting shorter,imperfective,hskwa2lo32-k,hskwalo'-k
423,it’s getting shorter,perfective,hskwa2lo32-ts,hskwalo'-ts
424,he/she is breaking it (refers to a long object),present,hskwa32l-hsk,hskwa'l-hsk
424,he/she is breaking it (refers to a long object),present_1sg,hskwa32l-hsk,hskwa'l-hsk
424,he/she is breaking it (refers to a long object),imperfective,hskwa32l-hsk,hskwa'l-hsk
424,he/she is breaking it (refers to a long object),perfective,hskwa32l-hs,hskwa'l-hs
424,he/she is breaking it (refers to a long object),imperative,hskwa2l-a2,hskwal-a
425,he/she is hitting him/her on the head with it (refers to a long object),present,hskwa2l-v33n-i2h,hskwal-vv'n-ih
425,he/she is hitting him/her on the head with it (refers to a long object),present,hskwa2l-v33n-i2h,hskwal-vvn'-ih
425,he/she is hitting him/her on the head with it (refers to a long object),present,hskwa2l-v33n-i2h,hskwal-vv/n'-ih
425,he/she is hitting him/her on the head with it (refers to a long object),present_1sg,hskwa2l-v33n-i2h,hskwal-vv'n-ih
425,he/she is hitting him/her on the head with it (refers to a long object),present_1sg,hskwa2l-v33n-i2h,hskwal-vvn'-ih
425,he/she is hitting him/her on the head with it (refers to a long object),present_1sg,hskwa2l-v33n-i2h,hskwal-vv/n'-ih
425,he/she is hitting him/her on the head with it (refers to a long object),imperfective,hskwa2l-v33n-i2h,hskwal-vv'n-ih
425,he/she is hitting him/her on the head with it (refers to a long object),imperfective,hskwa2l-v33n-i2h,hskwal-vvn'-ih
425,he/she is hitting him/her on the head with it (refers to a long object),imperfective,hskwa2l-v33n-i2h,hskwal-vv/n'-ih
425,he/she is hitting him/her on the head with it (refers to a long object),perfective,hskwa2l-v23n-i32l,hskwal-vvn-ii'l
425,he/she is hitting him/her on the head with it (refers to a long object),perfective,hskwa2l-v23n-i32l,hskwal-vvn-i'l
425,he/she is hitting him/her on the head with it (refers to a long object),perfective,hskwa2l-v23n-i32l,hskwal-vv/n-i'l
425,he/she is hitting him/her on the head with it (refers to a long object),infinitive,hskwa2l-v23n-i32hst,hskwal-vvn-ii'hst
425,he/she is hitting him/her on the head with it (refers to a long object),infinitive,hskwa2l-v23n-i32hst,hskwal-vvn-i'hst
425,he/she is hitting him/her on the head with it (refers to a long object),infinitive,hskwa2l-v23n-i32hst,hskwal-vv/n-i'hst
427,he/she is amazed,present,hskwa2ni2ko23-hsk,hskwanikoo/-hsk
427,he/she is amazed,present_1sg,hskwa2ni2ko23-hsk,hskwanikoo/-hsk
427,he/she is amazed,imperfective,hskwa2ni2ko23-hsk,hskwanikoo/-hsk
427,he/she is amazed,perfective,hskwa2ni2ko23-hs,hskwanikoo/-hs
427,he/she is amazed,imperative,hskwa2ni2ko23-hi2,hskwanikoo/-hi
427,he/she is amazed,infinitive,hskwa2ni2ko23-hi3hst,hskwanikoo-hih'st
427,he/she is amazed,infinitive,hskwa2ni2ko23-hi3hst,hskwanikoo-hi/h'st
427,he/she is amazed,infinitive,hskwa2ni2ko23-hi3hst,hskwanikoo/-hih'st
427,he/she is amazed,infinitive,hskwa2ni2ko23-hi3hst,hskwanikoo/-hi/hst
427,he/she is amazed,infinitive,hskwa2ni2ko23-hi3hst,hskwanikoo/-hi/h'st
429,he/she is hitting him/her on the abdomen with it (refers to a long object),present,hskwo22ha2l-v33n-i2h,hskwoohal-vv'n-ih
429,he/she is hitting him/her on the abdomen with it (refers to a long object),present,hskwo22ha2l-v33n-i2h,hskwoohal-vvn'-ih
429,he/she is hitting him/her on the abdomen with it (refers to a long object),present,hskwo22ha2l-v33n-i2h,hskwoohal-vv/n'-ih
429,he/she is hitting him/her on the abdomen with it (refers to a long object),present_1sg,hskwo22ha2l-v33n-i2h,hskwoohal-vv'n-ih
429,he/she is hitting him/her on the abdomen with it (refers to a long object),present_1sg,hskwo22ha2l-v33n-i2h,hskwoohal-vvn'-ih
429,he/she is hitting him/her on the abdomen with it (refers to a long object),present_1sg,hskwo22ha2l-v33n-i2h,hskwoohal-vv/n'-ih
429,he/she is hitting him/her on the abdomen with it (refers to a long object),imperfective,hskwo22ha2l-v33n-i2h,hskwoohal-vv'n-ih
429,he/she is hitting him/her on the abdomen with it (refers to a long object),imperfective,hskwo22ha2l-v33n-i2h,hskwoohal-vvn'-ih
429,he/she is hitting him/her on the abdomen with it (refers to a long object),imperfective,hskwo22ha2l-v33n-i2h,hskwoohal-vv/n'-ih
429,he/she is hitting him/her on the abdomen with it (refers to a long object),perfective,hskwo22ha2l-v23n-i32l,hskwoohal-vvn-ii'l
429,he/she is hitting him/her on the abdomen with it (refers to a long object),perfective,hskwo22ha2l-v23n-i32l,hskwoohal-vvn-i'l
429,he/she is hitting him/her on the abdomen with it (refers to a long object),perfective,hskwo22ha2l-v23n-i32l,hskwoohal-vv/n-i'l
429,he/she is hitting him/her on the abdomen with it (refers to a long object),infinitive,hskwo22ha2l-v23n-i32hst,hskwoohal-vvn-ii'hst
429,he/she is hitting him/her on the abdomen with it (refers to a long object),infinitive,hskwo22ha2l-v23n-i32hst,hskwoohal-vvn-i'hst
429,he/she is hitting him/her on the abdomen with it (refers to a long object),infinitive,hskwo22ha2l-v23n-i32hst,hskwoohal-vv/n-i'hst
436,he/she is roping him/her,present,hslh-a2t-i3',hslh-at-i'
436,he/she is roping him/her,present,hslh-a2t-i3',hslh-at-i'
436,he/she is roping him/her,present,hslh-a2t-i3',hslh-at-i/'
436,he/she is roping him/her,present_1sg,hslh-a2t-i3',hslh-at-i'
436,he/she is roping him/her,present_1sg,hslh-a2t-i3',hslh-at-i'
436,he/she is roping him/her,present_1sg,hslh-a2t-i3',hslh-at-i/'
436,he/she is roping him/her,imperfective,hslh-a2t-i32hsk,hslh-at-i'hsk
436,he/she is roping him/her,perfective,hslh-a3t-,hslh-at'-
436,he/she is roping him/her,perfective,hslh-a3t-,hslh-a/t-
436,he/she is roping him/her,perfective,hslh-a3t-,hslh-a/t'-
436,he/she is roping him/her,imperative,hslh-a2t-a2,hslh-at-a
445,he/she is painting it,present,hsu23wh-i3hsk,hsuuwh-ih'sk
445,he/she is painting it,present,hsu23wh-i3hsk,hsuuwh-i/h'sk
445,he/she is painting it,present,hsu23wh-i3hsk,hsuu/wh-ih'sk
445,he/she is painting it,present,hsu23wh-i3hsk,hsuu/wh-i/hsk
445,he/she is painting it,present,hsu23wh-i3hsk,hsuu/wh-i/h'sk
445,he/she is painting it,present_1sg,hsu23wh-i3hsk,hsuuwh-ih'sk
445,he/she is painting it,present_1sg,hsu23wh-i3hsk,hsuuwh-i/h'sk
445,he/she is painting it,present_1sg,hsu23wh-i3hsk,hsuu/wh-ih'sk
445,he/she is painting it,present_1sg,hsu23wh-i3hsk,hsuu/wh-i/hsk
445,he/she is painting it,present_1sg,hsu23wh-i3hsk,hsuu/wh-i/h'sk
445,he/she is painting it,imperfective,hsu23wh-i3hsk,hsuuwh-ih'sk
445,he/she is painting it,imperfective,hsu23wh-i3hsk,hsuuwh-i/h'sk
445,he/she is painting it,imperfective,hsu23wh-i3hsk,hsuu/wh-ih'sk
445,he/she is painting it,imperfective,hsu23wh-i3hsk,hsuu/wh-i/hsk
445,he/she is painting it,imperfective,hsu23wh-i3hsk,hsuu/wh-i/h'sk
445,he/she is painting it,perfective,hsu23wh-i3hs,hsuuwh-ih's
445,he/she is painting it,perfective,hsu23wh-i3hs,hsuuwh-i/h's
445,he/she is painting it,perfective,hsu23wh-i3hs,hsuu/wh-ih's
445,he/she is painting it,perfective,hsu23wh-i3hs,hsuu/wh-i/hs
445,he/she is painting it,perfective,hsu23wh-i3hs,hsuu/wh-i/h's
445,he/she is painting it,imperative,hsu23wh-a2,hsuu/wh-a
445,he/she is painting it,infinitive,hsu23wh-i3hst,hsuuwh-ih'st
445,he/she is painting it,infinitive,hsu23wh-i3hst,hsuuwh-i/h'st
445,he/she is painting it,infinitive,hsu23wh-i3hst,hsuu/wh-ih'st
445,he/she is painting it,infinitive,hsu23wh-i3hst,hsuu/wh-i/hst
445,he/she is painting it,infinitive,hsu23wh-i3hst,hsuu/wh-i/h'st
449,he/she is quitting,present,hsu22li2-ko33k,hsuuli-koo'k
449,he/she is quitting,present,hsu22li2-ko33k,hsuuli-kook'
449,he/she is quitting,present,hsu22li2-ko33k,hsuuli-koo/k'
449,he/she is quitting,present_1sg,hsu22li2-ko33k,hsuuli-koo'k
449,he/she is quitting,present_1sg,hsu22li2-ko33k,hsuuli-kook'
449,he/she is quitting,present_1sg,hsu22li2-ko33k,hsuuli-koo/k'
449,he/she is quitting,imperfective,hsu22li2-ko33k,hsuuli-koo'k
449,he/she is quitting,imperfective,hsu22li2-ko33k,hsuuli-kook'
449,he/she is quitting,imperfective,hsu22li2-ko33k,hsuuli-koo/k'
449,he/she is quitting,perfective,hsu22li2-ko33ts,hsuuli-koo'ts
449,he/she is quitting,perfective,hsu22li2-ko33ts,hsuuli-koot's
449,he/she is quitting,perfective,hsu22li2-ko33ts,hsuuli-koo/t's
449,he/she is quitting,infinitive,hsu22li2-ko2hst,hsuuli-kohst
455,it smells,present,hsv32-k,hsv'-k
455,it smells,present_1sg,hsv32-k,hsv'-k
455,it smells,imperfective,hsv32-k,hsv'-k
459,he/she is drinking it up,present,hsv2-hv3hsk,hsv-hvh'sk
459,he/she is drinking it up,present,hsv2-hv3hsk,hsv-hv/hsk
459,he/she is drinking it up,present,hsv2-hv3hsk,hsv-hv/h'sk
459,he/she is drinking it up,present_1sg,hsv2-hv3hsk,hsv-hvh'sk
459,he/she is drinking it up,present_1sg,hsv2-hv3hsk,hsv-hv/hsk
459,he/she is drinking it up,present_1sg,hsv2-hv3hsk,hsv-hv/h'sk
459,he/she is drinking it up,imperfective,hsv2-hv3hsk,hsv-hvh'sk
459,he/she is drinking it up,imperfective,hsv2-hv3hsk,hsv-hv/hsk
459,he/she is drinking it up,imperfective,hsv2-hv3hsk,hsv-hv/h'sk
459,he/she is drinking it up,perfective,hsv2-nh,hsv-nh
459,he/she is drinking it up,imperative,hsv2-nha2,hsv-nha
459,he/she is drinking it up,infinitive,hsv3-hv3hst,hsv-h'v/hst
459,he/she is drinking it up,infinitive,hsv3-hv3hst,hsv/-hvh'st
459,he/she is drinking it up,infinitive,hsv3-hv3hst,hsv/-hv/hst
459,he/she is drinking it up,infinitive,hsv3-hv3hst,hsv/-hv/h'st
459,he/she is drinking it up,infinitive,hsv3-hv3hst,hsv/-h'v/hst
464,he/she is mooring a boat,present,tha2l-a2t-i3',thal-at-i'
464,he/she is mooring a boat,present,tha2l-a2t-i3',thal-at-i'
464,he/she is mooring a boat,present,tha2l-a2t-i3',thal-at-i/'
464,he/she is mooring a boat,present_1sg,tha2l-a2t-i3',thal-at-i'
464,he/she is mooring a boat,present_1sg,tha2l-a2t-i3',thal-at-i'
464,he/she is mooring a boat,present_1sg,tha2l-a2t-i3',thal-at-i/'
464,he/she is mooring a boat,imperfective,tha2l-a2t-i32hsk,thal-at-i'hsk
464,he/she is mooring a boat,perfective,tha2l-a3t-,thal-at'-
464,he/she is mooring a boat,perfective,tha2l-a3t-,thal-a/t-
464,he/she is mooring a boat,perfective,tha2l-a3t-,thal-a/t'-
464,he/she is mooring a boat,imperative,tha2l-a2t-a2,thal-at-a
472,he/she is kissing him/her,perfective,tha2we23to32-n,thaweetoo'-n
472,he/she is kissing him/her,perfective,tha2we23to32-n,thaweeto'-n
472,he/she is kissing him/her,infinitive,tha2we23to32-t,thaweetoo'-t
472,he/she is kissing him/her,infinitive,tha2we23to32-t,thaweeto'-t
474,he/she is asking for it,present,tha2yo22-hi3h,thayoo-hi/h
474,he/she is asking for it,present_1sg,tha2yo22-hi3h,thayoo-hi/h
474,he/she is asking for it,imperfective,tha2yo22-hi2h,thayoo-hih
474,he/she is asking for it,perfective,tha2yo22-lh,thayoo-lh
474,he/she is asking for it,imperative,tha2yo23-ha2,thayoo/-ha
474,he/she is asking for it,infinitive,tha2yo22-hst,thayoo-hst
477,he/she is shaking him/her,present,the33l-v22hv3hsk,thee'l-vvhvh'sk
477,he/she is shaking him/her,present,the33l-v22hv3hsk,thee'l-vvhv/hsk
477,he/she is shaking him/her,present,the33l-v22hv3hsk,thee'l-vvhv/h'sk
477,he/she is shaking him/her,present,the33l-v22hv3hsk,theel'-vvhvh'sk
477,he/she is shaking him/her,present,the33l-v22hv3hsk,theel'-vvhv/hsk
477,he/she is shaking him/her,present,the33l-v22hv3hsk,theel'-vvhv/h'sk
477,he/she is shaking him/her,present,the33l-v22hv3hsk,thee/l-vvhvh'sk
477,he/she is shaking him/her,present,the33l-v22hv3hsk,thee/l-vvhv/hsk
477,he/she is shaking him/her,present,the33l-v22hv3hsk,thee/l-vvhv/h'sk
477,he/she is shaking him/her,present,the33l-v22hv3hsk,thee'/l-vvhvh'sk
477,he/she is shaking him/her,present,the33l-v22hv3hsk,thee'/l-vvhv/hsk
477,he/she is shaking him/her,present,the33l-v22hv3hsk,thee'/l-vvhv/h'sk
477,he/she is shaking him/her,present,the33l-v22hv3hsk,thee/l'-vvhvh'sk
477,he/she is shaking him/her,present,the33l-v22hv3hsk,thee/l'-vvhv/hsk
477,he/she is shaking him/her,present,the33l-v22hv3hsk,thee/l'-vvhv/h'sk
477,he/she is shaking him/her,present_1sg,the33l-v22hv3hsk,thee'l-vvhvh'sk
477,he/she is shaking him/her,present_1sg,the33l-v22hv3hsk,thee'l-vvhv/hsk
477,he/she is shaking him/her,present_1sg,the33l-v22hv3hsk,thee'l-vvhv/h'sk
477,he/she is shaking him/her,present_1sg,the33l-v22hv3hsk,theel'-vvhvh'sk
477,he/she is shaking him/her,present_1sg,the33l-v22hv3hsk,theel'-vvhv/hsk
477,he/she is shaking him/her,present_1sg,the33l-v22hv3hsk,theel'-vvhv/h'sk
477,he/she is shaking him/her,present_1sg,the33l-v22hv3hsk,thee/l-vvhvh'sk
477,he/she is shaking him/her,present_1sg,the33l-v22hv3hsk,thee/l-vvhv/hsk
477,he/she is shaking him/her,present_1sg,the33l-v22hv3hsk,thee/l-vvhv/h'sk
477,he/she is shaking him/her,present_1sg,the33l-v22hv3hsk,thee'/l-vvhvh'sk
477,he/she is shaking him/her,present_1sg,the33l-v22hv3hsk,thee'/l-vvhv/hsk
477,he/she is shaking him/her,present_1sg,the33l-v22hv3hsk,thee'/l-vvhv/h'sk
477,he/she is shaking him/her,present_1sg,the33l-v22hv3hsk,thee/l'-vvhvh'sk
477,he/she is shaking him/her,present_1sg,the33l-v22hv3hsk,thee/l'-vvhv/hsk
477,he/she is shaking him/her,present_1sg,the33l-v22hv3hsk,thee/l'-vvhv/h'sk
477,he/she is shaking him/her,imperfective,the33l-v22hv2hsk,thee'l-vvhvhsk
477,he/she is shaking him/her,imperfective,the33l-v22hv2hsk,theel'-vvhvhsk
477,he/she is shaking him/her,imperfective,the33l-v22hv2hsk,thee/l-vvhvhsk
477,he/she is shaking him/her,imperfective,the33l-v22hv2hsk,thee'/l-vvhvhsk
477,he/she is shaking him/her,imperfective,the33l-v22hv2hsk,thee/l'-vvhvhsk
477,he/she is shaking him/her,perfective,the33l-v22nh,thee'l-vvnh
477,he/she is shaking him/her,perfective,the33l-v22nh,theel'-vvnh
477,he/she is shaking him/her,perfective,the33l-v22nh,thee/l-vvnh
477,he/she is shaking him/her,perfective,the33l-v22nh,thee'/l-vvnh
477,he/she is shaking him/her,perfective,the33l-v22nh,thee/l'-vvnh
502,he/she is inside,present,y-a3',y-a'
502,he/she is inside,present,y-a3',y-a'
502,he/she is inside,present,y-a3',y-a/'
502,he/she is inside,present_1sg,y-a3',y-a'
502,he/she is inside,present_1sg,y-a3',y-a'
502,he/she is inside,present_1sg,y-a3',y-a/'
502,he/she is inside,imperfective,y-a3',y-a'
502,he/she is inside,imperfective,y-a3',y-a'
502,he/she is inside,imperfective,y-a3',y-a/'
507,he/she is waking up,present,ye33-k,yee'-k
507,he/she is waking up,present,ye33-k,yee-k'
507,he/she is waking up,present,ye33-k,yee/-k'
507,he/she is waking up,present_1sg,ye33-k,yee'-k
507,he/she is waking up,present_1sg,ye33-k,yee-k'
507,he/she is waking up,present_1sg,ye33-k,yee/-k'
507,he/she is waking up,imperfective,ye33-k,yee'-k
507,he/she is waking up,imperfective,ye33-k,yee-k'
507,he/she is waking up,imperfective,ye33-k,yee/-k'
507,he/she is waking up,perfective,ye33-ts,yee'-ts
507,he/she is waking up,perfective,ye33-ts,yee-t's
507,he/she is waking up,perfective,ye33-ts,yee/-t's
507,he/she is waking up,infinitive,ye2-'i2hst,ye-'ihst
511,he/she is putting him/her inside (refers to somewhere large enough to move around in),present,yht-i3h,yht-ih'
511,he/she is putting him/her inside (refers to somewhere large enough to move around in),present,yht-i3h,yht-i/h
511,he/she is putting him/her inside (refers to somewhere large enough to move around in),present,yht-i3h,yht-i/h'
511,he/she is putting him/her inside (refers to somewhere large enough to move around in),imperfective,yht-i23hsk,yht-ii/hsk
511,he/she is putting him/her inside (refers to somewhere large enough to move around in),perfective,yht-ha2n,yht-han
511,he/she is putting him/her inside (refers to somewhere large enough to move around in),infinitive,yht-o3ht,yht-oh't
511,he/she is putting him/her inside (refers to somewhere large enough to move around in),infinitive,yht-o3ht,yht-o/ht
511,he/she is putting him/her inside (refers to somewhere large enough to move around in),infinitive,yht-o3ht,yht-o/h't
513,he/she is getting it (refers to a long object),present,y-i3h,y-ih'
513,he/she is getting it (refers to a long object),present,y-i3h,y-i/h
513,he/she is getting it (refers to a long object),present,y-i3h,y-i/h'
513,he/she is getting it (refers to a long object),present_1sg,y-i33',y-ii'
513,he/she is getting it (refers to a long object),present_1sg,y-i33',y-ii'
513,he/she is getting it (refers to a long object),imperfective,y-i23hsk,y-ii/hsk
513,he/she is getting it (refers to a long object),perfective,y-v22h,y-vvh
513,he/she is getting it (refers to a long object),imperative,y-a2,y-a
513,he/she is getting it (refers to a long object),infinitive,y-ht,y-ht
515,it’s breaking,present,yo33-k,yoo'-k
515,it’s breaking,present,yo33-k,yoo-k'
515,it’s breaking,present,yo33-k,yoo/-k'
515,it’s breaking,present_1sg,yo33-k,yoo'-k
515,it’s breaking,present_1sg,yo33-k,yoo-k'
515,it’s breaking,present_1sg,yo33-k,yoo/-k'
515,it’s breaking,imperfective,yo33-k,yoo'-k
515,it’s breaking,imperfective,yo33-k,yoo-k'
515,it’s breaking,imperfective,yo33-k,yoo/-k'
515,it’s breaking,perfective,yo33-ts,yoo'-ts
515,it’s breaking,perfective,yo33-ts,yoo-t's
515,it’s breaking,perfective,yo33-ts,yoo/-t's
516,he/she is shooting him/her,present,yo22-hi3h,yoo-hi/h
516,he/she is shooting him/her,present_1sg,yo2-'i3h,yo-'ih'
516,he/she is shooting him/her,present_1sg,yo2-'i3h,yo-'i/h
516,he/she is shooting him/her,present_1sg,yo2-'i3h,yo-'i/h'
516,he/she is shooting him/her,imperfective,yo22-hi2h,yoo-hih
516,he/she is shooting him/her,perfective,yo22-lh,yoo-lh
516,he/she is shooting him/her,imperative,yo2-'a2,yo-'a
516,he/she is shooting him/her,infinitive,yo22-hst,yoo-hst
519,he/she is whittling it,present,yo22l-hv3hsk,yool-hv/hsk
519,he/she is whittling it,imperfective,yo22l-hv3hsk,yool-hv/hsk
519,he/she is whittling it,perfective,yo22l-ha3n,yool-ha/n
519,he/she is whittling it,infinitive,yo22l-hv3hst,yool-hv/hst
523,he/she is greeting him/her,present,yo33l-i2h,yoo'l-ih
523,he/she is greeting him/her,present,yo33l-i2h,yool'-ih
523,he/she is greeting him/her,present,yo33l-i2h,yoo/l'-ih
523,he/she is greeting him/her,present_1sg,yo33l-i2h,yoo'l-ih
523,he/she is greeting him/her,present_1sg,yo33l-i2h,yool'-ih
523,he/she is greeting him/her,present_1sg,yo33l-i2h,yoo/l'-ih
523,he/she is greeting him/her,imperfective,yo33l-i2h,yoo'l-ih
523,he/she is greeting him/her,imperfective,yo33l-i2h,yool'-ih
523,he/she is greeting him/her,imperfective,yo33l-i2h,yoo/l'-ih
523,he/she is greeting him/her,perfective,yo23l-i32l,yool-ii'l
523,he/she is greeting him/her,perfective,yo23l-i32l,yool-i'l
523,he/she is greeting him/her,perfective,yo23l-i32l,yoo/l-i'l
523,he/she is greeting him/her,imperative,yo22l-i2ka2,yool-ika
523,he/she is greeting him/her,infinitive,yo23l-i32hst,yool-ii'hst
523,he/she is greeting him/her,infinitive,yo23l-i32hst,yool-i'hst
523,he/she is greeting him/her,infinitive,yo23l-i32hst,yoo/l-i'hst
524,he/she is breaking it,present,yo33hst-i2h,yoo'hst-ih
524,he/she is breaking it,present,yo33hst-i2h,yooh'st-ih
524,he/she is breaking it,present,yo33hst-i2h,yoo/h'st-ih
524,he/she is breaking it,present_1sg,yo33hst-i2h,yoo'hst-ih
524,he/she is breaking it,present_1sg,yo33hst-i2h,yooh'st-ih
524,he/she is breaking it,present_1sg,yo33hst-i2h,yoo/h'st-ih
524,he/she is breaking it,imperfective,yo33hst-i22hsk,yoo'hst-iihsk
524,he/she is breaking it,imperfective,yo33hst-i22hsk,yooh'st-iihsk
524,he/she is breaking it,imperfective,yo33hst-i22hsk,yoo/hst-iihsk
524,he/she is breaking it,imperfective,yo33hst-i22hsk,yoo'/hst-iihsk
524,he/she is breaking it,imperfective,yo33hst-i22hsk,yoo/h'st-iihsk
524,he/she is breaking it,perfective,yo33hst-ha2n,yoo'hst-han
524,he/she is breaking it,perfective,yo33hst-ha2n,yooh'st-han
524,he/she is breaking it,perfective,yo33hst-ha2n,yoo/h'st-han
526,he/she is destroying it,present,yo33hstha2n-o3hv3hsk,yoo'hsthan-oh'v/hsk
526,he/she is destroying it,present,yo33hstha2n-o3hv3hsk,yooh'sthan-oh'v/hsk
526,he/she is destroying it,present_1sg,yo33hstha2n-o3hv3hsk,yoo'hsthan-oh'v/hsk
526,he/she is destroying it,present_1sg,yo33hstha2n-o3hv3hsk,yooh'sthan-oh'v/hsk
526,he/she is destroying it,imperfective,yo33hstha2n-o3hv3hsk,yoo'hsthan-oh'v/hsk
526,he/she is destroying it,imperfective,yo33hstha2n-o3hv3hsk,yooh'sthan-oh'v/hsk
526,he/she is destroying it,perfective,yo33hstha2n-o3nh,yoo'hsthan-on'h
526,he/she is destroying it,perfective,yo33hstha2n-o3nh,yoo'hsthan-o/nh
526,he/she is destroying it,perfective,yo33hstha2n-o3nh,yoo'hsthan-o/n'h
526,he/she is destroying it,perfective,yo33hstha2n-o3nh,yooh'sthan-on'h
526,he/she is destroying it,perfective,yo33hstha2n-o3nh,yooh'sthan-o/nh
526,he/she is destroying it,perfective,yo33hstha2n-o3nh,yooh'sthan-o/n'h
529,he/she is entering it,present,yv22-hi3h,yvv-hi/h
529,he/she is entering it,present_1sg,yv2-'i3h,yv-'ih'
529,he/she is entering it,present_1sg,yv2-'i3h,yv-'i/h
529,he/she is entering it,present_1sg,yv2-'i3h,yv-'i/h'
529,he/she is entering it,imperfective,yv22-hi2h,yvv-hih
529,he/she is entering it,perfective,yv22-lh,yvv-lh
529,he/she is entering it,imperative,yv23-ha2,yvv/-ha
529,he/she is entering it,infinitive,yv22-hst,yvv-hst
530,he/she is finding it (refers to a long object),present,yv22wha2hth-i3h,yvvwhahth-ih'
530,he/she is finding it (refers to a long object),present,yv22wha2hth-i3h,yvvwhahth-i/h
530,he/she is finding it (refers to a long object),present,yv22wha2hth-i3h,yvvwhahth-i/h'
530,he/she is finding it (refers to a long object),imperfective,yv22wha2hth-i23hsk,yvvwhahth-ii/hsk
530,he/she is finding it (refers to a long object),perfective,yv22wha2hth-v22h,yvvwhahth-vvh
530,he/she is finding it (refers to a long object),imperative,yv22wha2hth-a2,yvvwhahth-a
530,he/she is finding it (refers to a long object),infinitive,yv22wha2hth-v2ht,yvvwhahth-vht
531,he/she is taking it somewhere (refers to a long object),imperative,yv22whi23t-a2,yvvwhii/t-a
742,he/she is walking around,present_1sg,e23t-o32h,eet-oo'h
742,he/she is walking around,present_1sg,e23t-o32h,eet-o'h
742,he/she is walking around,present_1sg,e23t-o32h,ee/t-o'h
742,he/she is walking around,perfective,e23t-o32l,eet-oo'l
742,he/she is walking around,perfective,e23t-o32l,eet-o'l
742,he/she is walking around,perfective,e23t-o32l,ee/t-o'l
742,he/she is walking around,imperative,e23t-a2,ee/t-a
746,he/she lives,present,-e23h,-ee/h
746,he/she lives,present_1sg,-e33',-ee'
746,he/she lives,present_1sg,-e33',-ee'
746,he/she lives,imperative,-e22he33hsti2,-eeheehsti
746,he/she lives,imperative,-e22he33hsti2,-eeheeh'sti
752,he/she thinks so,present_1sg,e22l-i3',eel-i/'
752,he/she thinks so,imperative,e23l-a2,ee/l-a
757,he/she is straightening it,present,tshi2no22-hs-i3h,tshinoo-hs-i/h
757,he/she is straightening it,present_1sg,tshi2no22-hs-i3h,tshinoo-hs-i/h
757,he/she is straightening it,imperfective,tshi2no22-hs-i23hsk,tshinoo-hs-ii/hsk
757,he/she is straightening it,perfective,tshi2no22-hs-a2nh,tshinoo-hs-anh
757,he/she is straightening it,imperative,tshi2no23-hs-a2,tshinoo/-hs-a
757,he/she is straightening it,infinitive,tshi2no22-hs-o2ht,tshinoo-hs-oht
764,he/she is plowing it,present,ta2lu23k-i3',taluuk-i'
764,he/she is plowing it,present,ta2lu23k-i3',taluuk-ii'
764,he/she is plowing it,present,ta2lu23k-i3',taluuk-i'
764,he/she is plowing it,present,ta2lu23k-i3',taluu/k-i'
764,he/she is plowing it,present,ta2lu23k-i3',taluu/k-i'
764,he/she is plowing it,present,ta2lu23k-i3',taluu/k-i/'
764,he/she is plowing it,present_1sg,ta2lu23k-i3',taluuk-i'
764,he/she is plowing it,present_1sg,ta2lu23k-i3',taluuk-ii'
764,he/she is plowing it,present_1sg,ta2lu23k-i3',taluuk-i'
764,he/she is plowing it,present_1sg,ta2lu23k-i3',taluu/k-i'
764,he/she is plowing it,present_1sg,ta2lu23k-i3',taluu/k-i'
764,he/she is plowing it,present_1sg,ta2lu23k-i3',taluu/k-i/'
764,he/she is plowing it,imperfective,ta2lu23k-i32hsk,taluuk-ii'hsk
764,he/she is plowing it,imperfective,ta2lu23k-i32hsk,taluuk-i'hsk
764,he/she is plowing it,imperfective,ta2lu23k-i32hsk,taluu/k-i'hsk
764,he/she is plowing it,perfective,ta2lu23k-a32n,taluuk-aa'n
764,he/she is plowing it,perfective,ta2lu23k-a32n,taluuk-a'n
764,he/she is plowing it,perfective,ta2lu23k-a32n,taluu/k-a'n
764,he/she is plowing it,infinitive,ta2lu23k-o32t,taluuk-oo't
764,he/she is plowing it,infinitive,ta2lu23k-o32t,taluuk-o't
764,he/she is plowing it,infinitive,ta2lu23k-o32t,taluu/k-o't
767,he/she is turning it,present,te23yhst-i2h,tee/yhst-ih
767,he/she is turning it,present_1sg,te23ya32hst-i2h,teeyaa'hst-ih
767,he/she is turning it,present_1sg,te23ya32hst-i2h,teeya'hst-ih
767,he/she is turning it,perfective,te23yhst-ha2n,tee/yhst-han
767,he/she is turning it,imperative,te2yhst-a2,teyhst-a
767,he/she is turning it,infinitive,te23yhst-o2ht,tee/yhst-oht
769,he/she is spinning it,present,ti33kwa2lv22te23yhst-i2h,tii'kwalvvtee/yhst-ih
769,he/she is spinning it,present,ti33kwa2lv22te23yhst-i2h,tiik'walvvtee/yhst-ih
769,he/she is spinning it,present_1sg,ti33kwa2lv22te23yhst-i2h,tii'kwalvvtee/yhst-ih
769,he/she is spinning it,present_1sg,ti33kwa2lv22te23yhst-i2h,tiik'walvvtee/yhst-ih
769,he/she is spinning it,perfective,ti33kwa2lv22te23yhst-ha2n,tii'kwalvvtee/yhst-han
769,he/she is spinning it,perfective,ti33kwa2lv22te23yhst-ha2n,tiik'walvvtee/yhst-han
770,he/she is strapping it,present,tlo22-hi3h,tloo-hi/h
770,he/she is strapping it,present_1sg,tlo22-hi3h,tloo-hi/h
770,he/she is strapping it,imperfective,tlo22-hi2h,tloo-hih
770,he/she is strapping it,perfective,tlo22-lh,tloo-lh
770,he/she is strapping it,imperative,tlo23-ka2,tloo/-ka
770,he/she is strapping it,infinitive,tlo23-hst,tloo/-hst
772,he/she is standing,present,to32-k,to'-k
772,he/she is standing,present_1sg,to32-k,to'-k
772,he/she is standing,imperfective,to32-k,to'-k
775,he/she is pitying him/her,present,to23li32-k,toolii'-k
775,he/she is pitying him/her,present,to23li32-k,tooli'-k
775,he/she is pitying him/her,present_1sg,to23li32-k,toolii'-k
775,he/she is pitying him/her,present_1sg,to23li32-k,tooli'-k
775,he/she is pitying him/her,imperfective,to23li32-k,toolii'-k
775,he/she is pitying him/her,imperfective,to23li32-k,tooli'-k
775,he/she is pitying him/her,perfective,to23li32-ts,toolii'-ts
775,he/she is pitying him/her,perfective,to23li32-ts,tooli'-ts
775,he/she is pitying him/her,infinitive,to22li3-hst,tooli/-hst
784,he/she is baking it,present,tu22-hv33hsk,tuu-hvvhsk
784,he/she is baking it,present,tu22-hv33hsk,tuu-hvvh'sk
784,he/she is baking it,present,tu22-hv33hsk,tuu-hvv/h'sk
784,he/she is baking it,present_1sg,tu22-hv3hsk,tuu-hv/hsk
784,he/she is baking it,imperfective,tu22-hv2hsk,tuu-hvhsk
784,he/she is baking it,perfective,tu22-nh,tuu-nh
784,he/she is baking it,infinitive,t-ht,t-ht
791,he/she is rowing,present,ka2we23-hsk,kawee/-hsk
791,he/she is rowing,present_1sg,ka2we33-hsk,kawee'-hsk
791,he/she is rowing,present_1sg,ka2we33-hsk,kawee-h'sk
791,he/she is rowing,present_1sg,ka2we33-hsk,kawee/-h'sk
791,he/she is rowing,imperfective,ka2we23-hsk,kawee/-hsk
791,he/she is rowing,perfective,ka2we23-hs,kawee/-hs
791,he/she is rowing,imperative,ka2we23-hi2,kawee/-hi
791,he/she is rowing,infinitive,ka2we23-hst,kawee/-hst
796,he/she is pecking it,present,kwa2yo22-hi3h,kwayoo-hi/h
796,he/she is pecking it,present_1sg,kwa2yo2-'i3h,kwayo-'ih'
796,he/she is pecking it,present_1sg,kwa2yo2-'i3h,kwayo-'i/h
796,he/she is pecking it,present_1sg,kwa2yo2-'i3h,kwayo-'i/h'
796,he/she is pecking it,imperfective,kwa2yo22-hi2h,kwayoo-hih
796,he/she is pecking it,perfective,kwa2yo22-lh,kwayoo-lh
796,he/she is pecking it,imperative,kwa2yo2-'a2,kwayo-'a
796,he/she is pecking it,infinitive,kwa2yo22-hst,kwayoo-hst
798,he/she is putting it into a container,present,lht-i3h,lht-ih'
798,he/she is putting it into a container,present,lht-i3h,lht-i/h
798,he/she is putting it into a container,present,lht-i3h,lht-i/h'
798,he/she is putting it into a container,imperfective,lht-i23hsk,lht-ii/hsk
798,he/she is putting it into a container,perfective,lht-ha2n,lht-han
798,he/she is putting it into a container,imperative,lht-a2,lht-a
798,he/she is putting it into a container,infinitive,lht-o3ht,lht-oh't
798,he/she is putting it into a container,infinitive,lht-o3ht,lht-o/ht
798,he/she is putting it into a container,infinitive,lht-o3ht,lht-o/h't
804,he/she is gathering it,present,lh-i22hs-i3h,lh-iihs-i/h
804,he/she is gathering it,present_1sg,lh-i22hs-i3h,lh-iihs-i/h
804,he/she is gathering it,imperfective,lh-i22hs-i23hsk,lh-iihs-ii/hsk
804,he/she is gathering it,perfective,lh-i22hs-a2nh,lh-iihs-anh
804,he/she is gathering it,imperative,lh-i23hs-a2,lh-ii/hs-a
804,he/she is gathering it,infinitive,lh-i23hs-o3ht,lh-iihs-oh't
804,he/she is gathering it,infinitive,lh-i23hs-o3ht,lh-iihs-o/h't
804,he/she is gathering it,infinitive,lh-i23hs-o3ht,lh-ii/hs-oh't
804,he/she is gathering it,infinitive,lh-i23hs-o3ht,lh-ii/hs-o/ht
804,he/she is gathering it,infinitive,lh-i23hs-o3ht,lh-ii/hs-o/h't
809,he/she is piling it up,present,l-hu2hsk,l-huhsk
809,he/she is piling it up,present_1sg,l-hu2hsk,l-huhsk
809,he/she is piling it up,imperfective,l-hu2hsk,l-huhsk
809,he/she is piling it up,perfective,l-hu2n,l-hun
809,he/she is piling it up,infinitive,l-hu3hst,l-huh'st
809,he/she is piling it up,infinitive,l-hu3hst,l-hu/hst
809,he/she is piling it up,infinitive,l-hu3hst,l-hu/h'st
811,he/she is putting it in a hole or a container,present,l-hv3hsk,l-hvh'sk
811,he/she is putting it in a hole or a container,present,l-hv3hsk,l-hv/hsk
811,he/she is putting it in a hole or a container,present,l-hv3hsk,l-hv/h'sk
811,he/she is putting it in a hole or a container,present_1sg,l-'v3hsk,l-'vh'sk
811,he/she is putting it in a hole or a container,present_1sg,l-'v3hsk,l-'v/hsk
811,he/she is putting it in a hole or a container,present_1sg,l-'v3hsk,l-'v/h'sk
811,he/she is putting it in a hole or a container,imperfective,l-hv3hsk,l-hvh'sk
811,he/she is putting it in a hole or a container,imperfective,l-hv3hsk,l-hv/hsk
811,he/she is putting it in a hole or a container,imperfective,l-hv3hsk,l-hv/h'sk
811,he/she is putting it in a hole or a container,perfective,l-ha2n,l-han
811,he/she is putting it in a hole or a container,infinitive,l-ht,l-ht
812,he/she is sleepy,present,lh-v22hsk,lh-vvhsk
812,he/she is sleepy,present_1sg,'l-v22hsk,'l-vvhsk
812,he/she is sleepy,imperfective,lh-v22hsk,lh-vvhsk
812,he/she is sleepy,perfective,lh-v22nh,lh-vvnh
812,he/she is sleepy,infinitive,lh-v2nht,lh-vnht
813,he/she is taking it somewhere by hand (refers to a flexible object),present,nh-e33k,nh-ee'k
813,he/she is taking it somewhere by hand (refers to a flexible object),present,nh-e33k,nh-eek'
813,he/she is taking it somewhere by hand (refers to a flexible object),present,nh-e33k,nh-ee/k'
813,he/she is taking it somewhere by hand (refers to a flexible object),present_1sg,'n-e33k,'n-ee'k
813,he/she is taking it somewhere by hand (refers to a flexible object),present_1sg,'n-e33k,'n-eek'
813,he/she is taking it somewhere by hand (refers to a flexible object),present_1sg,'n-e33k,'n-ee/k'
813,he/she is taking it somewhere by hand (refers to a flexible object),imperfective,nh-e33k,nh-ee'k
813,he/she is taking it somewhere by hand (refers to a flexible object),imperfective,nh-e33k,nh-eek'
813,he/she is taking it somewhere by hand (refers to a flexible object),imperfective,nh-e33k,nh-ee/k'
813,he/she is taking it somewhere by hand (refers to a flexible object),perfective,nh-v33hs,nh-vv'hs
813,he/she is taking it somewhere by hand (refers to a flexible object),perfective,nh-v33hs,nh-vvh's
813,he/she is taking it somewhere by hand (refers to a flexible object),perfective,nh-v33hs,nh-vv/h's
815,he/she is handling it (refers to a flexible object),present,nh-i23t-o32h,nh-iit-oo'h
815,he/she is handling it (refers to a flexible object),present,nh-i23t-o32h,nh-iit-o'h
815,he/she is handling it (refers to a flexible object),present,nh-i23t-o32h,nh-ii/t-o'h
815,he/she is handling it (refers to a flexible object),present_1sg,'n-i23t-o32h,'n-iit-oo'h
815,he/she is handling it (refers to a flexible object),present_1sg,'n-i23t-o32h,'n-iit-o'h
815,he/she is handling it (refers to a flexible object),present_1sg,'n-i23t-o32h,'n-ii/t-o'h
815,he/she is handling it (refers to a flexible object),imperfective,nh-i23t-o32h,nh-iit-oo'h
815,he/she is handling it (refers to a flexible object),imperfective,nh-i23t-o32h,nh-iit-o'h
815,he/she is handling it (refers to a flexible object),imperfective,nh-i23t-o32h,nh-ii/t-o'h
815,he/she is handling it (refers to a flexible object),perfective,nh-i23t-o32l,nh-iit-oo'l
815,he/she is handling it (refers to a flexible object),perfective,nh-i23t-o32l,nh-iit-o'l
815,he/she is handling it (refers to a flexible object),perfective,nh-i23t-o32l,nh-ii/t-o'l
815,he/she is handling it (refers to a flexible object),imperative,nh-i23t-a2,nh-ii/t-a
815,he/she is handling it (refers to a flexible object),infinitive,nh-i23t-a32hst,nh-iit-aa'hst
815,he/she is handling it (refers to a flexible object),infinitive,nh-i23t-a32hst,nh-iit-a'hst
815,he/she is handling it (refers to a flexible object),infinitive,nh-i23t-a32hst,nh-ii/t-a'hst
818,he/she is eating it (refers to a flexible object),present,yh-e33',yh-ee'
818,he/she is eating it (refers to a flexible object),present,yh-e33',yh-ee'
818,he/she is eating it (refers to a flexible object),present_1sg,y-e33',y-ee'
818,he/she is eating it (refers to a flexible object),present_1sg,y-e33',y-ee'
818,he/she is eating it (refers to a flexible object),imperfective,yh-e33hsk,yh-ee'hsk
818,he/she is eating it (refers to a flexible object),imperfective,yh-e33hsk,yh-eeh'sk
818,he/she is eating it (refers to a flexible object),imperfective,yh-e33hsk,yh-ee/h'sk
818,he/she is eating it (refers to a flexible object),perfective,yh-a33',yh-aa'
818,he/she is eating it (refers to a flexible object),perfective,yh-a33',yh-aa'
818,he/she is eating it (refers to a flexible object),imperative,y-a2ka2,y-aka
820,he/she is ripping it,present,tsa2ka2l-i3h,tsakal-ih'
820,he/she is ripping it,present,tsa2ka2l-i3h,tsakal-i/h
820,he/she is ripping it,present,tsa2ka2l-i3h,tsakal-i/h'
820,he/she is ripping it,present_1sg,tsa2ka2l-i33',tsakal-ii'
820,he/she is ripping it,present_1sg,tsa2ka2l-i33',tsakal-ii'
820,he/she is ripping it,imperfective,tsa2ka2l-i23hsk,tsakal-ii/hsk
820,he/she is ripping it,perfective,tsa2ka2l-v22h,tsakal-vvh
820,he/she is ripping it,imperative,tsa2ka2l-a2,tsakal-a
820,he/she is ripping it,infinitive,tsa2ka2l-ht,tsakal-ht
821,he/she is scratching him/her,present,tsa2li2ko23-hsk,tsalikoo/-hsk
821,he/she is scratching him/her,present_1sg,tsa2li2ko33-hsk,tsalikoo'-hsk
821,he/she is scratching him/her,present_1sg,tsa2li2ko33-hsk,tsalikoo-h'sk
821,he/she is scratching him/her,present_1sg,tsa2li2ko33-hsk,tsalikoo/-h'sk
821,he/she is scratching him/her,imperfective,tsa2li2ko23-hsk,tsalikoo/-hsk
821,he/she is scratching him/her,perfective,tsa2li2ko23-hs,tsalikoo/-hs
821,he/she is scratching him/her,imperative,tsa2li2ko23-la2,tsalikoo/-la
821,he/she is scratching him/her,infinitive,tsa2li2ko23-hst,tsalikoo/-hst
823,he/she is pricking him/her,present,tsa2yo22-hi3h,tsayoo-hi/h
823,he/she is pricking him/her,present_1sg,tsa2yo2-'i3h,tsayo-'ih'
823,he/she is pricking him/her,present_1sg,tsa2yo2-'i3h,tsayo-'i/h
823,he/she is pricking him/her,present_1sg,tsa2yo2-'i3h,tsayo-'i/h'
823,he/she is pricking him/her,imperfective,tsa2yo22-hi2h,tsayoo-hih
823,he/she is pricking him/her,perfective,tsa2yo22-lh,tsayoo-lh
823,he/she is pricking him/her,imperative,tsa2yo2-'a2,tsayo-'a
823,he/she is pricking him/her,infinitive,tsa2yo22-hst,tsayoo-hst
824,he/she is wringing it out,infinitive,tsv23wa32hst-o2ht,tsvvwaa'hst-oht
824,he/she is wringing it out,infinitive,tsv23wa32hst-o2ht,tsvvwa'hst-oht
825,he/she is stinging it,present,tsv3y-hsk,tsvy'-hsk
825,he/she is stinging it,present,tsv3y-hsk,tsv/y-hsk
825,he/she is stinging it,present,tsv3y-hsk,tsv/y'-hsk
825,he/she is stinging it,present_1sg,tsv3y-hsk,tsvy'-hsk
825,he/she is stinging it,present_1sg,tsv3y-hsk,tsv/y-hsk
825,he/she is stinging it,present_1sg,tsv3y-hsk,tsv/y'-hsk
825,he/she is stinging it,imperfective,tsv3y-hsk,tsvy'-hsk
825,he/she is stinging it,imperfective,tsv3y-hsk,tsv/y-hsk
825,he/she is stinging it,imperfective,tsv3y-hsk,tsv/y'-hsk
825,he/she is stinging it,perfective,tsv33y-h,tsvv'y-h
825,he/she is stinging it,perfective,tsv33y-h,tsvvy'-h
825,he/she is stinging it,perfective,tsv33y-h,tsvv/y'-h
826,he/she is leaving a living thing behind,present,kha2h-i22y-a3',khah-iiy-a/'
826,he/she is leaving a living thing behind,present_1sg,kha2h-i22y-a3',khah-iiy-a/'
826,he/she is leaving a living thing behind,perfective,kha2h-i33y-,khah-ii'y-
826,he/she is leaving a living thing behind,perfective,kha2h-i33y-,khah-iiy'-
826,he/she is leaving a living thing behind,perfective,kha2h-i33y-,khah-ii/y'-
826,he/she is leaving a living thing behind,imperative,kha2h-i23y-a2,khah-ii/y-a
826,he/she is leaving a living thing behind,infinitive,kha2h-i23y-a32hst,khah-iiy-aa'hst
826,he/she is leaving a living thing behind,infinitive,kha2h-i23y-a32hst,khah-iiy-a'hst
826,he/she is leaving a living thing behind,infinitive,kha2h-i23y-a32hst,khah-ii/y-a'hst
827,he/she is giving him/her a living thing,present,kha32n-e2h,kha'n-eh
827,he/she is giving him/her a living thing,present_1sg,kha32n-e2h,kha'n-eh
827,he/she is giving him/her a living thing,imperfective,kha32n-e22h,kha'n-eeh
827,he/she is giving him/her a living thing,perfective,kha32n-e22l,kha'n-eel
829,he/she is wrapping him/her,infinitive,kwhe22n-v2ht,kwheen-vht
830,he/she is putting it in a container (refers to a long object),present,l-a3t-i3',l-at'-i/'
830,he/she is putting it in a container (refers to a long object),present,l-a3t-i3',l-a/t-i'
830,he/she is putting it in a container (refers to a long object),present,l-a3t-i3',l-a/t-i'
830,he/she is putting it in a container (refers to a long object),present,l-a3t-i3',l-a/t-i/'
830,he/she is putting it in a container (refers to a long object),present,l-a3t-i3',l-a/t'-i/'
830,he/she is putting it in a container (refers to a long object),present_1sg,l-a3t-i3',l-at'-i/'
830,he/she is putting it in a container (refers to a long object),present_1sg,l-a3t-i3',l-a/t-i'
830,he/she is putting it in a container (refers to a long object),present_1sg,l-a3t-i3',l-a/t-i'
830,he/she is putting it in a container (refers to a long object),present_1sg,l-a3t-i3',l-a/t-i/'
830,he/she is putting it in a container (refers to a long object),present_1sg,l-a3t-i3',l-a/t'-i/'
830,he/she is putting it in a container (refers to a long object),imperfective,l-a2t-i32hsk,l-at-i'hsk
830,he/she is putting it in a container (refers to a long object),perfective,l-a3t-,l-at'-
830,he/she is putting it in a container (refers to a long object),perfective,l-a3t-,l-a/t-
830,he/she is putting it in a container (refers to a long object),perfective,l-a3t-,l-a/t'-
830,he/she is putting it in a container (refers to a long object),imperative,l-a2t-a2,l-at-a
833,he/she is taking it out of a container (refers to a solid or flexible object),present,l-e33',l-ee'
833,he/she is taking it out of a container (refers to a solid or flexible object),present,l-e33',l-ee'
833,he/she is taking it out of a container (refers to a solid or flexible object),present_1sg,l-e33',l-ee'
833,he/she is taking it out of a container (refers to a solid or flexible object),present_1sg,l-e33',l-ee'
833,he/she is taking it out of a container (refers to a solid or flexible object),imperfective,l-e33hsk,l-ee'hsk
833,he/she is taking it out of a container (refers to a solid or flexible object),imperfective,l-e33hsk,l-eeh'sk
833,he/she is taking it out of a container (refers to a solid or flexible object),imperfective,l-e33hsk,l-ee/h'sk
833,he/she is taking it out of a container (refers to a solid or flexible object),perfective,l-e33hs,l-ee'hs
833,he/she is taking it out of a container (refers to a solid or flexible object),perfective,l-e33hs,l-eeh's
833,he/she is taking it out of a container (refers to a solid or flexible object),perfective,l-e33hs,l-ee/h's
833,he/she is taking it out of a container (refers to a solid or flexible object),imperative,l-a2ki2,l-aki
834,he/she is climbing it,perfective,l-v32hs,l-v'hs
837,he/she is burning,present,le33yv22-hsk,lee'yvv-hsk
837,he/she is burning,present,le33yv22-hsk,leey'vv-hsk
837,he/she is burning,present_1sg,le33yv22-hsk,lee'yvv-hsk
837,he/she is burning,present_1sg,le33yv22-hsk,leey'vv-hsk
837,he/she is burning,imperfective,le33yv22-hsk,lee'yvv-hsk
837,he/she is burning,imperfective,le33yv22-hsk,leey'vv-hsk
837,he/she is burning,perfective,le33yv22-hs,lee'yvv-hs
837,he/she is burning,perfective,le33yv22-hs,leey'vv-hs
838,it is falling from an upright position (refers to a long object eg tree‚ pole),present,le22yv23-hsk,leeyvv/-hsk
838,it is falling from an upright position (refers to a long object eg tree‚ pole),present_1sg,le22yv33-hsk,leeyvv-hsk
838,it is falling from an upright position (refers to a long object eg tree‚ pole),present_1sg,le22yv33-hsk,leeyvv-h'sk
838,it is falling from an upright position (refers to a long object eg tree‚ pole),present_1sg,le22yv33-hsk,leeyvv/-h'sk
838,it is falling from an upright position (refers to a long object eg tree‚ pole),imperfective,le22yv23-hsk,leeyvv/-hsk
838,it is falling from an upright position (refers to a long object eg tree‚ pole),perfective,le22yv23-hs,leeyvv/-hs
838,it is falling from an upright position (refers to a long object eg tree‚ pole),imperative,le22yv23-hi2,leeyvv/-hi
838,it is falling from an upright position (refers to a long object eg tree‚ pole),infinitive,le22yv23-hi3hst,leeyvv/-hih'st
838,it is falling from an upright position (refers to a long object eg tree‚ pole),infinitive,le22yv23-hi3hst,leeyvv/-hi/hst
838,it is falling from an upright position (refers to a long object eg tree‚ pole),infinitive,le22yv23-hi3hst,leeyvv/-hi/h'st
839,he/she is climbing around,present,'l-i22t-o33h,'l-iit-ooh
839,he/she is climbing around,present,'l-i22t-o33h,'l-iit-ooh'
839,he/she is climbing around,present,'l-i22t-o33h,'l-iit-oo/h'
839,he/she is climbing around,present_1sg,'l-i22t-o33h,'l-iit-ooh
839,he/she is climbing around,present_1sg,'l-i22t-o33h,'l-iit-ooh'
839,he/she is climbing around,present_1sg,'l-i22t-o33h,'l-iit-oo/h'
839,he/she is climbing around,imperfective,'l-i22t-o33h,'l-iit-ooh
839,he/she is climbing around,imperfective,'l-i22t-o33h,'l-iit-ooh'
839,he/she is climbing around,imperfective,'l-i22t-o33h,'l-iit-oo/h'
839,he/she is climbing around,perfective,l-i33t-o21l,l-ii't-oo'l
839,he/she is climbing around,perfective,l-i33t-o21l,l-ii't-o'l
839,he/she is climbing around,perfective,l-i33t-o21l,l-iit'-oo'l
839,he/she is climbing around,perfective,l-i33t-o21l,l-iit'-o'l
839,he/she is climbing around,perfective,l-i33t-o21l,l-ii/t-oo'l
839,he/she is climbing around,perfective,l-i33t-o21l,l-ii'/t-oo'l
839,he/she is climbing around,perfective,l-i33t-o21l,l-ii/t'-oo'l
839,he/she is climbing around,perfective,l-i33t-o21l,l-ii/t'-o'l
839,he/she is climbing around,imperative,'l-i23t-a2,'l-ii/t-a
839,he/she is climbing around,infinitive,l-i23t-a32hst,l-iit-aa'hst
839,he/she is climbing around,infinitive,l-i23t-a32hst,l-iit-a'hst
839,he/she is climbing around,infinitive,l-i23t-a32hst,l-ii/t-a'hst
842,it is dying (refers to an animal or plant),present,li22who33-k,liiwhoo-k
842,it is dying (refers to an animal or plant),present,li22who33-k,liiwhoo-k'
842,it is dying (refers to an animal or plant),present,li22who33-k,liiwhoo/-k'
842,it is dying (refers to an animal or plant),imperfective,li22who33-k,liiwhoo-k
842,it is dying (refers to an animal or plant),imperfective,li22who33-k,liiwhoo-k'
842,it is dying (refers to an animal or plant),imperfective,li22who33-k,liiwhoo/-k'
842,it is dying (refers to an animal or plant),perfective,li22who33-ts,liiwhoo-ts
842,it is dying (refers to an animal or plant),perfective,li22who33-ts,liiwhoo-t's
842,it is dying (refers to an animal or plant),perfective,li22who33-ts,liiwhoo/-t's
845,he/she is hoeing it,present,lo22k-i33',look-ii'
845,he/she is hoeing it,present,lo22k-i33',look-ii'
845,he/she is hoeing it,present_1sg,lo22k-i33',look-ii'
845,he/she is hoeing it,present_1sg,lo22k-i33',look-ii'
845,he/she is hoeing it,imperfective,lo22k-i33hsk,look-iihsk
845,he/she is hoeing it,imperfective,lo22k-i33hsk,look-iih'sk
845,he/she is hoeing it,imperfective,lo22k-i33hsk,look-ii/h'sk
845,he/she is hoeing it,infinitive,lo23k-o32t,look-oo't
845,he/she is hoeing it,infinitive,lo23k-o32t,look-o't
845,he/she is hoeing it,infinitive,lo23k-o32t,loo/k-o't
848,he/she is stopping by (where on the way somewhere),present,lo22hi2hst-i3h,loohihst-ih'
848,he/she is stopping by (where on the way somewhere),present,lo22hi2hst-i3h,loohihst-i/h
848,he/she is stopping by (where on the way somewhere),present,lo22hi2hst-i3h,loohihst-i/h'
848,he/she is stopping by (where on the way somewhere),imperfective,lo22hi2hst-i23hsk,loohihst-ii/hsk
848,he/she is stopping by (where on the way somewhere),perfective,lo22hi2hst-ha3n,loohihst-han'
848,he/she is stopping by (where on the way somewhere),perfective,lo22hi2hst-ha3n,loohihst-ha/n
848,he/she is stopping by (where on the way somewhere),perfective,lo22hi2hst-ha3n,loohihst-ha/n'
848,he/she is stopping by (where on the way somewhere),imperative,lo22hi2hst-a2,loohihst-a
848,he/she is stopping by (where on the way somewhere),infinitive,lo22hi2hst-o3ht,loohihst-oh't
848,he/she is stopping by (where on the way somewhere),infinitive,lo22hi2hst-o3ht,loohihst-o/ht
848,he/she is stopping by (where on the way somewhere),infinitive,lo22hi2hst-o3ht,loohihst-o/h't
850,he/she is overtaking him/her,present,lo22hi2hs-e3h,loohihs-eh'
850,he/she is overtaking him/her,present,lo22hi2hs-e3h,loohihs-e/h
850,he/she is overtaking him/her,present,lo22hi2hs-e3h,loohihs-e/h'
850,he/she is overtaking him/her,imperfective,lo22hi2hs-e23h,loohihs-ee/h
850,he/she is overtaking him/her,perfective,lo22hi2hs-e23l,loohihs-ee/l
850,he/she is overtaking him/her,infinitive,lo22hi2hs-e3ht,loohihs-eh't
850,he/she is overtaking him/her,infinitive,lo22hi2hs-e3ht,loohihs-e/ht
850,he/she is overtaking him/her,infinitive,lo22hi2hs-e3ht,loohihs-e/h't
853,he/she is oiling it,present,lo23n-e3',loon-e'
853,he/she is oiling it,present,lo23n-e3',loon-ee'
853,he/she is oiling it,present,lo23n-e3',loon-e'
853,he/she is oiling it,present,lo23n-e3',loo/n-e'
853,he/she is oiling it,present,lo23n-e3',loo/n-e'
853,he/she is oiling it,present,lo23n-e3',loo/n-e/'
853,he/she is oiling it,present_1sg,lo23n-e3',loon-e'
853,he/she is oiling it,present_1sg,lo23n-e3',loon-ee'
853,he/she is oiling it,present_1sg,lo23n-e3',loon-e'
853,he/she is oiling it,present_1sg,lo23n-e3',loo/n-e'
853,he/she is oiling it,present_1sg,lo23n-e3',loo/n-e'
853,he/she is oiling it,present_1sg,lo23n-e3',loo/n-e/'
853,he/she is oiling it,imperfective,lo23n-e32hsk,loon-ee'hsk
853,he/she is oiling it,imperfective,lo23n-e32hsk,loon-e'hsk
853,he/she is oiling it,imperfective,lo23n-e32hsk,loo/n-e'hsk
853,he/she is oiling it,perfective,lo23n-e3',loon-e'
853,he/she is oiling it,perfective,lo23n-e3',loon-ee'
853,he/she is oiling it,perfective,lo23n-e3',loon-e'
853,he/she is oiling it,perfective,lo23n-e3',loo/n-e'
853,he/she is oiling it,perfective,lo23n-e3',loo/n-e'
853,he/she is oiling it,perfective,lo23n-e3',loo/n-e/'
853,he/she is oiling it,imperative,lo23n-a2,loo/n-a
854,he/she is making him/her fall from an elevated position,present,lo3nht-i2h,lon'ht-ih
854,he/she is making him/her fall from an elevated position,present,lo3nht-i2h,lo/nht-ih
854,he/she is making him/her fall from an elevated position,present,lo3nht-i2h,lo/n'ht-ih
854,he/she is making him/her fall from an elevated position,present_1sg,lo3nht-i2h,lon'ht-ih
854,he/she is making him/her fall from an elevated position,present_1sg,lo3nht-i2h,lo/nht-ih
854,he/she is making him/her fall from an elevated position,present_1sg,lo3nht-i2h,lo/n'ht-ih
854,he/she is making him/her fall from an elevated position,imperfective,lo3nht-i23hsk,lon'ht-ii/hsk
854,he/she is making him/her fall from an elevated position,imperfective,lo3nht-i23hsk,lo/nht-ii/hsk
854,he/she is making him/her fall from an elevated position,imperfective,lo3nht-i23hsk,lo/n'ht-ii/hsk
854,he/she is making him/her fall from an elevated position,perfective,lo3nht-ha2n,lon'ht-han
854,he/she is making him/her fall from an elevated position,perfective,lo3nht-ha2n,lo/nht-han
854,he/she is making him/her fall from an elevated position,perfective,lo3nht-ha2n,lo/n'ht-han
855,he/she is cheating,present_1sg,lo22nu2-'e23h,loonu-'ee/h
856,he/she is passing by without stopping,present,lo22-hsk,loo-hsk
856,he/she is passing by without stopping,imperfective,lo22-hsk,loo-hsk
856,he/she is passing by without stopping,perfective,lo22-hs,loo-hs
856,he/she is passing by without stopping,imperative,lo23-hi2,loo/-hi
856,he/she is passing by without stopping,infinitive,lo22-hi2hst,loo-hihst
857,he/she is falling from an elevated position,present,lo32-hsk,lo'-hsk
857,he/she is falling from an elevated position,present_1sg,lo32-hsk,lo'-hsk
857,he/she is falling from an elevated position,imperfective,lo32-hsk,lo'-hsk
857,he/she is falling from an elevated position,perfective,lo32-hs,lo'-hs
858,he/she is arriving,present,'lu2h-k,'luh-k
858,he/she is arriving,present_1sg,'lu2h-k,'luh-k
858,he/she is arriving,imperfective,'lu2h-k,'luh-k
858,he/she is arriving,perfective,lu3h-ts,luh'-ts
858,he/she is arriving,perfective,lu3h-ts,lu/h-ts
858,he/she is arriving,perfective,lu3h-ts,lu/h'-ts
858,he/she is arriving,imperative,'lu2h-ki2,'luh-ki
858,he/she is arriving,infinitive,lu3h-i3hst,luh'-i/hst
858,he/she is arriving,infinitive,lu3h-i3hst,lu/h-ih'st
858,he/she is arriving,infinitive,lu3h-i3hst,lu/h-i/hst
858,he/she is arriving,infinitive,lu3h-i3hst,lu/h-i/h'st
858,he/she is arriving,infinitive,lu3h-i3hst,lu/h'-i/hst
859,it’s lacking,present,lu23lo32-k,luuloo'-k
859,it’s lacking,present,lu23lo32-k,luulo'-k
859,it’s lacking,present_1sg,lu23lo32-k,luuloo'-k
859,it’s lacking,present_1sg,lu23lo32-k,luulo'-k
859,it’s lacking,imperfective,lu23lo32-k,luuloo'-k
859,it’s lacking,imperfective,lu23lo32-k,luulo'-k
859,it’s lacking,perfective,lu23lo32-ts,luuloo'-ts
859,it’s lacking,perfective,lu23lo32-ts,luulo'-ts
859,it’s lacking,infinitive,lu23lo32-hst,luuloo'-hst
859,it’s lacking,infinitive,lu23lo32-hst,luulo'-hst
862,he/she is chopping it,present,lu32y-hsk,lu'y-hsk
862,he/she is chopping it,present_1sg,lu32y-hsk,lu'y-hsk
862,he/she is chopping it,imperfective,lu32y-hsk,lu'y-hsk
862,he/she is chopping it,perfective,lu32y-h,lu'y-h
864,he/she is beating him/her up,present,l-v33n-hi2h,l-vv'n-hih
864,he/she is beating him/her up,present,l-v33n-hi2h,l-vvn'-hih
864,he/she is beating him/her up,present,l-v33n-hi2h,l-vv/n'-hih
864,he/she is beating him/her up,present_1sg,l-v33n-hi2h,l-vv'n-hih
864,he/she is beating him/her up,present_1sg,l-v33n-hi2h,l-vvn'-hih
864,he/she is beating him/her up,present_1sg,l-v33n-hi2h,l-vv/n'-hih
864,he/she is beating him/her up,imperfective,l-v33n-hi2h,l-vv'n-hih
864,he/she is beating him/her up,imperfective,l-v33n-hi2h,l-vvn'-hih
864,he/she is beating him/her up,imperfective,l-v33n-hi2h,l-vv/n'-hih
864,he/she is beating him/her up,perfective,l-v33n-hi2l,l-vv'n-hil
864,he/she is beating him/her up,perfective,l-v33n-hi2l,l-vvn'-hil
864,he/she is beating him/her up,perfective,l-v33n-hi2l,l-vv/n'-hil
870,he/she is putting it in a hole or a container (refers to a flexible object),present,l-v33hsk,l-vv'hsk
870,he/she is putting it in a hole or a container (refers to a flexible object),present,l-v33hsk,l-vvh'sk
870,he/she is putting it in a hole or a container (refers to a flexible object),present,l-v33hsk,l-vv/h'sk
870,he/she is putting it in a hole or a container (refers to a flexible object),present_1sg,l-v33hsk,l-vv'hsk
870,he/she is putting it in a hole or a container (refers to a flexible object),present_1sg,l-v33hsk,l-vvh'sk
870,he/she is putting it in a hole or a container (refers to a flexible object),present_1sg,l-v33hsk,l-vv/h'sk
870,he/she is putting it in a hole or a container (refers to a flexible object),imperfective,l-v33hsk,l-vv'hsk
870,he/she is putting it in a hole or a container (refers to a flexible object),imperfective,l-v33hsk,l-vvh'sk
870,he/she is putting it in a hole or a container (refers to a flexible object),imperfective,l-v33hsk,l-vv/h'sk
870,he/she is putting it in a hole or a container (refers to a flexible object),perfective,l-v33n,l-vv'n
870,he/she is putting it in a hole or a container (refers to a flexible object),perfective,l-v33n,l-vvn'
870,he/she is putting it in a hole or a container (refers to a flexible object),perfective,l-v33n,l-vv/n'
871,he/she is selling it,present,na2t-e33k,nat-ee'k
871,he/she is selling it,present,na2t-e33k,nat-eek'
871,he/she is selling it,present,na2t-e33k,nat-ee/k'
871,he/she is selling it,present_1sg,na2t-e33k,nat-ee'k
871,he/she is selling it,present_1sg,na2t-e33k,nat-eek'
871,he/she is selling it,present_1sg,na2t-e33k,nat-ee/k'
871,he/she is selling it,imperfective,na2t-e33k,nat-ee'k
871,he/she is selling it,imperfective,na2t-e33k,nat-eek'
871,he/she is selling it,imperfective,na2t-e33k,nat-ee/k'
871,he/she is selling it,perfective,na2t-i23nv32hs,nat-iinvv'hs
871,he/she is selling it,perfective,na2t-i23nv32hs,nat-iinv'hs
873,he/she is hiring him/her,present,na32lh-v2hsk,na'lh-vhsk
873,he/she is hiring him/her,present_1sg,na32lh-v2hsk,na'lh-vhsk
873,he/she is hiring him/her,imperfective,na32lh-v2hsk,na'lh-vhsk
873,he/she is hiring him/her,perfective,na32lh-v21n,na'lh-vv'n
873,he/she is hiring him/her,perfective,na32lh-v21n,na'lh-v'n
876,he/she is finding it (refers to a flexible object),present,na32whth-i3h,na'whth-i/h
876,he/she is finding it (refers to a flexible object),present_1sg,na32whth-i3h,na'whth-i/h
876,he/she is finding it (refers to a flexible object),imperfective,na32whth-i23hsk,na'whth-ii/hsk
876,he/she is finding it (refers to a flexible object),perfective,na32whth-v22h,na'whth-vvh
877,he/she is taking it somewhere (refers to an animal‚ flexible object),present,na32wi22t-i3h,na'wiit-ih'
877,he/she is taking it somewhere (refers to an animal‚ flexible object),present,na32wi22t-i3h,na'wiit-i/h
877,he/she is taking it somewhere (refers to an animal‚ flexible object),present,na32wi22t-i3h,na'wiit-i/h'
877,he/she is taking it somewhere (refers to an animal‚ flexible object),present_1sg,na32wi22t-i3h,na'wiit-ih'
877,he/she is taking it somewhere (refers to an animal‚ flexible object),present_1sg,na32wi22t-i3h,na'wiit-i/h
877,he/she is taking it somewhere (refers to an animal‚ flexible object),present_1sg,na32wi22t-i3h,na'wiit-i/h'
877,he/she is taking it somewhere (refers to an animal‚ flexible object),imperfective,na32wi22t-i23hsk,na'wiit-ii/hsk
877,he/she is taking it somewhere (refers to an animal‚ flexible object),perfective,na32wi22t-v22h,na'wiit-vvh
879,he/she is getting it (refers to a flexible object),present,n-e33',n-ee'
879,he/she is getting it (refers to a flexible object),present,n-e33',n-ee'
879,he/she is getting it (refers to a flexible object),present_1sg,n-e33',n-ee'
879,he/she is getting it (refers to a flexible object),present_1sg,n-e33',n-ee'
879,he/she is getting it (refers to a flexible object),imperfective,n-e33hsk,n-ee'hsk
879,he/she is getting it (refers to a flexible object),imperfective,n-e33hsk,n-eeh'sk
879,he/she is getting it (refers to a flexible object),imperfective,n-e33hsk,n-ee/h'sk
879,he/she is getting it (refers to a flexible object),perfective,n-e33hs,n-ee'hs
879,he/she is getting it (refers to a flexible object),perfective,n-e33hs,n-eeh's
879,he/she is getting it (refers to a flexible object),perfective,n-e33hs,n-ee/h's
879,he/she is getting it (refers to a flexible object),imperative,n-a2ki2,n-aki
882,he/she is taking it somewhere by hand (refers to a long object),present,n-e33k,n-ee'k
882,he/she is taking it somewhere by hand (refers to a long object),present,n-e33k,n-eek'
882,he/she is taking it somewhere by hand (refers to a long object),present,n-e33k,n-ee/k'
882,he/she is taking it somewhere by hand (refers to a long object),present_1sg,n-e33k,n-ee'k
882,he/she is taking it somewhere by hand (refers to a long object),present_1sg,n-e33k,n-eek'
882,he/she is taking it somewhere by hand (refers to a long object),present_1sg,n-e33k,n-ee/k'
882,he/she is taking it somewhere by hand (refers to a long object),imperfective,n-e33k,n-ee'k
882,he/she is taking it somewhere by hand (refers to a long object),imperfective,n-e33k,n-eek'
882,he/she is taking it somewhere by hand (refers to a long object),imperfective,n-e33k,n-ee/k'
882,he/she is taking it somewhere by hand (refers to a long object),perfective,n-v33hs,n-vv'hs
882,he/she is taking it somewhere by hand (refers to a long object),perfective,n-v33hs,n-vvh's
882,he/she is taking it somewhere by hand (refers to a long object),perfective,n-v33hs,n-vv/h's
883,he/she is peeling him/her,present,ne33ka2l-i3h,nee'kal-ih'
883,he/she is peeling him/her,present,ne33ka2l-i3h,nee'kal-i/h
883,he/she is peeling him/her,present,ne33ka2l-i3h,nee'kal-i/h'
883,he/she is peeling him/her,present,ne33ka2l-i3h,neek'al-ih'
883,he/she is peeling him/her,present,ne33ka2l-i3h,neek'al-i/h
883,he/she is peeling him/her,present,ne33ka2l-i3h,neek'al-i/h'
883,he/she is peeling him/her,present_1sg,ne33ka2l-i3h,nee'kal-ih'
883,he/she is peeling him/her,present_1sg,ne33ka2l-i3h,nee'kal-i/h
883,he/she is peeling him/her,present_1sg,ne33ka2l-i3h,nee'kal-i/h'
883,he/she is peeling him/her,present_1sg,ne33ka2l-i3h,neek'al-ih'
883,he/she is peeling him/her,present_1sg,ne33ka2l-i3h,neek'al-i/h
883,he/she is peeling him/her,present_1sg,ne33ka2l-i3h,neek'al-i/h'
883,he/she is peeling him/her,imperfective,ne33ka2l-i23hsk,nee'kal-ii/hsk
883,he/she is peeling him/her,imperfective,ne33ka2l-i23hsk,neek'al-ii/hsk
883,he/she is peeling him/her,perfective,ne33ka2l-v22h,nee'kal-vvh
883,he/she is peeling him/her,perfective,ne33ka2l-v22h,neek'al-vvh
884,he/she is getting some liquid,present,ne22-ki33',nee-kii'
884,he/she is getting some liquid,present,ne22-ki33',nee-kii'
884,he/she is getting some liquid,present_1sg,ne22-ki33',nee-kii'
884,he/she is getting some liquid,present_1sg,ne22-ki33',nee-kii'
884,he/she is getting some liquid,imperfective,ne22-ki33hsk,nee-kiihsk
884,he/she is getting some liquid,imperfective,ne22-ki33hsk,nee-kiih'sk
884,he/she is getting some liquid,imperfective,ne22-ki33hsk,nee-kii/h'sk
884,he/she is getting some liquid,perfective,ne22-ki33hs,nee-kiihs
884,he/she is getting some liquid,perfective,ne22-ki33hs,nee-kiih's
884,he/she is getting some liquid,perfective,ne22-ki33hs,nee-kii/h's
884,he/she is getting some liquid,imperative,ne23-ki2,nee/-ki
885,he/she is taking liquid from him/her,present,ne22ki33'-e22h,neekii/'-eeh
885,he/she is taking liquid from him/her,present_1sg,ne22ki33'-e22h,neekii/'-eeh
885,he/she is taking liquid from him/her,imperfective,ne22ki33'-e22h,neekii/'-eeh
885,he/she is taking liquid from him/her,perfective,ne22ki33'-e22l,neekii/'-eel
886,he/she is bewitching him/her,imperative,ne22ku23-t-a2,neekuu/-t-a
887,he/she is holding it in his/her hand (refers to a long object),present,n-e3h,n-eh'
887,he/she is holding it in his/her hand (refers to a long object),present,n-e3h,n-e/h
887,he/she is holding it in his/her hand (refers to a long object),present,n-e3h,n-e/h'
887,he/she is holding it in his/her hand (refers to a long object),present_1sg,n-e3h,n-eh'
887,he/she is holding it in his/her hand (refers to a long object),present_1sg,n-e3h,n-e/h
887,he/she is holding it in his/her hand (refers to a long object),present_1sg,n-e3h,n-e/h'
887,he/she is holding it in his/her hand (refers to a long object),imperfective,n-e22h,n-eeh
887,he/she is holding it in his/her hand (refers to a long object),imperative,n-e22he33hsti2,n-eeheehsti
887,he/she is holding it in his/her hand (refers to a long object),imperative,n-e22he33hsti2,n-eeheeh'sti
888,he/she is leaving some liquid,perfective,ne22h-i33y-,neeh-iiy-
888,he/she is leaving some liquid,perfective,ne22h-i33y-,neeh-iiy'-
888,he/she is leaving some liquid,perfective,ne22h-i33y-,neeh-ii/y'-
888,he/she is leaving some liquid,imperative,ne22h-i23y-a2,neeh-ii/y-a
888,he/she is leaving some liquid,infinitive,ne22h-i23y-a32hst,neeh-ii/y-a'hst
890,he/she is finding some liquid,present,ne22wha2hth-i3h,neewhahth-ih'
890,he/she is finding some liquid,present,ne22wha2hth-i3h,neewhahth-i/h
890,he/she is finding some liquid,present,ne22wha2hth-i3h,neewhahth-i/h'
890,he/she is finding some liquid,imperfective,ne22wha2hth-i23hsk,neewhahth-ii/hsk
890,he/she is finding some liquid,perfective,ne22wha2hth-v22h,neewhahth-vvh
890,he/she is finding some liquid,imperative,ne22wha2hth-a2,neewhahth-a
890,he/she is finding some liquid,infinitive,ne22wha2hth-v2ht,neewhahth-vht
891,he/she is taking some liquid somewhere,imperative,ne22whi23t-a2,neewhii/t-a
893,he/she lives (in sense of resides now),present,ne23l-,nee/l-
893,he/she lives (in sense of resides now),present_1sg,ne23l-,nee/l-
893,he/she lives (in sense of resides now),imperfective,ne23l-,nee/l-
893,he/she lives (in sense of resides now),imperative,ne23l-e32hsti2,neel-ee'hsti
893,he/she lives (in sense of resides now),imperative,ne23l-e32hsti2,neel-e'hsti
893,he/she lives (in sense of resides now),imperative,ne23l-e32hsti2,nee/l-e'hsti
895,it’s freezing,perfective,ne23hsta3l-a2t-,neehstal'-at-
895,it’s freezing,perfective,ne23hsta3l-a2t-,neehsta/l'-at-
895,it’s freezing,imperative,ne22hsta2l-a2t-a2,neehstal-at-a
899,he/she is lying down,present,nh-k,nh-k
899,he/she is lying down,imperfective,nh-k,nh-k
899,he/she is lying down,imperative,nh-ke33hsti2,nh-kee'hsti
899,he/she is lying down,imperative,nh-ke33hsti2,nh-keeh'sti
901,he/she is agitating liquid,present,nhkwa3'-e22h,nhkwa/'-eeh
901,he/she is agitating liquid,present_1sg,nhkwa3'-e22h,nhkwa/'-eeh
901,he/she is agitating liquid,imperfective,nhkwa3'-e22hsk,nhkwa/'-eehsk
901,he/she is agitating liquid,perfective,nhkwa3'-e22h,nhkwa/'-eeh
902,he/she is taking a liquid somewhere by hand,present,nhts-e33k,nhts-ee'k
902,he/she is taking a liquid somewhere by hand,present,nhts-e33k,nhts-eek'
902,he/she is taking a liquid somewhere by hand,present,nhts-e33k,nhts-ee/k'
902,he/she is taking a liquid somewhere by hand,imperfective,nhts-e33k,nhts-ee'k
902,he/she is taking a liquid somewhere by hand,imperfective,nhts-e33k,nhts-eek'
902,he/she is taking a liquid somewhere by hand,imperfective,nhts-e33k,nhts-ee/k'
902,he/she is taking a liquid somewhere by hand,perfective,nhts-v33hs,nhts-vv'hs
902,he/she is taking a liquid somewhere by hand,perfective,nhts-v33hs,nhts-vvh's
902,he/she is taking a liquid somewhere by hand,perfective,nhts-v33hs,nhts-vv/h's
903,he/she is holding some liquid,present,nhts-e3h,nhts-eh'
903,he/she is holding some liquid,present,nhts-e3h,nhts-e/h
903,he/she is holding some liquid,present,nhts-e3h,nhts-e/h'
903,he/she is holding some liquid,imperfective,nhts-e22h,nhts-eeh
903,he/she is holding some liquid,imperative,nhts-e22he33hsti2,nhts-eeheehsti
903,he/she is holding some liquid,imperative,nhts-e22he33hsti2,nhts-eeheeh'sti
904,he/she is handling some liquid,present,nhts-i23t-o32h,nhts-iit-oo'h
904,he/she is handling some liquid,present,nhts-i23t-o32h,nhts-iit-o'h
904,he/she is handling some liquid,present,nhts-i23t-o32h,nhts-ii/t-o'h
904,he/she is handling some liquid,imperfective,nhts-i23t-o32h,nhts-iit-oo'h
904,he/she is handling some liquid,imperfective,nhts-i23t-o32h,nhts-iit-o'h
904,he/she is handling some liquid,imperfective,nhts-i23t-o32h,nhts-ii/t-o'h
904,he/she is handling some liquid,perfective,nhts-i23t-o32l,nhts-iit-oo'l
904,he/she is handling some liquid,perfective,nhts-i23t-o32l,nhts-iit-o'l
904,he/she is handling some liquid,perfective,nhts-i23t-o32l,nhts-ii/t-o'l
904,he/she is handling some liquid,imperative,nhts-i23t-a2,nhts-ii/t-a
904,he/she is handling some liquid,infinitive,nhts-i23t-a32hst,nhts-iit-aa'hst
904,he/she is handling some liquid,infinitive,nhts-i23t-a32hst,nhts-iit-a'hst
904,he/she is handling some liquid,infinitive,nhts-i23t-a32hst,nhts-ii/t-a'hst
908,he/she is handling it (refers to a long object),present,n-i23t-o32h,n-iit-oo'h
908,he/she is handling it (refers to a long object),present,n-i23t-o32h,n-iit-o'h
908,he/she is handling it (refers to a long object),present,n-i23t-o32h,n-ii/t-o'h
908,he/she is handling it (refers to a long object),present_1sg,n-i23t-o32h,n-iit-oo'h
908,he/she is handling it (refers to a long object),present_1sg,n-i23t-o32h,n-iit-o'h
908,he/she is handling it (refers to a long object),present_1sg,n-i23t-o32h,n-ii/t-o'h
908,he/she is handling it (refers to a long object),imperfective,n-i23t-o32h,n-iit-oo'h
908,he/she is handling it (refers to a long object),imperfective,n-i23t-o32h,n-iit-o'h
908,he/she is handling it (refers to a long object),imperfective,n-i23t-o32h,n-ii/t-o'h
908,he/she is handling it (refers to a long object),perfective,n-i23t-o32l,n-iit-oo'l
908,he/she is handling it (refers to a long object),perfective,n-i23t-o32l,n-iit-o'l
908,he/she is handling it (refers to a long object),perfective,n-i23t-o32l,n-ii/t-o'l
908,he/she is handling it (refers to a long object),imperative,n-i23t-a2,n-ii/t-a
908,he/she is handling it (refers to a long object),infinitive,n-i23t-a32hst,n-iit-aa'hst
908,he/she is handling it (refers to a long object),infinitive,n-i23t-a32hst,n-iit-a'hst
908,he/she is handling it (refers to a long object),infinitive,n-i23t-a32hst,n-ii/t-a'hst
909,he/she hates him/her,present,ni2kwa32t-hi2h,nikwa't-hih
909,he/she hates him/her,present_1sg,ni2kwa32t-hi2h,nikwa't-hih
909,he/she hates him/her,imperfective,ni2kwa32t-hi2h,nikwa't-hih
909,he/she hates him/her,perfective,ni2kwa32t-hi2lh,nikwa't-hilh
910,he/she is setting up a bed,present,ni22lh-a3t-i3',niilh-a/t-i'
910,he/she is setting up a bed,present,ni22lh-a3t-i3',niilh-a/t-i'
910,he/she is setting up a bed,present,ni22lh-a3t-i3',niilh-a/t-i/'
910,he/she is setting up a bed,perfective,ni22lh-a3t-,niilh-a/t-
910,he/she is setting up a bed,imperative,ni22lh-a2t-a2,niilh-at-a
913,he/she is pleading,present,ni23l-a3t-i2',niil-at'-i'
913,he/she is pleading,present,ni23l-a3t-i2',niil-at'-ii'
913,he/she is pleading,present,ni23l-a3t-i2',niil-at'-i'
913,he/she is pleading,present,ni23l-a3t-i2',niil-a/t'-i'
913,he/she is pleading,present,ni23l-a3t-i2',nii/l-at'-i'
913,he/she is pleading,present,ni23l-a3t-i2',nii/l-at'-ii'
913,he/she is pleading,present,ni23l-a3t-i2',nii/l-at'-i'
913,he/she is pleading,present,ni23l-a3t-i2',nii/l-a/t'-i'
913,he/she is pleading,present_1sg,ni23l-a3t-i2',niil-at'-i'
913,he/she is pleading,present_1sg,ni23l-a3t-i2',niil-at'-ii'
913,he/she is pleading,present_1sg,ni23l-a3t-i2',niil-at'-i'
913,he/she is pleading,present_1sg,ni23l-a3t-i2',niil-a/t'-i'
913,he/she is pleading,present_1sg,ni23l-a3t-i2',nii/l-at'-i'
913,he/she is pleading,present_1sg,ni23l-a3t-i2',nii/l-at'-ii'
913,he/she is pleading,present_1sg,ni23l-a3t-i2',nii/l-at'-i'
913,he/she is pleading,present_1sg,ni23l-a3t-i2',nii/l-a/t'-i'
913,he/she is pleading,imperfective,ni23l-a3t-i21hsk,niil-at'-ii'hsk
913,he/she is pleading,imperfective,ni23l-a3t-i21hsk,niil-at'-i'hsk
913,he/she is pleading,imperfective,ni23l-a3t-i21hsk,niil-a/t'-ii'hsk
913,he/she is pleading,imperfective,ni23l-a3t-i21hsk,niil-a/t'-i'hsk
913,he/she is pleading,imperfective,ni23l-a3t-i21hsk,nii/l-at'-ii'hsk
913,he/she is pleading,imperfective,ni23l-a3t-i21hsk,nii/l-at'-i'hsk
913,he/she is pleading,imperfective,ni23l-a3t-i21hsk,nii/l-a/t-ii'hsk
913,he/she is pleading,imperfective,ni23l-a3t-i21hsk,nii/l-a/t'-ii'hsk
913,he/she is pleading,imperfective,ni23l-a3t-i21hsk,nii/l-a/t'-i'hsk
913,he/she is pleading,perfective,ni23l-a3t-,niil-at'-
913,he/she is pleading,perfective,ni23l-a3t-,niil-a/t'-
913,he/she is pleading,perfective,ni23l-a3t-,nii/l-at'-
913,he/she is pleading,perfective,ni23l-a3t-,nii/l-a/t-
913,he/she is pleading,perfective,ni23l-a3t-,nii/l-a/t'-
913,he/she is pleading,imperative,ni22l-a2t-a2,niil-at-a
913,he/she is pleading,infinitive,ni23l-a3t-i21hst,niil-at'-ii'hst
913,he/she is pleading,infinitive,ni23l-a3t-i21hst,niil-at'-i'hst
913,he/she is pleading,infinitive,ni23l-a3t-i21hst,niil-a/t'-ii'hst
913,he/she is pleading,infinitive,ni23l-a3t-i21hst,niil-a/t'-i'hst
913,he/she is pleading,infinitive,ni23l-a3t-i21hst,nii/l-at'-ii'hst
913,he/she is pleading,infinitive,ni23l-a3t-i21hst,nii/l-at'-i'hst
913,he/she is pleading,infinitive,ni23l-a3t-i21hst,nii/l-a/t-ii'hst
913,he/she is pleading,infinitive,ni23l-a3t-i21hst,nii/l-a/t'-ii'hst
913,he/she is pleading,infinitive,ni23l-a3t-i21hst,nii/l-a/t'-i'hst
914,he/she is burying him/her,present,'n-i22hs-i3h,'n-iihs-i/h
914,he/she is burying him/her,present_1sg,n-i22hs-i3h,n-iihs-i/h
914,he/she is burying him/her,imperfective,'n-i22hs-i23hsk,'n-iihs-ii/hsk
914,he/she is burying him/her,perfective,n-i33hs-a2nh,n-ii'hs-anh
914,he/she is burying him/her,perfective,n-i33hs-a2nh,n-iih's-anh
914,he/she is burying him/her,perfective,n-i33hs-a2nh,n-ii/h's-anh
914,he/she is burying him/her,imperative,n-i23hs-a2,n-ii/hs-a
914,he/she is burying him/her,infinitive,n-i23hs-o3ht,n-iihs-oh't
914,he/she is burying him/her,infinitive,n-i23hs-o3ht,n-iihs-o/h't
914,he/she is burying him/her,infinitive,n-i23hs-o3ht,n-ii/hs-oh't
914,he/she is burying him/her,infinitive,n-i23hs-o3ht,n-ii/hs-o/ht
914,he/she is burying him/her,infinitive,n-i23hs-o3ht,n-ii/hs-o/h't
918,he/she is hunting,present,no22ha2l-i23t-o32h,noohal-iit-oo'h
918,he/she is hunting,present,no22ha2l-i23t-o32h,noohal-iit-o'h
918,he/she is hunting,present,no22ha2l-i23t-o32h,noohal-ii/t-o'h
918,he/she is hunting,imperfective,no22ha2l-i23t-o32h,noohal-iit-oo'h
918,he/she is hunting,imperfective,no22ha2l-i23t-o32h,noohal-iit-o'h
918,he/she is hunting,imperfective,no22ha2l-i23t-o32h,noohal-ii/t-o'h
918,he/she is hunting,perfective,no22ha2l-i23t-o32l,noohal-iit-oo'l
918,he/she is hunting,perfective,no22ha2l-i23t-o32l,noohal-iit-o'l
918,he/she is hunting,perfective,no22ha2l-i23t-o32l,noohal-ii/t-o'l
918,he/she is hunting,imperative,no22ha2l-i23t-a2,noohal-ii/t-a
918,he/she is hunting,infinitive,no22ha2l-i23t-a32hst,noohal-iit-aa'hst
918,he/she is hunting,infinitive,no22ha2l-i23t-a32hst,noohal-iit-a'hst
918,he/she is hunting,infinitive,no22ha2l-i23t-a32hst,noohal-ii/t-a'hst
921,it’s flooding,present,no22hu23k-i3',noohuu/k-i'
921,it’s flooding,present,no22hu23k-i3',noohuu/k-i'
921,it’s flooding,present,no22hu23k-i3',noohuu/k-i/'
921,it’s flooding,imperfective,no22hu23k-i32hsk,noohuu/k-i'hsk
921,it’s flooding,perfective,no22hu23k-a32n,noohuu/k-a'n
921,it’s flooding,infinitive,no22hu23k-o32t,noohuu/k-o't
924,it is blowing (refers to wind),perfective,no22l-v33n,nool-vvn
924,it is blowing (refers to wind),perfective,no22l-v33n,nool-vvn'
924,it is blowing (refers to wind),perfective,no22l-v33n,nool-vv/n'
925,he/she is stealing it,present,no22hs-ki33',noohs-kii'
925,he/she is stealing it,present,no22hs-ki33',noohs-kii'
925,he/she is stealing it,imperfective,no22hs-ki33hsk,noohs-kiihsk
925,he/she is stealing it,imperfective,no22hs-ki33hsk,noohs-kiih'sk
925,he/she is stealing it,imperfective,no22hs-ki33hsk,noohs-kii/h'sk
925,he/she is stealing it,perfective,no22hs-ki33hs,noohs-kiihs
925,he/she is stealing it,perfective,no22hs-ki33hs,noohs-kiih's
925,he/she is stealing it,perfective,no22hs-ki33hs,noohs-kii/h's
925,he/she is stealing it,imperative,no23hs-ki2,noo/hs-ki
928,he/she is sinking,present,no23yv32-k,nooyvv'-k
928,he/she is sinking,present,no23yv32-k,nooyv'-k
928,he/she is sinking,present_1sg,no23yv32-k,nooyvv'-k
928,he/she is sinking,present_1sg,no23yv32-k,nooyv'-k
928,he/she is sinking,imperfective,no23yv32-k,nooyvv'-k
928,he/she is sinking,imperfective,no23yv32-k,nooyv'-k
928,he/she is sinking,perfective,no23yv32-ts,nooyvv'-ts
928,he/she is sinking,perfective,no23yv32-ts,nooyv'-ts
929,he/she is pulling him/her,present,nhsa2n-e33',nhsan-ee'
929,he/she is pulling him/her,present,nhsa2n-e33',nhsan-ee'
929,he/she is pulling him/her,imperfective,nhsa2n-e33hsk,nhsan-ee'hsk
929,he/she is pulling him/her,imperfective,nhsa2n-e33hsk,nhsan-eeh'sk
929,he/she is pulling him/her,imperfective,nhsa2n-e33hsk,nhsan-ee/h'sk
929,he/she is pulling him/her,perfective,nhsa2n-e33hs,nhsan-ee'hs
929,he/she is pulling him/her,perfective,nhsa2n-e33hs,nhsan-eeh's
929,he/she is pulling him/her,perfective,nhsa2n-e33hs,nhsan-ee/h's
931,he/she is dragging him/her,present,nhsi23n-e32k,nhsiin-ee'k
931,he/she is dragging him/her,present,nhsi23n-e32k,nhsiin-e'k
931,he/she is dragging him/her,present,nhsi23n-e32k,nhsii/n-e'k
931,he/she is dragging him/her,imperfective,nhsi23n-e32k,nhsiin-ee'k
931,he/she is dragging him/her,imperfective,nhsi23n-e32k,nhsiin-e'k
931,he/she is dragging him/her,imperfective,nhsi23n-e32k,nhsii/n-e'k
931,he/she is dragging him/her,perfective,nhsi23n-v32hs,nhsiin-vv'hs
931,he/she is dragging him/her,perfective,nhsi23n-v32hs,nhsiin-v'hs
931,he/she is dragging him/her,perfective,nhsi23n-v32hs,nhsii/n-v'hs
931,he/she is dragging him/her,infinitive,nhsi23n-v32hst,nhsiin-vv'hst
931,he/she is dragging him/her,infinitive,nhsi23n-v32hst,nhsiin-v'hst
931,he/she is dragging him/her,infinitive,nhsi23n-v32hst,nhsii/n-v'hst
932,he/she is exiting,present,nu22-ko33k,nuu-kook
932,he/she is exiting,present,nu22-ko33k,nuu-kook'
932,he/she is exiting,present,nu22-ko33k,nuu-koo/k'
932,he/she is exiting,present_1sg,nu22-ko33k,nuu-kook
932,he/she is exiting,present_1sg,nu22-ko33k,nuu-kook'
932,he/she is exiting,present_1sg,nu22-ko33k,nuu-koo/k'
932,he/she is exiting,imperfective,nu22-ko33k,nuu-kook
932,he/she is exiting,imperfective,nu22-ko33k,nuu-kook'
932,he/she is exiting,imperfective,nu22-ko33k,nuu-koo/k'
932,he/she is exiting,perfective,nu22-ko33ts,nuu-koots
932,he/she is exiting,perfective,nu22-ko33ts,nuu-koot's
932,he/she is exiting,perfective,nu22-ko33ts,nuu-koo/t's
937,he/she is twisting him/her,present,nu33the22y-o3h,nuu'theey-oh'
937,he/she is twisting him/her,present,nu33the22y-o3h,nuu'theey-o/h
937,he/she is twisting him/her,present,nu33the22y-o3h,nuu'theey-o/h'
937,he/she is twisting him/her,present,nu33the22y-o3h,nuut'heey-oh'
937,he/she is twisting him/her,present,nu33the22y-o3h,nuut'heey-o/h
937,he/she is twisting him/her,present,nu33the22y-o3h,nuut'heey-o/h'
937,he/she is twisting him/her,present_1sg,nu33the22y-o3h,nuu'theey-oh'
937,he/she is twisting him/her,present_1sg,nu33the22y-o3h,nuu'theey-o/h
937,he/she is twisting him/her,present_1sg,nu33the22y-o3h,nuu'theey-o/h'
937,he/she is twisting him/her,present_1sg,nu33the22y-o3h,nuut'heey-oh'
937,he/she is twisting him/her,present_1sg,nu33the22y-o3h,nuut'heey-o/h
937,he/she is twisting him/her,present_1sg,nu33the22y-o3h,nuut'heey-o/h'
937,he/she is twisting him/her,imperfective,nu33the22y-o3h,nuu'theey-oh'
937,he/she is twisting him/her,imperfective,nu33the22y-o3h,nuu'theey-o/h
937,he/she is twisting him/her,imperfective,nu33the22y-o3h,nuu'theey-o/h'
937,he/she is twisting him/her,imperfective,nu33the22y-o3h,nuut'heey-oh'
937,he/she is twisting him/her,imperfective,nu33the22y-o3h,nuut'heey-o/h
937,he/she is twisting him/her,imperfective,nu33the22y-o3h,nuut'heey-o/h'
937,he/she is twisting him/her,perfective,nu33the22y-o32l,nuu'theey-o'l
937,he/she is twisting him/her,perfective,nu33the22y-o32l,nuut'heey-o'l
938,he/she is missing him/her (refers to as a target),present,nv23-t-i3',nvv-t-i'
938,he/she is missing him/her (refers to as a target),present,nv23-t-i3',nvv-t-ii'
938,he/she is missing him/her (refers to as a target),present,nv23-t-i3',nvv-t-i'
938,he/she is missing him/her (refers to as a target),present,nv23-t-i3',nvv/-t-i'
938,he/she is missing him/her (refers to as a target),present,nv23-t-i3',nvv/-t-i'
938,he/she is missing him/her (refers to as a target),present,nv23-t-i3',nvv/-t-i/'
938,he/she is missing him/her (refers to as a target),present_1sg,nv23-t-i3',nvv-t-i'
938,he/she is missing him/her (refers to as a target),present_1sg,nv23-t-i3',nvv-t-ii'
938,he/she is missing him/her (refers to as a target),present_1sg,nv23-t-i3',nvv-t-i'
938,he/she is missing him/her (refers to as a target),present_1sg,nv23-t-i3',nvv/-t-i'
938,he/she is missing him/her (refers to as a target),present_1sg,nv23-t-i3',nvv/-t-i'
938,he/she is missing him/her (refers to as a target),present_1sg,nv23-t-i3',nvv/-t-i/'
938,he/she is missing him/her (refers to as a target),imperfective,nv23-t-i32hsk,nvv-t-ii'hsk
938,he/she is missing him/her (refers to as a target),imperfective,nv23-t-i32hsk,nvv-t-i'hsk
938,he/she is missing him/her (refers to as a target),imperfective,nv23-t-i32hsk,nvv/-t-i'hsk
938,he/she is missing him/her (refers to as a target),perfective,nv33-t-,nvv'-t-
938,he/she is missing him/her (refers to as a target),perfective,nv33-t-,nvv-t'-
938,he/she is missing him/her (refers to as a target),perfective,nv33-t-,nvv/-t'-
938,he/she is missing him/her (refers to as a target),imperative,nv23-t-a2,nvv/-t-a
938,he/she is missing him/her (refers to as a target),infinitive,nv23-t-i32hst,nvv-t-ii'hst
938,he/she is missing him/her (refers to as a target),infinitive,nv23-t-i32hst,nvv-t-i'hst
938,he/she is missing him/her (refers to as a target),infinitive,nv23-t-i32hst,nvv/-t-i'hst
940,he/she is falling from an upright position,present,nv33-k,nvv'-k
940,he/she is falling from an upright position,present,nv33-k,nvv-k'
940,he/she is falling from an upright position,present,nv33-k,nvv/-k'
940,he/she is falling from an upright position,present_1sg,nv33-k,nvv'-k
940,he/she is falling from an upright position,present_1sg,nv33-k,nvv-k'
940,he/she is falling from an upright position,present_1sg,nv33-k,nvv/-k'
940,he/she is falling from an upright position,imperfective,nv33-k,nvv'-k
940,he/she is falling from an upright position,imperfective,nv33-k,nvv-k'
940,he/she is falling from an upright position,imperfective,nv33-k,nvv/-k'
940,he/she is falling from an upright position,perfective,nv33-ts,nvv'-ts
940,he/she is falling from an upright position,perfective,nv33-ts,nvv-t's
940,he/she is falling from an upright position,perfective,nv33-ts,nvv/-t's
940,he/she is falling from an upright position,infinitive,nv2-'i3hst,nv-'ih'st
940,he/she is falling from an upright position,infinitive,nv2-'i3hst,nv-'i/hst
940,he/she is falling from an upright position,infinitive,nv2-'i3hst,nv-'i/h'st
941,he/she is cleaning him/her,present,nv22ka2l-i3h,nvvkal-ih'
941,he/she is cleaning him/her,present,nv22ka2l-i3h,nvvkal-i/h
941,he/she is cleaning him/her,present,nv22ka2l-i3h,nvvkal-i/h'
941,he/she is cleaning him/her,present_1sg,nv22ka2l-i33',nvvkal-ii'
941,he/she is cleaning him/her,present_1sg,nv22ka2l-i33',nvvkal-ii'
941,he/she is cleaning him/her,imperfective,nv22ka2l-i23hsk,nvvkal-ii/hsk
941,he/she is cleaning him/her,perfective,nv22ka2l-v22h,nvvkal-vvh
941,he/she is cleaning him/her,imperative,nv22ka2l-a2,nvvkal-a
941,he/she is cleaning him/her,infinitive,nv22ka2l-ht,nvvkal-ht
942,he/she is hammering it,present,nv22kwa2l-o33',nvvkwal-oo'
942,he/she is hammering it,present,nv22kwa2l-o33',nvvkwal-oo'
942,he/she is hammering it,present_1sg,nv22kwa2l-o33',nvvkwal-oo'
942,he/she is hammering it,present_1sg,nv22kwa2l-o33',nvvkwal-oo'
942,he/she is hammering it,imperfective,nv22kwa2l-o33hsk,nvvkwal-oo'hsk
942,he/she is hammering it,imperfective,nv22kwa2l-o33hsk,nvvkwal-ooh'sk
942,he/she is hammering it,imperfective,nv22kwa2l-o33hsk,nvvkwal-oo/h'sk
942,he/she is hammering it,perfective,nv22kwa2l-o33',nvvkwal-oo'
942,he/she is hammering it,perfective,nv22kwa2l-o33',nvvkwal-oo'
946,he/she is tying up a leg,present,nv33lho22-hi3h,nvv'lhoo-hih'
946,he/she is tying up a leg,present,nv33lho22-hi3h,nvv'lhoo-hi/h
946,he/she is tying up a leg,present,nv33lho22-hi3h,nvv'lhoo-hi/h'
946,he/she is tying up a leg,present,nv33lho22-hi3h,nvvl'hoo-hih'
946,he/she is tying up a leg,present,nv33lho22-hi3h,nvvl'hoo-hi/h
946,he/she is tying up a leg,present,nv33lho22-hi3h,nvvl'hoo-hi/h'
946,he/she is tying up a leg,present_1sg,nv33lho22-hi3h,nvv'lhoo-hih'
946,he/she is tying up a leg,present_1sg,nv33lho22-hi3h,nvv'lhoo-hi/h
946,he/she is tying up a leg,present_1sg,nv33lho22-hi3h,nvv'lhoo-hi/h'
946,he/she is tying up a leg,present_1sg,nv33lho22-hi3h,nvvl'hoo-hih'
946,he/she is tying up a leg,present_1sg,nv33lho22-hi3h,nvvl'hoo-hi/h
946,he/she is tying up a leg,present_1sg,nv33lho22-hi3h,nvvl'hoo-hi/h'
946,he/she is tying up a leg,imperfective,nv33lho22-hi2h,nvv'lhoo-hih
946,he/she is tying up a leg,imperfective,nv33lho22-hi2h,nvvl'hoo-hih
946,he/she is tying up a leg,perfective,nv33lho22-lh,nvv'lhoo-lh
946,he/she is tying up a leg,perfective,nv33lho22-lh,nvvl'hoo-lh
949,he/she is tossing about,present,nv33ts-i22t-o33h,nvv'ts-iit-oo'h
949,he/she is tossing about,present,nv33ts-i22t-o33h,nvv'ts-iit-ooh'
949,he/she is tossing about,present,nv33ts-i22t-o33h,nvv'ts-iit-oo/h'
949,he/she is tossing about,present,nv33ts-i22t-o33h,nvvt's-iit-oo'h
949,he/she is tossing about,present,nv33ts-i22t-o33h,nvvt's-iit-ooh'
949,he/she is tossing about,present,nv33ts-i22t-o33h,nvvt's-iit-oo/h'
949,he/she is tossing about,present,nv33ts-i22t-o33h,nvv/ts-iit-oo'h
949,he/she is tossing about,present,nv33ts-i22t-o33h,nvv/ts-iit-ooh'
949,he/she is tossing about,present,nv33ts-i22t-o33h,nvv/ts-iit-oo/h'
949,he/she is tossing about,present,nv33ts-i22t-o33h,nvv'/ts-iit-oo'h
949,he/she is tossing about,present,nv33ts-i22t-o33h,nvv'/ts-iit-ooh'
949,he/she is tossing about,present,nv33ts-i22t-o33h,nvv'/ts-iit-oo/h'
949,he/she is tossing about,present,nv33ts-i22t-o33h,nvv/t's-iit-oo'h
949,he/she is tossing about,present,nv33ts-i22t-o33h,nvv/t's-iit-ooh'
949,he/she is tossing about,present,nv33ts-i22t-o33h,nvv/t's-iit-oo/h'
949,he/she is tossing about,present_1sg,nv33ts-i22t-o33h,nvv'ts-iit-oo'h
949,he/she is tossing about,present_1sg,nv33ts-i22t-o33h,nvv'ts-iit-ooh'
949,he/she is tossing about,present_1sg,nv33ts-i22t-o33h,nvv'ts-iit-oo/h'
949,he/she is tossing about,present_1sg,nv33ts-i22t-o33h,nvvt's-iit-oo'h
949,he/she is tossing about,present_1sg,nv33ts-i22t-o33h,nvvt's-iit-ooh'
949,he/she is tossing about,present_1sg,nv33ts-i22t-o33h,nvvt's-iit-oo/h'
949,he/she is tossing about,present_1sg,nv33ts-i22t-o33h,nvv/ts-iit-oo'h
949,he/she is tossing about,present_1sg,nv33ts-i22t-o33h,nvv/ts-iit-ooh'
949,he/she is tossing about,present_1sg,nv33ts-i22t-o33h,nvv/ts-iit-oo/h'
949,he/she is tossing about,present_1sg,nv33ts-i22t-o33h,nvv'/ts-iit-oo'h
949,he/she is tossing about,present_1sg,nv33ts-i22t-o33h,nvv'/ts-iit-ooh'
949,he/she is tossing about,present_1sg,nv33ts-i22t-o33h,nvv'/ts-iit-oo/h'
949,he/she is tossing about,present_1sg,nv33ts-i22t-o33h,nvv/t's-iit-oo'h
949,he/she is tossing about,present_1sg,nv33ts-i22t-o33h,nvv/t's-iit-ooh'
949,he/she is tossing about,present_1sg,nv33ts-i22t-o33h,nvv/t's-iit-oo/h'
949,he/she is tossing about,imperfective,nv33ts-i22t-o33h,nvv'ts-iit-oo'h
949,he/she is tossing about,imperfective,nv33ts-i22t-o33h,nvv'ts-iit-ooh'
949,he/she is tossing about,imperfective,nv33ts-i22t-o33h,nvv'ts-iit-oo/h'
949,he/she is tossing about,imperfective,nv33ts-i22t-o33h,nvvt's-iit-oo'h
949,he/she is tossing about,imperfective,nv33ts-i22t-o33h,nvvt's-iit-ooh'
949,he/she is tossing about,imperfective,nv33ts-i22t-o33h,nvvt's-iit-oo/h'
949,he/she is tossing about,imperfective,nv33ts-i22t-o33h,nvv/ts-iit-oo'h
949,he/she is tossing about,imperfective,nv33ts-i22t-o33h,nvv/ts-iit-ooh'
949,he/she is tossing about,imperfective,nv33ts-i22t-o33h,nvv/ts-iit-oo/h'
949,he/she is tossing about,imperfective,nv33ts-i22t-o33h,nvv'/ts-iit-oo'h
949,he/she is tossing about,imperfective,nv33ts-i22t-o33h,nvv'/ts-iit-ooh'
949,he/she is tossing about,imperfective,nv33ts-i22t-o33h,nvv'/ts-iit-oo/h'
949,he/she is tossing about,imperfective,nv33ts-i22t-o33h,nvv/t's-iit-oo'h
949,he/she is tossing about,imperfective,nv33ts-i22t-o33h,nvv/t's-iit-ooh'
949,he/she is tossing about,imperfective,nv33ts-i22t-o33h,nvv/t's-iit-oo/h'
949,he/she is tossing about,perfective,nv33ts-i22t-o33l,nvv'ts-iit-oo'l
949,he/she is tossing about,perfective,nv33ts-i22t-o33l,nvv'ts-iit-ool'
949,he/she is tossing about,perfective,nv33ts-i22t-o33l,nvv'ts-iit-oo/l'
949,he/she is tossing about,perfective,nv33ts-i22t-o33l,nvvt's-iit-oo'l
949,he/she is tossing about,perfective,nv33ts-i22t-o33l,nvvt's-iit-ool'
949,he/she is tossing about,perfective,nv33ts-i22t-o33l,nvvt's-iit-oo/l'
949,he/she is tossing about,perfective,nv33ts-i22t-o33l,nvv/ts-iit-oo'l
949,he/she is tossing about,perfective,nv33ts-i22t-o33l,nvv/ts-iit-ool'
949,he/she is tossing about,perfective,nv33ts-i22t-o33l,nvv/ts-iit-oo/l'
949,he/she is tossing about,perfective,nv33ts-i22t-o33l,nvv'/ts-iit-oo'l
949,he/she is tossing about,perfective,nv33ts-i22t-o33l,nvv'/ts-iit-ool'
949,he/she is tossing about,perfective,nv33ts-i22t-o33l,nvv'/ts-iit-oo/l'
949,he/she is tossing about,perfective,nv33ts-i22t-o33l,nvv/t's-iit-oo'l
949,he/she is tossing about,perfective,nv33ts-i22t-o33l,nvv/t's-iit-ool'
949,he/she is tossing about,perfective,nv33ts-i22t-o33l,nvv/t's-iit-oo/l'
950,he/she is giving him/her an object (refers to a flexible object),present,nv33n-e2h,nvv'n-eh
950,he/she is giving him/her an object (refers to a flexible object),present,nv33n-e2h,nvvn'-eh
950,he/she is giving him/her an object (refers to a flexible object),present,nv33n-e2h,nvv/n'-eh
950,he/she is giving him/her an object (refers to a flexible object),present_1sg,nv33n-e2h,nvv'n-eh
950,he/she is giving him/her an object (refers to a flexible object),present_1sg,nv33n-e2h,nvvn'-eh
950,he/she is giving him/her an object (refers to a flexible object),present_1sg,nv33n-e2h,nvv/n'-eh
950,he/she is giving him/her an object (refers to a flexible object),imperfective,nv33n-e22h,nvv'n-eeh
950,he/she is giving him/her an object (refers to a flexible object),imperfective,nv33n-e22h,nvvn'-eeh
950,he/she is giving him/her an object (refers to a flexible object),imperfective,nv33n-e22h,nvv/n-eeh
950,he/she is giving him/her an object (refers to a flexible object),imperfective,nv33n-e22h,nvv'/n-eeh
950,he/she is giving him/her an object (refers to a flexible object),imperfective,nv33n-e22h,nvv/n'-eeh
950,he/she is giving him/her an object (refers to a flexible object),perfective,nv33n-e22l,nvv'n-eel
950,he/she is giving him/her an object (refers to a flexible object),perfective,nv33n-e22l,nvvn'-eel
950,he/she is giving him/her an object (refers to a flexible object),perfective,nv33n-e22l,nvv/n-eel
950,he/she is giving him/her an object (refers to a flexible object),perfective,nv33n-e22l,nvv'/n-eel
950,he/she is giving him/her an object (refers to a flexible object),perfective,nv33n-e22l,nvv/n'-eel
955,he/she is pushing him/her,present,hsa2to32-hsk,hsato'-hsk
955,he/she is pushing him/her,present_1sg,hsa2to32-hsk,hsato'-hsk
955,he/she is pushing him/her,imperfective,hsa2to32-hsk,hsato'-hsk
955,he/she is pushing him/her,perfective,hsa2to32-yh,hsato'-yh
956,he/she is rolling him/her,present,hsa2kwa2le23-hi3h,hsakwalee-hih'
956,he/she is rolling him/her,present,hsa2kwa2le23-hi3h,hsakwalee-hi/h'
956,he/she is rolling him/her,present,hsa2kwa2le23-hi3h,hsakwalee/-hih'
956,he/she is rolling him/her,present,hsa2kwa2le23-hi3h,hsakwalee/-hi/h
956,he/she is rolling him/her,present,hsa2kwa2le23-hi3h,hsakwalee/-hi/h'
956,he/she is rolling him/her,present_1sg,hsa2kwa2le23-hi3h,hsakwalee-hih'
956,he/she is rolling him/her,present_1sg,hsa2kwa2le23-hi3h,hsakwalee-hi/h'
956,he/she is rolling him/her,present_1sg,hsa2kwa2le23-hi3h,hsakwalee/-hih'
956,he/she is rolling him/her,present_1sg,hsa2kwa2le23-hi3h,hsakwalee/-hi/h
956,he/she is rolling him/her,present_1sg,hsa2kwa2le23-hi3h,hsakwalee/-hi/h'
956,he/she is rolling him/her,imperfective,hsa2kwa2le23-hi3h,hsakwalee-hih'
956,he/she is rolling him/her,imperfective,hsa2kwa2le23-hi3h,hsakwalee-hi/h'
956,he/she is rolling him/her,imperfective,hsa2kwa2le23-hi3h,hsakwalee/-hih'
956,he/she is rolling him/her,imperfective,hsa2kwa2le23-hi3h,hsakwalee/-hi/h
956,he/she is rolling him/her,imperfective,hsa2kwa2le23-hi3h,hsakwalee/-hi/h'
956,he/she is rolling him/her,perfective,hsa2kwa2le23-lh,hsakwalee/-lh
956,he/she is rolling him/her,imperative,hsa2kwa2le23-ka2,hsakwalee/-ka
956,he/she is rolling him/her,infinitive,hsa2kwa2le23-hst,hsakwalee/-hst
960,he/she is attaching the object behind it (refers to a flexible object),present,hsa2ne23na3t-v2hsk,hsaneenat'-vhsk
960,he/she is attaching the object behind it (refers to a flexible object),present,hsa2ne23na3t-v2hsk,hsaneena/t'-vhsk
960,he/she is attaching the object behind it (refers to a flexible object),present_1sg,hsa2ne23na3t-v2hsk,hsaneenat'-vhsk
960,he/she is attaching the object behind it (refers to a flexible object),present_1sg,hsa2ne23na3t-v2hsk,hsaneena/t'-vhsk
960,he/she is attaching the object behind it (refers to a flexible object),imperfective,hsa2ne23na3t-v2hsk,hsaneenat'-vhsk
960,he/she is attaching the object behind it (refers to a flexible object),imperfective,hsa2ne23na3t-v2hsk,hsaneena/t'-vhsk
960,he/she is attaching the object behind it (refers to a flexible object),perfective,hsa2ne23na3t-v21n,hsaneenat'-vv'n
960,he/she is attaching the object behind it (refers to a flexible object),perfective,hsa2ne23na3t-v21n,hsaneenat'-v'n
960,he/she is attaching the object behind it (refers to a flexible object),perfective,hsa2ne23na3t-v21n,hsaneena/t'-vv'n
960,he/she is attaching the object behind it (refers to a flexible object),perfective,hsa2ne23na3t-v21n,hsaneena/t'-v'n
960,he/she is attaching the object behind it (refers to a flexible object),infinitive,hsa2ne23na3t-v21t,hsaneenat'-vv't
960,he/she is attaching the object behind it (refers to a flexible object),infinitive,hsa2ne23na3t-v21t,hsaneenat'-v't
960,he/she is attaching the object behind it (refers to a flexible object),infinitive,hsa2ne23na3t-v21t,hsaneena/t'-vv't
960,he/she is attaching the object behind it (refers to a flexible object),infinitive,hsa2ne23na3t-v21t,hsaneena/t'-v't
969,he/she is piling it up,present,hsv22t-hv3hsk,hsvvt-hv/hsk
969,he/she is piling it up,present_1sg,hsv22t-hv3hsk,hsvvt-hv/hsk
969,he/she is piling it up,imperfective,hsv22t-hv3hsk,hsvvt-hv/hsk
969,he/she is piling it up,perfective,hsv22t-ha3n,hsvvt-ha/n
969,he/she is piling it up,infinitive,hsv23t-ht,hsvv/t-ht
973,he/she is stabbing him/her,present,t-hi3h,t-hih'
973,he/she is stabbing him/her,present,t-hi3h,t-hi/h
973,he/she is stabbing him/her,present,t-hi3h,t-hi/h'
973,he/she is stabbing him/her,present_1sg,t-hi3h,t-hih'
973,he/she is stabbing him/her,present_1sg,t-hi3h,t-hi/h
973,he/she is stabbing him/her,present_1sg,t-hi3h,t-hi/h'
973,he/she is stabbing him/her,imperfective,t-hi3h,t-hih'
973,he/she is stabbing him/her,imperfective,t-hi3h,t-hi/h
973,he/she is stabbing him/her,imperfective,t-hi3h,t-hi/h'
973,he/she is stabbing him/her,perfective,t-hi2lh,t-hilh
973,he/she is stabbing him/her,imperative,t-hi2ka2,t-hika
973,he/she is stabbing him/her,infinitive,t-hi2hst,t-hihst
981,he/she is lecturing him/her,present,wo3nht-i3h,won'ht-i/h
981,he/she is lecturing him/her,present,wo3nht-i3h,wo/nht-ih'
981,he/she is lecturing him/her,present,wo3nht-i3h,wo/nht-i/h
981,he/she is lecturing him/her,present,wo3nht-i3h,wo/nht-i/h'
981,he/she is lecturing him/her,present,wo3nht-i3h,wo/n'ht-i/h
981,he/she is lecturing him/her,present_1sg,wo3nht-i3h,won'ht-i/h
981,he/she is lecturing him/her,present_1sg,wo3nht-i3h,wo/nht-ih'
981,he/she is lecturing him/her,present_1sg,wo3nht-i3h,wo/nht-i/h
981,he/she is lecturing him/her,present_1sg,wo3nht-i3h,wo/nht-i/h'
981,he/she is lecturing him/her,present_1sg,wo3nht-i3h,wo/n'ht-i/h
981,he/she is lecturing him/her,imperfective,wo3nht-i23hsk,won'ht-ii/hsk
981,he/she is lecturing him/her,imperfective,wo3nht-i23hsk,wo/nht-ii/hsk
981,he/she is lecturing him/her,imperfective,wo3nht-i23hsk,wo/n'ht-ii/hsk
981,he/she is lecturing him/her,perfective,wo3nht-ha2n,won'ht-han
981,he/she is lecturing him/her,perfective,wo3nht-ha2n,wo/nht-han
981,he/she is lecturing him/her,perfective,wo3nht-ha2n,wo/n'ht-han
983,he/she is speaking,present,wo33n-i2h,woo'n-ih
983,he/she is speaking,present,wo33n-i2h,woon'-ih
983,he/she is speaking,present,wo33n-i2h,woo/n'-ih
983,he/she is speaking,present_1sg,wo33n-i2h,woo'n-ih
983,he/she is speaking,present_1sg,wo33n-i2h,woon'-ih
983,he/she is speaking,present_1sg,wo33n-i2h,woo/n'-ih
983,he/she is speaking,imperfective,wo33n-i22hsk,woo'n-iihsk
983,he/she is speaking,imperfective,wo33n-i22hsk,woon'-iihsk
983,he/she is speaking,imperfective,wo33n-i22hsk,woo/n-iihsk
983,he/she is speaking,imperfective,wo33n-i22hsk,woo'/n-iihsk
983,he/she is speaking,imperfective,wo33n-i22hsk,woo/n'-iihsk
983,he/she is speaking,perfective,wo33n-i22hs,woo'n-iihs
983,he/she is speaking,perfective,wo33n-i22hs,woon'-iihs
983,he/she is speaking,perfective,wo33n-i22hs,woo/n-iihs
983,he/she is speaking,perfective,wo33n-i22hs,woo'/n-iihs
983,he/she is speaking,perfective,wo33n-i22hs,woo/n'-iihs
986,he/she is sewing it,present,ye2w-hsk,yew-hsk
986,he/she is sewing it,imperfective,ye2w-hsk,yew-hsk
986,he/she is sewing it,perfective,ye2w-hs,yew-hs
986,he/she is sewing it,imperative,ye23w-a2,yee/w-a
986,he/she is sewing it,infinitive,ye2w-hst,yew-hst
993,he/she is howling,present,e22lhu2-hv3hsk,eelhu-hvh'sk
993,he/she is howling,present,e22lhu2-hv3hsk,eelhu-hv/hsk
993,he/she is howling,present,e22lhu2-hv3hsk,eelhu-hv/h'sk
993,he/she is howling,imperfective,e22lhu2-hv3hsk,eelhu-hvh'sk
993,he/she is howling,imperfective,e22lhu2-hv3hsk,eelhu-hv/hsk
993,he/she is howling,imperfective,e22lhu2-hv3hsk,eelhu-hv/h'sk
993,he/she is howling,perfective,e22lhu2-nh,eelhu-nh
993,he/she is howling,infinitive,e22lhu2-hv3hst,eelhu-hvh'st
993,he/she is howling,infinitive,e22lhu2-hv3hst,eelhu-hv/hst
993,he/she is howling,infinitive,e22lhu2-hv3hst,eelhu-hv/h'st
1014,he/she is leading him/her by the hand,present,o22hi23n-e32k,oohii/n-e'k
1014,he/she is leading him/her by the hand,imperfective,o22hi23n-e32k,oohii/n-e'k
1014,he/she is leading him/her by the hand,perfective,o22hi23n-v32hs,oohii/n-v'hs
1014,he/she is leading him/her by the hand,infinitive,o22hi23n-v32hst,oohii/n-v'hst
1015,he/she is agreeing with him/her,present,o22hi2yhta32n-e2h,oohiyhta'n-eh
1015,he/she is agreeing with him/her,imperfective,o22hi2yhta32n-e22h,oohiyhta'n-eeh
1015,he/she is agreeing with him/her,perfective,o22hi2yhta32n-e22l,oohiyhta'n-eel
1017,he/she is recognizing him/her,present,o2lh-k,olh-k
1017,he/she is recognizing him/her,imperfective,o2lh-k,olh-k
1017,he/she is recognizing him/her,perfective,o2lh-ts,olh-ts
1017,he/she is recognizing him/her,infinitive,o22lh-i3hst,oolh-i/hst
1018,he/she understands it,present,o2lh-k,olh-k
1018,he/she understands it,imperfective,o2lh-k,olh-k
1018,he/she understands it,perfective,o2lh-ts,olh-ts
1018,he/she understands it,imperative,o2lh-ki2,olh-ki
1018,he/she understands it,infinitive,o22lh-i3hst,oolh-i/hst
1021,he/she is getting full,present,o22lhv3-hsk,oolhv/-hsk
1021,he/she is getting full,imperfective,o22lhv3-hsk,oolhv/-hsk
1021,he/she is getting full,perfective,o22lhv3-hs,oolhv/-hs
1021,he/she is getting full,imperative,o22lhv2-hi2,oolhv-hi
1021,he/she is getting full,infinitive,o22lhv3-hi3hst,oolhv/-hih'st
1021,he/she is getting full,infinitive,o22lhv3-hi3hst,oolhv/-hi/hst
1021,he/she is getting full,infinitive,o22lhv3-hi3hst,oolhv/-hi/h'st
1022,he/she is making it,infinitive,o22lh-v2nht,oolh-vnht
1023,he/she is making it fall (refers to a round‚ long object),present,o22ho2nht-i3h,oohonht-ih'
1023,he/she is making it fall (refers to a round‚ long object),present,o22ho2nht-i3h,oohonht-i/h
1023,he/she is making it fall (refers to a round‚ long object),present,o22ho2nht-i3h,oohonht-i/h'
1023,he/she is making it fall (refers to a round‚ long object),imperfective,o22ho2nht-i23hsk,oohonht-ii/hsk
1023,he/she is making it fall (refers to a round‚ long object),perfective,o22ho2nht-ha3n,oohonht-han'
1023,he/she is making it fall (refers to a round‚ long object),perfective,o22ho2nht-ha3n,oohonht-ha/n
1023,he/she is making it fall (refers to a round‚ long object),perfective,o22ho2nht-ha3n,oohonht-ha/n'
1023,he/she is making it fall (refers to a round‚ long object),imperative,o22ho2nht-a2,oohonht-a
1023,he/she is making it fall (refers to a round‚ long object),infinitive,o22ho2nht-o3ht,oohonht-oh't
1023,he/she is making it fall (refers to a round‚ long object),infinitive,o22ho2nht-o3ht,oohonht-o/ht
1023,he/she is making it fall (refers to a round‚ long object),infinitive,o22ho2nht-o3ht,oohonht-o/h't
1024,it’s falling (refers to a round‚ long object),present,o22ho2-hsk,ooho-hsk
1024,it’s falling (refers to a round‚ long object),imperfective,o22ho2-hsk,ooho-hsk
1024,it’s falling (refers to a round‚ long object),perfective,o22ho2-hs,ooho-hs
1024,it’s falling (refers to a round‚ long object),imperative,o22ho2-hi2,ooho-hi
1024,it’s falling (refers to a round‚ long object),infinitive,o22ho2-hi2hst,ooho-hihst
1027,he/she is writing it,present,o22whe23l-i3',oowhee/l-i'
1027,he/she is writing it,present,o22whe23l-i3',oowhee/l-i'
1027,he/she is writing it,present,o22whe23l-i3',oowhee/l-i/'
1027,he/she is writing it,imperfective,o22whe23l-i32hsk,oowhee/l-i'hsk
1027,he/she is writing it,perfective,o22whe23l-a32n,oowhee/l-a'n
1027,he/she is writing it,infinitive,o22whe23l-o32t,oowhee/l-o't
1030,he/she is pulling a trigger,present,o32tsa2n-e33',o'tsan-ee'
1030,he/she is pulling a trigger,present,o32tsa2n-e33',o'tsan-ee'
1030,he/she is pulling a trigger,present_1sg,o32tsa2n-e33',o'tsan-ee'
1030,he/she is pulling a trigger,present_1sg,o32tsa2n-e33',o'tsan-ee'
1030,he/she is pulling a trigger,imperfective,o32tsa2n-e33hsk,o'tsan-ee'hsk
1030,he/she is pulling a trigger,imperfective,o32tsa2n-e33hsk,o'tsan-eeh'sk
1030,he/she is pulling a trigger,imperfective,o32tsa2n-e33hsk,o'tsan-ee/h'sk
1030,he/she is pulling a trigger,perfective,o32tsa2n-e33hs,o'tsan-ee'hs
1030,he/she is pulling a trigger,perfective,o32tsa2n-e33hs,o'tsan-eeh's
1030,he/she is pulling a trigger,perfective,o32tsa2n-e33hs,o'tsan-ee/h's
1038,he/she is batting it,present,o22hst-v33n-i2h,oohst-vvn-ih
1038,he/she is batting it,present,o22hst-v33n-i2h,oohst-vvn'-ih
1038,he/she is batting it,present,o22hst-v33n-i2h,oohst-vv/n'-ih
1038,he/she is batting it,imperfective,o22hst-v33n-i2h,oohst-vvn-ih
1038,he/she is batting it,imperfective,o22hst-v33n-i2h,oohst-vvn'-ih
1038,he/she is batting it,imperfective,o22hst-v33n-i2h,oohst-vv/n'-ih
1038,he/she is batting it,perfective,o22hst-v23n-i32l,oohst-vv/n-i'l
1038,he/she is batting it,infinitive,o22hst-v23n-i32hst,oohst-vv/n-i'hst
1041,it’s swelling,present,o22thi2-hsk,oothi-hsk
1041,it’s swelling,imperfective,o22thi2-hsk,oothi-hsk
1041,it’s swelling,perfective,o22thi2-hs,oothi-hs
1041,it’s swelling,imperative,o22thi2-hi2,oothi-hi
1041,it’s swelling,infinitive,o22thi2-hi2hst,oothi-hihst
1043,he/she is building a fire,present,o23t-hv3hsk,oot-hvh'sk
1043,he/she is building a fire,present,o23t-hv3hsk,oot-hv/h'sk
1043,he/she is building a fire,present,o23t-hv3hsk,oo/t-hvh'sk
1043,he/she is building a fire,present,o23t-hv3hsk,oo/t-hv/hsk
1043,he/she is building a fire,present,o23t-hv3hsk,oo/t-hv/h'sk
1043,he/she is building a fire,present_1sg,o33t-v2hsk,oo't-vhsk
1043,he/she is building a fire,present_1sg,o33t-v2hsk,oot'-vhsk
1043,he/she is building a fire,present_1sg,o33t-v2hsk,oo/t'-vhsk
1043,he/she is building a fire,imperfective,o23t-hv3hsk,oot-hvh'sk
1043,he/she is building a fire,imperfective,o23t-hv3hsk,oot-hv/h'sk
1043,he/she is building a fire,imperfective,o23t-hv3hsk,oo/t-hvh'sk
1043,he/she is building a fire,imperfective,o23t-hv3hsk,oo/t-hv/hsk
1043,he/she is building a fire,imperfective,o23t-hv3hsk,oo/t-hv/h'sk
1043,he/she is building a fire,perfective,o23t-ha3n,oot-han'
1043,he/she is building a fire,perfective,o23t-ha3n,oot-ha/n'
1043,he/she is building a fire,perfective,o23t-ha3n,oo/t-han'
1043,he/she is building a fire,perfective,o23t-ha3n,oo/t-ha/n
1043,he/she is building a fire,perfective,o23t-ha3n,oo/t-ha/n'
1043,he/she is building a fire,infinitive,o23t-ht,oo/t-ht
1044,he/she is unhitching him/her,present,u22ta2l-e33',uutal-ee'
1044,he/she is unhitching him/her,present,u22ta2l-e33',uutal-ee'
1044,he/she is unhitching him/her,present_1sg,u22ta2l-e33',uutal-ee'
1044,he/she is unhitching him/her,present_1sg,u22ta2l-e33',uutal-ee'
1044,he/she is unhitching him/her,imperfective,u22ta2l-e33hsk,uutal-ee'hsk
1044,he/she is unhitching him/her,imperfective,u22ta2l-e33hsk,uutal-eeh'sk
1044,he/she is unhitching him/her,imperfective,u22ta2l-e33hsk,uutal-ee/h'sk
1044,he/she is unhitching him/her,perfective,u22ta2l-e33hs,uutal-ee'hs
1044,he/she is unhitching him/her,perfective,u22ta2l-e33hs,uutal-eeh's
1044,he/she is unhitching him/her,perfective,u22ta2l-e33hs,uutal-ee/h's
1044,he/she is unhitching him/her,imperative,u22ta2l-a2ki2,uutal-aki
1045,he/she is hitching him/her up,present,u22ta2l-v32hsk,uutal-v'hsk
1045,he/she is hitching him/her up,present_1sg,u22ta2l-v32hsk,uutal-v'hsk
1045,he/she is hitching him/her up,imperfective,u22ta2l-v32hsk,uutal-v'hsk
1045,he/she is hitching him/her up,perfective,u22ta2l-v32n,uutal-v'n
1050,he/she is putting a handle on a tool,present,u22ha2l-hv3hsk,uuhal-hvh'sk
1050,he/she is putting a handle on a tool,present,u22ha2l-hv3hsk,uuhal-hv/hsk
1050,he/she is putting a handle on a tool,present,u22ha2l-hv3hsk,uuhal-hv/h'sk
1050,he/she is putting a handle on a tool,imperfective,u22ha2l-hv3hsk,uuhal-hvh'sk
1050,he/she is putting a handle on a tool,imperfective,u22ha2l-hv3hsk,uuhal-hv/hsk
1050,he/she is putting a handle on a tool,imperfective,u22ha2l-hv3hsk,uuhal-hv/h'sk
1050,he/she is putting a handle on a tool,perfective,u22ha2l-ha3n,uuhal-han'
1050,he/she is putting a handle on a tool,perfective,u22ha2l-ha3n,uuhal-ha/n
1050,he/she is putting a handle on a tool,perfective,u22ha2l-ha3n,uuhal-ha/n'
1050,he/she is putting a handle on a tool,infinitive,u22ha2l-ht,uuhal-ht
1053,he/she is accusing him/her,present,u22hi23hst-i3h,uuhii/hst-ih'
1053,he/she is accusing him/her,present,u22hi23hst-i3h,uuhii/hst-i/h
1053,he/she is accusing him/her,present,u22hi23hst-i3h,uuhii/hst-i/h'
1053,he/she is accusing him/her,perfective,u22hi23hst-ha3n,uuhii/hst-han'
1053,he/she is accusing him/her,perfective,u22hi23hst-ha3n,uuhii/hst-ha/n
1053,he/she is accusing him/her,perfective,u22hi23hst-ha3n,uuhii/hst-ha/n'
1053,he/she is accusing him/her,infinitive,u22hi23hst-o3ht,uuhii/hst-oh't
1053,he/she is accusing him/her,infinitive,u22hi23hst-o3ht,uuhii/hst-o/ht
1053,he/she is accusing him/her,infinitive,u22hi23hst-o3ht,uuhii/hst-o/h't
1055,he/she is covering it,present,u33lh-v2hsk,uu'lh-vhsk
1055,he/she is covering it,present,u33lh-v2hsk,uul'h-vhsk
1055,he/she is covering it,present,u33lh-v2hsk,uu/l'h-vhsk
1055,he/she is covering it,present_1sg,u33lh-v2hsk,uu'lh-vhsk
1055,he/she is covering it,present_1sg,u33lh-v2hsk,uul'h-vhsk
1055,he/she is covering it,present_1sg,u33lh-v2hsk,uu/l'h-vhsk
1055,he/she is covering it,imperfective,u33lh-v2hsk,uu'lh-vhsk
1055,he/she is covering it,imperfective,u33lh-v2hsk,uul'h-vhsk
1055,he/she is covering it,imperfective,u33lh-v2hsk,uu/l'h-vhsk
1055,he/she is covering it,perfective,u33lh-v21n,uu'lh-vv'n
1055,he/she is covering it,perfective,u33lh-v21n,uu'lh-v'n
1055,he/she is covering it,perfective,u33lh-v21n,uul'h-vv'n
1055,he/she is covering it,perfective,u33lh-v21n,uul'h-v'n
1055,he/she is covering it,perfective,u33lh-v21n,uu/lh-vv'n
1055,he/she is covering it,perfective,u33lh-v21n,uu'/lh-vv'n
1055,he/she is covering it,perfective,u33lh-v21n,uu/l'h-vv'n
1055,he/she is covering it,perfective,u33lh-v21n,uu/l'h-v'n
1056,he/she is putting it in water,present,u22-hv3hsk,uu-hv/hsk
1056,he/she is putting it in water,present_1sg,u2-'v3hsk,u-'vh'sk
1056,he/she is putting it in water,present_1sg,u2-'v3hsk,u-'v/hsk
1056,he/she is putting it in water,present_1sg,u2-'v3hsk,u-'v/h'sk
1056,he/she is putting it in water,perfective,u22-nh,uu-nh
1056,he/she is putting it in water,infinitive,u2-ht,u-ht
1060,he/she is picking him/her up,present,u22th-e33',uuth-ee'
1060,he/she is picking him/her up,present,u22th-e33',uuth-ee'
1060,he/she is picking him/her up,imperfective,u22th-e33hsk,uuth-eehsk
1060,he/she is picking him/her up,imperfective,u22th-e33hsk,uuth-eeh'sk
1060,he/she is picking him/her up,imperfective,u22th-e33hsk,uuth-ee/h'sk
1060,he/she is picking him/her up,perfective,u22th-e33hs,uuth-eehs
1060,he/she is picking him/her up,perfective,u22th-e33hs,uuth-eeh's
1060,he/she is picking him/her up,perfective,u22th-e33hs,uuth-ee/h's
1061,it’s snowing,present,u22th-i3h,uuth-i/h
1061,it’s snowing,imperfective,u22th-i23hsk,uuth-ii/hsk
1061,it’s snowing,perfective,u22th-a2nh,uuth-anh
1061,it’s snowing,infinitive,u22th-o2ht,uuth-oht
1063,he/she is sifting it,present,v22ku23hst-i3h,vvkuu/hst-ih'
1063,he/she is sifting it,present,v22ku23hst-i3h,vvkuu/hst-i/h
1063,he/she is sifting it,present,v22ku23hst-i3h,vvkuu/hst-i/h'
1063,he/she is sifting it,perfective,ku23hst-ha3n,kuuhst-han'
1063,he/she is sifting it,perfective,ku23hst-ha3n,kuuhst-ha/n'
1063,he/she is sifting it,perfective,ku23hst-ha3n,kuu/hst-han'
1063,he/she is sifting it,perfective,ku23hst-ha3n,kuu/hst-ha/n
1063,he/she is sifting it,perfective,ku23hst-ha3n,kuu/hst-ha/n'
1063,he/she is sifting it,imperative,v22ku23hst-a2,vvkuu/hst-a
1063,he/she is sifting it,infinitive,ku23hst-o3ht,kuuhst-oh't
1063,he/she is sifting it,infinitive,ku23hst-o3ht,kuuhst-o/h't
1063,he/she is sifting it,infinitive,ku23hst-o3ht,kuu/hst-oh't
1063,he/she is sifting it,infinitive,ku23hst-o3ht,kuu/hst-o/ht
1063,he/she is sifting it,infinitive,ku23hst-o3ht,kuu/hst-o/h't
1064,it’s leaking,present,v22ku23-hsk,vvkuu/-hsk
1064,it’s leaking,imperfective,v22ku23-hsk,vvkuu/-hsk
1064,it’s leaking,perfective,ku23-hs,kuu/-hs
1064,it’s leaking,infinitive,ku23-hst,kuu/-hst
1067,he/she is alive,present,v22n-h,vvn-h
1067,he/she is alive,imperfective,v22n-h,vvn-h
1067,he/she is alive,imperative,v22n-he33hsti2,vvn-heehsti
1067,he/she is alive,imperative,v22n-he33hsti2,vvn-heeh'sti
1070,he/she is hitting him/her,present,-v22n-hi3h,-vvn-hi/h
1070,he/she is hitting him/her,imperfective,-v22n-hi3h,-vvn-hi/h
1070,he/she is hitting him/her,infinitive,u2wa2-v2n-hst,uwa-vn-hst
1071,he/she is cooking it (refers to a specific food),present,v22nhi2hst-i3h,vvnhihst-ih'
1071,he/she is cooking it (refers to a specific food),present,v22nhi2hst-i3h,vvnhihst-i/h
1071,he/she is cooking it (refers to a specific food),present,v22nhi2hst-i3h,vvnhihst-i/h'
1071,he/she is cooking it (refers to a specific food),imperfective,v22nhi2hst-i23hsk,vvnhihst-ii/hsk
1071,he/she is cooking it (refers to a specific food),perfective,nhi2hst-ha3n,nhihst-han'
1071,he/she is cooking it (refers to a specific food),perfective,nhi2hst-ha3n,nhihst-ha/n
1071,he/she is cooking it (refers to a specific food),perfective,nhi2hst-ha3n,nhihst-ha/n'
1071,he/she is cooking it (refers to a specific food),imperative,v22nhi2hst-a2,vvnhihst-a
1071,he/she is cooking it (refers to a specific food),infinitive,nhi2hst-o3ht,nhihst-oh't
1071,he/she is cooking it (refers to a specific food),infinitive,nhi2hst-o3ht,nhihst-o/ht
1071,he/she is cooking it (refers to a specific food),infinitive,nhi2hst-o3ht,nhihst-o/h't
1076,he/she is frying it,present,v22tsa2l-hv3hsk,vvtsal-hvh'sk
1076,he/she is frying it,present,v22tsa2l-hv3hsk,vvtsal-hv/hsk
1076,he/she is frying it,present,v22tsa2l-hv3hsk,vvtsal-hv/h'sk
1076,he/she is frying it,imperfective,v22tsa2l-hv3hsk,vvtsal-hvh'sk
1076,he/she is frying it,imperfective,v22tsa2l-hv3hsk,vvtsal-hv/hsk
1076,he/she is frying it,imperfective,v22tsa2l-hv3hsk,vvtsal-hv/h'sk
1076,he/she is frying it,perfective,v22tsa2l-ha3n,vvtsal-han'
1076,he/she is frying it,perfective,v22tsa2l-ha3n,vvtsal-ha/n
1076,he/she is frying it,perfective,v22tsa2l-ha3n,vvtsal-ha/n'
1076,he/she is frying it,infinitive,v22tsa2l-ht,vvtsal-ht
1078,he/she is melting it,present,v22na2wht-i3h,vvnawht-ih'
1078,he/she is melting it,present,v22na2wht-i3h,vvnawht-i/h
1078,he/she is melting it,present,v22na2wht-i3h,vvnawht-i/h'
1078,he/she is melting it,imperfective,v22na2wht-i23hsk,vvnawht-ii/hsk
1078,he/she is melting it,perfective,na2wht-ha3n,nawht-han'
1078,he/she is melting it,perfective,na2wht-ha3n,nawht-ha/n
1078,he/she is melting it,perfective,na2wht-ha3n,nawht-ha/n'
1078,he/she is melting it,imperative,v22na2wht-a2,vvnawht-a
1078,he/she is melting it,infinitive,na2wht-o3ht,nawht-oh't
1078,he/she is melting it,infinitive,na2wht-o3ht,nawht-o/ht
1078,he/she is melting it,infinitive,na2wht-o3ht,nawht-o/h't
1079,it’s melting,present,v22na2wo22-hsk,vvnawoo-hsk
1079,it’s melting,imperfective,v22na2wo22-hsk,vvnawoo-hsk
1079,it’s melting,perfective,na2wo22-hs,nawoo-hs
1079,it’s melting,imperative,v22na2wo23-hi2,vvnawoo/-hi
1079,it’s melting,infinitive,na2wo22-hi2hst,nawoo-hihst
1081,he/she is sweeping it,perfective,no22hsa2-h,noohsa-h
1081,he/she is sweeping it,infinitive,no22hsa2-hst,noohsa-hst
1082,it’s becoming done (refers to by cooking),present,v2n-hsk,vn-hsk
1082,it’s becoming done (refers to by cooking),imperfective,v2n-hsk,vn-hsk
1082,it’s becoming done (refers to by cooking),perfective,n-hs,n-hs
1082,it’s becoming done (refers to by cooking),imperative,v23n-hi2,vv/n-hi
1082,it’s becoming done (refers to by cooking),infinitive,n-hi3hst,n-hih'st
1082,it’s becoming done (refers to by cooking),infinitive,n-hi3hst,n-hi/hst
1082,it’s becoming done (refers to by cooking),infinitive,n-hi3hst,n-hi/h'st
1083,he/she is hiding it,present,v22hska2l-hv3hsk,vvhskal-hvh'sk
1083,he/she is hiding it,present,v22hska2l-hv3hsk,vvhskal-hv/hsk
1083,he/she is hiding it,present,v22hska2l-hv3hsk,vvhskal-hv/h'sk
1083,he/she is hiding it,imperfective,v22hska2l-hv3hsk,vvhskal-hvh'sk
1083,he/she is hiding it,imperfective,v22hska2l-hv3hsk,vvhskal-hv/hsk
1083,he/she is hiding it,imperfective,v22hska2l-hv3hsk,vvhskal-hv/h'sk
1083,he/she is hiding it,perfective,hska2l-ha3n,hskal-han'
1083,he/she is hiding it,perfective,hska2l-ha3n,hskal-ha/n
1083,he/she is hiding it,perfective,hska2l-ha3n,hskal-ha/n'
1083,he/she is hiding it,infinitive,hska2l-ht,hskal-ht
1085,he/she is hiding him/her (refers to a flexible object),imperfective,v22hska2l-v32hsk,vvhskal-v'hsk
1085,he/she is hiding him/her (refers to a flexible object),perfective,hska2l-v32n,hskal-v'n
1086,he/she is cracking it,present,v22hskwa2l-o33',vvhskwal-oo'
1086,he/she is cracking it,present,v22hskwa2l-o33',vvhskwal-oo'
1086,he/she is cracking it,imperfective,v22hskwa2l-o33hsk,vvhskwal-oo'hsk
1086,he/she is cracking it,imperfective,v22hskwa2l-o33hsk,vvhskwal-ooh'sk
1086,he/she is cracking it,imperfective,v22hskwa2l-o33hsk,vvhskwal-oo/h'sk
1086,he/she is cracking it,perfective,hskwa2l-o33',hskwal-oo'
1086,he/she is cracking it,perfective,hskwa2l-o33',hskwal-oo'
1087,he/she is putting it into a fire,present,v22t-hv3hsk,vvt-hv/hsk
1087,he/she is putting it into a fire,imperfective,v22t-hv3hsk,vvt-hv/hsk
1087,he/she is putting it into a fire,perfective,v22t-ha3n,vvt-ha/n
1087,he/she is putting it into a fire,infinitive,v22t-ht,vvt-ht
1088,he/she is soaking it (refers to a flexible object),present,v33wa2l-hv3hsk,vv'wal-hvh'sk
1088,he/she is soaking it (refers to a flexible object),present,v33wa2l-hv3hsk,vv'wal-hv/hsk
1088,he/she is soaking it (refers to a flexible object),present,v33wa2l-hv3hsk,vv'wal-hv/h'sk
1088,he/she is soaking it (refers to a flexible object),present,v33wa2l-hv3hsk,vvw'al-hvh'sk
1088,he/she is soaking it (refers to a flexible object),present,v33wa2l-hv3hsk,vvw'al-hv/hsk
1088,he/she is soaking it (refers to a flexible object),present,v33wa2l-hv3hsk,vvw'al-hv/h'sk
1088,he/she is soaking it (refers to a flexible object),present_1sg,v33wa2l-hv3hsk,vv'wal-hvh'sk
1088,he/she is soaking it (refers to a flexible object),present_1sg,v33wa2l-hv3hsk,vv'wal-hv/hsk
1088,he/she is soaking it (refers to a flexible object),present_1sg,v33wa2l-hv3hsk,vv'wal-hv/h'sk
1088,he/she is soaking it (refers to a flexible object),present_1sg,v33wa2l-hv3hsk,vvw'al-hvh'sk
1088,he/she is soaking it (refers to a flexible object),present_1sg,v33wa2l-hv3hsk,vvw'al-hv/hsk
1088,he/she is soaking it (refers to a flexible object),present_1sg,v33wa2l-hv3hsk,vvw'al-hv/h'sk
1088,he/she is soaking it (refers to a flexible object),imperfective,v33wa2l-hv3hsk,vv'wal-hvh'sk
1088,he/she is soaking it (refers to a flexible object),imperfective,v33wa2l-hv3hsk,vv'wal-hv/hsk
1088,he/she is soaking it (refers to a flexible object),imperfective,v33wa2l-hv3hsk,vv'wal-hv/h'sk
1088,he/she is soaking it (refers to a flexible object),imperfective,v33wa2l-hv3hsk,vvw'al-hvh'sk
1088,he/she is soaking it (refers to a flexible object),imperfective,v33wa2l-hv3hsk,vvw'al-hv/hsk
1088,he/she is soaking it (refers to a flexible object),imperfective,v33wa2l-hv3hsk,vvw'al-hv/h'sk
1088,he/she is soaking it (refers to a flexible object),perfective,v33wa2l-ha3n,vv'wal-han'
1088,he/she is soaking it (refers to a flexible object),perfective,v33wa2l-ha3n,vv'wal-ha/n
1088,he/she is soaking it (refers to a flexible object),perfective,v33wa2l-ha3n,vv'wal-ha/n'
1088,he/she is soaking it (refers to a flexible object),perfective,v33wa2l-ha3n,vvw'al-han'
1088,he/she is soaking it (refers to a flexible object),perfective,v33wa2l-ha3n,vvw'al-ha/n
1088,he/she is soaking it (refers to a flexible object),perfective,v33wa2l-ha3n,vvw'al-ha/n'
1221,he/she is ascending an incline,present,na2lu22-hsk,naluu-hsk
1221,he/she is ascending an incline,present_1sg,na2lu22-hsk,naluu-hsk
1221,he/she is ascending an incline,perfective,nha2lu22-hs,nhaluu-hs
1221,he/she is ascending an incline,imperative,nha2lu23-hi2,nhaluu/-hi
1221,he/she is ascending an incline,infinitive,nha2lu22-hi2hst,nhaluu-hihst
1229,he/she is cold,present,na2wo32-k,nawo'-k
1229,he/she is cold,present_1sg,na2wo32-k,nawo'-k
1229,he/she is cold,imperfective,na2wo32-k,nawo'-k
1229,he/she is cold,perfective,nha2wo32-ts,nhawo'-ts
1229,he/she is cold,infinitive,nha2wo2-hst,nhawo-hst
1230,he/she is speaking,present,ne33-k,nee'-k
1230,he/she is speaking,present,ne33-k,nee-k'
1230,he/she is speaking,present,ne33-k,nee/-k'
1230,he/she is speaking,present_1sg,ne33-k,nee'-k
1230,he/she is speaking,present_1sg,ne33-k,nee-k'
1230,he/she is speaking,present_1sg,ne33-k,nee/-k'
1230,he/she is speaking,imperfective,ne33-k,nee'-k
1230,he/she is speaking,imperfective,ne33-k,nee-k'
1230,he/she is speaking,imperfective,ne33-k,nee/-k'
1230,he/she is speaking,perfective,nhe33-ts,nhee'-ts
1230,he/she is speaking,perfective,nhe33-ts,nhee-t's
1230,he/she is speaking,perfective,nhe33-ts,nhee/-t's
1230,he/she is speaking,infinitive,nhe2-hst,nhe-hst
1231,he/she is prying it,present,ne33kwa2t-i3h,nee'kwat-ih'
1231,he/she is prying it,present,ne33kwa2t-i3h,nee'kwat-i/h
1231,he/she is prying it,present,ne33kwa2t-i3h,nee'kwat-i/h'
1231,he/she is prying it,present,ne33kwa2t-i3h,neek'wat-ih'
1231,he/she is prying it,present,ne33kwa2t-i3h,neek'wat-i/h
1231,he/she is prying it,present,ne33kwa2t-i3h,neek'wat-i/h'
1231,he/she is prying it,present_1sg,ne33kwa2t-i3h,nee'kwat-ih'
1231,he/she is prying it,present_1sg,ne33kwa2t-i3h,nee'kwat-i/h
1231,he/she is prying it,present_1sg,ne33kwa2t-i3h,nee'kwat-i/h'
1231,he/she is prying it,present_1sg,ne33kwa2t-i3h,neek'wat-ih'
1231,he/she is prying it,present_1sg,ne33kwa2t-i3h,neek'wat-i/h
1231,he/she is prying it,present_1sg,ne33kwa2t-i3h,neek'wat-i/h'
1231,he/she is prying it,imperfective,ne33kwa2t-i23hsk,nee'kwat-ii/hsk
1231,he/she is prying it,imperfective,ne33kwa2t-i23hsk,neek'wat-ii/hsk
1231,he/she is prying it,perfective,nhe33kwa2t-v22h,nhee'kwat-vvh
1231,he/she is prying it,perfective,nhe33kwa2t-v22h,nheek'wat-vvh
1232,he/she is accumulating it,present,ne2hkw-o33',nehkw-oo'
1232,he/she is accumulating it,present,ne2hkw-o33',nehkw-oo'
1232,he/she is accumulating it,present_1sg,ne2hkw-o33',nehkw-oo'
1232,he/she is accumulating it,present_1sg,ne2hkw-o33',nehkw-oo'
1232,he/she is accumulating it,imperfective,ne2hkw-o33hsk,nehkw-oo'hsk
1232,he/she is accumulating it,imperfective,ne2hkw-o33hsk,nehkw-ooh'sk
1232,he/she is accumulating it,imperfective,ne2hkw-o33hsk,nehkw-oo/h'sk
1232,he/she is accumulating it,perfective,nhe2hkw-o33',nhehkw-oo'
1232,he/she is accumulating it,perfective,nhe2hkw-o33',nhehkw-oo'
1233,it’s accumulating,present,ne2hkwo33-k,nehkwoo'-k
1233,it’s accumulating,present,ne2hkwo33-k,nehkwoo-k'
1233,it’s accumulating,present,ne2hkwo33-k,nehkwoo/-k'
1233,it’s accumulating,imperfective,ne2hkwo33-k,nehkwoo'-k
1233,it’s accumulating,imperfective,ne2hkwo33-k,nehkwoo-k'
1233,it’s accumulating,imperfective,ne2hkwo33-k,nehkwoo/-k'
1233,it’s accumulating,perfective,nhe2hkwo33-ts,nhehkwoo'-ts
1233,it’s accumulating,perfective,nhe2hkwo33-ts,nhehkwoo-t's
1233,it’s accumulating,perfective,nhe2hkwo33-ts,nhehkwoo/-t's
1233,it’s accumulating,infinitive,nhe2hkwo2-'i3hst,nhehkwo-'ih'st
1233,it’s accumulating,infinitive,nhe2hkwo2-'i3hst,nhehkwo-'i/hst
1233,it’s accumulating,infinitive,nhe2hkwo2-'i3hst,nhehkwo-'i/h'st
1235,it’s contaminated (refers to contaminated by visible foreign matter),present,ne33hsa2l-h,nee'hsal-h
1235,it’s contaminated (refers to contaminated by visible foreign matter),present,ne33hsa2l-h,neeh'sal-h
1235,it’s contaminated (refers to contaminated by visible foreign matter),imperfective,ne33hsa2l-h,nee'hsal-h
1235,it’s contaminated (refers to contaminated by visible foreign matter),imperfective,ne33hsa2l-h,neeh'sal-h
1236,he/she is contaminating it (refers to contaminated by visible foreign matter),present,ne33hsa2l-hv3hsk,nee'hsal-hvh'sk
1236,he/she is contaminating it (refers to contaminated by visible foreign matter),present,ne33hsa2l-hv3hsk,nee'hsal-hv/hsk
1236,he/she is contaminating it (refers to contaminated by visible foreign matter),present,ne33hsa2l-hv3hsk,nee'hsal-hv/h'sk
1236,he/she is contaminating it (refers to contaminated by visible foreign matter),present,ne33hsa2l-hv3hsk,neeh'sal-hvh'sk
1236,he/she is contaminating it (refers to contaminated by visible foreign matter),present,ne33hsa2l-hv3hsk,neeh'sal-hv/hsk
1236,he/she is contaminating it (refers to contaminated by visible foreign matter),present,ne33hsa2l-hv3hsk,neeh'sal-hv/h'sk
1236,he/she is contaminating it (refers to contaminated by visible foreign matter),present_1sg,ne33hsa2l-hv3hsk,nee'hsal-hvh'sk
1236,he/she is contaminating it (refers to contaminated by visible foreign matter),present_1sg,ne33hsa2l-hv3hsk,nee'hsal-hv/hsk
1236,he/she is contaminating it (refers to contaminated by visible foreign matter),present_1sg,ne33hsa2l-hv3hsk,nee'hsal-hv/h'sk
1236,he/she is contaminating it (refers to contaminated by visible foreign matter),present_1sg,ne33hsa2l-hv3hsk,neeh'sal-hvh'sk
1236,he/she is contaminating it (refers to contaminated by visible foreign matter),present_1sg,ne33hsa2l-hv3hsk,neeh'sal-hv/hsk
1236,he/she is contaminating it (refers to contaminated by visible foreign matter),present_1sg,ne33hsa2l-hv3hsk,neeh'sal-hv/h'sk
1236,he/she is contaminating it (refers to contaminated by visible foreign matter),imperfective,ne33hsa2l-hv3hsk,nee'hsal-hvh'sk
1236,he/she is contaminating it (refers to contaminated by visible foreign matter),imperfective,ne33hsa2l-hv3hsk,nee'hsal-hv/hsk
1236,he/she is contaminating it (refers to contaminated by visible foreign matter),imperfective,ne33hsa2l-hv3hsk,nee'hsal-hv/h'sk
1236,he/she is contaminating it (refers to contaminated by visible foreign matter),imperfective,ne33hsa2l-hv3hsk,neeh'sal-hvh'sk
1236,he/she is contaminating it (refers to contaminated by visible foreign matter),imperfective,ne33hsa2l-hv3hsk,neeh'sal-hv/hsk
1236,he/she is contaminating it (refers to contaminated by visible foreign matter),imperfective,ne33hsa2l-hv3hsk,neeh'sal-hv/h'sk
1236,he/she is contaminating it (refers to contaminated by visible foreign matter),perfective,nhe33hsa2l-ha3n,nhee'hsal-han'
1236,he/she is contaminating it (refers to contaminated by visible foreign matter),perfective,nhe33hsa2l-ha3n,nhee'hsal-ha/n
1236,he/she is contaminating it (refers to contaminated by visible foreign matter),perfective,nhe33hsa2l-ha3n,nhee'hsal-ha/n'
1236,he/she is contaminating it (refers to contaminated by visible foreign matter),perfective,nhe33hsa2l-ha3n,nheeh'sal-han'
1236,he/she is contaminating it (refers to contaminated by visible foreign matter),perfective,nhe33hsa2l-ha3n,nheeh'sal-ha/n
1236,he/she is contaminating it (refers to contaminated by visible foreign matter),perfective,nhe33hsa2l-ha3n,nheeh'sal-ha/n'
1241,he/she is collecting from him/her,present,ni2l-hv3hsk,nil-hvh'sk
1241,he/she is collecting from him/her,present,ni2l-hv3hsk,nil-hv/hsk
1241,he/she is collecting from him/her,present,ni2l-hv3hsk,nil-hv/h'sk
1241,he/she is collecting from him/her,present_1sg,ni2l-hv3hsk,nil-hvh'sk
1241,he/she is collecting from him/her,present_1sg,ni2l-hv3hsk,nil-hv/hsk
1241,he/she is collecting from him/her,present_1sg,ni2l-hv3hsk,nil-hv/h'sk
1241,he/she is collecting from him/her,imperfective,ni2l-hv3hsk,nil-hvh'sk
1241,he/she is collecting from him/her,imperfective,ni2l-hv3hsk,nil-hv/hsk
1241,he/she is collecting from him/her,imperfective,ni2l-hv3hsk,nil-hv/h'sk
1241,he/she is collecting from him/her,perfective,nhi2l-ha3n,nhil-han'
1241,he/she is collecting from him/her,perfective,nhi2l-ha3n,nhil-ha/n
1241,he/she is collecting from him/her,perfective,nhi2l-ha3n,nhil-ha/n'
1241,he/she is collecting from him/her,infinitive,nhi2l-ht,nhil-ht
1246,he/she is telling it,present,no22-he3h,noo-he/h
1246,he/she is telling it,present_1sg,no22-he3h,noo-he/h
1246,he/she is telling it,imperfective,no22-he23hsk,noo-hee/hsk
1246,he/she is telling it,perfective,nho22-he23lh,nhoo-hee/lh
1246,he/she is telling it,infinitive,nho22-he2ht,nhoo-heht
1247,he/she is omitting him/her,imperative,no22h-i23y-a2,nooh-ii/y-a
1249,he/she is fanning him/her,present,no33y-e2h,noo'y-eh
1249,he/she is fanning him/her,present,no33y-e2h,nooy'-eh
1249,he/she is fanning him/her,present,no33y-e2h,noo/y'-eh
1249,he/she is fanning him/her,present_1sg,no33y-e2h,noo'y-eh
1249,he/she is fanning him/her,present_1sg,no33y-e2h,nooy'-eh
1249,he/she is fanning him/her,present_1sg,no33y-e2h,noo/y'-eh
1249,he/she is fanning him/her,imperfective,no33y-e22hsk,noo'y-eehsk
1249,he/she is fanning him/her,imperfective,no33y-e22hsk,nooy'-eehsk
1249,he/she is fanning him/her,imperfective,no33y-e22hsk,noo/y-eehsk
1249,he/she is fanning him/her,imperfective,no33y-e22hsk,noo'/y-eehsk
1249,he/she is fanning him/her,imperfective,no33y-e22hsk,noo/y'-eehsk
1249,he/she is fanning him/her,perfective,nho33y-e22h,nhoo'y-eeh
1249,he/she is fanning him/her,perfective,nho33y-e22h,nhooy'-eeh
1249,he/she is fanning him/her,perfective,nho33y-e22h,nhoo/y-eeh
1249,he/she is fanning him/her,perfective,nho33y-e22h,nhoo'/y-eeh
1249,he/she is fanning him/her,perfective,nho33y-e22h,nhoo/y'-eeh
1249,he/she is fanning him/her,infinitive,nho22y-e3ht,nhooy-e/ht
1254,he/she is straining it,present,nv33hso22lv23hst-i3h,nvv'hsoolvvhst-ih'
1254,he/she is straining it,present,nv33hso22lv23hst-i3h,nvv'hsoolvvhst-i/h'
1254,he/she is straining it,present,nv33hso22lv23hst-i3h,nvv'hsoolvv/hst-ih'
1254,he/she is straining it,present,nv33hso22lv23hst-i3h,nvv'hsoolvv/hst-i/h
1254,he/she is straining it,present,nv33hso22lv23hst-i3h,nvv'hsoolvv/hst-i/h'
1254,he/she is straining it,present,nv33hso22lv23hst-i3h,nvvh'soolvvhst-ih'
1254,he/she is straining it,present,nv33hso22lv23hst-i3h,nvvh'soolvvhst-i/h'
1254,he/she is straining it,present,nv33hso22lv23hst-i3h,nvvh'soolvv/hst-ih'
1254,he/she is straining it,present,nv33hso22lv23hst-i3h,nvvh'soolvv/hst-i/h
1254,he/she is straining it,present,nv33hso22lv23hst-i3h,nvvh'soolvv/hst-i/h'
1254,he/she is straining it,present_1sg,nv33hso22lv23hst-i3h,nvv'hsoolvvhst-ih'
1254,he/she is straining it,present_1sg,nv33hso22lv23hst-i3h,nvv'hsoolvvhst-i/h'
1254,he/she is straining it,present_1sg,nv33hso22lv23hst-i3h,nvv'hsoolvv/hst-ih'
1254,he/she is straining it,present_1sg,nv33hso22lv23hst-i3h,nvv'hsoolvv/hst-i/h
1254,he/she is straining it,present_1sg,nv33hso22lv23hst-i3h,nvv'hsoolvv/hst-i/h'
1254,he/she is straining it,present_1sg,nv33hso22lv23hst-i3h,nvvh'soolvvhst-ih'
1254,he/she is straining it,present_1sg,nv33hso22lv23hst-i3h,nvvh'soolvvhst-i/h'
1254,he/she is straining it,present_1sg,nv33hso22lv23hst-i3h,nvvh'soolvv/hst-ih'
1254,he/she is straining it,present_1sg,nv33hso22lv23hst-i3h,nvvh'soolvv/hst-i/h
1254,he/she is straining it,present_1sg,nv33hso22lv23hst-i3h,nvvh'soolvv/hst-i/h'
1254,he/she is straining it,perfective,nhv33hso22lv23hst-ha3n,nhvv'hsoolvvhst-han'
1254,he/she is straining it,perfective,nhv33hso22lv23hst-ha3n,nhvv'hsoolvvhst-ha/n'
1254,he/she is straining it,perfective,nhv33hso22lv23hst-ha3n,nhvv'hsoolvv/hst-han'
1254,he/she is straining it,perfective,nhv33hso22lv23hst-ha3n,nhvv'hsoolvv/hst-ha/n
1254,he/she is straining it,perfective,nhv33hso22lv23hst-ha3n,nhvv'hsoolvv/hst-ha/n'
1254,he/she is straining it,perfective,nhv33hso22lv23hst-ha3n,nhvvh'soolvvhst-han'
1254,he/she is straining it,perfective,nhv33hso22lv23hst-ha3n,nhvvh'soolvvhst-ha/n'
1254,he/she is straining it,perfective,nhv33hso22lv23hst-ha3n,nhvvh'soolvv/hst-han'
1254,he/she is straining it,perfective,nhv33hso22lv23hst-ha3n,nhvvh'soolvv/hst-ha/n
1254,he/she is straining it,perfective,nhv33hso22lv23hst-ha3n,nhvvh'soolvv/hst-ha/n'
1256,he/she is curing him/her,present,nv23w-i3',nvvw-i'
1256,he/she is curing him/her,present,nv23w-i3',nvvw-ii'
1256,he/she is curing him/her,present,nv23w-i3',nvvw-i'
1256,he/she is curing him/her,present,nv23w-i3',nvv/w-i'
1256,he/she is curing him/her,present,nv23w-i3',nvv/w-i'
1256,he/she is curing him/her,present,nv23w-i3',nvv/w-i/'
1256,he/she is curing him/her,present_1sg,nv23w-i3',nvvw-i'
1256,he/she is curing him/her,present_1sg,nv23w-i3',nvvw-ii'
1256,he/she is curing him/her,present_1sg,nv23w-i3',nvvw-i'
1256,he/she is curing him/her,present_1sg,nv23w-i3',nvv/w-i'
1256,he/she is curing him/her,present_1sg,nv23w-i3',nvv/w-i'
1256,he/she is curing him/her,present_1sg,nv23w-i3',nvv/w-i/'
1256,he/she is curing him/her,imperfective,nv23w-i32hsk,nvvw-ii'hsk
1256,he/she is curing him/her,imperfective,nv23w-i32hsk,nvvw-i'hsk
1256,he/she is curing him/her,imperfective,nv23w-i32hsk,nvv/w-i'hsk
1256,he/she is curing him/her,perfective,nhv23w-a32n,nhvvw-aa'n
1256,he/she is curing him/her,perfective,nhv23w-a32n,nhvvw-a'n
1256,he/she is curing him/her,perfective,nhv23w-a32n,nhvv/w-a'n
1256,he/she is curing him/her,infinitive,nhv23w-o32t,nhvvw-oo't
1256,he/she is curing him/her,infinitive,nhv23w-o32t,nhvvw-o't
1256,he/she is curing him/her,infinitive,nhv23w-o32t,nhvv/w-o't
1514,he/she is becoming warm,present,ka22na2wo22-hsk,kaanawoo-hsk
1514,he/she is becoming warm,present_1sg,ka22na2wo22-hsk,kaanawoo-hsk
1514,he/she is becoming warm,imperfective,ka22na2wo22-hsk,kaanawoo-hsk
1514,he/she is becoming warm,perfective,ka22na2wo22-hs,kaanawoo-hs
1514,he/she is becoming warm,imperative,ka22na2wo23-hi2,kaanawoo/-hi
1514,he/she is becoming warm,infinitive,ka22na2wo22-hi2hst,kaanawoo-hihst
1524,it’s decaying,present,ko22-hsk,koo-hsk
1524,it’s decaying,present_1sg,ko22-hsk,koo-hsk
1524,it’s decaying,imperfective,ko22-hsk,koo-hsk
1524,it’s decaying,perfective,ko22-hs,koo-hs
1524,it’s decaying,imperative,ko23-hi2,koo/-hi
1524,it’s decaying,infinitive,ko22-hi2hst,koo-hihst
1530,he/she has an object (refers to a solid object),present,-h,-h
1530,he/she has an object (refers to a solid object),present_1sg,-h,-h
1530,he/she has an object (refers to a solid object),imperfective,-h,-h
1530,he/she has an object (refers to a solid object),perfective,-h,-h
1530,he/she has an object (refers to a solid object),imperative,-he33hsti2,-hee'hsti
1530,he/she has an object (refers to a solid object),imperative,-he33hsti2,-heeh'sti
1531,he/she is yawning,present,ha2lho33k-e2h,halhoo'k-eh
1531,he/she is yawning,present,ha2lho33k-e2h,halhook'-eh
1531,he/she is yawning,present,ha2lho33k-e2h,halhoo/k'-eh
1531,he/she is yawning,present_1sg,ha2lho33k-e2h,halhoo'k-eh
1531,he/she is yawning,present_1sg,ha2lho33k-e2h,halhook'-eh
1531,he/she is yawning,present_1sg,ha2lho33k-e2h,halhoo/k'-eh
1531,he/she is yawning,imperfective,ha2lho33k-e22hsk,halhoo'k-eehsk
1531,he/she is yawning,imperfective,ha2lho33k-e22hsk,halhook'-eehsk
1531,he/she is yawning,imperfective,ha2lho33k-e22hsk,halhoo/k-eehsk
1531,he/she is yawning,imperfective,ha2lho33k-e22hsk,halhoo'/k-eehsk
1531,he/she is yawning,imperfective,ha2lho33k-e22hsk,halhoo/k'-eehsk
1531,he/she is yawning,perfective,ha2lho33k-e22h,halhoo'k-eeh
1531,he/she is yawning,perfective,ha2lho33k-e22h,halhook'-eeh
1531,he/she is yawning,perfective,ha2lho33k-e22h,halhoo/k-eeh
1531,he/she is yawning,perfective,ha2lho33k-e22h,halhoo'/k-eeh
1531,he/she is yawning,perfective,ha2lho33k-e22h,halhoo/k'-eeh
1534,he/she is having trouble breathing,present,ha2wo33hst-i2h,hawoo'hst-ih
1534,he/she is having trouble breathing,present,ha2wo33hst-i2h,hawooh'st-ih
1534,he/she is having trouble breathing,present,ha2wo33hst-i2h,hawoo/h'st-ih
1534,he/she is having trouble breathing,present_1sg,ha2wo33hst-i2h,hawoo'hst-ih
1534,he/she is having trouble breathing,present_1sg,ha2wo33hst-i2h,hawooh'st-ih
1534,he/she is having trouble breathing,present_1sg,ha2wo33hst-i2h,hawoo/h'st-ih
1534,he/she is having trouble breathing,imperfective,ha2wo33hst-i22hsk,hawoo'hst-iihsk
1534,he/she is having trouble breathing,imperfective,ha2wo33hst-i22hsk,hawooh'st-iihsk
1534,he/she is having trouble breathing,imperfective,ha2wo33hst-i22hsk,hawoo/hst-iihsk
1534,he/she is having trouble breathing,imperfective,ha2wo33hst-i22hsk,hawoo'/hst-iihsk
1534,he/she is having trouble breathing,imperfective,ha2wo33hst-i22hsk,hawoo/h'st-iihsk
1534,he/she is having trouble breathing,perfective,ha2wo33hst-ha2n,hawoo'hst-han
1534,he/she is having trouble breathing,perfective,ha2wo33hst-ha2n,hawooh'st-han
1534,he/she is having trouble breathing,perfective,ha2wo33hst-ha2n,hawoo/h'st-han
1535,there is dew,present,hi33hsa2t-h,hii'hsat-h
1535,there is dew,present,hi33hsa2t-h,hiih'sat-h
1535,there is dew,present_1sg,hi33hsa2t-h,hii'hsat-h
1535,there is dew,present_1sg,hi33hsa2t-h,hiih'sat-h
1535,there is dew,imperfective,hi33hsa2t-h,hii'hsat-h
1535,there is dew,imperfective,hi33hsa2t-h,hiih'sat-h
1535,there is dew,perfective,hi33hsa2t-h,hii'hsat-h
1535,there is dew,perfective,hi33hsa2t-h,hiih'sat-h
1535,there is dew,imperative,hi33hsa2t-he33hsti2,hii'hsat-hee'hsti
1535,there is dew,imperative,hi33hsa2t-he33hsti2,hii'hsat-heeh'sti
1535,there is dew,imperative,hi33hsa2t-he33hsti2,hiih'sat-hee'hsti
1535,there is dew,imperative,hi33hsa2t-he33hsti2,hiih'sat-heeh'sti
1536,he/she is lonesome,present,hi22hso2hta32n-e2h,hiihsohta'n-eh
1536,he/she is lonesome,present_1sg,hi22hso2hta32n-e2h,hiihsohta'n-eh
1536,he/she is lonesome,imperfective,hi22hso2hta32n-e22h,hiihsohta'n-eeh
1536,he/she is lonesome,perfective,hi22hso2hta32n-e22l,hiihsohta'n-eel
1537,it’s lonesome,present,hi22hso3ht-,hiihso/ht-
1537,it’s lonesome,imperfective,hi22hso2ht-,hiihsoht-
1537,it’s lonesome,perfective,hi22hso2ht-,hiihsoht-
1544,he/she is becoming angry,present,nha23lv32-k,nhaalvv'-k
1544,he/she is becoming angry,present,nha23lv32-k,nhaalv'-k
1544,he/she is becoming angry,present_1sg,na23lv32-k,naalvv'-k
1544,he/she is becoming angry,present_1sg,na23lv32-k,naalv'-k
1544,he/she is becoming angry,imperfective,nha23lv32-k,nhaalvv'-k
1544,he/she is becoming angry,imperfective,nha23lv32-k,nhaalv'-k
1544,he/she is becoming angry,perfective,nha23lv32-ts,nhaalvv'-ts
1544,he/she is becoming angry,perfective,nha23lv32-ts,nhaalv'-ts
1545,he/she is angry,present,nha23lv3-h,nhaalv-h'
1545,he/she is angry,present,nha23lv3-h,nhaalv/-h'
1545,he/she is angry,present_1sg,na23lv3-h,naalv-h'
1545,he/she is angry,present_1sg,na23lv3-h,naalv/-h'
1545,he/she is angry,imperfective,nha23lv32-hs,nhaalvv'-hs
1545,he/she is angry,imperfective,nha23lv32-hs,nhaalv'-hs
1545,he/she is angry,perfective,nha23lv32-hs,nhaalvv'-hs
1545,he/she is angry,perfective,nha23lv32-hs,nhaalv'-hs
1548,he/she is stubbing his/her toe,present,nha32hskwa2l-o33',nha'hskwal-oo'
1548,he/she is stubbing his/her toe,present,nha32hskwa2l-o33',nha'hskwal-oo'
1548,he/she is stubbing his/her toe,present_1sg,na32hskwa2l-o33',na'hskwal-oo'
1548,he/she is stubbing his/her toe,present_1sg,na32hskwa2l-o33',na'hskwal-oo'
1548,he/she is stubbing his/her toe,imperfective,nha32hskwa2l-o33hsk,nha'hskwal-oo'hsk
1548,he/she is stubbing his/her toe,imperfective,nha32hskwa2l-o33hsk,nha'hskwal-ooh'sk
1548,he/she is stubbing his/her toe,imperfective,nha32hskwa2l-o33hsk,nha'hskwal-oo/h'sk
1548,he/she is stubbing his/her toe,perfective,nha32hskwa2l-o33',nha'hskwal-oo'
1548,he/she is stubbing his/her toe,perfective,nha32hskwa2l-o33',nha'hskwal-oo'
1551,he/she has a chill,present,nha2wa32hst-i2h,nhawa'hst-ih
1551,he/she has a chill,present_1sg,na2wa32hst-i2h,nawa'hst-ih
1551,he/she has a chill,imperfective,nha2wa32hst-i22hsk,nhawa'hst-iihsk
1551,he/she has a chill,perfective,nha2wa32hst-ha2n,nhawa'hst-han
1561,he/she is buying it,present,wha2-hsk,wha-hsk
1561,he/she is buying it,present_1sg,wa3-hsk,wa-h'sk
1561,he/she is buying it,present_1sg,wa3-hsk,wa/-hsk
1561,he/she is buying it,present_1sg,wa3-hsk,wa/-h'sk
1561,he/she is buying it,imperfective,wha2-hsk,wha-hsk
1561,he/she is buying it,perfective,wha2-hs,wha-hs
1561,he/she is buying it,imperative,wa2-hi2,wa-hi
1561,he/she is buying it,infinitive,wha3-hi3hst,wha-h'i/hst
1561,he/she is buying it,infinitive,wha3-hi3hst,wha/-hih'st
1561,he/she is buying it,infinitive,wha3-hi3hst,wha/-hi/hst
1561,he/she is buying it,infinitive,wha3-hi3hst,wha/-hi/h'st
1561,he/she is buying it,infinitive,wha3-hi3hst,wha/-h'i/hst
1563,he/she is looking for it,present,y-ho2h,y-hoh
1563,he/she is looking for it,present_1sg,y-ho3h,y-hoh'
1563,he/she is looking for it,present_1sg,y-ho3h,y-ho/h
1563,he/she is looking for it,present_1sg,y-ho3h,y-ho/h'
1563,he/she is looking for it,imperfective,y-ho2h,y-hoh
1563,he/she is looking for it,perfective,y-ha2l,y-hal
1563,he/she is looking for it,imperative,y-hka2,y-hka
1563,he/she is looking for it,infinitive,y-hst,y-hst
1569,it is cold (refers to weather),present,yhv22tl-,yhvvtl-
1569,it is cold (refers to weather),imperfective,yhv22tl-,yhvvtl-
1569,it is cold (refers to weather),perfective,yhv22tl-,yhvvtl-
1572,he/she is getting drunk,present,yhv2hst-e33',yhvhst-ee'
1572,he/she is getting drunk,present,yhv2hst-e33',yhvhst-ee'
1572,he/she is getting drunk,present_1sg,yv2hst-e33',yvhst-ee'
1572,he/she is getting drunk,present_1sg,yv2hst-e33',yvhst-ee'
1572,he/she is getting drunk,imperfective,yhv2hst-e33hsk,yhvhst-ee'hsk
1572,he/she is getting drunk,imperfective,yhv2hst-e33hsk,yhvhst-eeh'sk
1572,he/she is getting drunk,imperfective,yhv2hst-e33hsk,yhvhst-ee/h'sk
1572,he/she is getting drunk,perfective,yhv2hst-a33',yhvhst-aa'
1572,he/she is getting drunk,perfective,yhv2hst-a33',yhvhst-aa'
1572,he/she is getting drunk,imperative,yv2hst-a2ka2,yvhst-aka
1597,it’s foggy,present,khv2ha3t-,khvhat'-
1597,it’s foggy,present,khv2ha3t-,khvha/t-
1597,it’s foggy,present,khv2ha3t-,khvha/t'-
1597,it’s foggy,present_1sg,khv2ha3t-,khvhat'-
1597,it’s foggy,present_1sg,khv2ha3t-,khvha/t-
1597,it’s foggy,present_1sg,khv2ha3t-,khvha/t'-
1597,it’s foggy,imperfective,khv2ha2t-,khvhat-
1597,it’s foggy,perfective,khv2ha2t-,khvhat-
1597,it’s foggy,imperative,khv2ha2t-e33hsti2,khvhat-ee'hsti
1597,it’s foggy,imperative,khv2ha2t-e33hsti2,khvhat-eeh'sti
1599,he/she is not having luck at hunting,present,kwho23l-e32k,kwhool-ee'k
1599,he/she is not having luck at hunting,present,kwho23l-e32k,kwhool-e'k
1599,he/she is not having luck at hunting,present,kwho23l-e32k,kwhoo/l-e'k
1599,he/she is not having luck at hunting,present_1sg,kwho23l-e32k,kwhool-ee'k
1599,he/she is not having luck at hunting,present_1sg,kwho23l-e32k,kwhool-e'k
1599,he/she is not having luck at hunting,present_1sg,kwho23l-e32k,kwhoo/l-e'k
1599,he/she is not having luck at hunting,imperfective,kwho23l-e32k,kwhool-ee'k
1599,he/she is not having luck at hunting,imperfective,kwho23l-e32k,kwhool-e'k
1599,he/she is not having luck at hunting,imperfective,kwho23l-e32k,kwhoo/l-e'k
1599,he/she is not having luck at hunting,perfective,kwho23l-v32hs,kwhool-vv'hs
1599,he/she is not having luck at hunting,perfective,kwho23l-v32hs,kwhool-v'hs
1599,he/she is not having luck at hunting,perfective,kwho23l-v32hs,kwhoo/l-v'hs
1599,he/she is not having luck at hunting,infinitive,kwho23l-v32hst,kwhool-vv'hst
1599,he/she is not having luck at hunting,infinitive,kwho23l-v32hst,kwhool-v'hst
1599,he/she is not having luck at hunting,infinitive,kwho23l-v32hst,kwhoo/l-v'hst
1604,he/she is making a mistake,present,li23ta32hst-i2h,liitaa'hst-ih
1604,he/she is making a mistake,present,li23ta32hst-i2h,liita'hst-ih
1604,he/she is making a mistake,present_1sg,li23ta32hst-i2h,liitaa'hst-ih
1604,he/she is making a mistake,present_1sg,li23ta32hst-i2h,liita'hst-ih
1604,he/she is making a mistake,imperfective,li23ta32hst-i22hsk,liitaa'hst-iihsk
1604,he/she is making a mistake,imperfective,li23ta32hst-i22hsk,liita'hst-iihsk
1604,he/she is making a mistake,perfective,li23ta32hst-ha2n,liitaa'hst-han
1604,he/she is making a mistake,perfective,li23ta32hst-ha2n,liita'hst-han
1604,he/she is making a mistake,infinitive,li23ta32hst-o2ht,liitaa'hst-oht
1604,he/she is making a mistake,infinitive,li23ta32hst-o2ht,liita'hst-oht
1612,he/she is whining,present,li23ye32t-i2h,liiyee't-ih
1612,he/she is whining,present,li23ye32t-i2h,liiye't-ih
1612,he/she is whining,present_1sg,li23ye32t-i2h,liiyee't-ih
1612,he/she is whining,present_1sg,li23ye32t-i2h,liiye't-ih
1612,he/she is whining,imperfective,li23ye32t-i22hsk,liiyee't-iihsk
1612,he/she is whining,imperfective,li23ye32t-i22hsk,liiye't-iihsk
1612,he/she is whining,perfective,li23ye32t-ha2n,liiyee't-han
1612,he/she is whining,perfective,li23ye32t-ha2n,liiye't-han
1612,he/she is whining,infinitive,li23ye32t-o2ht,liiyee't-oht
1612,he/she is whining,infinitive,li23ye32t-o2ht,liiye't-oht
1629,he/she has an object (refers to a flexible object),present,n-a3',n-a'
1629,he/she has an object (refers to a flexible object),present,n-a3',n-a'
1629,he/she has an object (refers to a flexible object),present,n-a3',n-a/'
1629,he/she has an object (refers to a flexible object),present_1sg,n-a3',n-a'
1629,he/she has an object (refers to a flexible object),present_1sg,n-a3',n-a'
1629,he/she has an object (refers to a flexible object),present_1sg,n-a3',n-a/'
1629,he/she has an object (refers to a flexible object),imperfective,n-a3',n-a'
1629,he/she has an object (refers to a flexible object),imperfective,n-a3',n-a'
1629,he/she has an object (refers to a flexible object),imperfective,n-a3',n-a/'
1629,he/she has an object (refers to a flexible object),perfective,n-a3',n-a'
1629,he/she has an object (refers to a flexible object),perfective,n-a3',n-a'
1629,he/she has an object (refers to a flexible object),perfective,n-a3',n-a/'
1639,he/she is being mean,present,ne23ku32ts-,neekuu'ts-
1639,he/she is being mean,present,ne23ku32ts-,neeku'ts-
1639,he/she is being mean,present_1sg,ne23ku32ts-,neekuu'ts-
1639,he/she is being mean,present_1sg,ne23ku32ts-,neeku'ts-
1639,he/she is being mean,imperfective,ne23ku32ts-,neekuu'ts-
1639,he/she is being mean,imperfective,ne23ku32ts-,neeku'ts-
1639,he/she is being mean,perfective,ne23ku32ts-,neekuu'ts-
1639,he/she is being mean,perfective,ne23ku32ts-,neeku'ts-
1642,he/she has a liquid,present,ne3-h,ne-h'
1642,he/she has a liquid,present,ne3-h,ne/-h
1642,he/she has a liquid,present,ne3-h,ne/-h'
1642,he/she has a liquid,present_1sg,ne3-h,ne-h'
1642,he/she has a liquid,present_1sg,ne3-h,ne/-h
1642,he/she has a liquid,present_1sg,ne3-h,ne/-h'
1642,he/she has a liquid,imperfective,ne22-h,nee-h
1642,he/she has a liquid,perfective,ne22-h,nee-h
1642,he/she has a liquid,imperative,ne22-he33hsti2,nee-heehsti
1642,he/she has a liquid,imperative,ne22-he33hsti2,nee-heeh'sti
1642,he/she has a liquid,infinitive,ne2-ht,ne-ht
1683,he/she is thirsty,present,tha2te22k-i33',thateek-ii'
1683,he/she is thirsty,present,tha2te22k-i33',thateek-ii'
1683,he/she is thirsty,present_1sg,tha2te22k-i33',thateek-ii'
1683,he/she is thirsty,present_1sg,tha2te22k-i33',thateek-ii'
1683,he/she is thirsty,imperfective,tha2te22k-i33hsk,thateek-iihsk
1683,he/she is thirsty,imperfective,tha2te22k-i33hsk,thateek-iih'sk
1683,he/she is thirsty,imperfective,tha2te22k-i33hsk,thateek-ii/h'sk
1683,he/she is thirsty,infinitive,tha2te23k-o32t,thateek-oo't
1683,he/she is thirsty,infinitive,tha2te23k-o32t,thateek-o't
1683,he/she is thirsty,infinitive,tha2te23k-o32t,thatee/k-o't
1684,he/she is becoming enraged,present,tha2lha2wo22-hsk,thalhawoo-hsk
1684,he/she is becoming enraged,present_1sg,tha2lha2wo22-hsk,thalhawoo-hsk
1684,he/she is becoming enraged,imperfective,tha2lha2wo22-hsk,thalhawoo-hsk
1684,he/she is becoming enraged,perfective,tha2lha2wo22-hs,thalhawoo-hs
1684,he/she is becoming enraged,imperative,tha2lha2wo23-hi2,thalhawoo/-hi
1684,he/she is becoming enraged,infinitive,tha2lha2wo22-hi2hst,thalhawoo-hihst
1699,he/she is belching,present,khu23le32-k,khuulee'-k
1699,he/she is belching,present,khu23le32-k,khuule'-k
1699,he/she is belching,present_1sg,khu23le32-k,khuulee'-k
1699,he/she is belching,present_1sg,khu23le32-k,khuule'-k
1699,he/she is belching,imperfective,khu23le32-k,khuulee'-k
1699,he/she is belching,imperfective,khu23le32-k,khuule'-k
1699,he/she is belching,perfective,khu23le32-ts,khuulee'-ts
1699,he/she is belching,perfective,khu23le32-ts,khuule'-ts
1700,he/she is shivering,present,na22w-i3',naaw-i/'
1700,he/she is shivering,present_1sg,na22w-i3',naaw-i/'
1700,he/she is shivering,perfective,na22w-,naaw-
1700,he/she is shivering,imperative,na23w-a2,naa/w-a
1700,he/she is shivering,infinitive,na23w-i32hst,naaw-ii'hst
1700,he/she is shivering,infinitive,na23w-i32hst,naaw-i'hst
1700,he/she is shivering,infinitive,na23w-i32hst,naa/w-i'hst
1708,he/she smells it,present,whsv32-k,whsv'-k
1708,he/she smells it,present_1sg,whsv32-k,whsv'-k
1708,he/she smells it,imperfective,whsv32-k,whsv'-k
1708,he/she smells it,perfective,whsv32-ts,whsv'-ts
1708,he/she smells it,infinitive,whsv2-hst,whsv-hst
1709,he/she has an object (refers to a long object),present,y-,y-
1709,he/she has an object (refers to a long object),present_1sg,v23y-,vv/y-
1709,he/she has an object (refers to a long object),imperfective,y-,y-
1709,he/she has an object (refers to a long object),perfective,y-,y-
1709,he/she has an object (refers to a long object),imperative,v23y-e32hsti2,vvy-ee'hsti
1709,he/she has an object (refers to a long object),imperative,v23y-e32hsti2,vvy-e'hsti
1709,he/she has an object (refers to a long object),imperative,v23y-e32hsti2,vv/y-e'hsti
1710,he/she is aching,present,e22hi2hsta32n-e2h,eehihsta'n-eh
1710,he/she is aching,present_1sg,e22hi2hsta32n-e2h,eehihsta'n-eh
1710,he/she is aching,imperfective,e22hi2hsta32n-e22h,eehihsta'n-eeh
1710,he/she is aching,perfective,e22hi2hsta32n-e22l,eehihsta'n-eel
1729,he/she is confident,present,o22hi2yu3-h,oohiyu-h'
1729,he/she is confident,present,o22hi2yu3-h,oohiyu/-h
1729,he/she is confident,present,o22hi2yu3-h,oohiyu/-h'
1729,he/she is confident,present_1sg,o22hi2yu3-h,oohiyu-h'
1729,he/she is confident,present_1sg,o22hi2yu3-h,oohiyu/-h
1729,he/she is confident,present_1sg,o22hi2yu3-h,oohiyu/-h'
1729,he/she is confident,imperfective,o22hi2yu33-hs,oohiyuu'-hs
1729,he/she is confident,imperfective,o22hi2yu33-hs,oohiyuu-h's
1729,he/she is confident,imperfective,o22hi2yu33-hs,oohiyuu/-h's
1729,he/she is confident,perfective,o22hi2yu33-hs,oohiyuu'-hs
1729,he/she is confident,perfective,o22hi2yu33-hs,oohiyuu-h's
1729,he/she is confident,perfective,o22hi2yu33-hs,oohiyuu/-h's
1730,he/she is sitting,present,o23l-h,oo/l-h
1730,he/she is sitting,present_1sg,o23l-h,oo/l-h
1730,he/she is sitting,imperfective,o23l-h,oo/l-h
1730,he/she is sitting,perfective,o23l-h,oo/l-h
1730,he/she is sitting,imperative,o23l-he32hsti2,ool-hee'hsti
1730,he/she is sitting,imperative,o23l-he32hsti2,ool-he'hsti
1730,he/she is sitting,imperative,o23l-he32hsti2,oo/l-he'hsti
1741,he/she is losing it,present,yo22hu23hs-e3h,yoohuu/hs-eh'
1741,he/she is losing it,present,yo22hu23hs-e3h,yoohuu/hs-e/h
1741,he/she is losing it,present,yo22hu23hs-e3h,yoohuu/hs-e/h'
1741,he/she is losing it,present_1sg,yo22hu23hs-e3h,yoohuu/hs-eh'
1741,he/she is losing it,present_1sg,yo22hu23hs-e3h,yoohuu/hs-e/h
1741,he/she is losing it,present_1sg,yo22hu23hs-e3h,yoohuu/hs-e/h'
1741,he/she is losing it,imperative,yo22hu23-hsi2,yoohuu/-hsi
1741,he/she is losing it,infinitive,yo22hu23hs-e3ht,yoohuu/hs-eh't
1741,he/she is losing it,infinitive,yo22hu23hs-e3ht,yoohuu/hs-e/ht
1741,he/she is losing it,infinitive,yo22hu23hs-e3ht,yoohuu/hs-e/h't
