definition,class,root,success,ambiguous_forms,notes
it’s bouncing,go-in,atat,True,,
it’s bouncing,go-in,,True,,
it’s bouncing,go-in,t,True,,
he/she is limping,go-in[perf2],atat,True,,
he/she is limping,go-in[perf2],,True,,
he/she is limping,go-in[perf2],t,True,,
he/she is bouncing it,cause,atatinvt,True,present_1sg,Ambiguity implies lossy rule reversal
he/she is bouncing it,cause,invt,True,present_1sg,Ambiguity implies lossy rule reversal
he/she is bouncing it,cause,tinvt,True,present_1sg,Ambiguity implies lossy rule reversal
he/she is bouncing it,cause[perf3],atatinvt,False,present_1sg,Ambiguity implies lossy rule reversal
he/she is bouncing it,cause[perf3],invt,False,present_1sg,Ambiguity implies lossy rule reversal
he/she is bouncing it,cause[perf3],tinvt,False,present_1sg,Ambiguity implies lossy rule reversal
he/she is bouncing it,cause[pres2],atatinvtih,False,,
he/she is bouncing it,cause[pres2],invtih,False,,
he/she is bouncing it,cause[pres2],tinvtih,False,,
he/she is bouncing it,cause[pres2-perf3],atatinvtih,False,,
he/she is bouncing it,cause[pres2-perf3],invtih,False,,
he/she is bouncing it,cause[pres2-perf3],tinvtih,False,,
he/she is putting on a belt,hih-lh,atatlo,True,present_1sg,Ambiguity implies lossy rule reversal
he/she is putting on a belt,hih-lh,lo,True,present_1sg,Ambiguity implies lossy rule reversal
he/she is putting on a belt,hih-lh,tlo,True,present_1sg,Ambiguity implies lossy rule reversal
he/she is praying,cause,atatolihst,True,,
he/she is praying,cause,olihst,True,,
he/she is praying,cause,tolihst,True,,
he/she is praying,cause[perf3],atatolihst,False,,
he/she is praying,cause[perf3],olihst,False,,
he/she is praying,cause[perf3],tolihst,False,,
he/she is praying,cause[pres2],atatolihstih,False,,
he/she is praying,cause[pres2],olihstih,False,,
he/she is praying,cause[pres2],tolihstih,False,,
he/she is praying,cause[pres2-perf3],atatolihstih,False,,
he/she is praying,cause[pres2-perf3],olihstih,False,,
he/she is praying,cause[pres2-perf3],tolihstih,False,,
he/she is fanning himself/herself,apl-active,atanhoy,True,,
he/she is fanning himself/herself,apl-active,anhoy,True,,
he/she is fanning himself/herself,apl-active,nhoy,True,,
he/she is fanning himself/herself,apl-active-a,atanhoy,False,,
he/she is fanning himself/herself,apl-active-a,anhoy,False,,
he/she is fanning himself/herself,apl-active-a,nhoy,False,,
he/she is visiting,be-at,atawhahthvh,True,,
he/she is visiting,be-at,awhahthvh,True,,
he/she is visiting,be-at,whahthvh,True,,
he/she is visiting,be-at-weak,atawhahthvhit,True,,
he/she is visiting,be-at-weak,awhahthvhit,True,,
he/she is visiting,be-at-weak,whahthvhit,True,,
he/she is stretching,cause,atayhahst,True,,
he/she is stretching,cause,ayhahst,True,,
he/she is stretching,cause,yhahst,True,,
he/she is stretching,cause[perf3],atayhahst,False,,
he/she is stretching,cause[perf3],ayhahst,False,,
he/she is stretching,cause[perf3],yhahst,False,,
he/she is stretching,cause[pres2],atayhahstih,False,,
he/she is stretching,cause[pres2],ayhahstih,False,,
he/she is stretching,cause[pres2],yhahstih,False,,
he/she is stretching,cause[pres2-perf3],atayhahstih,False,,
he/she is stretching,cause[pres2-perf3],ayhahstih,False,,
he/she is stretching,cause[pres2-perf3],yhahstih,False,,
he/she is denying him/her,ih-l[inf2],atayh,False,,
he/she is committing adultery,apl[imp4],atayhon,True,,
he/she is committing adultery,apl[imp4],ayhon,True,,
he/she is committing adultery,apl[imp4],yhon,True,,
it’s ripping,ih-vh,atatsakal,True,present_1sg,Ambiguity implies lossy rule reversal
it’s ripping,ih-vh,sakal,True,present_1sg,Ambiguity implies lossy rule reversal
it’s ripping,ih-vh,tsakal,True,present_1sg,Ambiguity implies lossy rule reversal
he/she is looking at himself/herself in a mirror,apl-active,atakh,True,,
he/she is looking at himself/herself in a mirror,apl-active,akh,True,,
he/she is looking at himself/herself in a mirror,apl-active,kh,True,,
he/she is looking at himself/herself in a mirror,apl-active-a,atakh,False,,
he/she is looking at himself/herself in a mirror,apl-active-a,akh,False,,
he/she is looking at himself/herself in a mirror,apl-active-a,kh,False,,
it’s beginning,ih-vh,talen,True,,
it’s beginning,ih-vh,atalen,True,,
it’s beginning,ih-vh,talen,True,imperative,Ambiguity implies lossy rule reversal
it’s beginning,ih-vh,atalen,True,imperative,Ambiguity implies lossy rule reversal
it’s beginning,ih-vh,talen,True,,
it’s beginning,ih-vh,atalen,True,,
it’s beginning,ih-vh,talen,True,,
it’s beginning,ih-vh,atalen,True,,
it’s beginning,ih-vh,alen,True,,
it’s beginning,ih-vh,len,True,,
it’s beginning,ih-vh,alen,True,imperative,Ambiguity implies lossy rule reversal
it’s beginning,ih-vh,len,True,imperative,Ambiguity implies lossy rule reversal
it’s beginning,ih-vh,alen,True,,
it’s beginning,ih-vh,len,True,,
it’s beginning,ih-vh,alen,True,,
it’s beginning,ih-vh,len,True,,
it’s beginning,stative,talenih,False,,
it’s beginning,stative,atalenih,False,,
it’s beginning,stative,talenih,False,imperative,Ambiguity implies lossy rule reversal
it’s beginning,stative,atalenih,False,imperative,Ambiguity implies lossy rule reversal
it’s beginning,stative,talenih,False,,
it’s beginning,stative,atalenih,False,,
it’s beginning,stative,talenih,False,,
it’s beginning,stative,atalenih,False,,
it’s beginning,stative,alenih,False,,
it’s beginning,stative,lenih,False,,
it’s beginning,stative,alenih,False,imperative,Ambiguity implies lossy rule reversal
it’s beginning,stative,lenih,False,imperative,Ambiguity implies lossy rule reversal
it’s beginning,stative,alenih,False,,
it’s beginning,stative,lenih,False,,
it’s beginning,stative,alenih,False,,
it’s beginning,stative,lenih,False,,
he/she is shopping,sk-h,atananehsvhv,False,,
he/she is shopping,sk-h,ananehsvhv,False,,
he/she is shopping,sk-h,nanehsvhv,False,,
he/she is shopping,sk-h[imp2],atananehsvhv,False,,
he/she is shopping,sk-h[imp2],ananehsvhv,False,,
he/she is shopping,sk-h[imp2],nanehsvhv,False,,
he/she is shopping,hvsk-nh[inf3],atananehsv,True,,
he/she is shopping,hvsk-nh[inf3],ananehsv,True,,
he/she is shopping,hvsk-nh[inf3],nanehsv,True,,
he/she is shopping,episodic[inf2],atananehs,True,,
he/she is shopping,episodic[inf2],ananehs,True,,
he/she is shopping,episodic[inf2],nanehs,True,,
he/she is taking off running,cause,atanawhst,True,,
he/she is taking off running,cause,anawhst,True,,
he/she is taking off running,cause,nawhst,True,,
he/she is taking off running,cause[perf3],atanawhst,False,,
he/she is taking off running,cause[perf3],anawhst,False,,
he/she is taking off running,cause[perf3],nawhst,False,,
he/she is taking off running,cause[pres2],atanawhstih,False,,
he/she is taking off running,cause[pres2],anawhstih,False,,
he/she is taking off running,cause[pres2],nawhstih,False,,
he/she is taking off running,cause[pres2-perf3],atanawhstih,False,,
he/she is taking off running,cause[pres2-perf3],anawhstih,False,,
he/she is taking off running,cause[pres2-perf3],nawhstih,False,,
he/she is changing,v-vhs,atanetliy,True,,
he/she is changing,v-vhs,anetliy,True,,
he/she is changing,v-vhs,netliy,True,,
he/she is changing,change-out,atanetl,True,,
he/she is changing,change-out,anetl,True,,
he/she is changing,change-out,netl,True,,
he/she is taking turns with him/her,cause,atanetliyvhst,True,,
he/she is taking turns with him/her,cause,anetliyvhst,True,,
he/she is taking turns with him/her,cause,netliyvhst,True,,
he/she is taking turns with him/her,cause[perf3],atanetliyvhst,False,,
he/she is taking turns with him/her,cause[perf3],anetliyvhst,False,,
he/she is taking turns with him/her,cause[perf3],netliyvhst,False,,
he/she is taking turns with him/her,cause[pres2],atanetliyvhstih,False,,
he/she is taking turns with him/her,cause[pres2],anetliyvhstih,False,,
he/she is taking turns with him/her,cause[pres2],netliyvhstih,False,,
he/she is taking turns with him/her,cause[pres2-perf3],atanetliyvhstih,False,,
he/she is taking turns with him/her,cause[pres2-perf3],anetliyvhstih,False,,
he/she is taking turns with him/her,cause[pres2-perf3],netliyvhstih,False,,
he/she is thinking,apl-active-lh,atanhth,True,,
he/she is thinking,apl-active-lh,anhth,True,,
he/she is thinking,apl-active-lh,nhth,True,,
he/she is pondering,o,atanhthehil,True,,
he/she is pondering,o,anhthehil,True,,
he/she is pondering,o,nhthehil,True,,
he/she is crawling,go[pres2],atanhsin,True,,
he/she is crawling,go[pres2],anhsin,True,,
he/she is crawling,go[pres2],nhsin,True,,
it’s twisting,oh-ol,atanuthey,True,,
it’s twisting,oh-ol,anuthey,True,,
it’s twisting,oh-ol,nuthey,True,,
he/she is ordering it,sk-s-la,atanv,True,present_1sg,Ambiguity implies lossy rule reversal
he/she is ordering it,sk-s-la,anv,True,present_1sg,Ambiguity implies lossy rule reversal
he/she is ordering it,sk-s-la,nv,True,present_1sg,Ambiguity implies lossy rule reversal
he/she is ordering it,sk-s-hst,atanv,False,present_1sg,Ambiguity implies lossy rule reversal
he/she is ordering it,sk-s-hst,anv,False,present_1sg,Ambiguity implies lossy rule reversal
he/she is ordering it,sk-s-hst,nv,False,present_1sg,Ambiguity implies lossy rule reversal
he/she is cooking a meal,hvsk-nh[inf2],atahstayv,True,,
he/she is cooking a meal,hvsk-nh[inf2],ahstayv,True,,
he/she is cooking a meal,hvsk-nh[inf2],hstayv,True,,
he/she is cooking a meal,episodic,atahstay,True,,
he/she is cooking a meal,episodic,ahstay,True,,
he/she is cooking a meal,episodic,hstay,True,,
it’s burning,i-a-i,atawelak,True,,
it’s burning,i-a-i,awelak,True,,
it’s burning,i-a-i,welak,True,,
he/she is resting,cause,atawehsolvhst,True,,
he/she is resting,cause,awehsolvhst,True,,
he/she is resting,cause,wehsolvhst,True,,
he/she is resting,cause[perf3],atawehsolvhst,False,,
he/she is resting,cause[perf3],awehsolvhst,False,,
he/she is resting,cause[perf3],wehsolvhst,False,,
he/she is resting,cause[pres2],atawehsolvhstih,False,,
he/she is resting,cause[pres2],awehsolvhstih,False,,
he/she is resting,cause[pres2],wehsolvhstih,False,,
he/she is resting,cause[pres2-perf3],atawehsolvhstih,False,,
he/she is resting,cause[pres2-perf3],awehsolvhstih,False,,
he/she is resting,cause[pres2-perf3],wehsolvhstih,False,,
he/she is bathing,o,ataw,True,,
he/she is bathing,o,aw,True,,
he/she is bathing,o,w,True,,
he/she is giving him/her it,apl,t,False,present_1sg,Ambiguity implies lossy rule reversal
he/she is giving him/her it,apl,t,False,present_1sg;imperative,Ambiguity implies lossy rule reversal
he/she is giving him/her it,apl[imp2],t,False,present_1sg,Ambiguity implies lossy rule reversal
he/she is giving him/her it,apl[imp2],t,False,present_1sg;imperative,Ambiguity implies lossy rule reversal
he/she is giving him/her it,apl[imp3],t,True,present_1sg,Ambiguity implies lossy rule reversal
he/she is giving him/her it,apl[imp3],t,True,present_1sg;imperative,Ambiguity implies lossy rule reversal
he/she is embarrassing him/her,cause,atehohihst,True,,
he/she is embarrassing him/her,cause,ehohihst,True,,
he/she is embarrassing him/her,cause[perf3],atehohihst,False,,
he/she is embarrassing him/her,cause[perf3],ehohihst,False,,
he/she is embarrassing him/her,cause[pres2],atehohihstih,False,,
he/she is embarrassing him/her,cause[pres2],ehohihstih,False,,
he/she is embarrassing him/her,cause[pres2-perf3],atehohihstih,False,,
he/she is embarrassing him/her,cause[pres2-perf3],ehohihstih,False,,
he/she is embarrassed,sk-s-hi-hihst,ateho,True,,
he/she is embarrassed,sk-s-hi-hihst,eho,True,,
he/she is embarrassed,sk-s-hst[imp2],ateho,False,,
he/she is embarrassed,sk-s-hst[imp2],eho,False,,
he/she is embarrassed,sk-s-hst,ateho,False,,
he/she is embarrassed,sk-s-hst,eho,False,,
he/she is being born,hvsk-nh,ate,True,present_1sg,Ambiguity implies lossy rule reversal
he/she is being born,hvsk-nh,e,True,present_1sg,Ambiguity implies lossy rule reversal
he/she is being born,hvsk-nh[inf2],ate,False,present_1sg,Ambiguity implies lossy rule reversal
he/she is being born,hvsk-nh[inf2],e,False,present_1sg,Ambiguity implies lossy rule reversal
he/she is finding it out,sk-s-hi-hihst,ateloho,True,,
he/she is finding it out,sk-s-hi-hihst,eloho,True,,
he/she is finding it out,sk-s-hst[imp2],ateloho,False,,
he/she is finding it out,sk-s-hst[imp2],eloho,False,,
he/she is finding it out,sk-s-hst,ateloho,False,,
he/she is finding it out,sk-s-hst,eloho,False,,
he/she is going around a curve,oh-ol[inf2],atey,True,present_1sg,Ambiguity implies lossy rule reversal
he/she is going around a curve,oh-ol[inf2],ey,True,present_1sg,Ambiguity implies lossy rule reversal
he/she is laying it down,i-a-i,t,True,,
he/she is laying it down,i-a-i,t,True,,
he/she is laying it down,long-no-a,,True,,
he/she is laying it down,long-no-a,,True,,
he/she is laying it down,long-no-a,,True,,
he/she is laying it down,long-no-a,,True,,
he/she is laying it down,long-no-a,,True,,
he/she is laying it down,long-no-a,,True,,
he/she is rising,ih-vh,atit,True,present_1sg,Ambiguity implies lossy rule reversal
he/she is rising,ih-vh,it,True,present_1sg,Ambiguity implies lossy rule reversal
it’s scattering,become,tikaleyo,False,,
it’s scattering,become,atikaleyo,False,,
it’s scattering,become,tikaleyo,False,imperative,Ambiguity implies lossy rule reversal
it’s scattering,become,atikaleyo,False,imperative,Ambiguity implies lossy rule reversal
it’s scattering,become,tikaleyo,False,,
it’s scattering,become,atikaleyo,False,,
it’s scattering,become,tikaleyo,False,,
it’s scattering,become,atikaleyo,False,,
it’s scattering,become,ikaleyo,False,,
it’s scattering,become,ikaleyo,False,imperative,Ambiguity implies lossy rule reversal
it’s scattering,become,ikaleyo,False,,
it’s scattering,become,ikaleyo,False,,
it’s scattering,become[inf3],tikaleyo,True,,
it’s scattering,become[inf3],atikaleyo,True,,
it’s scattering,become[inf3],tikaleyo,True,imperative,Ambiguity implies lossy rule reversal
it’s scattering,become[inf3],atikaleyo,True,imperative,Ambiguity implies lossy rule reversal
it’s scattering,become[inf3],tikaleyo,True,,
it’s scattering,become[inf3],atikaleyo,True,,
it’s scattering,become[inf3],tikaleyo,True,,
it’s scattering,become[inf3],atikaleyo,True,,
it’s scattering,become[inf3],ikaleyo,True,,
it’s scattering,become[inf3],ikaleyo,True,imperative,Ambiguity implies lossy rule reversal
it’s scattering,become[inf3],ikaleyo,True,,
it’s scattering,become[inf3],ikaleyo,True,,
he/she is spinning,oh-ol[inf2],atikwalvtey,True,present_1sg,Ambiguity implies lossy rule reversal
he/she is spinning,oh-ol[inf2],ikwalvtey,True,present_1sg,Ambiguity implies lossy rule reversal
he/she is saying it,vnh-ih-a,at,True,present_1sg,Ambiguity implies lossy rule reversal
he/she is saying it,vnh-ih-a,,True,present_1sg,Ambiguity implies lossy rule reversal
he/she is running over him/her,cause,atinvt,True,present_1sg,Ambiguity implies lossy rule reversal
he/she is running over him/her,cause,invt,True,present_1sg,Ambiguity implies lossy rule reversal
he/she is running over him/her,cause[perf3],atinvt,False,present_1sg,Ambiguity implies lossy rule reversal
he/she is running over him/her,cause[perf3],invt,False,present_1sg,Ambiguity implies lossy rule reversal
he/she is running over him/her,cause[pres2],atinvtih,False,,
he/she is running over him/her,cause[pres2],invtih,False,,
he/she is running over him/her,cause[pres2-perf3],atinvtih,False,,
he/she is running over him/her,cause[pres2-perf3],invtih,False,,
he/she is hiding,hvsk-han,atihskal,True,,
he/she is hiding,hvsk-han,ihskal,True,,
he/she is leaving it behind,leaving,tihs,True,,
he/she is leaving it behind,leaving,tihs,True,,
he/she is drinking it,sk-h,atitha,False,,
he/she is drinking it,sk-h,itha,False,,
he/she is drinking it,sk-h[imp2],atitha,True,,
he/she is drinking it,sk-h[imp2],itha,True,,
he/she is scratching,sk-s-la,atlako,True,present_1sg,Ambiguity implies lossy rule reversal
he/she is scratching,sk-s-la,lako,True,present_1sg,Ambiguity implies lossy rule reversal
he/she is scratching,sk-s-hst,atlako,False,present_1sg,Ambiguity implies lossy rule reversal
he/she is scratching,sk-s-hst,lako,False,present_1sg,Ambiguity implies lossy rule reversal
he/she is turning off the road,rev-e,atl,True,,
he/she is turning off the road,rev-e,l,True,,
he/she is taking revenge against him/her,apl,atletsh,False,,
he/she is taking revenge against him/her,apl,letsh,False,,
he/she is taking revenge against him/her,apl[imp2],atletsh,False,,
he/she is taking revenge against him/her,apl[imp2],letsh,False,,
he/she is taking revenge against him/her,apl[imp3],atletsh,True,,
he/she is taking revenge against him/her,apl[imp3],letsh,True,,
he/she is pouring liquid into a container,i-a-i,tl,False,,
he/she is pouring liquid into a container,i-a-i,tl,False,,
it’s pouring into a container,become,tli,False,,
it’s pouring into a container,become,atli,False,,
it’s pouring into a container,become,tli,False,imperative,Ambiguity implies lossy rule reversal
it’s pouring into a container,become,atli,False,imperative,Ambiguity implies lossy rule reversal
it’s pouring into a container,become,tli,False,,
it’s pouring into a container,become,atli,False,,
it’s pouring into a container,become,tli,False,,
it’s pouring into a container,become,atli,False,,
it’s pouring into a container,become,li,False,,
it’s pouring into a container,become,li,False,imperative,Ambiguity implies lossy rule reversal
it’s pouring into a container,become,li,False,,
it’s pouring into a container,become,li,False,,
it’s pouring into a container,become[inf3],tli,True,,
it’s pouring into a container,become[inf3],atli,True,,
it’s pouring into a container,become[inf3],tli,True,imperative,Ambiguity implies lossy rule reversal
it’s pouring into a container,become[inf3],atli,True,imperative,Ambiguity implies lossy rule reversal
it’s pouring into a container,become[inf3],tli,True,,
it’s pouring into a container,become[inf3],atli,True,,
it’s pouring into a container,become[inf3],tli,True,,
it’s pouring into a container,become[inf3],atli,True,,
it’s pouring into a container,become[inf3],li,True,,
it’s pouring into a container,become[inf3],li,True,imperative,Ambiguity implies lossy rule reversal
it’s pouring into a container,become[inf3],li,True,,
it’s pouring into a container,become[inf3],li,True,,
he/she is drawing a liquid out of a container,ih-vh,tl,False,present_1sg,Ambiguity implies lossy rule reversal
he/she is drawing a liquid out of a container,ih-vh,tl,False,present_1sg,Ambiguity implies lossy rule reversal
he/she is drawing a liquid out of a container,ih-vh[inf2],tl,True,present_1sg,Ambiguity implies lossy rule reversal
he/she is drawing a liquid out of a container,ih-vh[inf2],tl,True,present_1sg,Ambiguity implies lossy rule reversal
he/she is pouring a liquid into a container,cause,tlihst,True,,
he/she is pouring a liquid into a container,cause,tlihst,True,,
he/she is pouring a liquid into a container,cause[perf3],tlihst,False,,
he/she is pouring a liquid into a container,cause[perf3],tlihst,False,,
he/she is pouring a liquid into a container,cause[pres2],tlihstih,False,,
he/she is pouring a liquid into a container,cause[pres2],tlihstih,False,,
he/she is pouring a liquid into a container,cause[pres2-perf3],tlihstih,False,,
he/she is pouring a liquid into a container,cause[pres2-perf3],tlihstih,False,,
he/she is crying,hih-hil,atloy,True,present_1sg,Ambiguity implies lossy rule reversal
he/she is crying,hih-hil,loy,True,present_1sg,Ambiguity implies lossy rule reversal
he/she is getting off,sk-s-hi-hihst,atloy,False,present_1sg,Ambiguity implies lossy rule reversal
he/she is getting off,sk-s-hi-hihst,loy,False,present_1sg,Ambiguity implies lossy rule reversal
he/she is bragging,sk-s-a,atlvkw,False,present_1sg,Ambiguity implies lossy rule reversal
he/she is bragging,sk-s-a,lvkw,False,present_1sg,Ambiguity implies lossy rule reversal
he/she is catching up with him/her,sk-h,atlvtha,False,,
he/she is catching up with him/her,sk-h,lvtha,False,,
he/she is catching up with him/her,sk-h[imp2],atlvtha,True,,
he/she is catching up with him/her,sk-h[imp2],lvtha,True,,
he/she is acting silly,vnh-ih-a,atvnel,True,present_1sg,Ambiguity implies lossy rule reversal
he/she is acting silly,vnh-ih-a,vnel,True,present_1sg,Ambiguity implies lossy rule reversal
he/she is preparing it,cause,atvnv'ihst,True,,
he/she is preparing it,cause,vnv'ihst,True,,
he/she is preparing it,cause[perf3],atvnv'ihst,False,,
he/she is preparing it,cause[perf3],vnv'ihst,False,,
he/she is preparing it,cause[pres2],atvnv'ihstih,False,,
he/she is preparing it,cause[pres2],vnv'ihstih,False,,
he/she is preparing it,cause[pres2-perf3],atvnv'ihstih,False,,
he/she is preparing it,cause[pres2-perf3],vnv'ihstih,False,,
it is shining,ih-ihi,kal,True,,
it is shining,ih-ihi,akal,True,,
it is shining,ih-ihi,kal,True,imperative,Ambiguity implies lossy rule reversal
it is shining,ih-ihi,akal,True,imperative,Ambiguity implies lossy rule reversal
it is shining,ih-ihi,kal,True,,
it is shining,ih-ihi,akal,True,,
it is shining,ih-ihi,kal,True,,
it is shining,ih-ihi,akal,True,,
he/she is licking it,i-a-i,kanat,True,,
he/she is licking it,i-a-i,kanat,True,,
he/she is licking it,long,kan,True,,
he/she is licking it,long,kan,True,,
he/she is licking it,long-no-a,kana,True,,
he/she is licking it,long-no-a,kana,True,,
he/she is warming it,cause,kanawht,True,,
he/she is warming it,cause,kanawht,False,,
he/she is warming it,cause[perf3],kanawht,False,,
he/she is warming it,cause[perf3],kanawht,False,,
he/she is warming it,cause[pres2],kanawhtih,False,,
he/she is warming it,cause[pres2],kanawhtih,False,,
he/she is warming it,cause[pres2-perf3],kanawhtih,False,,
he/she is warming it,cause[pres2-perf3],kanawhtih,False,,
it’s getting warm,sk-s-hi-hihst,kanawo,True,,
it’s getting warm,sk-s-hi-hihst,akanawo,True,,
it’s getting warm,sk-s-hi-hihst,kanawo,True,imperative,Ambiguity implies lossy rule reversal
it’s getting warm,sk-s-hi-hihst,akanawo,True,imperative,Ambiguity implies lossy rule reversal
it’s getting warm,sk-s-hi-hihst,kanawo,True,,
it’s getting warm,sk-s-hi-hihst,akanawo,True,,
it’s getting warm,sk-s-hi-hihst,kanawo,True,,
it’s getting warm,sk-s-hi-hihst,akanawo,True,,
it’s getting warm,sk-s-hst,kanawo,False,,
it’s getting warm,sk-s-hst,akanawo,False,,
it’s getting warm,sk-s-hst,kanawo,False,imperative,Ambiguity implies lossy rule reversal
it’s getting warm,sk-s-hst,akanawo,False,imperative,Ambiguity implies lossy rule reversal
it’s getting warm,sk-s-hst,kanawo,False,,
it’s getting warm,sk-s-hst,akanawo,False,,
it’s getting warm,sk-s-hst,kanawo,False,,
it’s getting warm,sk-s-hst,akanawo,False,,
it’s raining,stative,akahsk,False,,
it’s raining,stative,akahsk,False,imperative,Ambiguity implies lossy rule reversal
it’s raining,stative,akahsk,False,,
it’s raining,stative,akahsk,False,,
he/she is eating it,i-a-i,k,True,,
he/she is eating it,i-a-i,k,True,,
he/she is picking it up,rev-gi,,True,,
he/she is picking it up,rev-gi,,True,,
he/she is picking it up,rev-gi,,True,,
he/she is picking it up,rev-gi,,True,,
he/she is picking it up,rev-gi,,True,,
he/she is picking it up,rev-gi,,True,,
he/she is picking it up,rev-i,k,True,,
he/she is picking it up,rev-i,k,True,,
he/she is in agony,become,kilhiyo,True,,
he/she is in agony,become,kilhiyo,False,,
he/she is chewing it,o,kihst,True,,
he/she is chewing it,o,kihst,True,,
he/she is burning him/her,cause,akohvhst,True,,
he/she is burning him/her,cause[perf3],akohvhst,False,,
he/she is burning him/her,cause[pres2],akohvhstih,False,,
he/she is burning him/her,cause[pres2-perf3],akohvhstih,False,,
it’s burning,sk-h,akohv,False,,
it’s burning,sk-h[imp2],akohv,False,,
it’s burning,terminative,ak,True,present_1sg,Ambiguity implies lossy rule reversal
it’s burning,terminative-no-o,ako,True,present_1sg,Ambiguity implies lossy rule reversal
he/she is reading,e-a,koliy,True,,
he/she is reading,e-a,koliy,True,,
he/she is target practicing,ih-vh,akon,True,present_1sg,Ambiguity implies lossy rule reversal
he/she is showing it to him/her,cause,kowhthvht,True,,
he/she is showing it to him/her,cause,kowhthvht,True,,
he/she is showing it to him/her,cause[perf3],kowhthvht,False,,
he/she is showing it to him/her,cause[perf3],kowhthvht,False,,
he/she is showing it to him/her,cause[pres2],kowhthvhtih,False,,
he/she is showing it to him/her,cause[pres2],kowhthvhtih,False,,
he/she is showing it to him/her,cause[pres2-perf3],kowhthvhtih,False,,
he/she is showing it to him/her,cause[pres2-perf3],kowhthvhtih,False,,
he/she is chopping it up,sk-h,kvhaluy,True,,
he/she is chopping it up,sk-h[imp2],kvhaluy,False,,
he/she is scolding him/her,vsk,kvhskol,False,,
he/she is scolding him/her,vsk,kvhskol,False,,
he/she is scolding him/her,vsk[imp2],kvhskol,True,,
he/she is scolding him/her,vsk[imp2],kvhskol,True,,
he/she is washing his face,o,akvhskw,True,,
he/she is diverting him/her,rev-gi,halu,True,,
he/she is diverting him/her,rev-i,haluk,True,,
he/she is smothering him/her,cause,hawohst,True,,
he/she is smothering him/her,cause[perf3],hawohst,False,,
he/she is smothering him/her,cause[pres2],hawohstih,False,,
he/she is smothering him/her,cause[pres2-perf3],hawohstih,False,,
he/she is handling it,be-at,h,True,,
he/she is handling it,be-at-weak,hit,True,,
he/she is killing him/her,hih-lh,,False,present_1sg,Ambiguity implies lossy rule reversal
he/she is killing him/her,hih-lh,,False,present_1sg,Ambiguity implies lossy rule reversal
he/she is killing him/her,hih-lh,,False,present_1sg,Ambiguity implies lossy rule reversal
he/she is killing him/her,hih-lh,,False,present_1sg,Ambiguity implies lossy rule reversal
he/she is killing him/her,hih-lh,,False,present_1sg,Ambiguity implies lossy rule reversal
he/she is killing him/her,hih-lh,,False,present_1sg,Ambiguity implies lossy rule reversal
he/she is killing him/her,hih-lh[inf2],,False,present_1sg,Ambiguity implies lossy rule reversal
he/she is killing him/her,hih-lh[inf2],,False,present_1sg,Ambiguity implies lossy rule reversal
he/she is killing him/her,hih-lh[inf2],,False,present_1sg,Ambiguity implies lossy rule reversal
he/she is killing him/her,hih-lh[inf2],,False,present_1sg,Ambiguity implies lossy rule reversal
he/she is killing him/her,hih-lh[inf2],,False,present_1sg,Ambiguity implies lossy rule reversal
he/she is killing him/her,hih-lh[inf2],,False,present_1sg,Ambiguity implies lossy rule reversal
he/she is leaving it behind,leaving,h,True,,
he/she is placing it on something,hvsk-nh[inf4],lha,True,,
he/she is placing it on something,hvsk-nh[inf4],lha,True,,
he/she is placing it on something,hvsk-nh[inf4],lha,True,,
he/she is placing it on something,hvsk-nh[inf4],lha,True,,
he/she is taking off flying,ih-vh,alhawit,True,,
he/she is making him/her fly,cause[perf3],alhawitht,True,,
he/she is making him/her fly,cause[pres2-perf3],alhawithtih,False,,
he/she is having a nightmare,rev-gi,alhi,True,,
he/she is having a nightmare,rev-i,alhik,True,,
it’s taking time,be-at,lhi'il,True,,
it’s taking time,be-at,alhi'il,True,,
it’s taking time,be-at,lhi'il,True,,
it’s taking time,be-at,lhi'il,True,imperative,Ambiguity implies lossy rule reversal
it’s taking time,be-at,alhi'il,True,imperative,Ambiguity implies lossy rule reversal
it’s taking time,be-at,lhi'il,True,imperative,Ambiguity implies lossy rule reversal
it’s taking time,be-at,lhi'il,True,,
it’s taking time,be-at,alhi'il,True,,
it’s taking time,be-at,lhi'il,True,,
it’s taking time,be-at,lhi'il,True,,
it’s taking time,be-at,alhi'il,True,,
it’s taking time,be-at,lhi'il,True,,
it’s taking time,be-at,hi'il,True,,
it’s taking time,be-at,hi'il,True,imperative,Ambiguity implies lossy rule reversal
it’s taking time,be-at,hi'il,True,,
it’s taking time,be-at,hi'il,True,,
it’s taking time,be-at-weak,lhi'ilit,True,,
it’s taking time,be-at-weak,alhi'ilit,True,,
it’s taking time,be-at-weak,lhi'ilit,True,,
it’s taking time,be-at-weak,lhi'ilit,True,imperative,Ambiguity implies lossy rule reversal
it’s taking time,be-at-weak,alhi'ilit,True,imperative,Ambiguity implies lossy rule reversal
it’s taking time,be-at-weak,lhi'ilit,True,imperative,Ambiguity implies lossy rule reversal
it’s taking time,be-at-weak,lhi'ilit,True,,
it’s taking time,be-at-weak,alhi'ilit,True,,
it’s taking time,be-at-weak,lhi'ilit,True,,
it’s taking time,be-at-weak,lhi'ilit,True,,
it’s taking time,be-at-weak,alhi'ilit,True,,
it’s taking time,be-at-weak,lhi'ilit,True,,
it’s taking time,be-at-weak,hi'ilit,True,,
it’s taking time,be-at-weak,hi'ilit,True,imperative,Ambiguity implies lossy rule reversal
it’s taking time,be-at-weak,hi'ilit,True,,
it’s taking time,be-at-weak,hi'ilit,True,,
it’s taking time,oh-ol[inf2],lhi'ilit,False,,
it’s taking time,oh-ol[inf2],alhi'ilit,False,,
it’s taking time,oh-ol[inf2],lhi'ilit,False,,
it’s taking time,oh-ol[inf2],lhi'ilit,False,imperative,Ambiguity implies lossy rule reversal
it’s taking time,oh-ol[inf2],alhi'ilit,False,imperative,Ambiguity implies lossy rule reversal
it’s taking time,oh-ol[inf2],lhi'ilit,False,imperative,Ambiguity implies lossy rule reversal
it’s taking time,oh-ol[inf2],lhi'ilit,False,,
it’s taking time,oh-ol[inf2],alhi'ilit,False,,
it’s taking time,oh-ol[inf2],lhi'ilit,False,,
it’s taking time,oh-ol[inf2],lhi'ilit,False,,
it’s taking time,oh-ol[inf2],alhi'ilit,False,,
it’s taking time,oh-ol[inf2],lhi'ilit,False,,
it’s taking time,oh-ol[inf2],hi'ilit,False,,
it’s taking time,oh-ol[inf2],hi'ilit,False,imperative,Ambiguity implies lossy rule reversal
it’s taking time,oh-ol[inf2],hi'ilit,False,,
it’s taking time,oh-ol[inf2],hi'ilit,False,,
it’s taking time,oh-ol[inf3],lhi'ilit,True,,
it’s taking time,oh-ol[inf3],alhi'ilit,True,,
it’s taking time,oh-ol[inf3],lhi'ilit,True,,
it’s taking time,oh-ol[inf3],lhi'ilit,True,imperative,Ambiguity implies lossy rule reversal
it’s taking time,oh-ol[inf3],alhi'ilit,True,imperative,Ambiguity implies lossy rule reversal
it’s taking time,oh-ol[inf3],lhi'ilit,True,imperative,Ambiguity implies lossy rule reversal
it’s taking time,oh-ol[inf3],lhi'ilit,True,,
it’s taking time,oh-ol[inf3],alhi'ilit,True,,
it’s taking time,oh-ol[inf3],lhi'ilit,True,,
it’s taking time,oh-ol[inf3],lhi'ilit,True,,
it’s taking time,oh-ol[inf3],alhi'ilit,True,,
it’s taking time,oh-ol[inf3],lhi'ilit,True,,
it’s taking time,oh-ol[inf3],hi'ilit,True,,
it’s taking time,oh-ol[inf3],hi'ilit,True,imperative,Ambiguity implies lossy rule reversal
it’s taking time,oh-ol[inf3],hi'ilit,True,,
it’s taking time,oh-ol[inf3],hi'ilit,True,,
he/she is measuring it,o,alhil,True,,
it’s bending,vsk,lhiyvhkwit,True,,
it’s bending,vsk,alhiyvhkwit,True,,
it’s bending,vsk,lhiyvhkwit,True,,
it’s bending,vsk,lhiyvhkwit,True,imperative,Ambiguity implies lossy rule reversal
it’s bending,vsk,alhiyvhkwit,True,imperative,Ambiguity implies lossy rule reversal
it’s bending,vsk,lhiyvhkwit,True,imperative,Ambiguity implies lossy rule reversal
it’s bending,vsk,lhiyvhkwit,True,,
it’s bending,vsk,alhiyvhkwit,True,,
it’s bending,vsk,lhiyvhkwit,True,,
it’s bending,vsk,lhiyvhkwit,True,,
it’s bending,vsk,alhiyvhkwit,True,,
it’s bending,vsk,lhiyvhkwit,True,,
it’s bending,vsk,hiyvhkwit,True,,
it’s bending,vsk,hiyvhkwit,True,imperative,Ambiguity implies lossy rule reversal
it’s bending,vsk,hiyvhkwit,True,,
it’s bending,vsk,hiyvhkwit,True,,
he/she is snorting,cause,alhiyvhsanawhst,True,,
he/she is snorting,cause[perf3],alhiyvhsanawhst,False,,
he/she is snorting,cause[pres2],alhiyvhsanawhstih,False,,
he/she is snorting,cause[pres2-perf3],alhiyvhsanawhstih,False,,
he/she is preaching,hvsk-nh[inf2],alhtsato,True,,
he/she is preaching,hvsk-nh[inf2],htsato,True,,
it’s shattering,sk-h[imp2],lhkhotv,False,,
it’s shattering,sk-h[imp2],alhkhotv,False,,
it’s shattering,sk-h[imp2],alhkhotv,False,,
it’s shattering,sk-h[imp2],lhkhotv,False,,
it’s shattering,sk-h[imp2],lhkhotv,False,imperative,Ambiguity implies lossy rule reversal
it’s shattering,sk-h[imp2],alhkhotv,False,imperative,Ambiguity implies lossy rule reversal
it’s shattering,sk-h[imp2],alhkhotv,False,imperative,Ambiguity implies lossy rule reversal
it’s shattering,sk-h[imp2],lhkhotv,False,imperative,Ambiguity implies lossy rule reversal
it’s shattering,sk-h[imp2],lhkhotv,False,,
it’s shattering,sk-h[imp2],alhkhotv,False,,
it’s shattering,sk-h[imp2],alhkhotv,False,,
it’s shattering,sk-h[imp2],lhkhotv,False,,
it’s shattering,sk-h[imp2],lhkhotv,False,,
it’s shattering,sk-h[imp2],alhkhotv,False,,
it’s shattering,sk-h[imp2],alhkhotv,False,,
it’s shattering,sk-h[imp2],lhkhotv,False,,
it’s shattering,sk-h[imp2],hkhotv,False,,
it’s shattering,sk-h[imp2],hkhotv,False,,
it’s shattering,sk-h[imp2],hkhotv,False,imperative,Ambiguity implies lossy rule reversal
it’s shattering,sk-h[imp2],hkhotv,False,imperative,Ambiguity implies lossy rule reversal
it’s shattering,sk-h[imp2],hkhotv,False,,
it’s shattering,sk-h[imp2],hkhotv,False,,
it’s shattering,sk-h[imp2],hkhotv,False,,
it’s shattering,sk-h[imp2],hkhotv,False,,
it’s shattering,vnh-vsk,lhkhot,True,,
it’s shattering,vnh-vsk,alhkhot,True,,
it’s shattering,vnh-vsk,alhkhot,True,,
it’s shattering,vnh-vsk,lhkhot,True,,
it’s shattering,vnh-vsk,lhkhot,True,imperative,Ambiguity implies lossy rule reversal
it’s shattering,vnh-vsk,alhkhot,True,imperative,Ambiguity implies lossy rule reversal
it’s shattering,vnh-vsk,alhkhot,True,imperative,Ambiguity implies lossy rule reversal
it’s shattering,vnh-vsk,lhkhot,True,imperative,Ambiguity implies lossy rule reversal
it’s shattering,vnh-vsk,lhkhot,True,,
it’s shattering,vnh-vsk,alhkhot,True,,
it’s shattering,vnh-vsk,alhkhot,True,,
it’s shattering,vnh-vsk,lhkhot,True,,
it’s shattering,vnh-vsk,lhkhot,True,,
it’s shattering,vnh-vsk,alhkhot,True,,
it’s shattering,vnh-vsk,alhkhot,True,,
it’s shattering,vnh-vsk,lhkhot,True,,
it’s shattering,vnh-vsk,hkhot,True,,
it’s shattering,vnh-vsk,hkhot,True,,
it’s shattering,vnh-vsk,hkhot,True,imperative,Ambiguity implies lossy rule reversal
it’s shattering,vnh-vsk,hkhot,True,imperative,Ambiguity implies lossy rule reversal
it’s shattering,vnh-vsk,hkhot,True,,
it’s shattering,vnh-vsk,hkhot,True,,
it’s shattering,vnh-vsk,hkhot,True,,
it’s shattering,vnh-vsk,hkhot,True,,
it’s shattering,stative,lhkhotvhsk,False,,
it’s shattering,stative,alhkhotvhsk,False,,
it’s shattering,stative,alhkhotvhsk,False,,
it’s shattering,stative,lhkhotvhsk,False,,
it’s shattering,stative,lhkhotvhsk,False,imperative,Ambiguity implies lossy rule reversal
it’s shattering,stative,alhkhotvhsk,False,imperative,Ambiguity implies lossy rule reversal
it’s shattering,stative,alhkhotvhsk,False,imperative,Ambiguity implies lossy rule reversal
it’s shattering,stative,lhkhotvhsk,False,imperative,Ambiguity implies lossy rule reversal
it’s shattering,stative,lhkhotvhsk,False,,
it’s shattering,stative,alhkhotvhsk,False,,
it’s shattering,stative,alhkhotvhsk,False,,
it’s shattering,stative,lhkhotvhsk,False,,
it’s shattering,stative,lhkhotvhsk,False,,
it’s shattering,stative,alhkhotvhsk,False,,
it’s shattering,stative,alhkhotvhsk,False,,
it’s shattering,stative,lhkhotvhsk,False,,
it’s shattering,stative,hkhotvhsk,False,,
it’s shattering,stative,hkhotvhsk,False,,
it’s shattering,stative,hkhotvhsk,False,imperative,Ambiguity implies lossy rule reversal
it’s shattering,stative,hkhotvhsk,False,imperative,Ambiguity implies lossy rule reversal
it’s shattering,stative,hkhotvhsk,False,,
it’s shattering,stative,hkhotvhsk,False,,
it’s shattering,stative,hkhotvhsk,False,,
it’s shattering,stative,hkhotvhsk,False,,
he/she is shattering it,cause,alhkhotht,True,,
he/she is shattering it,cause,hkhotht,True,,
he/she is shattering it,cause[perf3],alhkhotht,False,,
he/she is shattering it,cause[perf3],hkhotht,False,,
he/she is shattering it,cause[pres2],alhkhothtih,False,,
he/she is shattering it,cause[pres2],hkhothtih,False,,
he/she is shattering it,cause[pres2-perf3],alhkhothtih,False,,
he/she is shattering it,cause[pres2-perf3],hkhothtih,False,,
he/she is beating him/her at a game,sk-s-hi-hihst,lho,True,,
he/she is beating him/her at a game,sk-s-hi-hihst,lho,True,,
he/she is beating him/her at a game,sk-s-hi-hihst,lho,True,,
he/she is beating him/her at a game,sk-s-hi-hihst,lho,True,,
he/she is beating him/her at a game,sk-s-hst[imp2],lho,False,,
he/she is beating him/her at a game,sk-s-hst[imp2],lho,False,,
he/she is beating him/her at a game,sk-s-hst[imp2],lho,False,,
he/she is beating him/her at a game,sk-s-hst[imp2],lho,False,,
he/she is beating him/her at a game,sk-s-hst,lho,False,,
he/she is beating him/her at a game,sk-s-hst,lho,False,,
he/she is beating him/her at a game,sk-s-hst,lho,False,,
he/she is beating him/her at a game,sk-s-hst,lho,False,,
he/she is combing his/her hair,o,alhthaw,True,,
he/she is combing his/her hair,o,hthaw,True,,
he/she is moving,hvsk-nh[inf2],alhthelv,True,,
he/she is moving,hvsk-nh[inf2],hthelv,True,,
he/she is moving,episodic,alhthel,True,,
he/she is moving,episodic,hthel,True,,
he/she is changing his/her shirt,v-vhs,anhawa'iy,True,,
he/she is changing his/her shirt,change-out,anhawa',True,,
he/she is changing his/her shirt,change-out-flexible,anhaw,True,,
he/she is taking his/her shirt off,rev-e,anhaw,True,,
he/she is putting on a shirt,o,anhaw,True,,
he/she is wrestling,hih-lh,anhe,True,,
he/she is interpreting it,cause,anhelht,True,,
he/she is interpreting it,cause[perf3],anhelht,False,,
he/she is interpreting it,cause[pres2],anhelhtih,False,,
he/she is interpreting it,cause[pres2-perf3],anhelhtih,False,,
he/she is building a house,apl-active,anhehsk,True,,
he/she is building a house,apl-active-a,anhehsk,False,,
he/she is leaving,rev-gi,anhi,True,,
he/she is leaving,rev-i,anhik,True,,
he/she is starting it,cause,anhikihst,True,,
he/she is starting it,cause[perf3],anhikihst,False,,
he/she is starting it,cause[pres2],anhikihstih,False,,
he/she is starting it,cause[pres2-perf3],anhikihstih,False,,
he/she is carrying it on his/her shoulder,go,anholhin,True,,
he/she is carrying it on his/her shoulder,go[pres2],anholhinek,False,,
he/she is putting it in liquid,i-a-i,hut,True,,
he/she is putting it in liquid,long-no-a,hu,True,,
he/she is hitting him/her on the mouth,ih-l,hulvn,True,,
he/she is hitting him/her on the mouth,ih-l[inf2],hulvn,False,,
he/she is hitting him/her on the mouth,hitting,hul,True,,
he/she is moving it from one place to another,v-vhs,h,True,,
he/she is setting it down,hvsk-nh,,True,present_1sg,Ambiguity implies lossy rule reversal
he/she is setting it down,hvsk-nh,,True,present_1sg,Ambiguity implies lossy rule reversal
he/she is setting it down,hvsk-nh,,True,present_1sg,Ambiguity implies lossy rule reversal
he/she is setting it down,hvsk-nh,,True,present_1sg;imperative,Ambiguity implies lossy rule reversal
he/she is setting it down,hvsk-nh,,True,present_1sg;imperative,Ambiguity implies lossy rule reversal
he/she is setting it down,hvsk-nh,,True,present_1sg;imperative,Ambiguity implies lossy rule reversal
he/she is setting it down,hvsk-nh[inf2],,True,present_1sg,Ambiguity implies lossy rule reversal
he/she is setting it down,hvsk-nh[inf2],,True,present_1sg,Ambiguity implies lossy rule reversal
he/she is setting it down,hvsk-nh[inf2],,True,present_1sg,Ambiguity implies lossy rule reversal
he/she is setting it down,hvsk-nh[inf2],,True,present_1sg;imperative,Ambiguity implies lossy rule reversal
he/she is setting it down,hvsk-nh[inf2],,True,present_1sg;imperative,Ambiguity implies lossy rule reversal
he/she is setting it down,hvsk-nh[inf2],,True,present_1sg;imperative,Ambiguity implies lossy rule reversal
he/she is finding him/her,ih-vh,whahth,False,,
he/she is finding him/her,ih-vh,whahth,False,,
he/she is finding him/her,ih-vh[inf2],whahth,True,,
he/she is finding him/her,ih-vh[inf2],whahth,True,,
he/she is visiting him/her,be-at,whahthvh,True,,
he/she is visiting him/her,be-at,whahthvh,True,,
he/she is visiting him/her,be-at-weak,whahthvhit,True,,
he/she is visiting him/her,be-at-weak,whahthvhit,True,,
he/she is planting it,sk-s-hi-hihst,whi,False,,
he/she is planting it,sk-s-hi-hihst,whi,False,,
he/she is planting it,sk-s-hi-hihst,whi,False,,
he/she is planting it,sk-s-hi-hihst,whi,False,,
he/she is planting it,sk-s-hst,whi,True,,
he/she is planting it,sk-s-hst,whi,True,,
it’s becoming frosty,hvsk-nh[inf2],yhahthv,False,,
it’s becoming frosty,hvsk-nh[inf2],ayhahthv,False,,
it’s becoming frosty,hvsk-nh[inf2],yhahthv,False,,
it’s becoming frosty,hvsk-nh[inf2],yhahthv,False,imperative,Ambiguity implies lossy rule reversal
it’s becoming frosty,hvsk-nh[inf2],ayhahthv,False,imperative,Ambiguity implies lossy rule reversal
it’s becoming frosty,hvsk-nh[inf2],yhahthv,False,imperative,Ambiguity implies lossy rule reversal
it’s becoming frosty,hvsk-nh[inf2],yhahthv,False,,
it’s becoming frosty,hvsk-nh[inf2],ayhahthv,False,,
it’s becoming frosty,hvsk-nh[inf2],yhahthv,False,,
it’s becoming frosty,hvsk-nh[inf2],yhahthv,False,,
it’s becoming frosty,hvsk-nh[inf2],ayhahthv,False,,
it’s becoming frosty,hvsk-nh[inf2],yhahthv,False,,
it’s becoming frosty,episodic,yhahth,False,,
it’s becoming frosty,episodic,ayhahth,False,,
it’s becoming frosty,episodic,yhahth,False,,
it’s becoming frosty,episodic,yhahth,False,imperative,Ambiguity implies lossy rule reversal
it’s becoming frosty,episodic,ayhahth,False,imperative,Ambiguity implies lossy rule reversal
it’s becoming frosty,episodic,yhahth,False,imperative,Ambiguity implies lossy rule reversal
it’s becoming frosty,episodic,yhahth,False,,
it’s becoming frosty,episodic,ayhahth,False,,
it’s becoming frosty,episodic,yhahth,False,,
it’s becoming frosty,episodic,yhahth,False,,
it’s becoming frosty,episodic,ayhahth,False,,
it’s becoming frosty,episodic,yhahth,False,,
it’s becoming frosty,vnh-vsk,yhahthvh,False,,
it’s becoming frosty,vnh-vsk,ayhahthvh,False,,
it’s becoming frosty,vnh-vsk,yhahthvh,False,,
it’s becoming frosty,vnh-vsk,yhahthvh,False,imperative,Ambiguity implies lossy rule reversal
it’s becoming frosty,vnh-vsk,ayhahthvh,False,imperative,Ambiguity implies lossy rule reversal
it’s becoming frosty,vnh-vsk,yhahthvh,False,imperative,Ambiguity implies lossy rule reversal
it’s becoming frosty,vnh-vsk,yhahthvh,False,,
it’s becoming frosty,vnh-vsk,ayhahthvh,False,,
it’s becoming frosty,vnh-vsk,yhahthvh,False,,
it’s becoming frosty,vnh-vsk,yhahthvh,False,,
it’s becoming frosty,vnh-vsk,ayhahthvh,False,,
it’s becoming frosty,vnh-vsk,yhahthvh,False,,
it’s becoming frosty,stative,yhahthvhvhsk,False,,
it’s becoming frosty,stative,ayhahthvhvhsk,False,,
it’s becoming frosty,stative,yhahthvhvhsk,False,,
it’s becoming frosty,stative,yhahthvhvhsk,False,imperative,Ambiguity implies lossy rule reversal
it’s becoming frosty,stative,ayhahthvhvhsk,False,imperative,Ambiguity implies lossy rule reversal
it’s becoming frosty,stative,yhahthvhvhsk,False,imperative,Ambiguity implies lossy rule reversal
it’s becoming frosty,stative,yhahthvhvhsk,False,,
it’s becoming frosty,stative,ayhahthvhvhsk,False,,
it’s becoming frosty,stative,yhahthvhvhsk,False,,
it’s becoming frosty,stative,yhahthvhvhsk,False,,
it’s becoming frosty,stative,ayhahthvhvhsk,False,,
it’s becoming frosty,stative,yhahthvhvhsk,False,,
he/she is calling him/her,ih-vh,yhan,True,,
he/she is calling him/her,ih-vh,yhan,True,,
he/she is taking it somewhere by hand,go,yh,True,,
he/she is taking it somewhere by hand,go,yh,True,,
he/she is taking it somewhere by hand,go,yh,False,,
he/she is taking it somewhere by hand,go,ayh,False,,
he/she is taking it somewhere by hand,go,yh,False,,
he/she is taking it somewhere by hand,go[pres2],yhek,False,,
he/she is taking it somewhere by hand,go[pres2],yhek,False,,
he/she is quilting it,hvsk-han,yhehkal,True,,
he/she is quilting it,hvsk-han,yhehkal,True,,
he/she is making an incision,oh-al,yhel,False,,
he/she is making an incision,oh-al,yhel,False,,
he/she is making an incision,oh-al[imp2],yhel,True,,
he/she is making an incision,oh-al[imp2],yhel,True,,
he/she is imitating him/her,i-a-i[perf2],yhel,True,,
he/she is imitating him/her,i-a-i[perf2],yhel,True,,
he/she is imitating him/her,i-a-i,yhel,False,,
he/she is imitating him/her,i-a-i,yhel,False,,
he/she is looking for him/her,oh-al,y,True,present_1sg,Ambiguity implies lossy rule reversal
he/she is looking for him/her,oh-al,y,True,present_1sg;imperative,Ambiguity implies lossy rule reversal
he/she is looking for him/her,oh-al,ay,True,present_1sg;imperative,Ambiguity implies lossy rule reversal
he/she is swimming,go,ayhu'in,True,,
he/she is swimming,go[pres2],ayhu'inek,False,,
it’s thundering,o,yhvtakwal,True,,
it’s thundering,o,ayhvtakwal,True,,
it’s thundering,o,yhvtakwal,True,,
it’s thundering,o,yhvtakwal,True,imperative,Ambiguity implies lossy rule reversal
it’s thundering,o,ayhvtakwal,True,imperative,Ambiguity implies lossy rule reversal
it’s thundering,o,yhvtakwal,True,imperative,Ambiguity implies lossy rule reversal
it’s thundering,o,yhvtakwal,True,,
it’s thundering,o,ayhvtakwal,True,,
it’s thundering,o,yhvtakwal,True,,
it’s thundering,o,yhvtakwal,True,,
it’s thundering,o,ayhvtakwal,True,,
it’s thundering,o,yhvtakwal,True,,
he/she is bending it,vsk,yhvhkwit,False,,
he/she is bending it,vsk,yhvhkwit,False,,
he/she is bending it,vsk[imp2],yhvhkwit,True,,
he/she is bending it,vsk[imp2],yhvhkwit,True,,
he/she is capturing him/her,i-a-i,yhvkhit,True,,
he/she is capturing him/her,i-a-i,yhvkhit,True,,
he/she is capturing him/her,long-no-a,yhvkhi,True,,
he/she is capturing him/her,long-no-a,yhvkhi,True,,
he/she is hitting him/her on the nose,hvsk-nh,yhvhstelu,True,,
he/she is hitting him/her on the nose,hvsk-nh,yhvhstelu,True,,
he/she is hitting him/her on the nose,hvsk-nh[inf2],yhvhstelu,False,,
he/she is hitting him/her on the nose,hvsk-nh[inf2],yhvhstelu,False,,
he/she is choking him/her,ih-vh,yhvhskiy,True,,
he/she is choking him/her,ih-vh,yhvhskiy,True,,
it’s hatching,rev-i,atsa',True,,
it’s hatching,rev-i,sa',True,,
it’s hatching,rev-'i,atsa,True,,
it’s hatching,rev-'i,sa,True,,
he/she is dressing up,vnh-vsk,atsan,False,present_1sg,Ambiguity implies lossy rule reversal
he/she is dressing up,vnh-vsk,san,False,present_1sg,Ambiguity implies lossy rule reversal
he/she is dressing up,vnh-vsk[inf2],atsan,True,present_1sg,Ambiguity implies lossy rule reversal
he/she is dressing up,vnh-vsk[inf2],san,True,present_1sg,Ambiguity implies lossy rule reversal
he/she is getting in,vsk-post-v,atsa,False,present_1sg,Ambiguity implies lossy rule reversal
he/she is acting like him/her,vnh-vsk,atsel,True,present_1sg,Ambiguity implies lossy rule reversal
he/she is acting like him/her,vnh-vsk,sel,True,present_1sg,Ambiguity implies lossy rule reversal
it’s blooming,vnh-vsk,tsil,True,,
it’s blooming,vnh-vsk,atsil,True,,
it’s blooming,vnh-vsk,tsil,True,imperative,Ambiguity implies lossy rule reversal
it’s blooming,vnh-vsk,atsil,True,imperative,Ambiguity implies lossy rule reversal
it’s blooming,vnh-vsk,tsil,True,,
it’s blooming,vnh-vsk,atsil,True,,
it’s blooming,vnh-vsk,tsil,True,,
it’s blooming,vnh-vsk,atsil,True,,
it’s blooming,vnh-vsk,sil,True,,
it’s blooming,vnh-vsk,sil,True,imperative,Ambiguity implies lossy rule reversal
it’s blooming,vnh-vsk,sil,True,,
it’s blooming,vnh-vsk,sil,True,,
it’s blooming,stative,tsilvhsk,False,,
it’s blooming,stative,atsilvhsk,False,,
it’s blooming,stative,tsilvhsk,False,imperative,Ambiguity implies lossy rule reversal
it’s blooming,stative,atsilvhsk,False,imperative,Ambiguity implies lossy rule reversal
it’s blooming,stative,tsilvhsk,False,,
it’s blooming,stative,atsilvhsk,False,,
it’s blooming,stative,tsilvhsk,False,,
it’s blooming,stative,atsilvhsk,False,,
it’s blooming,stative,silvhsk,False,,
it’s blooming,stative,silvhsk,False,imperative,Ambiguity implies lossy rule reversal
it’s blooming,stative,silvhsk,False,,
it’s blooming,stative,silvhsk,False,,
he/she is lighting a fire,hvsk-han[inf2],tsihsl,True,,
he/she is lighting a fire,hvsk-han[inf2],tsihsl,True,,
he/she is blowing,sk-h,atsotha,False,,
he/she is blowing,sk-h,sotha,False,,
he/she is blowing,sk-h[imp2],atsotha,True,,
he/she is blowing,sk-h[imp2],sotha,True,,
he/she is turning on a light,hvsk-han[inf2],tsvhst,True,,
he/she is turning on a light,hvsk-han[inf2],tsvhst,True,,
he/she is chasing him/her,go,kheh,True,,
he/she is chasing him/her,go,kheh,True,,
he/she is chasing him/her,go,kheh,True,,
he/she is chasing him/her,go,kheh,True,,
he/she is chasing him/her,go[pres2],khehek,False,,
he/she is chasing him/her,go[pres2],khehek,False,,
he/she is chasing him/her,go[pres2],khehek,False,,
he/she is chasing him/her,go[pres2],khehek,False,,
he/she is riding it,cause,akhilvt,True,,
he/she is riding it,cause[perf3],akhilvt,False,,
he/she is riding it,cause[pres2],akhilvtih,False,,
he/she is riding it,cause[pres2-perf3],akhilvtih,False,,
he/she is swallowing it,sk-s-hi-hihst,khi,True,,
he/she is swallowing it,sk-s-hi-hihst,khi,True,,
he/she is swallowing it,sk-s-hst[imp2],khi,False,,
he/she is swallowing it,sk-s-hst[imp2],khi,False,,
he/she is swallowing it,sk-s-hst,khi,False,,
he/she is swallowing it,sk-s-hst,khi,False,,
he/she is shovelling it,rev-e,khot,True,,
he/she is shovelling it,rev-e,khot,True,,
he/she is shovelling it,rev-e,khot,True,,
he/she is shovelling it,rev-e,khot,True,,
he/she is going down-hill,sk-s-hi-hihst,khso,True,,
he/she is going down-hill,sk-s-hi-hihst,khso,True,,
he/she is going down-hill,sk-s-hst[imp2],khso,False,,
he/she is going down-hill,sk-s-hst[imp2],khso,False,,
he/she is going down-hill,sk-s-hst,khso,False,,
he/she is going down-hill,sk-s-hst,khso,False,,
he/she knows how,stative-h,khtha,True,,
he/she knows how,stative-h,khtha,True,,
he/she knows how,stative-h,khtha,True,,
he/she knows how,stative-h,khtha,True,,
he/she knows how,stative-h,khtha,True,imperative,Ambiguity implies lossy rule reversal
he/she knows how,stative-h,khtha,True,imperative,Ambiguity implies lossy rule reversal
he/she knows how,stative-h,khtha,True,imperative,Ambiguity implies lossy rule reversal
he/she knows how,stative-h,khtha,True,imperative,Ambiguity implies lossy rule reversal
he/she knows how,stative-h,khtha,True,,
he/she knows how,stative-h,khtha,True,,
he/she knows how,stative-h,khtha,True,imperative,Ambiguity implies lossy rule reversal
he/she knows how,stative-h,khtha,True,imperative,Ambiguity implies lossy rule reversal
he/she knows how,stative,khthah,True,,
he/she knows how,stative,khthah,True,,
he/she knows how,stative,khthah,True,,
he/she knows how,stative,khthah,True,,
he/she knows how,stative,khthah,True,imperative,Ambiguity implies lossy rule reversal
he/she knows how,stative,khthah,True,imperative,Ambiguity implies lossy rule reversal
he/she knows how,stative,khthah,True,imperative,Ambiguity implies lossy rule reversal
he/she knows how,stative,khthah,True,imperative,Ambiguity implies lossy rule reversal
he/she knows how,stative,khthah,True,,
he/she knows how,stative,khthah,True,,
he/she knows how,stative,khthah,True,imperative,Ambiguity implies lossy rule reversal
he/she knows how,stative,khthah,True,imperative,Ambiguity implies lossy rule reversal
he/she is turning back,v-vhs,akhthah,True,,
he/she is winking,cause,akhthahst,True,,
he/she is winking,cause[perf3],akhthahst,False,,
he/she is winking,cause[pres2],akhthahstih,False,,
he/she is winking,cause[pres2-perf3],akhthahstih,False,,
he/she is hitting him/her on the eye,hvsk-nh,khthelu,True,,
he/she is hitting him/her on the eye,hvsk-nh,khthelu,True,,
he/she is hitting him/her on the eye,hvsk-nh[inf2],khthelu,False,,
he/she is hitting him/her on the eye,hvsk-nh[inf2],khthelu,False,,
he/she is looking around,be-at-weak,khthen,False,,
he/she is looking around,be-at-weak,khthen,False,,
he/she is looking around,oh-ol[inf2],khthen,False,,
he/she is looking around,oh-ol[inf2],khthen,False,,
he/she is looking around,oh-ol[inf3],khthen,True,,
he/she is looking around,oh-ol[inf3],khthen,True,,
he/she is peeking through,cause[perf2],akhth,True,,
he/she is peeking through,cause[pres2-perf2],akhthih,False,,
he/she is becoming wise,sk-s-hi-hihst,khthohv,False,,
he/she is becoming wise,sk-s-hi-hihst,khthohv,False,,
he/she is becoming wise,sk-s-hst[imp2],khthohv,False,,
he/she is becoming wise,sk-s-hst[imp2],khthohv,False,,
he/she is becoming wise,sk-s-hst,khthohv,False,,
he/she is becoming wise,sk-s-hst,khthohv,False,,
he/she is looking at him/her,cause[pres2],akhthohst,True,,
he/she is looking at him/her,cause[pres2-perf3],akhthohst,False,,
he/she is going through it,sk-s-hi-hihst,khthvle,True,,
he/she is going through it,sk-s-hi-hihst,khthvle,True,,
he/she is going through it,sk-s-hst[imp2],khthvle,False,,
he/she is going through it,sk-s-hst[imp2],khthvle,False,,
he/she is going through it,sk-s-hst,khthvle,False,,
he/she is going through it,sk-s-hst,khthvle,False,,
he/she is dipping liquid,rev-gi,khu,True,,
he/she is dipping liquid,rev-gi,khu,True,,
he/she is dipping liquid,rev-i,khuk,True,,
he/she is dipping liquid,rev-i,khuk,True,,
he/she is paying it,ih-vh,akwhiy,True,,
he/she is paying him/her,apl,akwhiyv',True,,
he/she is paying him/her,apl[imp2],akwhiyv',False,,
he/she is tromping on him/her,apl-active-lh,alahsta',True,,
he/she is stepping on him/her,vsk,alahst,False,,
he/she is stepping on him/her,vsk[imp2],alahst,True,,
he/she is playing ball,ih-vh,alahskal,True,,
he/she is taking a step,v-vhs,alahsk,True,,
he/she is placing it in an upright position,cause,aleht,True,,
he/she is placing it in an upright position,cause[perf3],aleht,False,,
he/she is placing it in an upright position,cause[pres2],alehtih,False,,
he/she is placing it in an upright position,cause[pres2-perf3],alehtih,False,,
he/she is standing in a certain spot,hvsk-nh,ale,True,present_1sg,Ambiguity implies lossy rule reversal
he/she is standing in a certain spot,hvsk-nh[inf2],ale,False,present_1sg,Ambiguity implies lossy rule reversal
he/she is stopping,cause,alewhihst,True,,
he/she is stopping,cause[perf3],alewhihst,False,,
he/she is stopping,cause[pres2],alewhihstih,False,,
he/she is stopping,cause[pres2-perf3],alewhihstih,False,,
he/she is stopping him/her,cause,alewhihstoht,True,,
he/she is stopping him/her,cause[perf3],alewhihstoht,False,,
he/she is stopping him/her,cause[pres2],alewhihstohtih,False,,
he/she is stopping him/her,cause[pres2-perf3],alewhihstohtih,False,,
he/she is starting,ih-vh,alen,True,present_1sg,Ambiguity implies lossy rule reversal
it’s boiling,ih-vh,alitl,False,,
it’s boiling,ih-vh,alitl,False,imperative,Ambiguity implies lossy rule reversal
it’s boiling,ih-vh,alitl,False,,
it’s boiling,ih-vh,alitl,False,,
it’s boiling,stative,alitlih,False,,
it’s boiling,stative,alitlih,False,imperative,Ambiguity implies lossy rule reversal
it’s boiling,stative,alitlih,False,,
it’s boiling,stative,alitlih,False,,
he/she is thanking him/her,apl,alihelitsh,False,,
he/she is thanking him/her,apl,helitsh,False,,
he/she is thanking him/her,apl[imp2],alihelitsh,False,,
he/she is thanking him/her,apl[imp2],helitsh,False,,
he/she is thanking him/her,apl[imp3],alihelitsh,True,,
he/she is thanking him/her,apl[imp3],helitsh,False,,
he/she is happy,become,aliheli,True,,
he/she is happy,become,heli,False,,
he/she is happy,become[inf4],aliheli,False,,
he/she is happy,become[inf4],heli,False,,
he/she is exchanging it,i-a-i,ali'it,True,,
he/she is exchanging it,i-a-i,'it,True,,
he/she is exchanging it,long-no-a,ali'i,True,,
he/she is exchanging it,long-no-a,'i,True,,
he/she is running away,rev-i,alith,True,,
he/she is running away,rev-i,th,True,,
he/she is taking his/her ring off,rev-gi,aliyehsuhsth,True,,
he/she is taking his/her ring off,rev-gi,yehsuhsth,True,,
he/she is taking his/her ring off,rev-i,aliyehsuhsthk,True,,
he/she is taking his/her ring off,rev-i,yehsuhsthk,True,,
he/she is putting a ring on his/her finger,hvsk-han[inf2],aliyehsuhst,True,,
he/she is putting a ring on his/her finger,hvsk-han[inf2],yehsuhst,True,,
he/she is spitting,sk-h,altsikw,True,present_1sg,Ambiguity implies lossy rule reversal
he/she is spitting,sk-h[imp2],altsikw,False,present_1sg,Ambiguity implies lossy rule reversal
he/she is ascending,i-vka,alhsalat,True,,
he/she is ascending,i-vka,hsalat,True,,
he/she is eating a meal,hvsk-nh[inf2],alhstayv,True,,
he/she is eating a meal,hvsk-nh[inf2],hstayv,True,,
he/she is eating a meal,episodic,alhstay,True,,
he/she is eating a meal,episodic,hstay,True,,
he/she is helping,ih-vh,alhstel,True,,
he/she is helping,ih-vh,hstel,True,,
he/she is taking off his/her cap,rev-e,alhstul,True,,
he/she is taking off his/her cap,rev-e,hstul,True,,
he/she is washing his/her hair,apl-active-a,alhstul,True,,
he/she is washing his/her hair,apl-active-a,hstul,True,,
he/she is putting on a cap,i-vka,alhstul,True,,
he/she is putting on a cap,i-vka,hstul,True,,
he/she is taking a seat,husk,alhstvl,True,,
he/she is taking a seat,husk,hstvl,True,,
he/she is shaking his/her head,hih-hil[inf2],alhstvn,True,,
he/she is shaking his/her head,hih-hil[inf2],hstvn,True,,
he/she is dancing,rev-gi,alhs,True,,
he/she is dancing,rev-gi,hs,True,,
he/she is dancing,rev-i,alhsk,True,,
he/she is dancing,rev-i,hsk,True,,
he/she is permitting him/her,apl,alhskolhtan,True,,
he/she is permitting him/her,apl,hskolhtan,False,,
he/she is permitting him/her,apl[imp2],alhskolhtan,False,,
he/she is permitting him/her,apl[imp2],hskolhtan,False,,
he/she is nodding his/her head,sk-h,alhsku,False,,
he/she is nodding his/her head,sk-h,hsku,False,,
he/she is nodding his/her head,sk-h-yh,alhsku,True,,
he/she is nodding his/her head,sk-h-yh,hsku,True,,
he/she is nodding his/her head,sk-h[imp2],alhsku,False,,
he/she is nodding his/her head,sk-h[imp2],hsku,False,,
it’s ending,i-a-i,lhskwat,True,,
it’s ending,i-a-i,alhskwat,True,,
it’s ending,i-a-i,lhskwat,True,,
it’s ending,i-a-i,lhskwat,True,imperative,Ambiguity implies lossy rule reversal
it’s ending,i-a-i,alhskwat,True,imperative,Ambiguity implies lossy rule reversal
it’s ending,i-a-i,lhskwat,True,imperative,Ambiguity implies lossy rule reversal
it’s ending,i-a-i,lhskwat,True,,
it’s ending,i-a-i,alhskwat,True,,
it’s ending,i-a-i,lhskwat,True,,
it’s ending,i-a-i,lhskwat,True,,
it’s ending,i-a-i,alhskwat,True,,
it’s ending,i-a-i,lhskwat,True,,
it’s ending,i-a-i,hskwat,True,,
it’s ending,i-a-i,hskwat,True,imperative,Ambiguity implies lossy rule reversal
it’s ending,i-a-i,hskwat,True,,
it’s ending,i-a-i,hskwat,True,,
it’s ending,long,lhskw,True,,
it’s ending,long,alhskw,True,,
it’s ending,long,lhskw,True,,
it’s ending,long,lhskw,True,imperative,Ambiguity implies lossy rule reversal
it’s ending,long,alhskw,True,imperative,Ambiguity implies lossy rule reversal
it’s ending,long,lhskw,True,imperative,Ambiguity implies lossy rule reversal
it’s ending,long,lhskw,True,,
it’s ending,long,alhskw,True,,
it’s ending,long,lhskw,True,,
it’s ending,long,lhskw,True,,
it’s ending,long,alhskw,True,,
it’s ending,long,lhskw,True,,
it’s ending,long,hskw,True,,
it’s ending,long,hskw,True,imperative,Ambiguity implies lossy rule reversal
it’s ending,long,hskw,True,,
it’s ending,long,hskw,True,,
it’s ending,long-no-a,lhskwa,True,,
it’s ending,long-no-a,alhskwa,True,,
it’s ending,long-no-a,lhskwa,True,,
it’s ending,long-no-a,lhskwa,True,imperative,Ambiguity implies lossy rule reversal
it’s ending,long-no-a,alhskwa,True,imperative,Ambiguity implies lossy rule reversal
it’s ending,long-no-a,lhskwa,True,imperative,Ambiguity implies lossy rule reversal
it’s ending,long-no-a,lhskwa,True,,
it’s ending,long-no-a,alhskwa,True,,
it’s ending,long-no-a,lhskwa,True,,
it’s ending,long-no-a,lhskwa,True,,
it’s ending,long-no-a,alhskwa,True,,
it’s ending,long-no-a,lhskwa,True,,
it’s ending,long-no-a,hskwa,True,,
it’s ending,long-no-a,hskwa,True,imperative,Ambiguity implies lossy rule reversal
it’s ending,long-no-a,hskwa,True,,
it’s ending,long-no-a,hskwa,True,,
he/she is sticking his/her head out,i-vka,alhskwalut,True,,
he/she is sticking his/her head out,i-vka,hskwalut,True,,
he/she is taking his/her hat off,rev-gi,alhskwethuh,True,,
he/she is taking his/her hat off,rev-gi,hskwethuh,True,,
he/she is taking his/her hat off,rev-i,alhskwethuhk,True,,
he/she is taking his/her hat off,rev-i,hskwethuhk,True,,
he/she is putting his/her hat on,sk-h,alhskwethuhv,False,,
he/she is putting his/her hat on,sk-h,hskwethuhv,False,,
he/she is putting his/her hat on,sk-h[imp2],alhskwethuhv,False,,
he/she is putting his/her hat on,sk-h[imp2],hskwethuhv,False,,
he/she is setting a goal,cause,alhsohst,True,,
he/she is setting a goal,cause,hsohst,True,,
he/she is setting a goal,cause[perf3],alhsohst,False,,
he/she is setting a goal,cause[perf3],hsohst,False,,
he/she is setting a goal,cause[pres2],alhsohstih,False,,
he/she is setting a goal,cause[pres2],hsohstih,False,,
he/she is setting a goal,cause[pres2-perf3],alhsohstih,False,,
he/she is setting a goal,cause[pres2-perf3],hsohstih,False,,
he/she is smelling it,cause,alhsvhst,True,,
he/she is smelling it,cause,hsvhst,True,,
he/she is smelling it,cause[perf3],alhsvhst,False,,
he/she is smelling it,cause[perf3],hsvhst,False,,
he/she is smelling it,cause[pres2],alhsvhstih,False,,
he/she is smelling it,cause[pres2],hsvhstih,False,,
he/she is smelling it,cause[pres2-perf3],alhsvhstih,False,,
he/she is smelling it,cause[pres2-perf3],hsvhstih,False,,
it’s lightning,ih-vh,nakal,True,,
it’s lightning,ih-vh,anakal,True,,
it’s lightning,ih-vh,anakal,True,,
it’s lightning,ih-vh,nakal,True,imperative,Ambiguity implies lossy rule reversal
it’s lightning,ih-vh,anakal,True,imperative,Ambiguity implies lossy rule reversal
it’s lightning,ih-vh,anakal,True,imperative,Ambiguity implies lossy rule reversal
it’s lightning,ih-vh,nakal,True,,
it’s lightning,ih-vh,anakal,True,,
it’s lightning,ih-vh,anakal,True,,
it’s lightning,ih-vh,nakal,True,,
it’s lightning,ih-vh,anakal,True,,
it’s lightning,ih-vh,anakal,True,,
it’s lightning,stative,nakalih,False,,
it’s lightning,stative,anakalih,False,,
it’s lightning,stative,anakalih,False,,
it’s lightning,stative,nakalih,False,imperative,Ambiguity implies lossy rule reversal
it’s lightning,stative,anakalih,False,imperative,Ambiguity implies lossy rule reversal
it’s lightning,stative,anakalih,False,imperative,Ambiguity implies lossy rule reversal
it’s lightning,stative,nakalih,False,,
it’s lightning,stative,anakalih,False,,
it’s lightning,stative,anakalih,False,,
it’s lightning,stative,nakalih,False,,
it’s lightning,stative,anakalih,False,,
it’s lightning,stative,anakalih,False,,
he/she is attempting it,cause,anelht,True,,
he/she is attempting it,cause[perf3],anelht,False,,
he/she is attempting it,cause[pres2],anelhtih,False,,
he/she is attempting it,cause[pres2-perf3],anelhtih,False,,
he is getting married,i-a-i,anelat,True,,
he is getting married,long,anel,True,,
he is getting married,long-no-a,anela,True,,
he/she is remembering him/her,i-a-i,anhtat,True,,
he/she is remembering him/her,long,anht,True,,
he/she is remembering him/her,long-no-a,anhta,True,,
he/she is setting a trap,vsk,hsat,False,,
he/she is setting a trap,vsk,hsat,False,,
he/she is setting a trap,vsk,hsat,False,,
he/she is setting a trap,vsk,hsat,False,,
he/she is setting a trap,vsk[imp2],hsat,True,,
he/she is setting a trap,vsk[imp2],hsat,True,,
he/she is setting a trap,vsk[imp2],hsat,True,,
he/she is setting a trap,vsk[imp2],hsat,True,,
he/she is lifting him/her,i-vka,hsalat,True,,
he/she is lifting him/her,i-vka,hsalat,True,,
he/she is lifting him/her,i-vka,hsalat,True,,
he/she is lifting him/her,i-vka,hsalat,True,,
he/she is making it crisp,cause,hstakayht,True,,
he/she is making it crisp,cause,hstakayht,True,,
he/she is making it crisp,cause,hstakayht,True,,
he/she is making it crisp,cause,hstakayht,True,,
he/she is making it crisp,cause[perf3],hstakayht,False,,
he/she is making it crisp,cause[perf3],hstakayht,False,,
he/she is making it crisp,cause[perf3],hstakayht,False,,
he/she is making it crisp,cause[perf3],hstakayht,False,,
he/she is making it crisp,cause[pres2],hstakayhtih,False,,
he/she is making it crisp,cause[pres2],hstakayhtih,False,,
he/she is making it crisp,cause[pres2],hstakayhtih,False,,
he/she is making it crisp,cause[pres2],hstakayhtih,False,,
he/she is making it crisp,cause[pres2-perf3],hstakayhtih,False,,
he/she is making it crisp,cause[pres2-perf3],hstakayhtih,False,,
he/she is making it crisp,cause[pres2-perf3],hstakayhtih,False,,
he/she is making it crisp,cause[pres2-perf3],hstakayhtih,False,,
it’s becoming crisp,hih-lh,hstakayv,True,,
it’s becoming crisp,hih-lh,ahstakayv,True,,
it’s becoming crisp,hih-lh,ahstakayv,True,,
it’s becoming crisp,hih-lh,hstakayv,True,,
it’s becoming crisp,hih-lh,hstakayv,True,imperative,Ambiguity implies lossy rule reversal
it’s becoming crisp,hih-lh,ahstakayv,True,imperative,Ambiguity implies lossy rule reversal
it’s becoming crisp,hih-lh,ahstakayv,True,imperative,Ambiguity implies lossy rule reversal
it’s becoming crisp,hih-lh,hstakayv,True,imperative,Ambiguity implies lossy rule reversal
it’s becoming crisp,hih-lh,hstakayv,True,,
it’s becoming crisp,hih-lh,ahstakayv,True,,
it’s becoming crisp,hih-lh,ahstakayv,True,,
it’s becoming crisp,hih-lh,hstakayv,True,,
it’s becoming crisp,hih-lh,hstakayv,True,,
it’s becoming crisp,hih-lh,ahstakayv,True,,
it’s becoming crisp,hih-lh,ahstakayv,True,,
it’s becoming crisp,hih-lh,hstakayv,True,,
it’s becoming crisp,stative-h,hstakayvhi,False,,
it’s becoming crisp,stative-h,ahstakayvhi,False,,
it’s becoming crisp,stative-h,ahstakayvhi,False,,
it’s becoming crisp,stative-h,hstakayvhi,False,,
it’s becoming crisp,stative-h,hstakayvhi,False,imperative,Ambiguity implies lossy rule reversal
it’s becoming crisp,stative-h,ahstakayvhi,False,imperative,Ambiguity implies lossy rule reversal
it’s becoming crisp,stative-h,ahstakayvhi,False,imperative,Ambiguity implies lossy rule reversal
it’s becoming crisp,stative-h,hstakayvhi,False,imperative,Ambiguity implies lossy rule reversal
it’s becoming crisp,stative-h,hstakayvhi,False,,
it’s becoming crisp,stative-h,ahstakayvhi,False,,
it’s becoming crisp,stative-h,ahstakayvhi,False,,
it’s becoming crisp,stative-h,hstakayvhi,False,,
it’s becoming crisp,stative-h,hstakayvhi,False,,
it’s becoming crisp,stative-h,ahstakayvhi,False,,
it’s becoming crisp,stative-h,ahstakayvhi,False,,
it’s becoming crisp,stative-h,hstakayvhi,False,,
it’s becoming crisp,stative,hstakayvhih,False,,
it’s becoming crisp,stative,ahstakayvhih,False,,
it’s becoming crisp,stative,ahstakayvhih,False,,
it’s becoming crisp,stative,hstakayvhih,False,,
it’s becoming crisp,stative,hstakayvhih,False,imperative,Ambiguity implies lossy rule reversal
it’s becoming crisp,stative,ahstakayvhih,False,imperative,Ambiguity implies lossy rule reversal
it’s becoming crisp,stative,ahstakayvhih,False,imperative,Ambiguity implies lossy rule reversal
it’s becoming crisp,stative,hstakayvhih,False,imperative,Ambiguity implies lossy rule reversal
it’s becoming crisp,stative,hstakayvhih,False,,
it’s becoming crisp,stative,ahstakayvhih,False,,
it’s becoming crisp,stative,ahstakayvhih,False,,
it’s becoming crisp,stative,hstakayvhih,False,,
it’s becoming crisp,stative,hstakayvhih,False,,
it’s becoming crisp,stative,ahstakayvhih,False,,
it’s becoming crisp,stative,ahstakayvhih,False,,
it’s becoming crisp,stative,hstakayvhih,False,,
he/she is drawing a line,hvsk-han,hstanvn,True,,
he/she is drawing a line,hvsk-han,hstanvn,True,,
he/she is drawing a line,hvsk-han,hstanvn,True,,
he/she is drawing a line,hvsk-han,hstanvn,True,,
he/she is following him/her,go,hstawat,True,,
he/she is following him/her,go,hstawat,True,,
he/she is following him/her,go,hstawat,True,,
he/she is following him/her,go,hstawat,True,,
he/she is following him/her,go[pres2],hstawatek,False,,
he/she is following him/her,go[pres2],hstawatek,False,,
he/she is following him/her,go[pres2],hstawatek,False,,
he/she is following him/her,go[pres2],hstawatek,False,,
he/she is helping him/her,ih-vh,hstel,True,,
he/she is helping him/her,ih-vh,hstel,True,,
he/she is helping him/her,ih-vh,hstel,True,,
he/she is helping him/her,ih-vh,hstel,True,,
he/she is braiding it,oh-ol,hstey,True,,
he/she is braiding it,oh-ol,hstey,True,,
he/she is braiding it,oh-ol,hstey,True,,
he/she is braiding it,oh-ol,hstey,True,,
he/she is eating it,i-a-i,hstik,True,,
he/she is eating it,i-a-i,hstik,True,,
he/she is eating it,i-a-i,hstik,True,,
he/she is eating it,i-a-i,hstik,True,,
he/she is crushing it,o,hst,True,,
he/she is crushing it,o,hst,True,,
he/she is crushing it,o,hst,True,,
he/she is crushing it,o,hst,True,,
he/she is trimming it,apl-active-a,hstoy,True,,
he/she is trimming it,apl-active-a,hstoy,True,,
he/she is trimming it,apl-active-a,hstoy,True,,
he/she is trimming it,apl-active-a,hstoy,True,,
he/she is opening it,rev-i,hstu',True,,
he/she is opening it,rev-i,hstu',True,,
he/she is opening it,rev-i,hstu',True,,
he/she is opening it,rev-i,hstu',True,,
he/she is opening it,rev-'i,hstu,True,,
he/she is opening it,rev-'i,hstu,True,,
he/she is opening it,rev-'i,hstu,True,,
he/she is opening it,rev-'i,hstu,True,,
he/she is sandwiching it,hvsk-han,hstvhal,True,,
he/she is sandwiching it,hvsk-han,hstvhal,True,,
he/she is sandwiching it,hvsk-han,hstvhal,True,,
he/she is sandwiching it,hvsk-han,hstvhal,True,,
he/she is showing him/her,apl,ahseh,False,,
he/she is showing him/her,apl[imp2],ahseh,False,,
he/she is showing him/her,apl[imp3],ahseh,False,,
he/she is including him/her,cause,ahsehst,True,,
he/she is including him/her,cause[perf3],ahsehst,False,,
he/she is including him/her,cause[pres2],ahsehstih,False,,
he/she is including him/her,cause[pres2-perf3],ahsehstih,False,,
he/she is withdrawing,ih-vh,ahsehs,False,,
he/she is withdrawing,ih-vh[inf2],ahsehs,True,,
he/she is reprimanding him/her,become,hska,False,,
he/she is reprimanding him/her,become,hska,False,,
he/she is reprimanding him/her,become,hska,False,,
he/she is reprimanding him/her,become,hska,False,,
he/she is reprimanding him/her,become[inf3],hska,True,,
he/she is reprimanding him/her,become[inf3],hska,True,,
he/she is reprimanding him/her,become[inf3],hska,True,,
he/she is reprimanding him/her,become[inf3],hska,True,,
he/she is committing a crime,become,hskanv,False,,
he/she is committing a crime,become,hskanv,False,,
he/she is committing a crime,become,hskanv,False,,
he/she is committing a crime,become,hskanv,False,,
he/she is committing a crime,become[inf3],hskanv,True,,
he/she is committing a crime,become[inf3],hskanv,True,,
he/she is committing a crime,become[inf3],hskanv,True,,
he/she is committing a crime,become[inf3],hskanv,True,,
he/she is gnawing it,i-a-i,hskok,True,,
he/she is gnawing it,i-a-i,hskok,True,,
he/she is gnawing it,i-a-i,hskok,True,,
he/she is gnawing it,i-a-i,hskok,True,,
he/she is mourning for him/her,hih-hil,hskon,True,,
he/she is mourning for him/her,hih-hil,hskon,True,,
he/she is mourning for him/her,hih-hil,hskon,True,,
he/she is mourning for him/her,hih-hil,hskon,True,,
he/she is rubbing him/her,e-a,ahskoliy,True,,
he/she is erasing it,i-a-i,hskolvt,False,,
he/she is erasing it,i-a-i,hskolvt,False,,
he/she is erasing it,i-a-i,hskolvt,False,,
he/she is erasing it,i-a-i,hskolvt,False,,
it’s fading,become,hskolv,False,,
it’s fading,become,ahskolv,False,,
it’s fading,become,hskolv,False,,
it’s fading,become,hskolv,False,imperative,Ambiguity implies lossy rule reversal
it’s fading,become,ahskolv,False,imperative,Ambiguity implies lossy rule reversal
it’s fading,become,hskolv,False,imperative,Ambiguity implies lossy rule reversal
it’s fading,become,hskolv,False,,
it’s fading,become,ahskolv,False,,
it’s fading,become,hskolv,False,,
it’s fading,become,hskolv,False,,
it’s fading,become,ahskolv,False,,
it’s fading,become,hskolv,False,,
it’s fading,become[inf3],hskolv,True,,
it’s fading,become[inf3],ahskolv,True,,
it’s fading,become[inf3],hskolv,True,,
it’s fading,become[inf3],hskolv,True,imperative,Ambiguity implies lossy rule reversal
it’s fading,become[inf3],ahskolv,True,imperative,Ambiguity implies lossy rule reversal
it’s fading,become[inf3],hskolv,True,imperative,Ambiguity implies lossy rule reversal
it’s fading,become[inf3],hskolv,True,,
it’s fading,become[inf3],ahskolv,True,,
it’s fading,become[inf3],hskolv,True,,
it’s fading,become[inf3],hskolv,True,,
it’s fading,become[inf3],ahskolv,True,,
it’s fading,become[inf3],hskolv,True,,
he/she is digging it,sk-s-la,ahsko,True,,
he/she is digging it,sk-s-hst,ahsko,False,,
he/she is finishing it,i-a-i,hskwat,True,,
he/she is finishing it,i-a-i,hskwat,True,,
he/she is finishing it,i-a-i,hskwat,True,,
he/she is finishing it,i-a-i,hskwat,True,,
he/she is finishing it,long,hskw,True,,
he/she is finishing it,long,hskw,True,,
he/she is finishing it,long,hskw,True,,
he/she is finishing it,long,hskw,True,,
he/she is finishing it,long-no-a,hskwa,True,,
he/she is finishing it,long-no-a,hskwa,True,,
he/she is finishing it,long-no-a,hskwa,True,,
he/she is finishing it,long-no-a,hskwa,True,,
he/she is catching him/her,rev-e,hskwalh,True,,
he/she is catching him/her,rev-e,hskwalh,True,,
he/she is catching him/her,rev-e,hskwalh,True,,
he/she is catching him/her,rev-e,hskwalh,True,,
it’s getting shorter,become,hskwalo,False,,
it’s getting shorter,become,hskwalo,False,,
it’s getting shorter,become,hskwalo,False,,
it’s getting shorter,become,hskwalo,False,,
it’s getting shorter,become[inf3],hskwalo,True,,
it’s getting shorter,become[inf3],hskwalo,True,,
it’s getting shorter,become[inf3],hskwalo,True,,
it’s getting shorter,become[inf3],hskwalo,True,,
he/she is breaking it,sk-s-a[inf2],hskwal,True,,
he/she is breaking it,sk-s-a[inf2],hskwal,True,,
he/she is breaking it,sk-s-a[inf2],hskwal,True,,
he/she is breaking it,sk-s-a[inf2],hskwal,True,,
he/she is hitting him/her on the head with it,ih-l,hskwalvn,True,,
he/she is hitting him/her on the head with it,ih-l,hskwalvn,True,,
he/she is hitting him/her on the head with it,ih-l,hskwalvn,True,,
he/she is hitting him/her on the head with it,ih-l,hskwalvn,True,,
he/she is hitting him/her on the head with it,ih-l[inf2],hskwalvn,False,,
he/she is hitting him/her on the head with it,ih-l[inf2],hskwalvn,False,,
he/she is hitting him/her on the head with it,ih-l[inf2],hskwalvn,False,,
he/she is hitting him/her on the head with it,ih-l[inf2],hskwalvn,False,,
he/she is hitting him/her on the head with it,hitting,hskwal,True,,
he/she is hitting him/her on the head with it,hitting,hskwal,True,,
he/she is hitting him/her on the head with it,hitting,hskwal,True,,
he/she is hitting him/her on the head with it,hitting,hskwal,True,,
he/she is amazed,sk-s-hi-hihst,hskwaniko,True,,
he/she is amazed,sk-s-hi-hihst,hskwaniko,True,,
he/she is amazed,sk-s-hi-hihst,hskwaniko,True,,
he/she is amazed,sk-s-hi-hihst,hskwaniko,True,,
he/she is amazed,sk-s-hst[imp2],hskwaniko,False,,
he/she is amazed,sk-s-hst[imp2],hskwaniko,False,,
he/she is amazed,sk-s-hst[imp2],hskwaniko,False,,
he/she is amazed,sk-s-hst[imp2],hskwaniko,False,,
he/she is amazed,sk-s-hst,hskwaniko,False,,
he/she is amazed,sk-s-hst,hskwaniko,False,,
he/she is amazed,sk-s-hst,hskwaniko,False,,
he/she is amazed,sk-s-hst,hskwaniko,False,,
he/she is hitting him/her on the abdomen with it,ih-l,hskwohalvn,True,,
he/she is hitting him/her on the abdomen with it,ih-l,hskwohalvn,True,,
he/she is hitting him/her on the abdomen with it,ih-l,hskwohalvn,True,,
he/she is hitting him/her on the abdomen with it,ih-l,hskwohalvn,True,,
he/she is hitting him/her on the abdomen with it,ih-l[inf2],hskwohalvn,False,,
he/she is hitting him/her on the abdomen with it,ih-l[inf2],hskwohalvn,False,,
he/she is hitting him/her on the abdomen with it,ih-l[inf2],hskwohalvn,False,,
he/she is hitting him/her on the abdomen with it,ih-l[inf2],hskwohalvn,False,,
he/she is hitting him/her on the abdomen with it,hitting,hskwohal,True,,
he/she is hitting him/her on the abdomen with it,hitting,hskwohal,True,,
he/she is hitting him/her on the abdomen with it,hitting,hskwohal,True,,
he/she is hitting him/her on the abdomen with it,hitting,hskwohal,True,,
he/she is placing his/her hand on him/her,i-a-i,ahsihthat,True,,
he/she is placing his/her hand on him/her,long,ahsihth,True,,
he/she is placing his/her hand on him/her,long-no-a,ahsihtha,True,,
he/she is slapping him/her,ih-l,ahsihthvn,True,,
he/she is slapping him/her,ih-l[inf2],ahsihthvn,False,,
he/she is slapping him/her,hitting,ahsihth,True,,
he/she is backing up,go,ahsin,True,,
he/she is backing up,go[pres2],ahsinek,False,,
he/she is roping him/her,i-a-i,hslhat,True,,
he/she is roping him/her,i-a-i,hslhat,True,,
he/she is roping him/her,i-a-i,hslhat,True,,
he/she is roping him/her,i-a-i,hslhat,True,,
he/she is roping him/her,long,hslh,True,,
he/she is roping him/her,long,hslh,True,,
he/she is roping him/her,long,hslh,True,,
he/she is roping him/her,long,hslh,True,,
he/she is roping him/her,long-no-a,hslha,True,,
he/she is roping him/her,long-no-a,hslha,True,,
he/she is roping him/her,long-no-a,hslha,True,,
he/she is roping him/her,long-no-a,hslha,True,,
he/she is building a fence,oh-al,ahsoy,True,,
he/she is waving his/her hand,rev-gi,ahsolvta,True,,
he/she is waving his/her hand,rev-i,ahsolvtak,True,,
he/she is pressing down on him/her,cause,ahsonhst,True,,
he/she is pressing down on him/her,cause[perf3],ahsonhst,False,,
he/she is pressing down on him/her,cause[pres2],ahsonhstih,False,,
he/she is pressing down on him/her,cause[pres2-perf3],ahsonhstih,False,,
he/she is wounding him/her,sk-h,hsonv,False,,
he/she is wounding him/her,sk-h,hsonv,False,,
he/she is wounding him/her,sk-h,hsonv,False,,
he/she is wounding him/her,sk-h,hsonv,False,,
he/she is wounding him/her,sk-h[imp2],hsonv,False,,
he/she is wounding him/her,sk-h[imp2],hsonv,False,,
he/she is wounding him/her,sk-h[imp2],hsonv,False,,
he/she is wounding him/her,sk-h[imp2],hsonv,False,,
he/she is wounding him/her,vnh-vsk[inf4],hson,True,,
he/she is wounding him/her,vnh-vsk[inf4],hson,True,,
he/she is wounding him/her,vnh-vsk[inf4],hson,True,,
he/she is wounding him/her,vnh-vsk[inf4],hson,True,,
he/she is fishing,hvsk-nh,ahsu,True,,
he/she is fishing,hvsk-nh[inf2],ahsu,False,,
he/she is painting it,sk-s-hst,hsuwhi,False,,
he/she is painting it,sk-s-hst,hsuwhi,False,,
he/she is painting it,sk-s-hst,hsuwhi,False,,
he/she is painting it,sk-s-hst,hsuwhi,False,,
he/she is painting it,i-a-ihsk,hsuwh,True,,
he/she is painting it,i-a-ihsk,hsuwh,True,,
he/she is painting it,i-a-ihsk,hsuwh,True,,
he/she is painting it,i-a-ihsk,hsuwh,True,,
he/she is changing his/her pants,v-vhs,ahsula'iy,True,,
he/she is changing his/her pants,change-out,ahsula',True,,
he/she is changing his/her pants,change-out-flexible,ahsul,True,,
he/she is taking his/her pants off,rev-e,ahsul,True,,
he/she is putting his/her pants on,i-vka,ahsul,True,,
he/she is quitting,ko-kots,hsuli,True,,
he/she is quitting,ko-kots,hsuli,True,,
he/she is quitting,ko-kots,hsuli,True,,
he/she is quitting,ko-kots,hsuli,True,,
he/she is choosing him/her,rev-e,ahsuy,True,,
he/she is stirring it,apl-active,ahsuy,True,,
he/she is stirring it,apl-active-a,ahsuy,False,,
he/she is mixing it in,vsk,ahsuy,False,,
he/she is mixing it in,vsk[imp2],ahsuy,True,,
it smells,become,hsv,True,,
it smells,become,hsv,True,,
it smells,become,hsv,True,,
it smells,become,hsv,True,,
it smells,become,hsv,True,imperative,Ambiguity implies lossy rule reversal
it smells,become,hsv,True,imperative,Ambiguity implies lossy rule reversal
it smells,become,hsv,True,imperative,Ambiguity implies lossy rule reversal
it smells,become,hsv,True,imperative,Ambiguity implies lossy rule reversal
it smells,become,hsv,True,,
it smells,become,hsv,True,,
it smells,become,hsv,True,imperative,Ambiguity implies lossy rule reversal
it smells,become,hsv,True,imperative,Ambiguity implies lossy rule reversal
it smells,stative-k,hsv,True,,
it smells,stative-k,hsv,True,,
it smells,stative-k,hsv,True,,
it smells,stative-k,hsv,True,,
it smells,stative-k,hsv,True,imperative,Ambiguity implies lossy rule reversal
it smells,stative-k,hsv,True,imperative,Ambiguity implies lossy rule reversal
it smells,stative-k,hsv,True,imperative,Ambiguity implies lossy rule reversal
it smells,stative-k,hsv,True,imperative,Ambiguity implies lossy rule reversal
it smells,stative-k,hsv,True,,
it smells,stative-k,hsv,True,,
it smells,stative-k,hsv,True,imperative,Ambiguity implies lossy rule reversal
it smells,stative-k,hsv,True,imperative,Ambiguity implies lossy rule reversal
it smells,stative,hsvk,True,,
it smells,stative,hsvk,True,,
it smells,stative,hsvk,True,,
it smells,stative,hsvk,True,,
it smells,stative,hsvk,True,imperative,Ambiguity implies lossy rule reversal
it smells,stative,hsvk,True,imperative,Ambiguity implies lossy rule reversal
it smells,stative,hsvk,True,imperative,Ambiguity implies lossy rule reversal
it smells,stative,hsvk,True,imperative,Ambiguity implies lossy rule reversal
it smells,stative,hsvk,True,,
it smells,stative,hsvk,True,,
it smells,stative,hsvk,True,imperative,Ambiguity implies lossy rule reversal
it smells,stative,hsvk,True,imperative,Ambiguity implies lossy rule reversal
he/she is touching him/her,hih-hil,ahsvn,True,,
he/she is drinking it up,sk-h,hsvhv,False,,
he/she is drinking it up,sk-h,hsvhv,False,,
he/she is drinking it up,sk-h,hsvhv,False,,
he/she is drinking it up,sk-h,hsvhv,False,,
he/she is drinking it up,sk-h[imp2],hsvhv,False,,
he/she is drinking it up,sk-h[imp2],hsvhv,False,,
he/she is drinking it up,sk-h[imp2],hsvhv,False,,
he/she is drinking it up,sk-h[imp2],hsvhv,False,,
he/she is drinking it up,terminative-no-o,hsv,True,,
he/she is drinking it up,terminative-no-o,hsv,True,,
he/she is drinking it up,terminative-no-o,hsv,True,,
he/she is drinking it up,terminative-no-o,hsv,True,,
he/she is holding his/her breath,cause,athawhohst,True,,
he/she is holding his/her breath,cause[perf3],athawhohst,False,,
he/she is holding his/her breath,cause[pres2],athawhohstih,False,,
he/she is holding his/her breath,cause[pres2-perf3],athawhohstih,False,,
he/she is mooring a boat,i-a-i,thalat,True,,
he/she is mooring a boat,i-a-i,thalat,True,,
he/she is mooring a boat,i-a-i,thalat,True,,
he/she is mooring a boat,i-a-i,thalat,True,,
he/she is mooring a boat,long,thal,True,,
he/she is mooring a boat,long,thal,True,,
he/she is mooring a boat,long,thal,True,,
he/she is mooring a boat,long,thal,True,,
he/she is mooring a boat,long-no-a,thala,True,,
he/she is mooring a boat,long-no-a,thala,True,,
he/she is mooring a boat,long-no-a,thala,True,,
he/she is mooring a boat,long-no-a,thala,True,,
he/she is drilling a hole,sk-s-hst,thale,False,,
he/she is drilling a hole,sk-s-hst,thale,False,,
he/she is drilling a hole,sk-s-hst,thale,False,,
he/she is drilling a hole,sk-s-hst,thale,False,,
it’s steaming,go,thanol,True,,
it’s steaming,go,athanol,True,,
it’s steaming,go,thanol,True,,
it’s steaming,go,thanol,True,imperative,Ambiguity implies lossy rule reversal
it’s steaming,go,athanol,True,imperative,Ambiguity implies lossy rule reversal
it’s steaming,go,thanol,True,imperative,Ambiguity implies lossy rule reversal
it’s steaming,go,thanol,True,,
it’s steaming,go,athanol,True,,
it’s steaming,go,thanol,True,,
it’s steaming,go,thanol,True,,
it’s steaming,go,athanol,True,,
it’s steaming,go,thanol,True,,
it’s steaming,go,hanol,True,,
it’s steaming,go,hanol,True,imperative,Ambiguity implies lossy rule reversal
it’s steaming,go,hanol,True,,
it’s steaming,go,hanol,True,,
it’s steaming,go[pres2],thanolek,False,,
it’s steaming,go[pres2],athanolek,False,,
it’s steaming,go[pres2],thanolek,False,,
it’s steaming,go[pres2],thanolek,False,imperative,Ambiguity implies lossy rule reversal
it’s steaming,go[pres2],athanolek,False,imperative,Ambiguity implies lossy rule reversal
it’s steaming,go[pres2],thanolek,False,imperative,Ambiguity implies lossy rule reversal
it’s steaming,go[pres2],thanolek,False,,
it’s steaming,go[pres2],athanolek,False,,
it’s steaming,go[pres2],thanolek,False,,
it’s steaming,go[pres2],thanolek,False,,
it’s steaming,go[pres2],athanolek,False,,
it’s steaming,go[pres2],thanolek,False,,
it’s steaming,go[pres2],hanolek,False,,
it’s steaming,go[pres2],hanolek,False,imperative,Ambiguity implies lossy rule reversal
it’s steaming,go[pres2],hanolek,False,,
it’s steaming,go[pres2],hanolek,False,,
it’s exploding,rev-gi,athahs,True,,
it’s exploding,rev-gi,hahs,True,,
it’s exploding,rev-i,athahsk,True,,
it’s exploding,rev-i,hahsk,True,,
he/she is kissing him/her,vsk-post-v,thaweto,True,,
he/she is kissing him/her,vsk-post-v,thaweto,True,,
he/she is combing someone’s hair,o,thaw,False,,
he/she is combing someone’s hair,o,thaw,False,,
he/she is combing someone’s hair,o,thaw,False,,
he/she is combing someone’s hair,o,thaw,False,,
he/she is asking for it,hih-lh[imp2],thayo,True,,
he/she is asking for it,hih-lh[imp2],thayo,True,,
he/she is asking for it,hih-lh[imp2],thayo,True,,
he/she is asking for it,hih-lh[imp2],thayo,True,,
he/she is shaking him/her,episodic[imp2],thel,True,,
he/she is shaking him/her,episodic[imp2],thel,True,,
he/she is shaking him/her,episodic[imp2],thel,True,,
he/she is shaking him/her,episodic[imp2],thel,True,,
he/she is shaking him/her,vnh-vsk,thelvh,False,,
he/she is shaking him/her,vnh-vsk,thelvh,False,,
he/she is shaking him/her,vnh-vsk,thelvh,False,,
he/she is shaking him/her,vnh-vsk,thelvh,False,,
he/she is leading him/her,go[pres2],athinh,True,,
he/she is leading him/her,go[pres2],hinh,True,,
he/she is arguing,hih-lh,athiyo,True,,
he/she is racing,leaving,athohk,True,,
he/she is racing,leaving,hohk,True,,
he/she is loaning it to him/her,cause,atholhst,True,,
he/she is loaning it to him/her,cause,holhst,True,,
he/she is loaning it to him/her,cause[perf3],atholhst,False,,
he/she is loaning it to him/her,cause[perf3],holhst,False,,
he/she is loaning it to him/her,cause[pres2],atholhstih,False,,
he/she is loaning it to him/her,cause[pres2],holhstih,False,,
he/she is loaning it to him/her,cause[pres2-perf3],atholhstih,False,,
he/she is loaning it to him/her,cause[pres2-perf3],holhstih,False,,
he/she is borrowing him/her,sk-s-a,athol,True,,
he/she is borrowing him/her,sk-s-a,hol,True,,
it’s flashing,sk-s-a[inf2],thoyaw,True,,
it’s flashing,sk-s-a[inf2],athoyaw,True,,
it’s flashing,sk-s-a[inf2],thoyaw,True,,
it’s flashing,sk-s-a[inf2],thoyaw,True,imperative,Ambiguity implies lossy rule reversal
it’s flashing,sk-s-a[inf2],athoyaw,True,imperative,Ambiguity implies lossy rule reversal
it’s flashing,sk-s-a[inf2],thoyaw,True,imperative,Ambiguity implies lossy rule reversal
it’s flashing,sk-s-a[inf2],thoyaw,True,,
it’s flashing,sk-s-a[inf2],athoyaw,True,,
it’s flashing,sk-s-a[inf2],thoyaw,True,,
it’s flashing,sk-s-a[inf2],thoyaw,True,,
it’s flashing,sk-s-a[inf2],athoyaw,True,,
it’s flashing,sk-s-a[inf2],thoyaw,True,,
it’s flashing,sk-s-a[inf2],hoyaw,True,,
it’s flashing,sk-s-a[inf2],hoyaw,True,imperative,Ambiguity implies lossy rule reversal
it’s flashing,sk-s-a[inf2],hoyaw,True,,
it’s flashing,sk-s-a[inf2],hoyaw,True,,
he/she is taking a bite,rev-e,atst,True,,
he/she is taking a bite,rev-e,st,True,,
he/she is lying,vsk-post-v,atsko,True,present_1sg,Ambiguity implies lossy rule reversal
he/she is lying,vsk-post-v,sko,True,present_1sg,Ambiguity implies lossy rule reversal
he/she is taking a drink,rev-gi,athu,True,,
he/she is taking a drink,rev-i,athuk,True,,
he/she is promising,cause,thu'ihst,True,,
he/she is promising,cause,thu'ihst,True,,
he/she is promising,cause,thu'ihst,True,,
he/she is promising,cause,thu'ihst,True,,
he/she is promising,cause[perf3],thu'ihst,False,,
he/she is promising,cause[perf3],thu'ihst,False,,
he/she is promising,cause[perf3],thu'ihst,False,,
he/she is promising,cause[perf3],thu'ihst,False,,
he/she is promising,cause[pres2],thu'ihstih,False,,
he/she is promising,cause[pres2],thu'ihstih,False,,
he/she is promising,cause[pres2],thu'ihstih,False,,
he/she is promising,cause[pres2],thu'ihstih,False,,
he/she is promising,cause[pres2-perf3],thu'ihstih,False,,
he/she is promising,cause[pres2-perf3],thu'ihstih,False,,
he/she is promising,cause[pres2-perf3],thu'ihstih,False,,
he/she is promising,cause[pres2-perf3],thu'ihstih,False,,
he/she is listening to him/her,cause,athvtahst,True,,
he/she is listening to him/her,cause,hvtahst,True,,
he/she is listening to him/her,cause[perf3],athvtahst,False,,
he/she is listening to him/her,cause[perf3],hvtahst,False,,
he/she is listening to him/her,cause[pres2],athvtahstih,False,,
he/she is listening to him/her,cause[pres2],hvtahstih,False,,
he/she is listening to him/her,cause[pres2-perf3],athvtahstih,False,,
he/she is listening to him/her,cause[pres2-perf3],hvtahstih,False,,
he/she is asking him/her a question,hvsk-nh[inf2],athvtv,True,,
he/she is asking him/her a question,hvsk-nh[inf2],hvtv,True,,
he/she is asking him/her a question,episodic,athvt,True,,
he/she is asking him/her a question,episodic,hvt,True,,
he/she hears him/her,i-vka,athvk,True,,
he/she hears him/her,i-vka,hvk,True,,
he/she is raising him/her,cause,athvhihst,True,,
he/she is raising him/her,cause[perf3],athvhihst,False,,
he/she is raising him/her,cause[pres2],athvhihstih,False,,
he/she is raising him/her,cause[pres2-perf3],athvhihstih,False,,
he/she is growing,sk-s-hi-hihst,athv,True,,
he/she is growing,sk-s-hst[imp2],athv,False,,
he/she is growing,sk-s-hst,athv,False,,
he/she is inside,stative,ya',True,,
he/she is inside,stative,ya',True,,
he/she is inside,stative,ya',True,imperative,Ambiguity implies lossy rule reversal
he/she is inside,stative,ya',True,imperative,Ambiguity implies lossy rule reversal
he/she is inside,stative,ya',True,imperative,Ambiguity implies lossy rule reversal
he/she is inside,stative,ya',True,imperative,Ambiguity implies lossy rule reversal
he/she is distributing it,hih-lh[imp3],yatho,False,,
he/she is distributing it,hih-lh[imp3],yatho,False,,
he/she is distributing it,hih-lh[imp3-inf2],yatho,True,,
he/she is distributing it,hih-lh[imp3-inf2],yatho,True,,
he/she is waking up,become,ye,False,,
he/she is waking up,become,ye,False,,
he/she is waking up,become[inf2],ye,True,,
he/she is waking up,become[inf2],ye,True,,
he/she is waking up,become[inf4],ye,False,,
he/she is waking up,become[inf4],ye,False,,
he/she is waking him/her up,cause,ye'ihst,True,,
he/she is waking him/her up,cause,ye'ihst,True,,
he/she is waking him/her up,cause[perf3],ye'ihst,False,,
he/she is waking him/her up,cause[perf3],ye'ihst,False,,
he/she is waking him/her up,cause[pres2],ye'ihstih,False,,
he/she is waking him/her up,cause[pres2],ye'ihstih,False,,
he/she is waking him/her up,cause[pres2-perf3],ye'ihstih,False,,
he/she is waking him/her up,cause[pres2-perf3],ye'ihstih,False,,
he/she is putting him/her inside,cause,yht,True,,
he/she is putting him/her inside,cause,yht,True,,
he/she is putting him/her inside,cause[perf3],yht,False,,
he/she is putting him/her inside,cause[perf3],yht,False,,
he/she is putting him/her inside,cause[pres2],yhtih,False,,
he/she is putting him/her inside,cause[pres2],yhtih,False,,
he/she is putting him/her inside,cause[pres2-perf3],yhtih,False,,
he/she is putting him/her inside,cause[pres2-perf3],yhtih,False,,
he/she is getting it,ih-vh,y,True,present_1sg,Ambiguity implies lossy rule reversal
he/she is getting it,ih-vh,y,True,present_1sg,Ambiguity implies lossy rule reversal
he/she is getting it,ih-vh,ay,True,present_1sg,Ambiguity implies lossy rule reversal
it’s breaking,become,yo,False,,
it’s breaking,become,yo,False,,
it’s breaking,become[inf3],yo,True,,
it’s breaking,become[inf3],yo,True,,
he/she is shooting him/her,hih-lh[imp2],yo,False,present_1sg,Ambiguity implies lossy rule reversal
he/she is shooting him/her,hih-lh[imp2],yo,True,present_1sg;imperative,Ambiguity implies lossy rule reversal
he/she is whittling it,hvsk-han[inf2],yol,True,present_1sg,Ambiguity implies lossy rule reversal
he/she is whittling it,hvsk-han[inf2],yol,True,present_1sg;imperative,Ambiguity implies lossy rule reversal
he/she is greeting him/her,ih-l,yol,True,present_1sg,Ambiguity implies lossy rule reversal
he/she is greeting him/her,ih-l,yol,True,present_1sg,Ambiguity implies lossy rule reversal
he/she is greeting him/her,ih-l[inf2],yol,False,present_1sg,Ambiguity implies lossy rule reversal
he/she is greeting him/her,ih-l[inf2],yol,False,present_1sg,Ambiguity implies lossy rule reversal
he/she is breaking it,cause,yohst,True,,
he/she is breaking it,cause,yohst,True,,
he/she is breaking it,cause[perf3],yohst,False,,
he/she is breaking it,cause[perf3],yohst,False,,
he/she is breaking it,cause[pres2],yohstih,False,,
he/she is breaking it,cause[pres2],yohstih,False,,
he/she is breaking it,cause[pres2-perf3],yohstih,False,,
he/she is breaking it,cause[pres2-perf3],yohstih,False,,
he/she is destroying it,sk-h,yohsthanohv,False,,
he/she is destroying it,sk-h,yohsthanohv,False,,
he/she is destroying it,sk-h[imp2],yohsthanohv,False,,
he/she is destroying it,sk-h[imp2],yohsthanohv,False,,
he/she is destroying it,terminative,yohsthan,True,,
he/she is destroying it,terminative,yohsthan,True,,
he/she is destroying it,terminative-no-o,yohsthano,True,,
he/she is destroying it,terminative-no-o,yohsthano,True,,
he/she is entering it,hih-lh[imp2],yv,True,present_1sg,Ambiguity implies lossy rule reversal
he/she is entering it,hih-lh[imp2],yv,True,present_1sg;imperative,Ambiguity implies lossy rule reversal
he/she is finding it,ih-vh,yvwhahth,False,,
he/she is finding it,ih-vh,yvwhahth,False,,
he/she is finding it,ih-vh[inf2],yvwhahth,True,,
he/she is finding it,ih-vh[inf2],yvwhahth,False,,
he/she is taking it somewhere,ih-vh,yvwhit,True,,
he/she is taking it somewhere,ih-vh,yvwhit,False,,
he/she is making an X,cause,atanhawhst,True,present;present_1sg;imperfective;perfective;imperative;infinitive,Ambiguity implies lossy rule reversal
he/she is making an X,cause,atanhawhst,True,present;present_1sg;imperfective;perfective;imperative;infinitive,Ambiguity implies lossy rule reversal
he/she is making an X,cause,anhawhst,True,present;present_1sg;imperfective;perfective;imperative;infinitive,Ambiguity implies lossy rule reversal
he/she is making an X,cause,nhawhst,True,present;present_1sg;imperfective;perfective;imperative;infinitive,Ambiguity implies lossy rule reversal
he/she is making an X,cause,anhawhst,True,present;present_1sg;imperfective;perfective;imperative;infinitive,Ambiguity implies lossy rule reversal
he/she is making an X,cause,nhawhst,True,present;present_1sg;imperfective;perfective;imperative;infinitive,Ambiguity implies lossy rule reversal
he/she is making an X,cause[perf3],atanhawhst,False,present;present_1sg;imperfective;perfective;imperative;infinitive,Ambiguity implies lossy rule reversal
he/she is making an X,cause[perf3],atanhawhst,False,present;present_1sg;imperfective;perfective;imperative;infinitive,Ambiguity implies lossy rule reversal
he/she is making an X,cause[perf3],anhawhst,False,present;present_1sg;imperfective;perfective;imperative;infinitive,Ambiguity implies lossy rule reversal
he/she is making an X,cause[perf3],nhawhst,False,present;present_1sg;imperfective;perfective;imperative;infinitive,Ambiguity implies lossy rule reversal
he/she is making an X,cause[perf3],anhawhst,False,present;present_1sg;imperfective;perfective;imperative;infinitive,Ambiguity implies lossy rule reversal
he/she is making an X,cause[perf3],nhawhst,False,present;present_1sg;imperfective;perfective;imperative;infinitive,Ambiguity implies lossy rule reversal
he/she is making an X,cause[pres2],atanhawhstih,False,present;present_1sg;imperfective;perfective;imperative;infinitive,Ambiguity implies lossy rule reversal
he/she is making an X,cause[pres2],atanhawhstih,False,present;present_1sg;imperfective;perfective;imperative;infinitive,Ambiguity implies lossy rule reversal
he/she is making an X,cause[pres2],anhawhstih,False,present;present_1sg;imperfective;perfective;imperative;infinitive,Ambiguity implies lossy rule reversal
he/she is making an X,cause[pres2],nhawhstih,False,present;present_1sg;imperfective;perfective;imperative;infinitive,Ambiguity implies lossy rule reversal
he/she is making an X,cause[pres2],anhawhstih,False,present;present_1sg;imperfective;perfective;imperative;infinitive,Ambiguity implies lossy rule reversal
he/she is making an X,cause[pres2],nhawhstih,False,present;present_1sg;imperfective;perfective;imperative;infinitive,Ambiguity implies lossy rule reversal
he/she is making an X,cause[pres2-perf3],atanhawhstih,False,present;present_1sg;imperfective;perfective;imperative;infinitive,Ambiguity implies lossy rule reversal
he/she is making an X,cause[pres2-perf3],atanhawhstih,False,present;present_1sg;imperfective;perfective;imperative;infinitive,Ambiguity implies lossy rule reversal
he/she is making an X,cause[pres2-perf3],anhawhstih,False,present;present_1sg;imperfective;perfective;imperative;infinitive,Ambiguity implies lossy rule reversal
he/she is making an X,cause[pres2-perf3],nhawhstih,False,present;present_1sg;imperfective;perfective;imperative;infinitive,Ambiguity implies lossy rule reversal
he/she is making an X,cause[pres2-perf3],anhawhstih,False,present;present_1sg;imperfective;perfective;imperative;infinitive,Ambiguity implies lossy rule reversal
he/she is making an X,cause[pres2-perf3],nhawhstih,False,present;present_1sg;imperfective;perfective;imperative;infinitive,Ambiguity implies lossy rule reversal
he/she is conjuring,e-aka,atanhehs,True,present;present_1sg;imperfective;perfective;imperative;infinitive,Ambiguity implies lossy rule reversal
he/she is conjuring,e-aka,atanhehs,True,present;present_1sg;imperfective;perfective;imperative;infinitive,Ambiguity implies lossy rule reversal
he/she is conjuring,e-aka,anhehs,True,present;present_1sg;imperfective;perfective;imperative;infinitive,Ambiguity implies lossy rule reversal
he/she is conjuring,e-aka,nhehs,True,present;present_1sg;imperfective;perfective;imperative;infinitive,Ambiguity implies lossy rule reversal
he/she is conjuring,e-aka,anhehs,True,present;present_1sg;imperfective;perfective;imperative;infinitive,Ambiguity implies lossy rule reversal
he/she is conjuring,e-aka,nhehs,True,present;present_1sg;imperfective;perfective;imperative;infinitive,Ambiguity implies lossy rule reversal
he/she is accepting him/her,become,atanilv,True,present;present_1sg;imperfective;perfective;imperative;infinitive,Ambiguity implies lossy rule reversal
he/she is accepting him/her,become,atanilv,True,present;present_1sg;imperfective;perfective;imperative;infinitive,Ambiguity implies lossy rule reversal
he/she is accepting him/her,become,anilv,True,present;present_1sg;imperfective;perfective;imperative;infinitive,Ambiguity implies lossy rule reversal
he/she is accepting him/her,become,nilv,True,present;present_1sg;imperfective;perfective;imperative;infinitive,Ambiguity implies lossy rule reversal
he/she is accepting him/her,become,anilv,True,present;present_1sg;imperfective;perfective;imperative;infinitive,Ambiguity implies lossy rule reversal
he/she is accepting him/her,become,nilv,True,present;present_1sg;imperfective;perfective;imperative;infinitive,Ambiguity implies lossy rule reversal
he/she is dodging,cause,atanvtihst,True,present;present_1sg;imperfective;perfective;imperative;infinitive,Ambiguity implies lossy rule reversal
he/she is dodging,cause,atanvtihst,True,present;present_1sg;imperfective;perfective;imperative;infinitive,Ambiguity implies lossy rule reversal
he/she is dodging,cause,anvtihst,True,present;present_1sg;imperfective;perfective;imperative;infinitive,Ambiguity implies lossy rule reversal
he/she is dodging,cause,nvtihst,True,present;present_1sg;imperfective;perfective;imperative;infinitive,Ambiguity implies lossy rule reversal
he/she is dodging,cause,anvtihst,True,present;present_1sg;imperfective;perfective;imperative;infinitive,Ambiguity implies lossy rule reversal
he/she is dodging,cause,nvtihst,True,present;present_1sg;imperfective;perfective;imperative;infinitive,Ambiguity implies lossy rule reversal
he/she is dodging,cause[perf3],atanvtihst,False,present;present_1sg;imperfective;perfective;imperative;infinitive,Ambiguity implies lossy rule reversal
he/she is dodging,cause[perf3],atanvtihst,False,present;present_1sg;imperfective;perfective;imperative;infinitive,Ambiguity implies lossy rule reversal
he/she is dodging,cause[perf3],anvtihst,False,present;present_1sg;imperfective;perfective;imperative;infinitive,Ambiguity implies lossy rule reversal
he/she is dodging,cause[perf3],nvtihst,False,present;present_1sg;imperfective;perfective;imperative;infinitive,Ambiguity implies lossy rule reversal
he/she is dodging,cause[perf3],anvtihst,False,present;present_1sg;imperfective;perfective;imperative;infinitive,Ambiguity implies lossy rule reversal
he/she is dodging,cause[perf3],nvtihst,False,present;present_1sg;imperfective;perfective;imperative;infinitive,Ambiguity implies lossy rule reversal
he/she is dodging,cause[pres2],atanvtihstih,False,present;present_1sg;imperfective;perfective;imperative;infinitive,Ambiguity implies lossy rule reversal
he/she is dodging,cause[pres2],atanvtihstih,False,present;present_1sg;imperfective;perfective;imperative;infinitive,Ambiguity implies lossy rule reversal
he/she is dodging,cause[pres2],anvtihstih,False,present;present_1sg;imperfective;perfective;imperative;infinitive,Ambiguity implies lossy rule reversal
he/she is dodging,cause[pres2],nvtihstih,False,present;present_1sg;imperfective;perfective;imperative;infinitive,Ambiguity implies lossy rule reversal
he/she is dodging,cause[pres2],anvtihstih,False,present;present_1sg;imperfective;perfective;imperative;infinitive,Ambiguity implies lossy rule reversal
he/she is dodging,cause[pres2],nvtihstih,False,present;present_1sg;imperfective;perfective;imperative;infinitive,Ambiguity implies lossy rule reversal
he/she is dodging,cause[pres2-perf3],atanvtihstih,False,present;present_1sg;imperfective;perfective;imperative;infinitive,Ambiguity implies lossy rule reversal
he/she is dodging,cause[pres2-perf3],atanvtihstih,False,present;present_1sg;imperfective;perfective;imperative;infinitive,Ambiguity implies lossy rule reversal
he/she is dodging,cause[pres2-perf3],anvtihstih,False,present;present_1sg;imperfective;perfective;imperative;infinitive,Ambiguity implies lossy rule reversal
he/she is dodging,cause[pres2-perf3],nvtihstih,False,present;present_1sg;imperfective;perfective;imperative;infinitive,Ambiguity implies lossy rule reversal
he/she is dodging,cause[pres2-perf3],anvtihstih,False,present;present_1sg;imperfective;perfective;imperative;infinitive,Ambiguity implies lossy rule reversal
he/she is dodging,cause[pres2-perf3],nvtihstih,False,present;present_1sg;imperfective;perfective;imperative;infinitive,Ambiguity implies lossy rule reversal
he/she is performing baptism,o,ataw,True,present;present_1sg;imperfective;perfective;imperative;infinitive,Ambiguity implies lossy rule reversal
he/she is performing baptism,o,ataw,True,present;present_1sg;imperfective;perfective;imperative;infinitive,Ambiguity implies lossy rule reversal
he/she is performing baptism,o,aw,True,present;present_1sg;imperfective;perfective;imperative;infinitive,Ambiguity implies lossy rule reversal
he/she is performing baptism,o,w,True,present;present_1sg;imperfective;perfective;imperative;infinitive,Ambiguity implies lossy rule reversal
he/she is performing baptism,o,aw,True,present;present_1sg;imperfective;perfective;imperative;infinitive,Ambiguity implies lossy rule reversal
he/she is performing baptism,o,w,True,present;present_1sg;imperfective;perfective;imperative;infinitive,Ambiguity implies lossy rule reversal
he/she is giving up,sk-s-hi-hihst,atayo,True,present;present_1sg;imperfective;perfective;imperative;infinitive,Ambiguity implies lossy rule reversal
he/she is giving up,sk-s-hi-hihst,atayo,True,present;present_1sg;imperfective;perfective;imperative;infinitive,Ambiguity implies lossy rule reversal
he/she is giving up,sk-s-hi-hihst,ayo,True,present;present_1sg;imperfective;perfective;imperative;infinitive,Ambiguity implies lossy rule reversal
he/she is giving up,sk-s-hi-hihst,yo,True,present;present_1sg;imperfective;perfective;imperative;infinitive,Ambiguity implies lossy rule reversal
he/she is giving up,sk-s-hi-hihst,ayo,True,present;present_1sg;imperfective;perfective;imperative;infinitive,Ambiguity implies lossy rule reversal
he/she is giving up,sk-s-hi-hihst,yo,True,present;present_1sg;imperfective;perfective;imperative;infinitive,Ambiguity implies lossy rule reversal
he/she is giving up,sk-s-hst[imp2],atayo,False,present;present_1sg;imperfective;perfective;imperative;infinitive,Ambiguity implies lossy rule reversal
he/she is giving up,sk-s-hst[imp2],atayo,False,present;present_1sg;imperfective;perfective;imperative;infinitive,Ambiguity implies lossy rule reversal
he/she is giving up,sk-s-hst[imp2],ayo,False,present;present_1sg;imperfective;perfective;imperative;infinitive,Ambiguity implies lossy rule reversal
he/she is giving up,sk-s-hst[imp2],yo,False,present;present_1sg;imperfective;perfective;imperative;infinitive,Ambiguity implies lossy rule reversal
he/she is giving up,sk-s-hst[imp2],ayo,False,present;present_1sg;imperfective;perfective;imperative;infinitive,Ambiguity implies lossy rule reversal
he/she is giving up,sk-s-hst[imp2],yo,False,present;present_1sg;imperfective;perfective;imperative;infinitive,Ambiguity implies lossy rule reversal
he/she is giving up,sk-s-hst,atayo,False,present;present_1sg;imperfective;perfective;imperative;infinitive,Ambiguity implies lossy rule reversal
he/she is giving up,sk-s-hst,atayo,False,present;present_1sg;imperfective;perfective;imperative;infinitive,Ambiguity implies lossy rule reversal
he/she is giving up,sk-s-hst,ayo,False,present;present_1sg;imperfective;perfective;imperative;infinitive,Ambiguity implies lossy rule reversal
he/she is giving up,sk-s-hst,yo,False,present;present_1sg;imperfective;perfective;imperative;infinitive,Ambiguity implies lossy rule reversal
he/she is giving up,sk-s-hst,ayo,False,present;present_1sg;imperfective;perfective;imperative;infinitive,Ambiguity implies lossy rule reversal
he/she is giving up,sk-s-hst,yo,False,present;present_1sg;imperfective;perfective;imperative;infinitive,Ambiguity implies lossy rule reversal
he/she is teaching,hvsk-nh,ateyho,False,present;present_1sg;imperfective;perfective;imperative;infinitive,Ambiguity implies lossy rule reversal
he/she is teaching,hvsk-nh,ateyho,False,present;present_1sg;imperfective;perfective;imperative;infinitive,Ambiguity implies lossy rule reversal
he/she is teaching,hvsk-nh[inf2],ateyho,False,present;present_1sg;imperfective;perfective;imperative;infinitive,Ambiguity implies lossy rule reversal
he/she is teaching,hvsk-nh[inf2],ateyho,False,present;present_1sg;imperfective;perfective;imperative;infinitive,Ambiguity implies lossy rule reversal
he/she is teaching,hvsk-nh[inf4],ateyho,False,present;present_1sg;imperfective;perfective;imperative;infinitive,Ambiguity implies lossy rule reversal
he/she is teaching,hvsk-nh[inf4],ateyho,False,present;present_1sg;imperfective;perfective;imperative;infinitive,Ambiguity implies lossy rule reversal
he/she is weeping,hih-hil,atloy,True,present;present_1sg;imperfective;perfective;imperative;infinitive,Ambiguity implies lossy rule reversal
he/she is weeping,hih-hil,atloy,True,present;present_1sg;imperfective;perfective;imperative;infinitive,Ambiguity implies lossy rule reversal
he/she is weeping,hih-hil,loy,True,present;present_1sg;imperfective;perfective;imperative;infinitive,Ambiguity implies lossy rule reversal
he/she is weeping,hih-hil,loy,True,present;present_1sg;imperfective;perfective;imperative;infinitive,Ambiguity implies lossy rule reversal
he/she is setting a price,cause,kvwalht,True,present;present_1sg;imperfective;perfective;imperative;infinitive,Ambiguity implies lossy rule reversal
he/she is setting a price,cause,kvwalht,True,present;present_1sg;imperfective;perfective;imperative;infinitive,Ambiguity implies lossy rule reversal
he/she is setting a price,cause,kvwalht,False,present;present_1sg;imperfective;perfective;imperative;infinitive,Ambiguity implies lossy rule reversal
he/she is setting a price,cause,kvwalht,False,present;present_1sg;imperfective;perfective;imperative;infinitive,Ambiguity implies lossy rule reversal
he/she is setting a price,cause[perf3],kvwalht,False,present;present_1sg;imperfective;perfective;imperative;infinitive,Ambiguity implies lossy rule reversal
he/she is setting a price,cause[perf3],kvwalht,False,present;present_1sg;imperfective;perfective;imperative;infinitive,Ambiguity implies lossy rule reversal
he/she is setting a price,cause[perf3],kvwalht,False,present;present_1sg;imperfective;perfective;imperative;infinitive,Ambiguity implies lossy rule reversal
he/she is setting a price,cause[perf3],kvwalht,False,present;present_1sg;imperfective;perfective;imperative;infinitive,Ambiguity implies lossy rule reversal
he/she is setting a price,cause[pres2],kvwalhtih,False,present;present_1sg;imperfective;perfective;imperative;infinitive,Ambiguity implies lossy rule reversal
he/she is setting a price,cause[pres2],kvwalhtih,False,present;present_1sg;imperfective;perfective;imperative;infinitive,Ambiguity implies lossy rule reversal
he/she is setting a price,cause[pres2],kvwalhtih,False,present;present_1sg;imperfective;perfective;imperative;infinitive,Ambiguity implies lossy rule reversal
he/she is setting a price,cause[pres2],kvwalhtih,False,present;present_1sg;imperfective;perfective;imperative;infinitive,Ambiguity implies lossy rule reversal
he/she is setting a price,cause[pres2-perf3],kvwalhtih,False,present;present_1sg;imperfective;perfective;imperative;infinitive,Ambiguity implies lossy rule reversal
he/she is setting a price,cause[pres2-perf3],kvwalhtih,False,present;present_1sg;imperfective;perfective;imperative;infinitive,Ambiguity implies lossy rule reversal
he/she is setting a price,cause[pres2-perf3],kvwalhtih,False,present;present_1sg;imperfective;perfective;imperative;infinitive,Ambiguity implies lossy rule reversal
he/she is setting a price,cause[pres2-perf3],kvwalhtih,False,present;present_1sg;imperfective;perfective;imperative;infinitive,Ambiguity implies lossy rule reversal
he/she is rocking,apl-active,alhihk,True,present;present_1sg;imperfective;perfective;imperative;infinitive,Ambiguity implies lossy rule reversal
he/she is rocking,apl-active,alhihk,True,present;present_1sg;imperfective;perfective;imperative;infinitive,Ambiguity implies lossy rule reversal
he/she is rocking,apl-active-a,alhihk,False,present;present_1sg;imperfective;perfective;imperative;infinitive,Ambiguity implies lossy rule reversal
he/she is rocking,apl-active-a,alhihk,False,present;present_1sg;imperfective;perfective;imperative;infinitive,Ambiguity implies lossy rule reversal
he/she is drawing a picture of him/her,cause,alhilohst,True,present;present_1sg;imperfective;perfective;imperative;infinitive,Ambiguity implies lossy rule reversal
he/she is drawing a picture of him/her,cause,alhilohst,True,present;present_1sg;imperfective;perfective;imperative;infinitive,Ambiguity implies lossy rule reversal
he/she is drawing a picture of him/her,cause[perf3],alhilohst,False,present;present_1sg;imperfective;perfective;imperative;infinitive,Ambiguity implies lossy rule reversal
he/she is drawing a picture of him/her,cause[perf3],alhilohst,False,present;present_1sg;imperfective;perfective;imperative;infinitive,Ambiguity implies lossy rule reversal
he/she is drawing a picture of him/her,cause[pres2],alhilohstih,False,present;present_1sg;imperfective;perfective;imperative;infinitive,Ambiguity implies lossy rule reversal
he/she is drawing a picture of him/her,cause[pres2],alhilohstih,False,present;present_1sg;imperfective;perfective;imperative;infinitive,Ambiguity implies lossy rule reversal
he/she is drawing a picture of him/her,cause[pres2-perf3],alhilohstih,False,present;present_1sg;imperfective;perfective;imperative;infinitive,Ambiguity implies lossy rule reversal
he/she is drawing a picture of him/her,cause[pres2-perf3],alhilohstih,False,present;present_1sg;imperfective;perfective;imperative;infinitive,Ambiguity implies lossy rule reversal
he/she is conversing,apl-active-lh,alhinoh,True,present;present_1sg;imperfective;perfective;imperative;infinitive,Ambiguity implies lossy rule reversal
he/she is conversing,apl-active-lh,alhinoh,True,present;present_1sg;imperfective;perfective;imperative;infinitive,Ambiguity implies lossy rule reversal
he/she is jumping,go-in,alhthat,True,present;present_1sg;imperfective;perfective;imperative;infinitive,Ambiguity implies lossy rule reversal
he/she is jumping,go-in,alhthat,True,present;present_1sg;imperfective;perfective;imperative;infinitive,Ambiguity implies lossy rule reversal
he/she is jumping,go-in,hthat,True,present;present_1sg;imperfective;perfective;imperative;infinitive,Ambiguity implies lossy rule reversal
he/she is jumping,go-in,hthat,True,present;present_1sg;imperfective;perfective;imperative;infinitive,Ambiguity implies lossy rule reversal
he/she is changing clothes,v-vhs,anhawa'iy,True,present;present_1sg;imperfective;perfective;imperative;infinitive,Ambiguity implies lossy rule reversal
he/she is changing clothes,v-vhs,anhawa'iy,True,present;present_1sg;imperfective;perfective;imperative;infinitive,Ambiguity implies lossy rule reversal
he/she is changing clothes,change-out,anhawa',True,present;present_1sg;imperfective;perfective;imperative;infinitive,Ambiguity implies lossy rule reversal
he/she is changing clothes,change-out,anhawa',True,present;present_1sg;imperfective;perfective;imperative;infinitive,Ambiguity implies lossy rule reversal
he/she is changing clothes,change-out-flexible,anhaw,True,present;present_1sg;imperfective;perfective;imperative;infinitive,Ambiguity implies lossy rule reversal
he/she is changing clothes,change-out-flexible,anhaw,True,present;present_1sg;imperfective;perfective;imperative;infinitive,Ambiguity implies lossy rule reversal
he/she is undressing,rev-e,anhaw,True,present;present_1sg;imperfective;perfective;imperative;infinitive,Ambiguity implies lossy rule reversal
he/she is undressing,rev-e,anhaw,True,present;present_1sg;imperfective;perfective;imperative;infinitive,Ambiguity implies lossy rule reversal
he/she is putting on clothes,o,anhaw,True,present;present_1sg;imperfective;perfective;imperative;infinitive,Ambiguity implies lossy rule reversal
he/she is putting on clothes,o,anhaw,True,present;present_1sg;imperfective;perfective;imperative;infinitive,Ambiguity implies lossy rule reversal
he/she is putting fuel into a fire,hvsk-han,hvt,True,present;present_1sg;imperfective;perfective;imperative;infinitive,Ambiguity implies lossy rule reversal
he/she is putting fuel into a fire,hvsk-han,hvt,True,present;present_1sg;imperfective;perfective;imperative;infinitive,Ambiguity implies lossy rule reversal
he/she is tickling him/her,i-a-i,yhvk,True,present;present_1sg;imperfective;perfective;imperative;infinitive,Ambiguity implies lossy rule reversal
he/she is tickling him/her,i-a-i,yhvk,True,present;present_1sg;imperfective;perfective;imperative;infinitive,Ambiguity implies lossy rule reversal
he/she is tickling him/her,i-a-i,yhvk,True,present;present_1sg;imperfective;perfective;imperative;infinitive,Ambiguity implies lossy rule reversal
he/she is tickling him/her,i-a-i,yhvk,True,present;present_1sg;imperfective;perfective;imperative;infinitive,Ambiguity implies lossy rule reversal
he/she is tying it,hih-lh,khane,True,present;present_1sg;imperfective;perfective;imperative;infinitive,Ambiguity implies lossy rule reversal
he/she is tying it,hih-lh,khane,True,present;present_1sg;imperfective;perfective;imperative;infinitive,Ambiguity implies lossy rule reversal
he/she is tying it,hih-lh,khane,True,present;present_1sg;imperfective;perfective;imperative;infinitive,Ambiguity implies lossy rule reversal
he/she is tying it,hih-lh,khane,True,present;present_1sg;imperfective;perfective;imperative;infinitive,Ambiguity implies lossy rule reversal
he/she is untying it,ih-vh,khaneyh,False,present;present_1sg;imperfective;perfective;imperative;infinitive,Ambiguity implies lossy rule reversal
he/she is untying it,ih-vh,khaneyh,False,present;present_1sg;imperfective;perfective;imperative;infinitive,Ambiguity implies lossy rule reversal
he/she is untying it,ih-vh,khaneyh,False,present;present_1sg;imperfective;perfective;imperative;infinitive,Ambiguity implies lossy rule reversal
he/she is untying it,ih-vh,khaneyh,False,present;present_1sg;imperfective;perfective;imperative;infinitive,Ambiguity implies lossy rule reversal
he/she is untying it,ih-vh[inf2],khaneyh,True,present;present_1sg;imperfective;perfective;imperative;infinitive,Ambiguity implies lossy rule reversal
he/she is untying it,ih-vh[inf2],khaneyh,True,present;present_1sg;imperfective;perfective;imperative;infinitive,Ambiguity implies lossy rule reversal
he/she is untying it,ih-vh[inf2],khaneyh,True,present;present_1sg;imperfective;perfective;imperative;infinitive,Ambiguity implies lossy rule reversal
he/she is untying it,ih-vh[inf2],khaneyh,True,present;present_1sg;imperfective;perfective;imperative;infinitive,Ambiguity implies lossy rule reversal
he/she is looking after him/her,be-at,khanowat,True,present;present_1sg;imperfective;perfective;imperative;infinitive,Ambiguity implies lossy rule reversal
he/she is looking after him/her,be-at,khanowat,True,present;present_1sg;imperfective;perfective;imperative;infinitive,Ambiguity implies lossy rule reversal
he/she is looking after him/her,be-at,khanowat,True,present;present_1sg;imperfective;perfective;imperative;infinitive,Ambiguity implies lossy rule reversal
he/she is looking after him/her,be-at,khanowat,True,present;present_1sg;imperfective;perfective;imperative;infinitive,Ambiguity implies lossy rule reversal
he/she is looking after him/her,be-at-weak,khanowatit,True,present;present_1sg;imperfective;perfective;imperative;infinitive,Ambiguity implies lossy rule reversal
he/she is looking after him/her,be-at-weak,khanowatit,True,present;present_1sg;imperfective;perfective;imperative;infinitive,Ambiguity implies lossy rule reversal
he/she is looking after him/her,be-at-weak,khanowatit,True,present;present_1sg;imperfective;perfective;imperative;infinitive,Ambiguity implies lossy rule reversal
he/she is looking after him/her,be-at-weak,khanowatit,True,present;present_1sg;imperfective;perfective;imperative;infinitive,Ambiguity implies lossy rule reversal
he/she is becoming blind,become,khewa,False,present;present_1sg;imperfective;perfective;imperative;infinitive,Ambiguity implies lossy rule reversal
he/she is becoming blind,become,khewa,False,present;present_1sg;imperfective;perfective;imperative;infinitive,Ambiguity implies lossy rule reversal
he/she is becoming blind,become,khewa,False,present;present_1sg;imperfective;perfective;imperative;infinitive,Ambiguity implies lossy rule reversal
he/she is becoming blind,become,khewa,False,present;present_1sg;imperfective;perfective;imperative;infinitive,Ambiguity implies lossy rule reversal
he/she is becoming blind,become[inf2],khewa,True,present;present_1sg;imperfective;perfective;imperative;infinitive,Ambiguity implies lossy rule reversal
he/she is becoming blind,become[inf2],khewa,True,present;present_1sg;imperfective;perfective;imperative;infinitive,Ambiguity implies lossy rule reversal
he/she is becoming blind,become[inf2],khewa,True,present;present_1sg;imperfective;perfective;imperative;infinitive,Ambiguity implies lossy rule reversal
he/she is becoming blind,become[inf2],khewa,True,present;present_1sg;imperfective;perfective;imperative;infinitive,Ambiguity implies lossy rule reversal
he/she is becoming blind,become[inf4],khewa,False,present;present_1sg;imperfective;perfective;imperative;infinitive,Ambiguity implies lossy rule reversal
he/she is becoming blind,become[inf4],khewa,False,present;present_1sg;imperfective;perfective;imperative;infinitive,Ambiguity implies lossy rule reversal
he/she is becoming blind,become[inf4],khewa,False,present;present_1sg;imperfective;perfective;imperative;infinitive,Ambiguity implies lossy rule reversal
he/she is becoming blind,become[inf4],khewa,False,present;present_1sg;imperfective;perfective;imperative;infinitive,Ambiguity implies lossy rule reversal
he/she is making smoke,cause,khsvhst,True,present;present_1sg;imperfective;perfective;imperative;infinitive,Ambiguity implies lossy rule reversal
he/she is making smoke,cause,khsvhst,True,present;present_1sg;imperfective;perfective;imperative;infinitive,Ambiguity implies lossy rule reversal
he/she is making smoke,cause,khsvhst,True,present;present_1sg;imperfective;perfective;imperative;infinitive,Ambiguity implies lossy rule reversal
he/she is making smoke,cause,khsvhst,True,present;present_1sg;imperfective;perfective;imperative;infinitive,Ambiguity implies lossy rule reversal
he/she is making smoke,cause[perf3],khsvhst,False,present;present_1sg;imperfective;perfective;imperative;infinitive,Ambiguity implies lossy rule reversal
he/she is making smoke,cause[perf3],khsvhst,False,present;present_1sg;imperfective;perfective;imperative;infinitive,Ambiguity implies lossy rule reversal
he/she is making smoke,cause[perf3],khsvhst,False,present;present_1sg;imperfective;perfective;imperative;infinitive,Ambiguity implies lossy rule reversal
he/she is making smoke,cause[perf3],khsvhst,False,present;present_1sg;imperfective;perfective;imperative;infinitive,Ambiguity implies lossy rule reversal
he/she is making smoke,cause[pres2],khsvhstih,False,present;present_1sg;imperfective;perfective;imperative;infinitive,Ambiguity implies lossy rule reversal
he/she is making smoke,cause[pres2],khsvhstih,False,present;present_1sg;imperfective;perfective;imperative;infinitive,Ambiguity implies lossy rule reversal
he/she is making smoke,cause[pres2],khsvhstih,False,present;present_1sg;imperfective;perfective;imperative;infinitive,Ambiguity implies lossy rule reversal
he/she is making smoke,cause[pres2],khsvhstih,False,present;present_1sg;imperfective;perfective;imperative;infinitive,Ambiguity implies lossy rule reversal
he/she is making smoke,cause[pres2-perf3],khsvhstih,False,present;present_1sg;imperfective;perfective;imperative;infinitive,Ambiguity implies lossy rule reversal
he/she is making smoke,cause[pres2-perf3],khsvhstih,False,present;present_1sg;imperfective;perfective;imperative;infinitive,Ambiguity implies lossy rule reversal
he/she is making smoke,cause[pres2-perf3],khsvhstih,False,present;present_1sg;imperfective;perfective;imperative;infinitive,Ambiguity implies lossy rule reversal
he/she is making smoke,cause[pres2-perf3],khsvhstih,False,present;present_1sg;imperfective;perfective;imperative;infinitive,Ambiguity implies lossy rule reversal
he/she is blinking,sk-s-a[inf2],akhthanaw,False,present;present_1sg;imperfective;perfective;imperative;infinitive,Ambiguity implies lossy rule reversal
he/she is blinking,sk-s-a[inf2],akhthanaw,False,present;present_1sg;imperfective;perfective;imperative;infinitive,Ambiguity implies lossy rule reversal
he/she is closing his eyes,cause,akhthahst,True,present;present_1sg;imperfective;perfective;imperative;infinitive,Ambiguity implies lossy rule reversal
he/she is closing his eyes,cause,akhthahst,True,present;present_1sg;imperfective;perfective;imperative;infinitive,Ambiguity implies lossy rule reversal
he/she is closing his eyes,cause[perf3],akhthahst,False,present;present_1sg;imperfective;perfective;imperative;infinitive,Ambiguity implies lossy rule reversal
he/she is closing his eyes,cause[perf3],akhthahst,False,present;present_1sg;imperfective;perfective;imperative;infinitive,Ambiguity implies lossy rule reversal
he/she is closing his eyes,cause[pres2],akhthahstih,False,present;present_1sg;imperfective;perfective;imperative;infinitive,Ambiguity implies lossy rule reversal
he/she is closing his eyes,cause[pres2],akhthahstih,False,present;present_1sg;imperfective;perfective;imperative;infinitive,Ambiguity implies lossy rule reversal
he/she is closing his eyes,cause[pres2-perf3],akhthahstih,False,present;present_1sg;imperfective;perfective;imperative;infinitive,Ambiguity implies lossy rule reversal
he/she is closing his eyes,cause[pres2-perf3],akhthahstih,False,present;present_1sg;imperfective;perfective;imperative;infinitive,Ambiguity implies lossy rule reversal
he/she is attacking him/her,go,khthil,True,present;present_1sg;imperfective;perfective;imperative;infinitive,Ambiguity implies lossy rule reversal
he/she is attacking him/her,go,khthil,True,present;present_1sg;imperfective;perfective;imperative;infinitive,Ambiguity implies lossy rule reversal
he/she is attacking him/her,go,khthil,True,present;present_1sg;imperfective;perfective;imperative;infinitive,Ambiguity implies lossy rule reversal
he/she is attacking him/her,go,khthil,True,present;present_1sg;imperfective;perfective;imperative;infinitive,Ambiguity implies lossy rule reversal
he/she is attacking him/her,go[pres2],khthilek,False,present;present_1sg;imperfective;perfective;imperative;infinitive,Ambiguity implies lossy rule reversal
he/she is attacking him/her,go[pres2],khthilek,False,present;present_1sg;imperfective;perfective;imperative;infinitive,Ambiguity implies lossy rule reversal
he/she is attacking him/her,go[pres2],khthilek,False,present;present_1sg;imperfective;perfective;imperative;infinitive,Ambiguity implies lossy rule reversal
he/she is attacking him/her,go[pres2],khthilek,False,present;present_1sg;imperfective;perfective;imperative;infinitive,Ambiguity implies lossy rule reversal
he/she is taking off his/her glasses,rev-e,akhthinvt,True,present;present_1sg;imperfective;perfective;imperative;infinitive,Ambiguity implies lossy rule reversal
he/she is taking off his/her glasses,rev-e,akhthinvt,True,present;present_1sg;imperfective;perfective;imperative;infinitive,Ambiguity implies lossy rule reversal
he/she is putting on glasses,hvsk-han,akhthinvt,True,present;present_1sg;imperfective;perfective;imperative;infinitive,Ambiguity implies lossy rule reversal
he/she is putting on glasses,hvsk-han,akhthinvt,True,present;present_1sg;imperfective;perfective;imperative;infinitive,Ambiguity implies lossy rule reversal
he/she is shelling corn,ih-vh,khtlh,False,present;present_1sg;imperfective;perfective;imperative;infinitive,Ambiguity implies lossy rule reversal
he/she is shelling corn,ih-vh,khtlh,False,present;present_1sg;imperfective;perfective;imperative;infinitive,Ambiguity implies lossy rule reversal
he/she is shelling corn,ih-vh,khtlh,False,present;present_1sg;imperfective;perfective;imperative;infinitive,Ambiguity implies lossy rule reversal
he/she is shelling corn,ih-vh,khtlh,False,present;present_1sg;imperfective;perfective;imperative;infinitive,Ambiguity implies lossy rule reversal
he/she is shelling corn,ih-vh[inf2],khtlh,True,present;present_1sg;imperfective;perfective;imperative;infinitive,Ambiguity implies lossy rule reversal
he/she is shelling corn,ih-vh[inf2],khtlh,True,present;present_1sg;imperfective;perfective;imperative;infinitive,Ambiguity implies lossy rule reversal
he/she is shelling corn,ih-vh[inf2],khtlh,True,present;present_1sg;imperfective;perfective;imperative;infinitive,Ambiguity implies lossy rule reversal
he/she is shelling corn,ih-vh[inf2],khtlh,True,present;present_1sg;imperfective;perfective;imperative;infinitive,Ambiguity implies lossy rule reversal
he/she is snoring,rev-gi,kwhala,True,present;present_1sg;imperfective;perfective;imperative;infinitive,Ambiguity implies lossy rule reversal
he/she is snoring,rev-gi,kwhala,True,present;present_1sg;imperfective;perfective;imperative;infinitive,Ambiguity implies lossy rule reversal
he/she is snoring,rev-gi,kwhala,True,present;present_1sg;imperfective;perfective;imperative;infinitive,Ambiguity implies lossy rule reversal
he/she is snoring,rev-gi,kwhala,True,present;present_1sg;imperfective;perfective;imperative;infinitive,Ambiguity implies lossy rule reversal
he/she is snoring,rev-gi,kwhala,True,present;present_1sg;imperfective;perfective;imperative;infinitive,Ambiguity implies lossy rule reversal
he/she is snoring,rev-gi,kwhala,True,present;present_1sg;imperfective;perfective;imperative;infinitive,Ambiguity implies lossy rule reversal
he/she is snoring,rev-gi,kwhala,True,present;present_1sg;imperfective;perfective;imperative;infinitive,Ambiguity implies lossy rule reversal
he/she is snoring,rev-gi,kwhala,True,present;present_1sg;imperfective;perfective;imperative;infinitive,Ambiguity implies lossy rule reversal
he/she is snoring,rev-i,kwhalak,True,present;present_1sg;imperfective;perfective;imperative;infinitive,Ambiguity implies lossy rule reversal
he/she is snoring,rev-i,kwhalak,True,present;present_1sg;imperfective;perfective;imperative;infinitive,Ambiguity implies lossy rule reversal
he/she is snoring,rev-i,kwhalak,True,present;present_1sg;imperfective;perfective;imperative;infinitive,Ambiguity implies lossy rule reversal
he/she is snoring,rev-i,kwhalak,True,present;present_1sg;imperfective;perfective;imperative;infinitive,Ambiguity implies lossy rule reversal
he/she is snoring,rev-i,kwhalak,True,present;present_1sg;imperfective;perfective;imperative;infinitive,Ambiguity implies lossy rule reversal
he/she is snoring,rev-i,kwhalak,True,present;present_1sg;imperfective;perfective;imperative;infinitive,Ambiguity implies lossy rule reversal
he/she is snoring,rev-i,kwhalak,True,present;present_1sg;imperfective;perfective;imperative;infinitive,Ambiguity implies lossy rule reversal
he/she is snoring,rev-i,kwhalak,True,present;present_1sg;imperfective;perfective;imperative;infinitive,Ambiguity implies lossy rule reversal
he/she is sprinkling it,vsk-post-v,kwhayo,False,present;present_1sg;imperfective;perfective;imperative;infinitive,Ambiguity implies lossy rule reversal
he/she is sprinkling it,vsk-post-v,kwhayo,False,present;present_1sg;imperfective;perfective;imperative;infinitive,Ambiguity implies lossy rule reversal
he/she is sprinkling it,vsk-post-v,kwhayo,False,present;present_1sg;imperfective;perfective;imperative;infinitive,Ambiguity implies lossy rule reversal
he/she is sprinkling it,vsk-post-v,kwhayo,False,present;present_1sg;imperfective;perfective;imperative;infinitive,Ambiguity implies lossy rule reversal
he/she is sprinkling it,vsk-post-v,kwhayo,False,present;present_1sg;imperfective;perfective;imperative;infinitive,Ambiguity implies lossy rule reversal
he/she is sprinkling it,vsk-post-v,kwhayo,False,present;present_1sg;imperfective;perfective;imperative;infinitive,Ambiguity implies lossy rule reversal
he/she is sprinkling it,vsk-post-v,kwhayo,False,present;present_1sg;imperfective;perfective;imperative;infinitive,Ambiguity implies lossy rule reversal
he/she is sprinkling it,vsk-post-v,kwhayo,False,present;present_1sg;imperfective;perfective;imperative;infinitive,Ambiguity implies lossy rule reversal
he/she is putting on shoes,hvsk-han,alahsul,True,present;present_1sg;imperfective;perfective;imperative;infinitive,Ambiguity implies lossy rule reversal
he/she is putting on shoes,hvsk-han,alahsul,True,present;present_1sg;imperfective;perfective;imperative;infinitive,Ambiguity implies lossy rule reversal
he/she is changing shoes,v-vhs,alahsula'iy,True,present;present_1sg;imperfective;perfective;imperative;infinitive,Ambiguity implies lossy rule reversal
he/she is changing shoes,v-vhs,alahsula'iy,True,present;present_1sg;imperfective;perfective;imperative;infinitive,Ambiguity implies lossy rule reversal
he/she is changing shoes,change-out,alahsula',True,present;present_1sg;imperfective;perfective;imperative;infinitive,Ambiguity implies lossy rule reversal
he/she is changing shoes,change-out,alahsula',True,present;present_1sg;imperfective;perfective;imperative;infinitive,Ambiguity implies lossy rule reversal
he/she is changing shoes,change-out-flexible,alahsul,True,present;present_1sg;imperfective;perfective;imperative;infinitive,Ambiguity implies lossy rule reversal
he/she is changing shoes,change-out-flexible,alahsul,True,present;present_1sg;imperfective;perfective;imperative;infinitive,Ambiguity implies lossy rule reversal
he/she is taking off his/her shoes,rev-e,alahsul,True,present;present_1sg;imperfective;perfective;imperative;infinitive,Ambiguity implies lossy rule reversal
he/she is taking off his/her shoes,rev-e,alahsul,True,present;present_1sg;imperfective;perfective;imperative;infinitive,Ambiguity implies lossy rule reversal
he/she is helping him/her up,cause,aleht,True,present;present_1sg;imperfective;perfective;imperative;infinitive,Ambiguity implies lossy rule reversal
he/she is helping him/her up,cause,aleht,True,present;present_1sg;imperfective;perfective;imperative;infinitive,Ambiguity implies lossy rule reversal
he/she is helping him/her up,cause[perf3],aleht,False,present;present_1sg;imperfective;perfective;imperative;infinitive,Ambiguity implies lossy rule reversal
he/she is helping him/her up,cause[perf3],aleht,False,present;present_1sg;imperfective;perfective;imperative;infinitive,Ambiguity implies lossy rule reversal
he/she is helping him/her up,cause[pres2],alehtih,False,present;present_1sg;imperfective;perfective;imperative;infinitive,Ambiguity implies lossy rule reversal
he/she is helping him/her up,cause[pres2],alehtih,False,present;present_1sg;imperfective;perfective;imperative;infinitive,Ambiguity implies lossy rule reversal
he/she is helping him/her up,cause[pres2-perf3],alehtih,False,present;present_1sg;imperfective;perfective;imperative;infinitive,Ambiguity implies lossy rule reversal
he/she is helping him/her up,cause[pres2-perf3],alehtih,False,present;present_1sg;imperfective;perfective;imperative;infinitive,Ambiguity implies lossy rule reversal
he/she is recuperating,cause[perf2],alehihs,True,present;present_1sg;imperfective;perfective;imperative;infinitive,Ambiguity implies lossy rule reversal
he/she is recuperating,cause[perf2],alehihs,True,present;present_1sg;imperfective;perfective;imperative;infinitive,Ambiguity implies lossy rule reversal
he/she is recuperating,cause[pres2-perf2],alehihsih,False,present;present_1sg;imperfective;perfective;imperative;infinitive,Ambiguity implies lossy rule reversal
he/she is recuperating,cause[pres2-perf2],alehihsih,False,present;present_1sg;imperfective;perfective;imperative;infinitive,Ambiguity implies lossy rule reversal
he/she is getting up,hvsk-nh,ale,True,present;present_1sg;imperfective;perfective;imperative;infinitive,Ambiguity implies lossy rule reversal
he/she is getting up,hvsk-nh,ale,True,present;present_1sg;imperfective;perfective;imperative;infinitive,Ambiguity implies lossy rule reversal
he/she is getting up,hvsk-nh[inf2],ale,False,present;present_1sg;imperfective;perfective;imperative;infinitive,Ambiguity implies lossy rule reversal
he/she is getting up,hvsk-nh[inf2],ale,False,present;present_1sg;imperfective;perfective;imperative;infinitive,Ambiguity implies lossy rule reversal
he/she is taking off his/her gloves,rev-e,aliyehsul,True,present;present_1sg;imperfective;perfective;imperative;infinitive,Ambiguity implies lossy rule reversal
he/she is taking off his/her gloves,rev-e,aliyehsul,True,present;present_1sg;imperfective;perfective;imperative;infinitive,Ambiguity implies lossy rule reversal
he/she is taking off his/her gloves,rev-e,yehsul,True,present;present_1sg;imperfective;perfective;imperative;infinitive,Ambiguity implies lossy rule reversal
he/she is taking off his/her gloves,rev-e,yehsul,True,present;present_1sg;imperfective;perfective;imperative;infinitive,Ambiguity implies lossy rule reversal
he/she is putting on his/her gloves,i-vka,aliyehsul,True,present;present_1sg;imperfective;perfective;imperative;infinitive,Ambiguity implies lossy rule reversal
he/she is putting on his/her gloves,i-vka,aliyehsul,True,present;present_1sg;imperfective;perfective;imperative;infinitive,Ambiguity implies lossy rule reversal
he/she is putting on his/her gloves,i-vka,yehsul,True,present;present_1sg;imperfective;perfective;imperative;infinitive,Ambiguity implies lossy rule reversal
he/she is putting on his/her gloves,i-vka,yehsul,True,present;present_1sg;imperfective;perfective;imperative;infinitive,Ambiguity implies lossy rule reversal
he/she is taking off his/her socks,rev-gi,aliyo,True,present;present_1sg;imperfective;perfective;imperative;infinitive,Ambiguity implies lossy rule reversal
he/she is taking off his/her socks,rev-gi,aliyo,True,present;present_1sg;imperfective;perfective;imperative;infinitive,Ambiguity implies lossy rule reversal
he/she is taking off his/her socks,rev-gi,yo,True,present;present_1sg;imperfective;perfective;imperative;infinitive,Ambiguity implies lossy rule reversal
he/she is taking off his/her socks,rev-gi,yo,True,present;present_1sg;imperfective;perfective;imperative;infinitive,Ambiguity implies lossy rule reversal
he/she is taking off his/her socks,rev-i,aliyok,True,present;present_1sg;imperfective;perfective;imperative;infinitive,Ambiguity implies lossy rule reversal
he/she is taking off his/her socks,rev-i,aliyok,True,present;present_1sg;imperfective;perfective;imperative;infinitive,Ambiguity implies lossy rule reversal
he/she is taking off his/her socks,rev-i,yok,True,present;present_1sg;imperfective;perfective;imperative;infinitive,Ambiguity implies lossy rule reversal
he/she is taking off his/her socks,rev-i,yok,True,present;present_1sg;imperfective;perfective;imperative;infinitive,Ambiguity implies lossy rule reversal
he/she is putting on his/her socks,hih-lh,aliyo,True,present;present_1sg;imperfective;perfective;imperative;infinitive,Ambiguity implies lossy rule reversal
he/she is putting on his/her socks,hih-lh,aliyo,True,present;present_1sg;imperfective;perfective;imperative;infinitive,Ambiguity implies lossy rule reversal
he/she is putting on his/her socks,hih-lh,yo,True,present;present_1sg;imperfective;perfective;imperative;infinitive,Ambiguity implies lossy rule reversal
he/she is putting on his/her socks,hih-lh,yo,True,present;present_1sg;imperfective;perfective;imperative;infinitive,Ambiguity implies lossy rule reversal
he/she is changing his/her socks,ih-vh[imperf2],aliyohs,False,present;present_1sg;imperfective;perfective;imperative;infinitive,Ambiguity implies lossy rule reversal
he/she is changing his/her socks,ih-vh[imperf2],aliyohs,False,present;present_1sg;imperfective;perfective;imperative;infinitive,Ambiguity implies lossy rule reversal
he/she is changing his/her socks,ih-vh[imperf2],yohs,False,present;present_1sg;imperfective;perfective;imperative;infinitive,Ambiguity implies lossy rule reversal
he/she is changing his/her socks,ih-vh[imperf2],yohs,False,present;present_1sg;imperfective;perfective;imperative;infinitive,Ambiguity implies lossy rule reversal
he/she is changing his/her socks,ih-vh[imperf2-inf2],aliyohs,True,present;present_1sg;imperfective;perfective;imperative;infinitive,Ambiguity implies lossy rule reversal
he/she is changing his/her socks,ih-vh[imperf2-inf2],aliyohs,True,present;present_1sg;imperfective;perfective;imperative;infinitive,Ambiguity implies lossy rule reversal
he/she is changing his/her socks,ih-vh[imperf2-inf2],yohs,True,present;present_1sg;imperfective;perfective;imperative;infinitive,Ambiguity implies lossy rule reversal
he/she is changing his/her socks,ih-vh[imperf2-inf2],yohs,True,present;present_1sg;imperfective;perfective;imperative;infinitive,Ambiguity implies lossy rule reversal
he/she is aiming at him/her,cause,alhsohst,True,present;present_1sg;imperfective;perfective;imperative;infinitive,Ambiguity implies lossy rule reversal
he/she is aiming at him/her,cause,alhsohst,True,present;present_1sg;imperfective;perfective;imperative;infinitive,Ambiguity implies lossy rule reversal
he/she is aiming at him/her,cause,hsohst,False,present;present_1sg;imperfective;perfective;imperative;infinitive,Ambiguity implies lossy rule reversal
he/she is aiming at him/her,cause,hsohst,False,present;present_1sg;imperfective;perfective;imperative;infinitive,Ambiguity implies lossy rule reversal
he/she is aiming at him/her,cause[perf3],alhsohst,False,present;present_1sg;imperfective;perfective;imperative;infinitive,Ambiguity implies lossy rule reversal
he/she is aiming at him/her,cause[perf3],alhsohst,False,present;present_1sg;imperfective;perfective;imperative;infinitive,Ambiguity implies lossy rule reversal
he/she is aiming at him/her,cause[perf3],hsohst,False,present;present_1sg;imperfective;perfective;imperative;infinitive,Ambiguity implies lossy rule reversal
he/she is aiming at him/her,cause[perf3],hsohst,False,present;present_1sg;imperfective;perfective;imperative;infinitive,Ambiguity implies lossy rule reversal
he/she is aiming at him/her,cause[pres2],alhsohstih,False,present;present_1sg;imperfective;perfective;imperative;infinitive,Ambiguity implies lossy rule reversal
he/she is aiming at him/her,cause[pres2],alhsohstih,False,present;present_1sg;imperfective;perfective;imperative;infinitive,Ambiguity implies lossy rule reversal
he/she is aiming at him/her,cause[pres2],hsohstih,False,present;present_1sg;imperfective;perfective;imperative;infinitive,Ambiguity implies lossy rule reversal
he/she is aiming at him/her,cause[pres2],hsohstih,False,present;present_1sg;imperfective;perfective;imperative;infinitive,Ambiguity implies lossy rule reversal
he/she is aiming at him/her,cause[pres2-perf3],alhsohstih,False,present;present_1sg;imperfective;perfective;imperative;infinitive,Ambiguity implies lossy rule reversal
he/she is aiming at him/her,cause[pres2-perf3],alhsohstih,False,present;present_1sg;imperfective;perfective;imperative;infinitive,Ambiguity implies lossy rule reversal
he/she is aiming at him/her,cause[pres2-perf3],hsohstih,False,present;present_1sg;imperfective;perfective;imperative;infinitive,Ambiguity implies lossy rule reversal
he/she is aiming at him/her,cause[pres2-perf3],hsohstih,False,present;present_1sg;imperfective;perfective;imperative;infinitive,Ambiguity implies lossy rule reversal
he/she is playing with him/her,cause,anelht,True,present;present_1sg;imperfective;perfective;imperative;infinitive,Ambiguity implies lossy rule reversal
he/she is playing with him/her,cause,anelht,True,present;present_1sg;imperfective;perfective;imperative;infinitive,Ambiguity implies lossy rule reversal
he/she is playing with him/her,cause[perf3],anelht,False,present;present_1sg;imperfective;perfective;imperative;infinitive,Ambiguity implies lossy rule reversal
he/she is playing with him/her,cause[perf3],anelht,False,present;present_1sg;imperfective;perfective;imperative;infinitive,Ambiguity implies lossy rule reversal
he/she is playing with him/her,cause[pres2],anelhtih,False,present;present_1sg;imperfective;perfective;imperative;infinitive,Ambiguity implies lossy rule reversal
he/she is playing with him/her,cause[pres2],anelhtih,False,present;present_1sg;imperfective;perfective;imperative;infinitive,Ambiguity implies lossy rule reversal
he/she is playing with him/her,cause[pres2-perf3],anelhtih,False,present;present_1sg;imperfective;perfective;imperative;infinitive,Ambiguity implies lossy rule reversal
he/she is playing with him/her,cause[pres2-perf3],anelhtih,False,present;present_1sg;imperfective;perfective;imperative;infinitive,Ambiguity implies lossy rule reversal
he/she is playing,hvsk-nh[inf2],anelo,True,present;present_1sg;imperfective;perfective;imperative;infinitive,Ambiguity implies lossy rule reversal
he/she is playing,hvsk-nh[inf2],anelo,True,present;present_1sg;imperfective;perfective;imperative;infinitive,Ambiguity implies lossy rule reversal
he/she is shooting at him/her,hih-lh[imp2],hstayo,True,present;present_1sg;imperfective;perfective;imperative;infinitive,Ambiguity implies lossy rule reversal
he/she is shooting at him/her,hih-lh[imp2],hstayo,True,present;present_1sg;imperfective;perfective;imperative;infinitive,Ambiguity implies lossy rule reversal
he/she is shooting at him/her,hih-lh[imp2],hstayo,True,present;present_1sg;imperfective;perfective;imperative;infinitive,Ambiguity implies lossy rule reversal
he/she is shooting at him/her,hih-lh[imp2],hstayo,True,present;present_1sg;imperfective;perfective;imperative;infinitive,Ambiguity implies lossy rule reversal
he/she is shooting at him/her,hih-lh[imp2],hstayo,True,present;present_1sg;imperfective;perfective;imperative;infinitive,Ambiguity implies lossy rule reversal
he/she is shooting at him/her,hih-lh[imp2],hstayo,True,present;present_1sg;imperfective;perfective;imperative;infinitive,Ambiguity implies lossy rule reversal
he/she is shooting at him/her,hih-lh[imp2],hstayo,True,present;present_1sg;imperfective;perfective;imperative;infinitive,Ambiguity implies lossy rule reversal
he/she is shooting at him/her,hih-lh[imp2],hstayo,True,present;present_1sg;imperfective;perfective;imperative;infinitive,Ambiguity implies lossy rule reversal
he/she is splitting it,sk-h,hstlu,False,present;present_1sg;imperfective;perfective;imperative;infinitive,Ambiguity implies lossy rule reversal
he/she is splitting it,sk-h,hstlu,False,present;present_1sg;imperfective;perfective;imperative;infinitive,Ambiguity implies lossy rule reversal
he/she is splitting it,sk-h,hstlu,False,present;present_1sg;imperfective;perfective;imperative;infinitive,Ambiguity implies lossy rule reversal
he/she is splitting it,sk-h,hstlu,False,present;present_1sg;imperfective;perfective;imperative;infinitive,Ambiguity implies lossy rule reversal
he/she is splitting it,sk-h,hstlu,False,present;present_1sg;imperfective;perfective;imperative;infinitive,Ambiguity implies lossy rule reversal
he/she is splitting it,sk-h,hstlu,False,present;present_1sg;imperfective;perfective;imperative;infinitive,Ambiguity implies lossy rule reversal
he/she is splitting it,sk-h,hstlu,False,present;present_1sg;imperfective;perfective;imperative;infinitive,Ambiguity implies lossy rule reversal
he/she is splitting it,sk-h,hstlu,False,present;present_1sg;imperfective;perfective;imperative;infinitive,Ambiguity implies lossy rule reversal
he/she is splitting it,sk-h-yh,hstlu,True,present;present_1sg;imperfective;perfective;imperative;infinitive,Ambiguity implies lossy rule reversal
he/she is splitting it,sk-h-yh,hstlu,True,present;present_1sg;imperfective;perfective;imperative;infinitive,Ambiguity implies lossy rule reversal
he/she is splitting it,sk-h-yh,hstlu,True,present;present_1sg;imperfective;perfective;imperative;infinitive,Ambiguity implies lossy rule reversal
he/she is splitting it,sk-h-yh,hstlu,True,present;present_1sg;imperfective;perfective;imperative;infinitive,Ambiguity implies lossy rule reversal
he/she is splitting it,sk-h-yh,hstlu,True,present;present_1sg;imperfective;perfective;imperative;infinitive,Ambiguity implies lossy rule reversal
he/she is splitting it,sk-h-yh,hstlu,True,present;present_1sg;imperfective;perfective;imperative;infinitive,Ambiguity implies lossy rule reversal
he/she is splitting it,sk-h-yh,hstlu,True,present;present_1sg;imperfective;perfective;imperative;infinitive,Ambiguity implies lossy rule reversal
he/she is splitting it,sk-h-yh,hstlu,True,present;present_1sg;imperfective;perfective;imperative;infinitive,Ambiguity implies lossy rule reversal
he/she is splitting it,sk-h[imp2],hstlu,False,present;present_1sg;imperfective;perfective;imperative;infinitive,Ambiguity implies lossy rule reversal
he/she is splitting it,sk-h[imp2],hstlu,False,present;present_1sg;imperfective;perfective;imperative;infinitive,Ambiguity implies lossy rule reversal
he/she is splitting it,sk-h[imp2],hstlu,False,present;present_1sg;imperfective;perfective;imperative;infinitive,Ambiguity implies lossy rule reversal
he/she is splitting it,sk-h[imp2],hstlu,False,present;present_1sg;imperfective;perfective;imperative;infinitive,Ambiguity implies lossy rule reversal
he/she is splitting it,sk-h[imp2],hstlu,False,present;present_1sg;imperfective;perfective;imperative;infinitive,Ambiguity implies lossy rule reversal
he/she is splitting it,sk-h[imp2],hstlu,False,present;present_1sg;imperfective;perfective;imperative;infinitive,Ambiguity implies lossy rule reversal
he/she is splitting it,sk-h[imp2],hstlu,False,present;present_1sg;imperfective;perfective;imperative;infinitive,Ambiguity implies lossy rule reversal
he/she is splitting it,sk-h[imp2],hstlu,False,present;present_1sg;imperfective;perfective;imperative;infinitive,Ambiguity implies lossy rule reversal
he/she is sprinkling it,i-a-i,hstutl,True,present;present_1sg;imperfective;perfective;imperative;infinitive,Ambiguity implies lossy rule reversal
he/she is sprinkling it,i-a-i,hstutl,True,present;present_1sg;imperfective;perfective;imperative;infinitive,Ambiguity implies lossy rule reversal
he/she is sprinkling it,i-a-i,hstutl,True,present;present_1sg;imperfective;perfective;imperative;infinitive,Ambiguity implies lossy rule reversal
he/she is sprinkling it,i-a-i,hstutl,True,present;present_1sg;imperfective;perfective;imperative;infinitive,Ambiguity implies lossy rule reversal
he/she is sprinkling it,i-a-i,hstutl,True,present;present_1sg;imperfective;perfective;imperative;infinitive,Ambiguity implies lossy rule reversal
he/she is sprinkling it,i-a-i,hstutl,True,present;present_1sg;imperfective;perfective;imperative;infinitive,Ambiguity implies lossy rule reversal
he/she is sprinkling it,i-a-i,hstutl,True,present;present_1sg;imperfective;perfective;imperative;infinitive,Ambiguity implies lossy rule reversal
he/she is sprinkling it,i-a-i,hstutl,True,present;present_1sg;imperfective;perfective;imperative;infinitive,Ambiguity implies lossy rule reversal
he/she is counting it,hih-lh,ahse,True,present;present_1sg;imperfective;perfective;imperative;infinitive,Ambiguity implies lossy rule reversal
he/she is counting it,hih-lh,ahse,True,present;present_1sg;imperfective;perfective;imperative;infinitive,Ambiguity implies lossy rule reversal
he/she is cursing him/her,i-a-i,hskinat,True,present;present_1sg;imperfective;perfective;imperative;infinitive,Ambiguity implies lossy rule reversal
he/she is cursing him/her,i-a-i,hskinat,True,present;present_1sg;imperfective;perfective;imperative;infinitive,Ambiguity implies lossy rule reversal
he/she is cursing him/her,i-a-i,hskinat,True,present;present_1sg;imperfective;perfective;imperative;infinitive,Ambiguity implies lossy rule reversal
he/she is cursing him/her,i-a-i,hskinat,True,present;present_1sg;imperfective;perfective;imperative;infinitive,Ambiguity implies lossy rule reversal
he/she is cursing him/her,i-a-i,hskinat,True,present;present_1sg;imperfective;perfective;imperative;infinitive,Ambiguity implies lossy rule reversal
he/she is cursing him/her,i-a-i,hskinat,True,present;present_1sg;imperfective;perfective;imperative;infinitive,Ambiguity implies lossy rule reversal
he/she is cursing him/her,i-a-i,hskinat,True,present;present_1sg;imperfective;perfective;imperative;infinitive,Ambiguity implies lossy rule reversal
he/she is cursing him/her,i-a-i,hskinat,True,present;present_1sg;imperfective;perfective;imperative;infinitive,Ambiguity implies lossy rule reversal
he/she is cursing him/her,long,hskin,True,present;present_1sg;imperfective;perfective;imperative;infinitive,Ambiguity implies lossy rule reversal
he/she is cursing him/her,long,hskin,True,present;present_1sg;imperfective;perfective;imperative;infinitive,Ambiguity implies lossy rule reversal
he/she is cursing him/her,long,hskin,True,present;present_1sg;imperfective;perfective;imperative;infinitive,Ambiguity implies lossy rule reversal
he/she is cursing him/her,long,hskin,True,present;present_1sg;imperfective;perfective;imperative;infinitive,Ambiguity implies lossy rule reversal
he/she is cursing him/her,long,hskin,True,present;present_1sg;imperfective;perfective;imperative;infinitive,Ambiguity implies lossy rule reversal
he/she is cursing him/her,long,hskin,True,present;present_1sg;imperfective;perfective;imperative;infinitive,Ambiguity implies lossy rule reversal
he/she is cursing him/her,long,hskin,True,present;present_1sg;imperfective;perfective;imperative;infinitive,Ambiguity implies lossy rule reversal
he/she is cursing him/her,long,hskin,True,present;present_1sg;imperfective;perfective;imperative;infinitive,Ambiguity implies lossy rule reversal
he/she is cursing him/her,long-no-a,hskina,True,present;present_1sg;imperfective;perfective;imperative;infinitive,Ambiguity implies lossy rule reversal
he/she is cursing him/her,long-no-a,hskina,True,present;present_1sg;imperfective;perfective;imperative;infinitive,Ambiguity implies lossy rule reversal
he/she is cursing him/her,long-no-a,hskina,True,present;present_1sg;imperfective;perfective;imperative;infinitive,Ambiguity implies lossy rule reversal
he/she is cursing him/her,long-no-a,hskina,True,present;present_1sg;imperfective;perfective;imperative;infinitive,Ambiguity implies lossy rule reversal
he/she is cursing him/her,long-no-a,hskina,True,present;present_1sg;imperfective;perfective;imperative;infinitive,Ambiguity implies lossy rule reversal
he/she is cursing him/her,long-no-a,hskina,True,present;present_1sg;imperfective;perfective;imperative;infinitive,Ambiguity implies lossy rule reversal
he/she is cursing him/her,long-no-a,hskina,True,present;present_1sg;imperfective;perfective;imperative;infinitive,Ambiguity implies lossy rule reversal
he/she is cursing him/her,long-no-a,hskina,True,present;present_1sg;imperfective;perfective;imperative;infinitive,Ambiguity implies lossy rule reversal
he/she is clapping his/her hands,ih-l,ahsihthvn,True,present;present_1sg;imperfective;perfective;imperative;infinitive,Ambiguity implies lossy rule reversal
he/she is clapping his/her hands,ih-l,ahsihthvn,True,present;present_1sg;imperfective;perfective;imperative;infinitive,Ambiguity implies lossy rule reversal
he/she is clapping his/her hands,ih-l[inf2],ahsihthvn,False,present;present_1sg;imperfective;perfective;imperative;infinitive,Ambiguity implies lossy rule reversal
he/she is clapping his/her hands,ih-l[inf2],ahsihthvn,False,present;present_1sg;imperfective;perfective;imperative;infinitive,Ambiguity implies lossy rule reversal
he/she is clapping his/her hands,hitting,ahsihth,True,present;present_1sg;imperfective;perfective;imperative;infinitive,Ambiguity implies lossy rule reversal
he/she is clapping his/her hands,hitting,ahsihth,True,present;present_1sg;imperfective;perfective;imperative;infinitive,Ambiguity implies lossy rule reversal
he/she is getting exhausted,sk-s-hi-hihst,ahsthaye,True,present;present_1sg;imperfective;perfective;imperative;infinitive,Ambiguity implies lossy rule reversal
he/she is getting exhausted,sk-s-hi-hihst,ahsthaye,True,present;present_1sg;imperfective;perfective;imperative;infinitive,Ambiguity implies lossy rule reversal
he/she is getting exhausted,sk-s-hst[imp2],ahsthaye,False,present;present_1sg;imperfective;perfective;imperative;infinitive,Ambiguity implies lossy rule reversal
he/she is getting exhausted,sk-s-hst[imp2],ahsthaye,False,present;present_1sg;imperfective;perfective;imperative;infinitive,Ambiguity implies lossy rule reversal
he/she is getting exhausted,sk-s-hst,ahsthaye,False,present;present_1sg;imperfective;perfective;imperative;infinitive,Ambiguity implies lossy rule reversal
he/she is getting exhausted,sk-s-hst,ahsthaye,False,present;present_1sg;imperfective;perfective;imperative;infinitive,Ambiguity implies lossy rule reversal
it’s barking,sk-s-hst,ahsuwhi,False,present;present_1sg;imperfective;perfective;imperative;infinitive,Ambiguity implies lossy rule reversal
it’s barking,sk-s-hst,ahsuwhi,False,present;present_1sg;imperfective;perfective;imperative;infinitive,Ambiguity implies lossy rule reversal
it’s barking,i-a-ihsk,ahsuwh,True,present;present_1sg;imperfective;perfective;imperative;infinitive,Ambiguity implies lossy rule reversal
it’s barking,i-a-ihsk,ahsuwh,True,present;present_1sg;imperfective;perfective;imperative;infinitive,Ambiguity implies lossy rule reversal
he/she is scheduling a time,cause,hsvhst,True,present;present_1sg;imperfective;perfective;imperative;infinitive,Ambiguity implies lossy rule reversal
he/she is scheduling a time,cause,hsvhst,True,present;present_1sg;imperfective;perfective;imperative;infinitive,Ambiguity implies lossy rule reversal
he/she is scheduling a time,cause,hsvhst,True,present;present_1sg;imperfective;perfective;imperative;infinitive,Ambiguity implies lossy rule reversal
he/she is scheduling a time,cause,hsvhst,True,present;present_1sg;imperfective;perfective;imperative;infinitive,Ambiguity implies lossy rule reversal
he/she is scheduling a time,cause,hsvhst,True,present;present_1sg;imperfective;perfective;imperative;infinitive,Ambiguity implies lossy rule reversal
he/she is scheduling a time,cause,hsvhst,True,present;present_1sg;imperfective;perfective;imperative;infinitive,Ambiguity implies lossy rule reversal
he/she is scheduling a time,cause,hsvhst,True,present;present_1sg;imperfective;perfective;imperative;infinitive,Ambiguity implies lossy rule reversal
he/she is scheduling a time,cause,hsvhst,True,present;present_1sg;imperfective;perfective;imperative;infinitive,Ambiguity implies lossy rule reversal
he/she is scheduling a time,cause[perf3],hsvhst,False,present;present_1sg;imperfective;perfective;imperative;infinitive,Ambiguity implies lossy rule reversal
he/she is scheduling a time,cause[perf3],hsvhst,False,present;present_1sg;imperfective;perfective;imperative;infinitive,Ambiguity implies lossy rule reversal
he/she is scheduling a time,cause[perf3],hsvhst,False,present;present_1sg;imperfective;perfective;imperative;infinitive,Ambiguity implies lossy rule reversal
he/she is scheduling a time,cause[perf3],hsvhst,False,present;present_1sg;imperfective;perfective;imperative;infinitive,Ambiguity implies lossy rule reversal
he/she is scheduling a time,cause[perf3],hsvhst,False,present;present_1sg;imperfective;perfective;imperative;infinitive,Ambiguity implies lossy rule reversal
he/she is scheduling a time,cause[perf3],hsvhst,False,present;present_1sg;imperfective;perfective;imperative;infinitive,Ambiguity implies lossy rule reversal
he/she is scheduling a time,cause[perf3],hsvhst,False,present;present_1sg;imperfective;perfective;imperative;infinitive,Ambiguity implies lossy rule reversal
he/she is scheduling a time,cause[perf3],hsvhst,False,present;present_1sg;imperfective;perfective;imperative;infinitive,Ambiguity implies lossy rule reversal
he/she is scheduling a time,cause[pres2],hsvhstih,False,present;present_1sg;imperfective;perfective;imperative;infinitive,Ambiguity implies lossy rule reversal
he/she is scheduling a time,cause[pres2],hsvhstih,False,present;present_1sg;imperfective;perfective;imperative;infinitive,Ambiguity implies lossy rule reversal
he/she is scheduling a time,cause[pres2],hsvhstih,False,present;present_1sg;imperfective;perfective;imperative;infinitive,Ambiguity implies lossy rule reversal
he/she is scheduling a time,cause[pres2],hsvhstih,False,present;present_1sg;imperfective;perfective;imperative;infinitive,Ambiguity implies lossy rule reversal
he/she is scheduling a time,cause[pres2],hsvhstih,False,present;present_1sg;imperfective;perfective;imperative;infinitive,Ambiguity implies lossy rule reversal
he/she is scheduling a time,cause[pres2],hsvhstih,False,present;present_1sg;imperfective;perfective;imperative;infinitive,Ambiguity implies lossy rule reversal
he/she is scheduling a time,cause[pres2],hsvhstih,False,present;present_1sg;imperfective;perfective;imperative;infinitive,Ambiguity implies lossy rule reversal
he/she is scheduling a time,cause[pres2],hsvhstih,False,present;present_1sg;imperfective;perfective;imperative;infinitive,Ambiguity implies lossy rule reversal
he/she is scheduling a time,cause[pres2-perf3],hsvhstih,False,present;present_1sg;imperfective;perfective;imperative;infinitive,Ambiguity implies lossy rule reversal
he/she is scheduling a time,cause[pres2-perf3],hsvhstih,False,present;present_1sg;imperfective;perfective;imperative;infinitive,Ambiguity implies lossy rule reversal
he/she is scheduling a time,cause[pres2-perf3],hsvhstih,False,present;present_1sg;imperfective;perfective;imperative;infinitive,Ambiguity implies lossy rule reversal
he/she is scheduling a time,cause[pres2-perf3],hsvhstih,False,present;present_1sg;imperfective;perfective;imperative;infinitive,Ambiguity implies lossy rule reversal
he/she is scheduling a time,cause[pres2-perf3],hsvhstih,False,present;present_1sg;imperfective;perfective;imperative;infinitive,Ambiguity implies lossy rule reversal
he/she is scheduling a time,cause[pres2-perf3],hsvhstih,False,present;present_1sg;imperfective;perfective;imperative;infinitive,Ambiguity implies lossy rule reversal
he/she is scheduling a time,cause[pres2-perf3],hsvhstih,False,present;present_1sg;imperfective;perfective;imperative;infinitive,Ambiguity implies lossy rule reversal
he/she is scheduling a time,cause[pres2-perf3],hsvhstih,False,present;present_1sg;imperfective;perfective;imperative;infinitive,Ambiguity implies lossy rule reversal
he/she is releasing him/her,sk-s-hi-hihst,yo,True,present;present_1sg;imperfective;perfective;imperative;infinitive,Ambiguity implies lossy rule reversal
he/she is releasing him/her,sk-s-hi-hihst,yo,True,present;present_1sg;imperfective;perfective;imperative;infinitive,Ambiguity implies lossy rule reversal
he/she is releasing him/her,sk-s-hi-hihst,yo,True,present;present_1sg;imperfective;perfective;imperative;infinitive,Ambiguity implies lossy rule reversal
he/she is releasing him/her,sk-s-hi-hihst,yo,True,present;present_1sg;imperfective;perfective;imperative;infinitive,Ambiguity implies lossy rule reversal
he/she is releasing him/her,sk-s-hst[imp2],yo,False,present;present_1sg;imperfective;perfective;imperative;infinitive,Ambiguity implies lossy rule reversal
he/she is releasing him/her,sk-s-hst[imp2],yo,False,present;present_1sg;imperfective;perfective;imperative;infinitive,Ambiguity implies lossy rule reversal
he/she is releasing him/her,sk-s-hst[imp2],yo,False,present;present_1sg;imperfective;perfective;imperative;infinitive,Ambiguity implies lossy rule reversal
he/she is releasing him/her,sk-s-hst[imp2],yo,False,present;present_1sg;imperfective;perfective;imperative;infinitive,Ambiguity implies lossy rule reversal
he/she is releasing him/her,sk-s-hst,yo,False,present;present_1sg;imperfective;perfective;imperative;infinitive,Ambiguity implies lossy rule reversal
he/she is releasing him/her,sk-s-hst,yo,False,present;present_1sg;imperfective;perfective;imperative;infinitive,Ambiguity implies lossy rule reversal
he/she is releasing him/her,sk-s-hst,yo,False,present;present_1sg;imperfective;perfective;imperative;infinitive,Ambiguity implies lossy rule reversal
he/she is releasing him/her,sk-s-hst,yo,False,present;present_1sg;imperfective;perfective;imperative;infinitive,Ambiguity implies lossy rule reversal
he/she is slamming him/her,cause,lvtvnihst,True,present;present_1sg;imperfective;perfective;imperative;infinitive,Ambiguity implies lossy rule reversal
he/she is slamming him/her,cause,lvtvnihst,True,present;present_1sg;imperfective;perfective;imperative;infinitive,Ambiguity implies lossy rule reversal
he/she is slamming him/her,cause,lvtvnihst,False,present;present_1sg;imperfective;perfective;imperative;infinitive,Ambiguity implies lossy rule reversal
he/she is slamming him/her,cause,lvtvnihst,False,present;present_1sg;imperfective;perfective;imperative;infinitive,Ambiguity implies lossy rule reversal
he/she is slamming him/her,cause,lvtvnihst,True,present;present_1sg;imperfective;perfective;imperative;infinitive,Ambiguity implies lossy rule reversal
he/she is slamming him/her,cause,lvtvnihst,True,present;present_1sg;imperfective;perfective;imperative;infinitive,Ambiguity implies lossy rule reversal
he/she is slamming him/her,cause,lvtvnihst,False,present;present_1sg;imperfective;perfective;imperative;infinitive,Ambiguity implies lossy rule reversal
he/she is slamming him/her,cause,lvtvnihst,False,present;present_1sg;imperfective;perfective;imperative;infinitive,Ambiguity implies lossy rule reversal
he/she is slamming him/her,cause[perf3],lvtvnihst,False,present;present_1sg;imperfective;perfective;imperative;infinitive,Ambiguity implies lossy rule reversal
he/she is slamming him/her,cause[perf3],lvtvnihst,False,present;present_1sg;imperfective;perfective;imperative;infinitive,Ambiguity implies lossy rule reversal
he/she is slamming him/her,cause[perf3],lvtvnihst,False,present;present_1sg;imperfective;perfective;imperative;infinitive,Ambiguity implies lossy rule reversal
he/she is slamming him/her,cause[perf3],lvtvnihst,False,present;present_1sg;imperfective;perfective;imperative;infinitive,Ambiguity implies lossy rule reversal
he/she is slamming him/her,cause[perf3],lvtvnihst,False,present;present_1sg;imperfective;perfective;imperative;infinitive,Ambiguity implies lossy rule reversal
he/she is slamming him/her,cause[perf3],lvtvnihst,False,present;present_1sg;imperfective;perfective;imperative;infinitive,Ambiguity implies lossy rule reversal
he/she is slamming him/her,cause[perf3],lvtvnihst,False,present;present_1sg;imperfective;perfective;imperative;infinitive,Ambiguity implies lossy rule reversal
he/she is slamming him/her,cause[perf3],lvtvnihst,False,present;present_1sg;imperfective;perfective;imperative;infinitive,Ambiguity implies lossy rule reversal
he/she is slamming him/her,cause[pres2],lvtvnihstih,False,present;present_1sg;imperfective;perfective;imperative;infinitive,Ambiguity implies lossy rule reversal
he/she is slamming him/her,cause[pres2],lvtvnihstih,False,present;present_1sg;imperfective;perfective;imperative;infinitive,Ambiguity implies lossy rule reversal
he/she is slamming him/her,cause[pres2],lvtvnihstih,False,present;present_1sg;imperfective;perfective;imperative;infinitive,Ambiguity implies lossy rule reversal
he/she is slamming him/her,cause[pres2],lvtvnihstih,False,present;present_1sg;imperfective;perfective;imperative;infinitive,Ambiguity implies lossy rule reversal
he/she is slamming him/her,cause[pres2],lvtvnihstih,False,present;present_1sg;imperfective;perfective;imperative;infinitive,Ambiguity implies lossy rule reversal
he/she is slamming him/her,cause[pres2],lvtvnihstih,False,present;present_1sg;imperfective;perfective;imperative;infinitive,Ambiguity implies lossy rule reversal
he/she is slamming him/her,cause[pres2],lvtvnihstih,False,present;present_1sg;imperfective;perfective;imperative;infinitive,Ambiguity implies lossy rule reversal
he/she is slamming him/her,cause[pres2],lvtvnihstih,False,present;present_1sg;imperfective;perfective;imperative;infinitive,Ambiguity implies lossy rule reversal
he/she is slamming him/her,cause[pres2-perf3],lvtvnihstih,False,present;present_1sg;imperfective;perfective;imperative;infinitive,Ambiguity implies lossy rule reversal
he/she is slamming him/her,cause[pres2-perf3],lvtvnihstih,False,present;present_1sg;imperfective;perfective;imperative;infinitive,Ambiguity implies lossy rule reversal
he/she is slamming him/her,cause[pres2-perf3],lvtvnihstih,False,present;present_1sg;imperfective;perfective;imperative;infinitive,Ambiguity implies lossy rule reversal
he/she is slamming him/her,cause[pres2-perf3],lvtvnihstih,False,present;present_1sg;imperfective;perfective;imperative;infinitive,Ambiguity implies lossy rule reversal
he/she is slamming him/her,cause[pres2-perf3],lvtvnihstih,False,present;present_1sg;imperfective;perfective;imperative;infinitive,Ambiguity implies lossy rule reversal
he/she is slamming him/her,cause[pres2-perf3],lvtvnihstih,False,present;present_1sg;imperfective;perfective;imperative;infinitive,Ambiguity implies lossy rule reversal
he/she is slamming him/her,cause[pres2-perf3],lvtvnihstih,False,present;present_1sg;imperfective;perfective;imperative;infinitive,Ambiguity implies lossy rule reversal
he/she is slamming him/her,cause[pres2-perf3],lvtvnihstih,False,present;present_1sg;imperfective;perfective;imperative;infinitive,Ambiguity implies lossy rule reversal
he/she is crossing,sk-s-hi-hihst,natiw,True,present;present_1sg;imperfective;perfective;imperative;infinitive,Ambiguity implies lossy rule reversal
he/she is crossing,sk-s-hi-hihst,natiw,True,present;present_1sg;imperfective;perfective;imperative;infinitive,Ambiguity implies lossy rule reversal
he/she is crossing,sk-s-hi-hihst,natiw,False,present;present_1sg;imperfective;perfective;imperative;infinitive,Ambiguity implies lossy rule reversal
he/she is crossing,sk-s-hi-hihst,natiw,False,present;present_1sg;imperfective;perfective;imperative;infinitive,Ambiguity implies lossy rule reversal
he/she is crossing,sk-s-hi-hihst,natiw,True,present;present_1sg;imperfective;perfective;imperative;infinitive,Ambiguity implies lossy rule reversal
he/she is crossing,sk-s-hi-hihst,natiw,True,present;present_1sg;imperfective;perfective;imperative;infinitive,Ambiguity implies lossy rule reversal
he/she is crossing,sk-s-hi-hihst,natiw,False,present;present_1sg;imperfective;perfective;imperative;infinitive,Ambiguity implies lossy rule reversal
he/she is crossing,sk-s-hi-hihst,natiw,False,present;present_1sg;imperfective;perfective;imperative;infinitive,Ambiguity implies lossy rule reversal
he/she is advertising it,hvsk-han,notsal,True,present;present_1sg;imperfective;perfective;imperative;infinitive,Ambiguity implies lossy rule reversal
he/she is advertising it,hvsk-han,notsal,True,present;present_1sg;imperfective;perfective;imperative;infinitive,Ambiguity implies lossy rule reversal
he/she is advertising it,hvsk-han,notsal,False,present;present_1sg;imperfective;perfective;imperative;infinitive,Ambiguity implies lossy rule reversal
he/she is advertising it,hvsk-han,notsal,False,present;present_1sg;imperfective;perfective;imperative;infinitive,Ambiguity implies lossy rule reversal
he/she is advertising it,hvsk-han,notsal,True,present;present_1sg;imperfective;perfective;imperative;infinitive,Ambiguity implies lossy rule reversal
he/she is advertising it,hvsk-han,notsal,True,present;present_1sg;imperfective;perfective;imperative;infinitive,Ambiguity implies lossy rule reversal
he/she is advertising it,hvsk-han,notsal,False,present;present_1sg;imperfective;perfective;imperative;infinitive,Ambiguity implies lossy rule reversal
he/she is advertising it,hvsk-han,notsal,False,present;present_1sg;imperfective;perfective;imperative;infinitive,Ambiguity implies lossy rule reversal
he/she is crossing it,become,hsoh,False,present;present_1sg;imperfective;perfective;imperative;infinitive,Ambiguity implies lossy rule reversal
he/she is crossing it,become,hsoh,False,present;present_1sg;imperfective;perfective;imperative;infinitive,Ambiguity implies lossy rule reversal
he/she is crossing it,become,hsoh,False,present;present_1sg;imperfective;perfective;imperative;infinitive,Ambiguity implies lossy rule reversal
he/she is crossing it,become,hsoh,False,present;present_1sg;imperfective;perfective;imperative;infinitive,Ambiguity implies lossy rule reversal
he/she is crossing it,become,hsoh,False,present;present_1sg;imperfective;perfective;imperative;infinitive,Ambiguity implies lossy rule reversal
he/she is crossing it,become,hsoh,False,present;present_1sg;imperfective;perfective;imperative;infinitive,Ambiguity implies lossy rule reversal
he/she is crossing it,become,hsoh,False,present;present_1sg;imperfective;perfective;imperative;infinitive,Ambiguity implies lossy rule reversal
he/she is crossing it,become,hsoh,False,present;present_1sg;imperfective;perfective;imperative;infinitive,Ambiguity implies lossy rule reversal
he/she is crossing it,become[inf4],hsoh,True,present;present_1sg;imperfective;perfective;imperative;infinitive,Ambiguity implies lossy rule reversal
he/she is crossing it,become[inf4],hsoh,True,present;present_1sg;imperfective;perfective;imperative;infinitive,Ambiguity implies lossy rule reversal
he/she is crossing it,become[inf4],hsoh,True,present;present_1sg;imperfective;perfective;imperative;infinitive,Ambiguity implies lossy rule reversal
he/she is crossing it,become[inf4],hsoh,True,present;present_1sg;imperfective;perfective;imperative;infinitive,Ambiguity implies lossy rule reversal
he/she is crossing it,become[inf4],hsoh,False,present;present_1sg;imperfective;perfective;imperative;infinitive,Ambiguity implies lossy rule reversal
he/she is crossing it,become[inf4],hsoh,False,present;present_1sg;imperfective;perfective;imperative;infinitive,Ambiguity implies lossy rule reversal
he/she is crossing it,become[inf4],hsoh,False,present;present_1sg;imperfective;perfective;imperative;infinitive,Ambiguity implies lossy rule reversal
he/she is crossing it,become[inf4],hsoh,False,present;present_1sg;imperfective;perfective;imperative;infinitive,Ambiguity implies lossy rule reversal
he/she is explaining it,cause[perf2],ohsihs,True,present;present_1sg;imperfective;perfective;imperative;infinitive,Ambiguity implies lossy rule reversal
he/she is explaining it,cause[perf2],ohsihs,True,present;present_1sg;imperfective;perfective;imperative;infinitive,Ambiguity implies lossy rule reversal
he/she is explaining it,cause[pres2-perf2],ohsihsih,False,present;present_1sg;imperfective;perfective;imperative;infinitive,Ambiguity implies lossy rule reversal
he/she is explaining it,cause[pres2-perf2],ohsihsih,False,present;present_1sg;imperfective;perfective;imperative;infinitive,Ambiguity implies lossy rule reversal
he/she is deciding,cause,ukht,True,present;present_1sg;imperfective;perfective;imperative;infinitive,Ambiguity implies lossy rule reversal
he/she is deciding,cause,ukht,True,present;present_1sg;imperfective;perfective;imperative;infinitive,Ambiguity implies lossy rule reversal
he/she is deciding,cause[perf3],ukht,False,present;present_1sg;imperfective;perfective;imperative;infinitive,Ambiguity implies lossy rule reversal
he/she is deciding,cause[perf3],ukht,False,present;present_1sg;imperfective;perfective;imperative;infinitive,Ambiguity implies lossy rule reversal
he/she is deciding,cause[pres2],ukhtih,False,present;present_1sg;imperfective;perfective;imperative;infinitive,Ambiguity implies lossy rule reversal
he/she is deciding,cause[pres2],ukhtih,False,present;present_1sg;imperfective;perfective;imperative;infinitive,Ambiguity implies lossy rule reversal
he/she is deciding,cause[pres2-perf3],ukhtih,False,present;present_1sg;imperfective;perfective;imperative;infinitive,Ambiguity implies lossy rule reversal
he/she is deciding,cause[pres2-perf3],ukhtih,False,present;present_1sg;imperfective;perfective;imperative;infinitive,Ambiguity implies lossy rule reversal
he/she is washing,e-a,vtiy,True,present;present_1sg;imperfective;perfective;imperative;infinitive,Ambiguity implies lossy rule reversal
he/she is washing,e-a,vtiy,True,present;present_1sg;imperfective;perfective;imperative;infinitive,Ambiguity implies lossy rule reversal
he/she is shelling,rev-i,vthoh,True,present;present_1sg;imperfective;perfective;imperative;infinitive,Ambiguity implies lossy rule reversal
he/she is shelling,rev-i,vthoh,True,present;present_1sg;imperfective;perfective;imperative;infinitive,Ambiguity implies lossy rule reversal
he/she is turning him/her over,go-in,lhihkwat,True,present;present_1sg;imperfective;perfective;imperative;infinitive,Ambiguity implies lossy rule reversal
he/she is turning him/her over,go-in,lhihkwat,True,present;present_1sg;imperfective;perfective;imperative;infinitive,Ambiguity implies lossy rule reversal
he/she is turning him/her over,go-in,lhihkwat,True,present;present_1sg;imperfective;perfective;imperative;infinitive,Ambiguity implies lossy rule reversal
he/she is turning him/her over,go-in,lhihkwat,True,present;present_1sg;imperfective;perfective;imperative;infinitive,Ambiguity implies lossy rule reversal
he/she is singing,rev-gi,nho,True,present;present_1sg;imperfective;perfective;imperative;infinitive,Ambiguity implies lossy rule reversal
he/she is singing,rev-gi,nho,True,present;present_1sg;imperfective;perfective;imperative;infinitive,Ambiguity implies lossy rule reversal
he/she is singing,rev-gi,nho,True,present;present_1sg;imperfective;perfective;imperative;infinitive,Ambiguity implies lossy rule reversal
he/she is singing,rev-gi,nho,True,present;present_1sg;imperfective;perfective;imperative;infinitive,Ambiguity implies lossy rule reversal
he/she is singing,rev-i,nhok,True,present;present_1sg;imperfective;perfective;imperative;infinitive,Ambiguity implies lossy rule reversal
he/she is singing,rev-i,nhok,True,present;present_1sg;imperfective;perfective;imperative;infinitive,Ambiguity implies lossy rule reversal
he/she is singing,rev-i,nhok,True,present;present_1sg;imperfective;perfective;imperative;infinitive,Ambiguity implies lossy rule reversal
he/she is singing,rev-i,nhok,True,present;present_1sg;imperfective;perfective;imperative;infinitive,Ambiguity implies lossy rule reversal
he/she is clawing him/her,sk-s-la,nhuko,True,present;present_1sg;imperfective;perfective;imperative;infinitive,Ambiguity implies lossy rule reversal
he/she is clawing him/her,sk-s-la,nhuko,True,present;present_1sg;imperfective;perfective;imperative;infinitive,Ambiguity implies lossy rule reversal
he/she is clawing him/her,sk-s-la,nhuko,True,present;present_1sg;imperfective;perfective;imperative;infinitive,Ambiguity implies lossy rule reversal
he/she is clawing him/her,sk-s-la,nhuko,True,present;present_1sg;imperfective;perfective;imperative;infinitive,Ambiguity implies lossy rule reversal
he/she is clawing him/her,sk-s-hst,nhuko,False,present;present_1sg;imperfective;perfective;imperative;infinitive,Ambiguity implies lossy rule reversal
he/she is clawing him/her,sk-s-hst,nhuko,False,present;present_1sg;imperfective;perfective;imperative;infinitive,Ambiguity implies lossy rule reversal
he/she is clawing him/her,sk-s-hst,nhuko,False,present;present_1sg;imperfective;perfective;imperative;infinitive,Ambiguity implies lossy rule reversal
he/she is clawing him/her,sk-s-hst,nhuko,False,present;present_1sg;imperfective;perfective;imperative;infinitive,Ambiguity implies lossy rule reversal
to come out of the nose,go[pres2],yhvhsko'ih,True,present;imperfective;perfective;imperative;infinitive,Ambiguity implies lossy rule reversal
to come out of the nose,go[pres2],yhvhsko'ih,True,present;imperfective;perfective;imperative;infinitive,Ambiguity implies lossy rule reversal
to come out of the nose,go[pres2],yhvhsko'ih,True,present;imperfective;perfective;imperative;infinitive,Ambiguity implies lossy rule reversal
to come out of the nose,go[pres2],yhvhsko'ih,True,present;imperfective;perfective;imperative;infinitive,Ambiguity implies lossy rule reversal
to come out of the nose,go[pres2],ayvhsko'ihh,False,present;imperfective;perfective;imperative;infinitive,Ambiguity implies lossy rule reversal
to come out of the nose,go[pres2],ayvhsko'ihh,False,present;imperfective;perfective;imperative;infinitive,Ambiguity implies lossy rule reversal
to come out of the nose,go[pres2],yhvhsko'ih,True,present;imperfective;perfective;imperative;infinitive,Ambiguity implies lossy rule reversal
to come out of the nose,go[pres2],yhvhsko'ih,True,present;imperfective;perfective;imperative;infinitive,Ambiguity implies lossy rule reversal
to come out of the nose,go[pres2],yhvhsko'ih,True,present;imperfective;perfective;imperative;infinitive,Ambiguity implies lossy rule reversal
to come out of the nose,go[pres2],yhvhsko'ih,True,present;imperfective;perfective;imperative;infinitive,Ambiguity implies lossy rule reversal
to come out of the nose,go[pres2],ayvhsko'ihh,False,present;imperfective;perfective;imperative;infinitive,Ambiguity implies lossy rule reversal
to come out of the nose,go[pres2],ayvhsko'ihh,False,present;imperfective;perfective;imperative;infinitive,Ambiguity implies lossy rule reversal
to come out of the nose,go[pres2],yhvhsko'ih,True,present;imperfective;perfective;imperative;infinitive,Ambiguity implies lossy rule reversal
to come out of the nose,go[pres2],yhvhsko'ih,True,present;imperfective;perfective;imperative;infinitive,Ambiguity implies lossy rule reversal
to come out of the nose,go[pres2],yhvhsko'ih,True,present;imperfective;perfective;imperative;infinitive,Ambiguity implies lossy rule reversal
to come out of the nose,go[pres2],yhvhsko'ih,True,present;imperfective;perfective;imperative;infinitive,Ambiguity implies lossy rule reversal
to come out of the nose,go[pres2],ayvhsko'ihh,False,present;imperfective;perfective;imperative;infinitive,Ambiguity implies lossy rule reversal
to come out of the nose,go[pres2],ayvhsko'ihh,False,present;imperfective;perfective;imperative;infinitive,Ambiguity implies lossy rule reversal
to come out of the nose,go[pres2],yhvhsko'ih,True,present;imperfective;perfective;imperative;infinitive,Ambiguity implies lossy rule reversal
to come out of the nose,go[pres2],yhvhsko'ih,True,present;imperfective;perfective;imperative;infinitive,Ambiguity implies lossy rule reversal
to come out of the nose,go[pres2],yhvhsko'ih,True,present;imperfective;perfective;imperative;infinitive,Ambiguity implies lossy rule reversal
to come out of the nose,go[pres2],yhvhsko'ih,True,present;imperfective;perfective;imperative;infinitive,Ambiguity implies lossy rule reversal
to come out of the nose,go[pres2],ayvhsko'ihh,False,present;imperfective;perfective;imperative;infinitive,Ambiguity implies lossy rule reversal
to come out of the nose,go[pres2],ayvhsko'ihh,False,present;imperfective;perfective;imperative;infinitive,Ambiguity implies lossy rule reversal
to come out of the nose,go[pres2],yhvhsko'ih,True,present;imperfective;perfective;infinitive,Ambiguity implies lossy rule reversal
to come out of the nose,go[pres2],yhvhsko'ih,True,present;imperfective;perfective;infinitive,Ambiguity implies lossy rule reversal
to come out of the nose,go[pres2],yhvhsko'ih,True,present;imperfective;perfective;infinitive,Ambiguity implies lossy rule reversal
to come out of the nose,go[pres2],yhvhsko'ih,True,present;imperfective;perfective;infinitive,Ambiguity implies lossy rule reversal
to come out of the nose,go[pres2],ayvhsko'ihh,False,present;imperfective;perfective;infinitive,Ambiguity implies lossy rule reversal
to come out of the nose,go[pres2],ayvhsko'ihh,False,present;imperfective;perfective;infinitive,Ambiguity implies lossy rule reversal
to come out of the nose,go[pres2],yhvhsko'ih,True,present;imperfective;perfective;infinitive,Ambiguity implies lossy rule reversal
to come out of the nose,go[pres2],yhvhsko'ih,True,present;imperfective;perfective;infinitive,Ambiguity implies lossy rule reversal
to come out of the nose,go[pres2],yhvhsko'ih,True,present;imperfective;perfective;infinitive,Ambiguity implies lossy rule reversal
to come out of the nose,go[pres2],yhvhsko'ih,True,present;imperfective;perfective;infinitive,Ambiguity implies lossy rule reversal
to come out of the nose,go[pres2],ayvhsko'ihh,False,present;imperfective;perfective;infinitive,Ambiguity implies lossy rule reversal
to come out of the nose,go[pres2],ayvhsko'ihh,False,present;imperfective;perfective;infinitive,Ambiguity implies lossy rule reversal
to come out of the nose,go[pres2],yhvhsko'ih,True,present;imperfective;perfective;infinitive,Ambiguity implies lossy rule reversal
to come out of the nose,go[pres2],yhvhsko'ih,True,present;imperfective;perfective;infinitive,Ambiguity implies lossy rule reversal
to come out of the nose,go[pres2],yhvhsko'ih,True,present;imperfective;perfective;infinitive,Ambiguity implies lossy rule reversal
to come out of the nose,go[pres2],yhvhsko'ih,True,present;imperfective;perfective;infinitive,Ambiguity implies lossy rule reversal
to come out of the nose,go[pres2],ayvhsko'ihh,False,present;imperfective;perfective;infinitive,Ambiguity implies lossy rule reversal
to come out of the nose,go[pres2],ayvhsko'ihh,False,present;imperfective;perfective;infinitive,Ambiguity implies lossy rule reversal
to come out of the nose,go[pres2],yhvhsko'ih,True,present;imperfective;perfective;infinitive,Ambiguity implies lossy rule reversal
to come out of the nose,go[pres2],yhvhsko'ih,True,present;imperfective;perfective;infinitive,Ambiguity implies lossy rule reversal
to come out of the nose,go[pres2],yhvhsko'ih,True,present;imperfective;perfective;infinitive,Ambiguity implies lossy rule reversal
to come out of the nose,go[pres2],yhvhsko'ih,True,present;imperfective;perfective;infinitive,Ambiguity implies lossy rule reversal
to come out of the nose,go[pres2],ayvhsko'ihh,False,present;imperfective;perfective;infinitive,Ambiguity implies lossy rule reversal
to come out of the nose,go[pres2],ayvhsko'ihh,False,present;imperfective;perfective;infinitive,Ambiguity implies lossy rule reversal
to come out of the nose,cause,yhvhsko',True,present;imperfective;perfective;imperative;infinitive,Ambiguity implies lossy rule reversal
to come out of the nose,cause,yhvhsko',True,present;imperfective;perfective;imperative;infinitive,Ambiguity implies lossy rule reversal
to come out of the nose,cause,yhvhsko',True,present;imperfective;perfective;imperative;infinitive,Ambiguity implies lossy rule reversal
to come out of the nose,cause,yhvhsko',True,present;imperfective;perfective;imperative;infinitive,Ambiguity implies lossy rule reversal
to come out of the nose,cause,ayvhsko'h,False,present;imperfective;perfective;imperative;infinitive,Ambiguity implies lossy rule reversal
to come out of the nose,cause,ayvhsko'h,False,present;imperfective;perfective;imperative;infinitive,Ambiguity implies lossy rule reversal
to come out of the nose,cause,yhvhsko',True,present;imperfective;perfective;imperative;infinitive,Ambiguity implies lossy rule reversal
to come out of the nose,cause,yhvhsko',True,present;imperfective;perfective;imperative;infinitive,Ambiguity implies lossy rule reversal
to come out of the nose,cause,yhvhsko',True,present;imperfective;perfective;imperative;infinitive,Ambiguity implies lossy rule reversal
to come out of the nose,cause,yhvhsko',True,present;imperfective;perfective;imperative;infinitive,Ambiguity implies lossy rule reversal
to come out of the nose,cause,ayvhsko'h,False,present;imperfective;perfective;imperative;infinitive,Ambiguity implies lossy rule reversal
to come out of the nose,cause,ayvhsko'h,False,present;imperfective;perfective;imperative;infinitive,Ambiguity implies lossy rule reversal
to come out of the nose,cause,yhvhsko',True,present;imperfective;perfective;imperative;infinitive,Ambiguity implies lossy rule reversal
to come out of the nose,cause,yhvhsko',True,present;imperfective;perfective;imperative;infinitive,Ambiguity implies lossy rule reversal
to come out of the nose,cause,yhvhsko',True,present;imperfective;perfective;imperative;infinitive,Ambiguity implies lossy rule reversal
to come out of the nose,cause,yhvhsko',True,present;imperfective;perfective;imperative;infinitive,Ambiguity implies lossy rule reversal
to come out of the nose,cause,ayvhsko'h,False,present;imperfective;perfective;imperative;infinitive,Ambiguity implies lossy rule reversal
to come out of the nose,cause,ayvhsko'h,False,present;imperfective;perfective;imperative;infinitive,Ambiguity implies lossy rule reversal
to come out of the nose,cause,yhvhsko',True,present;imperfective;perfective;imperative;infinitive,Ambiguity implies lossy rule reversal
to come out of the nose,cause,yhvhsko',True,present;imperfective;perfective;imperative;infinitive,Ambiguity implies lossy rule reversal
to come out of the nose,cause,yhvhsko',True,present;imperfective;perfective;imperative;infinitive,Ambiguity implies lossy rule reversal
to come out of the nose,cause,yhvhsko',True,present;imperfective;perfective;imperative;infinitive,Ambiguity implies lossy rule reversal
to come out of the nose,cause,ayvhsko'h,False,present;imperfective;perfective;imperative;infinitive,Ambiguity implies lossy rule reversal
to come out of the nose,cause,ayvhsko'h,False,present;imperfective;perfective;imperative;infinitive,Ambiguity implies lossy rule reversal
to come out of the nose,cause,yhvhsko',True,present;imperfective;perfective;infinitive,Ambiguity implies lossy rule reversal
to come out of the nose,cause,yhvhsko',True,present;imperfective;perfective;infinitive,Ambiguity implies lossy rule reversal
to come out of the nose,cause,yhvhsko',True,present;imperfective;perfective;infinitive,Ambiguity implies lossy rule reversal
to come out of the nose,cause,yhvhsko',True,present;imperfective;perfective;infinitive,Ambiguity implies lossy rule reversal
to come out of the nose,cause,ayvhsko'h,False,present;imperfective;perfective;infinitive,Ambiguity implies lossy rule reversal
to come out of the nose,cause,ayvhsko'h,False,present;imperfective;perfective;infinitive,Ambiguity implies lossy rule reversal
to come out of the nose,cause,yhvhsko',True,present;imperfective;perfective;infinitive,Ambiguity implies lossy rule reversal
to come out of the nose,cause,yhvhsko',True,present;imperfective;perfective;infinitive,Ambiguity implies lossy rule reversal
to come out of the nose,cause,yhvhsko',True,present;imperfective;perfective;infinitive,Ambiguity implies lossy rule reversal
to come out of the nose,cause,yhvhsko',True,present;imperfective;perfective;infinitive,Ambiguity implies lossy rule reversal
to come out of the nose,cause,ayvhsko'h,False,present;imperfective;perfective;infinitive,Ambiguity implies lossy rule reversal
to come out of the nose,cause,ayvhsko'h,False,present;imperfective;perfective;infinitive,Ambiguity implies lossy rule reversal
to come out of the nose,cause,yhvhsko',True,present;imperfective;perfective;infinitive,Ambiguity implies lossy rule reversal
to come out of the nose,cause,yhvhsko',True,present;imperfective;perfective;infinitive,Ambiguity implies lossy rule reversal
to come out of the nose,cause,yhvhsko',True,present;imperfective;perfective;infinitive,Ambiguity implies lossy rule reversal
to come out of the nose,cause,yhvhsko',True,present;imperfective;perfective;infinitive,Ambiguity implies lossy rule reversal
to come out of the nose,cause,ayvhsko'h,False,present;imperfective;perfective;infinitive,Ambiguity implies lossy rule reversal
to come out of the nose,cause,ayvhsko'h,False,present;imperfective;perfective;infinitive,Ambiguity implies lossy rule reversal
to come out of the nose,cause,yhvhsko',True,present;imperfective;perfective;infinitive,Ambiguity implies lossy rule reversal
to come out of the nose,cause,yhvhsko',True,present;imperfective;perfective;infinitive,Ambiguity implies lossy rule reversal
to come out of the nose,cause,yhvhsko',True,present;imperfective;perfective;infinitive,Ambiguity implies lossy rule reversal
to come out of the nose,cause,yhvhsko',True,present;imperfective;perfective;infinitive,Ambiguity implies lossy rule reversal
to come out of the nose,cause,ayvhsko'h,False,present;imperfective;perfective;infinitive,Ambiguity implies lossy rule reversal
to come out of the nose,cause,ayvhsko'h,False,present;imperfective;perfective;infinitive,Ambiguity implies lossy rule reversal
to come out of the nose,cause[pres2],yhvhsko'ih,True,present;imperfective;perfective;imperative;infinitive,Ambiguity implies lossy rule reversal
to come out of the nose,cause[pres2],yhvhsko'ih,True,present;imperfective;perfective;imperative;infinitive,Ambiguity implies lossy rule reversal
to come out of the nose,cause[pres2],yhvhsko'ih,True,present;imperfective;perfective;imperative;infinitive,Ambiguity implies lossy rule reversal
to come out of the nose,cause[pres2],yhvhsko'ih,True,present;imperfective;perfective;imperative;infinitive,Ambiguity implies lossy rule reversal
to come out of the nose,cause[pres2],ayvhsko'ihh,False,present;imperfective;perfective;imperative;infinitive,Ambiguity implies lossy rule reversal
to come out of the nose,cause[pres2],ayvhsko'ihh,False,present;imperfective;perfective;imperative;infinitive,Ambiguity implies lossy rule reversal
to come out of the nose,cause[pres2],yhvhsko'ih,True,present;imperfective;perfective;imperative;infinitive,Ambiguity implies lossy rule reversal
to come out of the nose,cause[pres2],yhvhsko'ih,True,present;imperfective;perfective;imperative;infinitive,Ambiguity implies lossy rule reversal
to come out of the nose,cause[pres2],yhvhsko'ih,True,present;imperfective;perfective;imperative;infinitive,Ambiguity implies lossy rule reversal
to come out of the nose,cause[pres2],yhvhsko'ih,True,present;imperfective;perfective;imperative;infinitive,Ambiguity implies lossy rule reversal
to come out of the nose,cause[pres2],ayvhsko'ihh,False,present;imperfective;perfective;imperative;infinitive,Ambiguity implies lossy rule reversal
to come out of the nose,cause[pres2],ayvhsko'ihh,False,present;imperfective;perfective;imperative;infinitive,Ambiguity implies lossy rule reversal
to come out of the nose,cause[pres2],yhvhsko'ih,True,present;imperfective;perfective;imperative;infinitive,Ambiguity implies lossy rule reversal
to come out of the nose,cause[pres2],yhvhsko'ih,True,present;imperfective;perfective;imperative;infinitive,Ambiguity implies lossy rule reversal
to come out of the nose,cause[pres2],yhvhsko'ih,True,present;imperfective;perfective;imperative;infinitive,Ambiguity implies lossy rule reversal
to come out of the nose,cause[pres2],yhvhsko'ih,True,present;imperfective;perfective;imperative;infinitive,Ambiguity implies lossy rule reversal
to come out of the nose,cause[pres2],ayvhsko'ihh,False,present;imperfective;perfective;imperative;infinitive,Ambiguity implies lossy rule reversal
to come out of the nose,cause[pres2],ayvhsko'ihh,False,present;imperfective;perfective;imperative;infinitive,Ambiguity implies lossy rule reversal
to come out of the nose,cause[pres2],yhvhsko'ih,True,present;imperfective;perfective;imperative;infinitive,Ambiguity implies lossy rule reversal
to come out of the nose,cause[pres2],yhvhsko'ih,True,present;imperfective;perfective;imperative;infinitive,Ambiguity implies lossy rule reversal
to come out of the nose,cause[pres2],yhvhsko'ih,True,present;imperfective;perfective;imperative;infinitive,Ambiguity implies lossy rule reversal
to come out of the nose,cause[pres2],yhvhsko'ih,True,present;imperfective;perfective;imperative;infinitive,Ambiguity implies lossy rule reversal
to come out of the nose,cause[pres2],ayvhsko'ihh,False,present;imperfective;perfective;imperative;infinitive,Ambiguity implies lossy rule reversal
to come out of the nose,cause[pres2],ayvhsko'ihh,False,present;imperfective;perfective;imperative;infinitive,Ambiguity implies lossy rule reversal
to come out of the nose,cause[pres2],yhvhsko'ih,True,present;imperfective;perfective;infinitive,Ambiguity implies lossy rule reversal
to come out of the nose,cause[pres2],yhvhsko'ih,True,present;imperfective;perfective;infinitive,Ambiguity implies lossy rule reversal
to come out of the nose,cause[pres2],yhvhsko'ih,True,present;imperfective;perfective;infinitive,Ambiguity implies lossy rule reversal
to come out of the nose,cause[pres2],yhvhsko'ih,True,present;imperfective;perfective;infinitive,Ambiguity implies lossy rule reversal
to come out of the nose,cause[pres2],ayvhsko'ihh,False,present;imperfective;perfective;infinitive,Ambiguity implies lossy rule reversal
to come out of the nose,cause[pres2],ayvhsko'ihh,False,present;imperfective;perfective;infinitive,Ambiguity implies lossy rule reversal
to come out of the nose,cause[pres2],yhvhsko'ih,True,present;imperfective;perfective;infinitive,Ambiguity implies lossy rule reversal
to come out of the nose,cause[pres2],yhvhsko'ih,True,present;imperfective;perfective;infinitive,Ambiguity implies lossy rule reversal
to come out of the nose,cause[pres2],yhvhsko'ih,True,present;imperfective;perfective;infinitive,Ambiguity implies lossy rule reversal
to come out of the nose,cause[pres2],yhvhsko'ih,True,present;imperfective;perfective;infinitive,Ambiguity implies lossy rule reversal
to come out of the nose,cause[pres2],ayvhsko'ihh,False,present;imperfective;perfective;infinitive,Ambiguity implies lossy rule reversal
to come out of the nose,cause[pres2],ayvhsko'ihh,False,present;imperfective;perfective;infinitive,Ambiguity implies lossy rule reversal
to come out of the nose,cause[pres2],yhvhsko'ih,True,present;imperfective;perfective;infinitive,Ambiguity implies lossy rule reversal
to come out of the nose,cause[pres2],yhvhsko'ih,True,present;imperfective;perfective;infinitive,Ambiguity implies lossy rule reversal
to come out of the nose,cause[pres2],yhvhsko'ih,True,present;imperfective;perfective;infinitive,Ambiguity implies lossy rule reversal
to come out of the nose,cause[pres2],yhvhsko'ih,True,present;imperfective;perfective;infinitive,Ambiguity implies lossy rule reversal
to come out of the nose,cause[pres2],ayvhsko'ihh,False,present;imperfective;perfective;infinitive,Ambiguity implies lossy rule reversal
to come out of the nose,cause[pres2],ayvhsko'ihh,False,present;imperfective;perfective;infinitive,Ambiguity implies lossy rule reversal
to come out of the nose,cause[pres2],yhvhsko'ih,True,present;imperfective;perfective;infinitive,Ambiguity implies lossy rule reversal
to come out of the nose,cause[pres2],yhvhsko'ih,True,present;imperfective;perfective;infinitive,Ambiguity implies lossy rule reversal
to come out of the nose,cause[pres2],yhvhsko'ih,True,present;imperfective;perfective;infinitive,Ambiguity implies lossy rule reversal
to come out of the nose,cause[pres2],yhvhsko'ih,True,present;imperfective;perfective;infinitive,Ambiguity implies lossy rule reversal
to come out of the nose,cause[pres2],ayvhsko'ihh,False,present;imperfective;perfective;infinitive,Ambiguity implies lossy rule reversal
to come out of the nose,cause[pres2],ayvhsko'ihh,False,present;imperfective;perfective;infinitive,Ambiguity implies lossy rule reversal
to come out of the nose,ih-l,yhvhsko',True,present;imperfective;perfective;imperative;infinitive,Ambiguity implies lossy rule reversal
to come out of the nose,ih-l,yhvhsko',True,present;imperfective;perfective;imperative;infinitive,Ambiguity implies lossy rule reversal
to come out of the nose,ih-l,yhvhsko',True,present;imperfective;perfective;imperative;infinitive,Ambiguity implies lossy rule reversal
to come out of the nose,ih-l,yhvhsko',True,present;imperfective;perfective;imperative;infinitive,Ambiguity implies lossy rule reversal
to come out of the nose,ih-l,ayvhsko'h,False,present;imperfective;perfective;imperative;infinitive,Ambiguity implies lossy rule reversal
to come out of the nose,ih-l,ayvhsko'h,False,present;imperfective;perfective;imperative;infinitive,Ambiguity implies lossy rule reversal
to come out of the nose,ih-l,yhvhsko',True,present;imperfective;perfective;imperative;infinitive,Ambiguity implies lossy rule reversal
to come out of the nose,ih-l,yhvhsko',True,present;imperfective;perfective;imperative;infinitive,Ambiguity implies lossy rule reversal
to come out of the nose,ih-l,yhvhsko',True,present;imperfective;perfective;imperative;infinitive,Ambiguity implies lossy rule reversal
to come out of the nose,ih-l,yhvhsko',True,present;imperfective;perfective;imperative;infinitive,Ambiguity implies lossy rule reversal
to come out of the nose,ih-l,ayvhsko'h,False,present;imperfective;perfective;imperative;infinitive,Ambiguity implies lossy rule reversal
to come out of the nose,ih-l,ayvhsko'h,False,present;imperfective;perfective;imperative;infinitive,Ambiguity implies lossy rule reversal
to come out of the nose,ih-l,yhvhsko',True,present;imperfective;perfective;imperative;infinitive,Ambiguity implies lossy rule reversal
to come out of the nose,ih-l,yhvhsko',True,present;imperfective;perfective;imperative;infinitive,Ambiguity implies lossy rule reversal
to come out of the nose,ih-l,yhvhsko',True,present;imperfective;perfective;imperative;infinitive,Ambiguity implies lossy rule reversal
to come out of the nose,ih-l,yhvhsko',True,present;imperfective;perfective;imperative;infinitive,Ambiguity implies lossy rule reversal
to come out of the nose,ih-l,ayvhsko'h,False,present;imperfective;perfective;imperative;infinitive,Ambiguity implies lossy rule reversal
to come out of the nose,ih-l,ayvhsko'h,False,present;imperfective;perfective;imperative;infinitive,Ambiguity implies lossy rule reversal
to come out of the nose,ih-l,yhvhsko',True,present;imperfective;perfective;imperative;infinitive,Ambiguity implies lossy rule reversal
to come out of the nose,ih-l,yhvhsko',True,present;imperfective;perfective;imperative;infinitive,Ambiguity implies lossy rule reversal
to come out of the nose,ih-l,yhvhsko',True,present;imperfective;perfective;imperative;infinitive,Ambiguity implies lossy rule reversal
to come out of the nose,ih-l,yhvhsko',True,present;imperfective;perfective;imperative;infinitive,Ambiguity implies lossy rule reversal
to come out of the nose,ih-l,ayvhsko'h,False,present;imperfective;perfective;imperative;infinitive,Ambiguity implies lossy rule reversal
to come out of the nose,ih-l,ayvhsko'h,False,present;imperfective;perfective;imperative;infinitive,Ambiguity implies lossy rule reversal
to come out of the nose,ih-l,yhvhsko',True,present;imperfective;perfective;infinitive,Ambiguity implies lossy rule reversal
to come out of the nose,ih-l,yhvhsko',True,present;imperfective;perfective;infinitive,Ambiguity implies lossy rule reversal
to come out of the nose,ih-l,yhvhsko',True,present;imperfective;perfective;infinitive,Ambiguity implies lossy rule reversal
to come out of the nose,ih-l,yhvhsko',True,present;imperfective;perfective;infinitive,Ambiguity implies lossy rule reversal
to come out of the nose,ih-l,ayvhsko'h,False,present;imperfective;perfective;infinitive,Ambiguity implies lossy rule reversal
to come out of the nose,ih-l,ayvhsko'h,False,present;imperfective;perfective;infinitive,Ambiguity implies lossy rule reversal
to come out of the nose,ih-l,yhvhsko',True,present;imperfective;perfective;infinitive,Ambiguity implies lossy rule reversal
to come out of the nose,ih-l,yhvhsko',True,present;imperfective;perfective;infinitive,Ambiguity implies lossy rule reversal
to come out of the nose,ih-l,yhvhsko',True,present;imperfective;perfective;infinitive,Ambiguity implies lossy rule reversal
to come out of the nose,ih-l,yhvhsko',True,present;imperfective;perfective;infinitive,Ambiguity implies lossy rule reversal
to come out of the nose,ih-l,ayvhsko'h,False,present;imperfective;perfective;infinitive,Ambiguity implies lossy rule reversal
to come out of the nose,ih-l,ayvhsko'h,False,present;imperfective;perfective;infinitive,Ambiguity implies lossy rule reversal
to come out of the nose,ih-l,yhvhsko',True,present;imperfective;perfective;infinitive,Ambiguity implies lossy rule reversal
to come out of the nose,ih-l,yhvhsko',True,present;imperfective;perfective;infinitive,Ambiguity implies lossy rule reversal
to come out of the nose,ih-l,yhvhsko',True,present;imperfective;perfective;infinitive,Ambiguity implies lossy rule reversal
to come out of the nose,ih-l,yhvhsko',True,present;imperfective;perfective;infinitive,Ambiguity implies lossy rule reversal
to come out of the nose,ih-l,ayvhsko'h,False,present;imperfective;perfective;infinitive,Ambiguity implies lossy rule reversal
to come out of the nose,ih-l,ayvhsko'h,False,present;imperfective;perfective;infinitive,Ambiguity implies lossy rule reversal
to come out of the nose,ih-l,yhvhsko',True,present;imperfective;perfective;infinitive,Ambiguity implies lossy rule reversal
to come out of the nose,ih-l,yhvhsko',True,present;imperfective;perfective;infinitive,Ambiguity implies lossy rule reversal
to come out of the nose,ih-l,yhvhsko',True,present;imperfective;perfective;infinitive,Ambiguity implies lossy rule reversal
to come out of the nose,ih-l,yhvhsko',True,present;imperfective;perfective;infinitive,Ambiguity implies lossy rule reversal
to come out of the nose,ih-l,ayvhsko'h,False,present;imperfective;perfective;infinitive,Ambiguity implies lossy rule reversal
to come out of the nose,ih-l,ayvhsko'h,False,present;imperfective;perfective;infinitive,Ambiguity implies lossy rule reversal
to come out of the nose,ih-vh,yhvhsko',True,present;imperfective;perfective;imperative;infinitive,Ambiguity implies lossy rule reversal
to come out of the nose,ih-vh,yhvhsko',True,present;imperfective;perfective;imperative;infinitive,Ambiguity implies lossy rule reversal
to come out of the nose,ih-vh,yhvhsko',True,present;imperfective;perfective;imperative;infinitive,Ambiguity implies lossy rule reversal
to come out of the nose,ih-vh,yhvhsko',True,present;imperfective;perfective;imperative;infinitive,Ambiguity implies lossy rule reversal
to come out of the nose,ih-vh,ayvhsko'h,False,present;imperfective;perfective;imperative;infinitive,Ambiguity implies lossy rule reversal
to come out of the nose,ih-vh,ayvhsko'h,False,present;imperfective;perfective;imperative;infinitive,Ambiguity implies lossy rule reversal
to come out of the nose,ih-vh,yhvhsko',True,present;imperfective;perfective;imperative;infinitive,Ambiguity implies lossy rule reversal
to come out of the nose,ih-vh,yhvhsko',True,present;imperfective;perfective;imperative;infinitive,Ambiguity implies lossy rule reversal
to come out of the nose,ih-vh,yhvhsko',True,present;imperfective;perfective;imperative;infinitive,Ambiguity implies lossy rule reversal
to come out of the nose,ih-vh,yhvhsko',True,present;imperfective;perfective;imperative;infinitive,Ambiguity implies lossy rule reversal
to come out of the nose,ih-vh,ayvhsko'h,False,present;imperfective;perfective;imperative;infinitive,Ambiguity implies lossy rule reversal
to come out of the nose,ih-vh,ayvhsko'h,False,present;imperfective;perfective;imperative;infinitive,Ambiguity implies lossy rule reversal
to come out of the nose,ih-vh,yhvhsko',True,present;imperfective;perfective;imperative;infinitive,Ambiguity implies lossy rule reversal
to come out of the nose,ih-vh,yhvhsko',True,present;imperfective;perfective;imperative;infinitive,Ambiguity implies lossy rule reversal
to come out of the nose,ih-vh,yhvhsko',True,present;imperfective;perfective;imperative;infinitive,Ambiguity implies lossy rule reversal
to come out of the nose,ih-vh,yhvhsko',True,present;imperfective;perfective;imperative;infinitive,Ambiguity implies lossy rule reversal
to come out of the nose,ih-vh,ayvhsko'h,False,present;imperfective;perfective;imperative;infinitive,Ambiguity implies lossy rule reversal
to come out of the nose,ih-vh,ayvhsko'h,False,present;imperfective;perfective;imperative;infinitive,Ambiguity implies lossy rule reversal
to come out of the nose,ih-vh,yhvhsko',True,present;imperfective;perfective;imperative;infinitive,Ambiguity implies lossy rule reversal
to come out of the nose,ih-vh,yhvhsko',True,present;imperfective;perfective;imperative;infinitive,Ambiguity implies lossy rule reversal
to come out of the nose,ih-vh,yhvhsko',True,present;imperfective;perfective;imperative;infinitive,Ambiguity implies lossy rule reversal
to come out of the nose,ih-vh,yhvhsko',True,present;imperfective;perfective;imperative;infinitive,Ambiguity implies lossy rule reversal
to come out of the nose,ih-vh,ayvhsko'h,False,present;imperfective;perfective;imperative;infinitive,Ambiguity implies lossy rule reversal
to come out of the nose,ih-vh,ayvhsko'h,False,present;imperfective;perfective;imperative;infinitive,Ambiguity implies lossy rule reversal
to come out of the nose,ih-vh,yhvhsko',True,present;imperfective;perfective;infinitive,Ambiguity implies lossy rule reversal
to come out of the nose,ih-vh,yhvhsko',True,present;imperfective;perfective;infinitive,Ambiguity implies lossy rule reversal
to come out of the nose,ih-vh,yhvhsko',True,present;imperfective;perfective;infinitive,Ambiguity implies lossy rule reversal
to come out of the nose,ih-vh,yhvhsko',True,present;imperfective;perfective;infinitive,Ambiguity implies lossy rule reversal
to come out of the nose,ih-vh,ayvhsko'h,False,present;imperfective;perfective;infinitive,Ambiguity implies lossy rule reversal
to come out of the nose,ih-vh,ayvhsko'h,False,present;imperfective;perfective;infinitive,Ambiguity implies lossy rule reversal
to come out of the nose,ih-vh,yhvhsko',True,present;imperfective;perfective;infinitive,Ambiguity implies lossy rule reversal
to come out of the nose,ih-vh,yhvhsko',True,present;imperfective;perfective;infinitive,Ambiguity implies lossy rule reversal
to come out of the nose,ih-vh,yhvhsko',True,present;imperfective;perfective;infinitive,Ambiguity implies lossy rule reversal
to come out of the nose,ih-vh,yhvhsko',True,present;imperfective;perfective;infinitive,Ambiguity implies lossy rule reversal
to come out of the nose,ih-vh,ayvhsko'h,False,present;imperfective;perfective;infinitive,Ambiguity implies lossy rule reversal
to come out of the nose,ih-vh,ayvhsko'h,False,present;imperfective;perfective;infinitive,Ambiguity implies lossy rule reversal
to come out of the nose,ih-vh,yhvhsko',True,present;imperfective;perfective;infinitive,Ambiguity implies lossy rule reversal
to come out of the nose,ih-vh,yhvhsko',True,present;imperfective;perfective;infinitive,Ambiguity implies lossy rule reversal
to come out of the nose,ih-vh,yhvhsko',True,present;imperfective;perfective;infinitive,Ambiguity implies lossy rule reversal
to come out of the nose,ih-vh,yhvhsko',True,present;imperfective;perfective;infinitive,Ambiguity implies lossy rule reversal
to come out of the nose,ih-vh,ayvhsko'h,False,present;imperfective;perfective;infinitive,Ambiguity implies lossy rule reversal
to come out of the nose,ih-vh,ayvhsko'h,False,present;imperfective;perfective;infinitive,Ambiguity implies lossy rule reversal
to come out of the nose,ih-vh,yhvhsko',True,present;imperfective;perfective;infinitive,Ambiguity implies lossy rule reversal
to come out of the nose,ih-vh,yhvhsko',True,present;imperfective;perfective;infinitive,Ambiguity implies lossy rule reversal
to come out of the nose,ih-vh,yhvhsko',True,present;imperfective;perfective;infinitive,Ambiguity implies lossy rule reversal
to come out of the nose,ih-vh,yhvhsko',True,present;imperfective;perfective;infinitive,Ambiguity implies lossy rule reversal
to come out of the nose,ih-vh,ayvhsko'h,False,present;imperfective;perfective;infinitive,Ambiguity implies lossy rule reversal
to come out of the nose,ih-vh,ayvhsko'h,False,present;imperfective;perfective;infinitive,Ambiguity implies lossy rule reversal
to come out of the nose,vnh-ih-a,yhvhsko',True,present;imperfective;perfective;imperative;infinitive,Ambiguity implies lossy rule reversal
to come out of the nose,vnh-ih-a,yhvhsko',True,present;imperfective;perfective;imperative;infinitive,Ambiguity implies lossy rule reversal
to come out of the nose,vnh-ih-a,yhvhsko',True,present;imperfective;perfective;imperative;infinitive,Ambiguity implies lossy rule reversal
to come out of the nose,vnh-ih-a,yhvhsko',True,present;imperfective;perfective;imperative;infinitive,Ambiguity implies lossy rule reversal
to come out of the nose,vnh-ih-a,ayvhsko'h,False,present;imperfective;perfective;imperative;infinitive,Ambiguity implies lossy rule reversal
to come out of the nose,vnh-ih-a,ayvhsko'h,False,present;imperfective;perfective;imperative;infinitive,Ambiguity implies lossy rule reversal
to come out of the nose,vnh-ih-a,yhvhsko',True,present;imperfective;perfective;imperative;infinitive,Ambiguity implies lossy rule reversal
to come out of the nose,vnh-ih-a,yhvhsko',True,present;imperfective;perfective;imperative;infinitive,Ambiguity implies lossy rule reversal
to come out of the nose,vnh-ih-a,yhvhsko',True,present;imperfective;perfective;imperative;infinitive,Ambiguity implies lossy rule reversal
to come out of the nose,vnh-ih-a,yhvhsko',True,present;imperfective;perfective;imperative;infinitive,Ambiguity implies lossy rule reversal
to come out of the nose,vnh-ih-a,ayvhsko'h,False,present;imperfective;perfective;imperative;infinitive,Ambiguity implies lossy rule reversal
to come out of the nose,vnh-ih-a,ayvhsko'h,False,present;imperfective;perfective;imperative;infinitive,Ambiguity implies lossy rule reversal
to come out of the nose,vnh-ih-a,yhvhsko',True,present;imperfective;perfective;imperative;infinitive,Ambiguity implies lossy rule reversal
to come out of the nose,vnh-ih-a,yhvhsko',True,present;imperfective;perfective;imperative;infinitive,Ambiguity implies lossy rule reversal
to come out of the nose,vnh-ih-a,yhvhsko',True,present;imperfective;perfective;imperative;infinitive,Ambiguity implies lossy rule reversal
to come out of the nose,vnh-ih-a,yhvhsko',True,present;imperfective;perfective;imperative;infinitive,Ambiguity implies lossy rule reversal
to come out of the nose,vnh-ih-a,ayvhsko'h,False,present;imperfective;perfective;imperative;infinitive,Ambiguity implies lossy rule reversal
to come out of the nose,vnh-ih-a,ayvhsko'h,False,present;imperfective;perfective;imperative;infinitive,Ambiguity implies lossy rule reversal
to come out of the nose,vnh-ih-a,yhvhsko',True,present;imperfective;perfective;imperative;infinitive,Ambiguity implies lossy rule reversal
to come out of the nose,vnh-ih-a,yhvhsko',True,present;imperfective;perfective;imperative;infinitive,Ambiguity implies lossy rule reversal
to come out of the nose,vnh-ih-a,yhvhsko',True,present;imperfective;perfective;imperative;infinitive,Ambiguity implies lossy rule reversal
to come out of the nose,vnh-ih-a,yhvhsko',True,present;imperfective;perfective;imperative;infinitive,Ambiguity implies lossy rule reversal
to come out of the nose,vnh-ih-a,ayvhsko'h,False,present;imperfective;perfective;imperative;infinitive,Ambiguity implies lossy rule reversal
to come out of the nose,vnh-ih-a,ayvhsko'h,False,present;imperfective;perfective;imperative;infinitive,Ambiguity implies lossy rule reversal
to come out of the nose,vnh-ih-a,yhvhsko',True,present;imperfective;perfective;infinitive,Ambiguity implies lossy rule reversal
to come out of the nose,vnh-ih-a,yhvhsko',True,present;imperfective;perfective;infinitive,Ambiguity implies lossy rule reversal
to come out of the nose,vnh-ih-a,yhvhsko',True,present;imperfective;perfective;infinitive,Ambiguity implies lossy rule reversal
to come out of the nose,vnh-ih-a,yhvhsko',True,present;imperfective;perfective;infinitive,Ambiguity implies lossy rule reversal
to come out of the nose,vnh-ih-a,ayvhsko'h,False,present;imperfective;perfective;infinitive,Ambiguity implies lossy rule reversal
to come out of the nose,vnh-ih-a,ayvhsko'h,False,present;imperfective;perfective;infinitive,Ambiguity implies lossy rule reversal
to come out of the nose,vnh-ih-a,yhvhsko',True,present;imperfective;perfective;infinitive,Ambiguity implies lossy rule reversal
to come out of the nose,vnh-ih-a,yhvhsko',True,present;imperfective;perfective;infinitive,Ambiguity implies lossy rule reversal
to come out of the nose,vnh-ih-a,yhvhsko',True,present;imperfective;perfective;infinitive,Ambiguity implies lossy rule reversal
to come out of the nose,vnh-ih-a,yhvhsko',True,present;imperfective;perfective;infinitive,Ambiguity implies lossy rule reversal
to come out of the nose,vnh-ih-a,ayvhsko'h,False,present;imperfective;perfective;infinitive,Ambiguity implies lossy rule reversal
to come out of the nose,vnh-ih-a,ayvhsko'h,False,present;imperfective;perfective;infinitive,Ambiguity implies lossy rule reversal
to come out of the nose,vnh-ih-a,yhvhsko',True,present;imperfective;perfective;infinitive,Ambiguity implies lossy rule reversal
to come out of the nose,vnh-ih-a,yhvhsko',True,present;imperfective;perfective;infinitive,Ambiguity implies lossy rule reversal
to come out of the nose,vnh-ih-a,yhvhsko',True,present;imperfective;perfective;infinitive,Ambiguity implies lossy rule reversal
to come out of the nose,vnh-ih-a,yhvhsko',True,present;imperfective;perfective;infinitive,Ambiguity implies lossy rule reversal
to come out of the nose,vnh-ih-a,ayvhsko'h,False,present;imperfective;perfective;infinitive,Ambiguity implies lossy rule reversal
to come out of the nose,vnh-ih-a,ayvhsko'h,False,present;imperfective;perfective;infinitive,Ambiguity implies lossy rule reversal
to come out of the nose,vnh-ih-a,yhvhsko',True,present;imperfective;perfective;infinitive,Ambiguity implies lossy rule reversal
to come out of the nose,vnh-ih-a,yhvhsko',True,present;imperfective;perfective;infinitive,Ambiguity implies lossy rule reversal
to come out of the nose,vnh-ih-a,yhvhsko',True,present;imperfective;perfective;infinitive,Ambiguity implies lossy rule reversal
to come out of the nose,vnh-ih-a,yhvhsko',True,present;imperfective;perfective;infinitive,Ambiguity implies lossy rule reversal
to come out of the nose,vnh-ih-a,ayvhsko'h,False,present;imperfective;perfective;infinitive,Ambiguity implies lossy rule reversal
to come out of the nose,vnh-ih-a,ayvhsko'h,False,present;imperfective;perfective;infinitive,Ambiguity implies lossy rule reversal
to come out of the nose,ih-ihi,yhvhsko',True,present;imperfective;perfective;imperative;infinitive,Ambiguity implies lossy rule reversal
to come out of the nose,ih-ihi,yhvhsko',True,present;imperfective;perfective;imperative;infinitive,Ambiguity implies lossy rule reversal
to come out of the nose,ih-ihi,yhvhsko',True,present;imperfective;perfective;imperative;infinitive,Ambiguity implies lossy rule reversal
to come out of the nose,ih-ihi,yhvhsko',True,present;imperfective;perfective;imperative;infinitive,Ambiguity implies lossy rule reversal
to come out of the nose,ih-ihi,ayvhsko'h,False,present;imperfective;perfective;imperative;infinitive,Ambiguity implies lossy rule reversal
to come out of the nose,ih-ihi,ayvhsko'h,False,present;imperfective;perfective;imperative;infinitive,Ambiguity implies lossy rule reversal
to come out of the nose,ih-ihi,yhvhsko',True,present;imperfective;perfective;imperative;infinitive,Ambiguity implies lossy rule reversal
to come out of the nose,ih-ihi,yhvhsko',True,present;imperfective;perfective;imperative;infinitive,Ambiguity implies lossy rule reversal
to come out of the nose,ih-ihi,yhvhsko',True,present;imperfective;perfective;imperative;infinitive,Ambiguity implies lossy rule reversal
to come out of the nose,ih-ihi,yhvhsko',True,present;imperfective;perfective;imperative;infinitive,Ambiguity implies lossy rule reversal
to come out of the nose,ih-ihi,ayvhsko'h,False,present;imperfective;perfective;imperative;infinitive,Ambiguity implies lossy rule reversal
to come out of the nose,ih-ihi,ayvhsko'h,False,present;imperfective;perfective;imperative;infinitive,Ambiguity implies lossy rule reversal
to come out of the nose,ih-ihi,yhvhsko',True,present;imperfective;perfective;imperative;infinitive,Ambiguity implies lossy rule reversal
to come out of the nose,ih-ihi,yhvhsko',True,present;imperfective;perfective;imperative;infinitive,Ambiguity implies lossy rule reversal
to come out of the nose,ih-ihi,yhvhsko',True,present;imperfective;perfective;imperative;infinitive,Ambiguity implies lossy rule reversal
to come out of the nose,ih-ihi,yhvhsko',True,present;imperfective;perfective;imperative;infinitive,Ambiguity implies lossy rule reversal
to come out of the nose,ih-ihi,ayvhsko'h,False,present;imperfective;perfective;imperative;infinitive,Ambiguity implies lossy rule reversal
to come out of the nose,ih-ihi,ayvhsko'h,False,present;imperfective;perfective;imperative;infinitive,Ambiguity implies lossy rule reversal
to come out of the nose,ih-ihi,yhvhsko',True,present;imperfective;perfective;imperative;infinitive,Ambiguity implies lossy rule reversal
to come out of the nose,ih-ihi,yhvhsko',True,present;imperfective;perfective;imperative;infinitive,Ambiguity implies lossy rule reversal
to come out of the nose,ih-ihi,yhvhsko',True,present;imperfective;perfective;imperative;infinitive,Ambiguity implies lossy rule reversal
to come out of the nose,ih-ihi,yhvhsko',True,present;imperfective;perfective;imperative;infinitive,Ambiguity implies lossy rule reversal
to come out of the nose,ih-ihi,ayvhsko'h,False,present;imperfective;perfective;imperative;infinitive,Ambiguity implies lossy rule reversal
to come out of the nose,ih-ihi,ayvhsko'h,False,present;imperfective;perfective;imperative;infinitive,Ambiguity implies lossy rule reversal
to come out of the nose,ih-ihi,yhvhsko',True,present;imperfective;perfective;infinitive,Ambiguity implies lossy rule reversal
to come out of the nose,ih-ihi,yhvhsko',True,present;imperfective;perfective;infinitive,Ambiguity implies lossy rule reversal
to come out of the nose,ih-ihi,yhvhsko',True,present;imperfective;perfective;infinitive,Ambiguity implies lossy rule reversal
to come out of the nose,ih-ihi,yhvhsko',True,present;imperfective;perfective;infinitive,Ambiguity implies lossy rule reversal
to come out of the nose,ih-ihi,ayvhsko'h,False,present;imperfective;perfective;infinitive,Ambiguity implies lossy rule reversal
to come out of the nose,ih-ihi,ayvhsko'h,False,present;imperfective;perfective;infinitive,Ambiguity implies lossy rule reversal
to come out of the nose,ih-ihi,yhvhsko',True,present;imperfective;perfective;infinitive,Ambiguity implies lossy rule reversal
to come out of the nose,ih-ihi,yhvhsko',True,present;imperfective;perfective;infinitive,Ambiguity implies lossy rule reversal
to come out of the nose,ih-ihi,yhvhsko',True,present;imperfective;perfective;infinitive,Ambiguity implies lossy rule reversal
to come out of the nose,ih-ihi,yhvhsko',True,present;imperfective;perfective;infinitive,Ambiguity implies lossy rule reversal
to come out of the nose,ih-ihi,ayvhsko'h,False,present;imperfective;perfective;infinitive,Ambiguity implies lossy rule reversal
to come out of the nose,ih-ihi,ayvhsko'h,False,present;imperfective;perfective;infinitive,Ambiguity implies lossy rule reversal
to come out of the nose,ih-ihi,yhvhsko',True,present;imperfective;perfective;infinitive,Ambiguity implies lossy rule reversal
to come out of the nose,ih-ihi,yhvhsko',True,present;imperfective;perfective;infinitive,Ambiguity implies lossy rule reversal
to come out of the nose,ih-ihi,yhvhsko',True,present;imperfective;perfective;infinitive,Ambiguity implies lossy rule reversal
to come out of the nose,ih-ihi,yhvhsko',True,present;imperfective;perfective;infinitive,Ambiguity implies lossy rule reversal
to come out of the nose,ih-ihi,ayvhsko'h,False,present;imperfective;perfective;infinitive,Ambiguity implies lossy rule reversal
to come out of the nose,ih-ihi,ayvhsko'h,False,present;imperfective;perfective;infinitive,Ambiguity implies lossy rule reversal
to come out of the nose,ih-ihi,yhvhsko',True,present;imperfective;perfective;infinitive,Ambiguity implies lossy rule reversal
to come out of the nose,ih-ihi,yhvhsko',True,present;imperfective;perfective;infinitive,Ambiguity implies lossy rule reversal
to come out of the nose,ih-ihi,yhvhsko',True,present;imperfective;perfective;infinitive,Ambiguity implies lossy rule reversal
to come out of the nose,ih-ihi,yhvhsko',True,present;imperfective;perfective;infinitive,Ambiguity implies lossy rule reversal
to come out of the nose,ih-ihi,ayvhsko'h,False,present;imperfective;perfective;infinitive,Ambiguity implies lossy rule reversal
to come out of the nose,ih-ihi,ayvhsko'h,False,present;imperfective;perfective;infinitive,Ambiguity implies lossy rule reversal
to come out of the nose,stative-h,yhvhsko'i,True,present;imperfective;perfective;imperative;infinitive,Ambiguity implies lossy rule reversal
to come out of the nose,stative-h,yhvhsko'i,True,present;imperfective;perfective;imperative;infinitive,Ambiguity implies lossy rule reversal
to come out of the nose,stative-h,yhvhsko'i,True,present;imperfective;perfective;imperative;infinitive,Ambiguity implies lossy rule reversal
to come out of the nose,stative-h,yhvhsko'i,True,present;imperfective;perfective;imperative;infinitive,Ambiguity implies lossy rule reversal
to come out of the nose,stative-h,ayvhsko'ih,False,present;imperfective;perfective;imperative;infinitive,Ambiguity implies lossy rule reversal
to come out of the nose,stative-h,ayvhsko'ih,False,present;imperfective;perfective;imperative;infinitive,Ambiguity implies lossy rule reversal
to come out of the nose,stative-h,yhvhsko'i,True,present;imperfective;perfective;imperative;infinitive,Ambiguity implies lossy rule reversal
to come out of the nose,stative-h,yhvhsko'i,True,present;imperfective;perfective;imperative;infinitive,Ambiguity implies lossy rule reversal
to come out of the nose,stative-h,yhvhsko'i,True,present;imperfective;perfective;imperative;infinitive,Ambiguity implies lossy rule reversal
to come out of the nose,stative-h,yhvhsko'i,True,present;imperfective;perfective;imperative;infinitive,Ambiguity implies lossy rule reversal
to come out of the nose,stative-h,ayvhsko'ih,False,present;imperfective;perfective;imperative;infinitive,Ambiguity implies lossy rule reversal
to come out of the nose,stative-h,ayvhsko'ih,False,present;imperfective;perfective;imperative;infinitive,Ambiguity implies lossy rule reversal
to come out of the nose,stative-h,yhvhsko'i,True,present;imperfective;perfective;imperative;infinitive,Ambiguity implies lossy rule reversal
to come out of the nose,stative-h,yhvhsko'i,True,present;imperfective;perfective;imperative;infinitive,Ambiguity implies lossy rule reversal
to come out of the nose,stative-h,yhvhsko'i,True,present;imperfective;perfective;imperative;infinitive,Ambiguity implies lossy rule reversal
to come out of the nose,stative-h,yhvhsko'i,True,present;imperfective;perfective;imperative;infinitive,Ambiguity implies lossy rule reversal
to come out of the nose,stative-h,ayvhsko'ih,False,present;imperfective;perfective;imperative;infinitive,Ambiguity implies lossy rule reversal
to come out of the nose,stative-h,ayvhsko'ih,False,present;imperfective;perfective;imperative;infinitive,Ambiguity implies lossy rule reversal
to come out of the nose,stative-h,yhvhsko'i,True,present;imperfective;perfective;imperative;infinitive,Ambiguity implies lossy rule reversal
to come out of the nose,stative-h,yhvhsko'i,True,present;imperfective;perfective;imperative;infinitive,Ambiguity implies lossy rule reversal
to come out of the nose,stative-h,yhvhsko'i,True,present;imperfective;perfective;imperative;infinitive,Ambiguity implies lossy rule reversal
to come out of the nose,stative-h,yhvhsko'i,True,present;imperfective;perfective;imperative;infinitive,Ambiguity implies lossy rule reversal
to come out of the nose,stative-h,ayvhsko'ih,False,present;imperfective;perfective;imperative;infinitive,Ambiguity implies lossy rule reversal
to come out of the nose,stative-h,ayvhsko'ih,False,present;imperfective;perfective;imperative;infinitive,Ambiguity implies lossy rule reversal
to come out of the nose,stative-h,yhvhsko'i,True,present;imperfective;perfective;infinitive,Ambiguity implies lossy rule reversal
to come out of the nose,stative-h,yhvhsko'i,True,present;imperfective;perfective;infinitive,Ambiguity implies lossy rule reversal
to come out of the nose,stative-h,yhvhsko'i,True,present;imperfective;perfective;infinitive,Ambiguity implies lossy rule reversal
to come out of the nose,stative-h,yhvhsko'i,True,present;imperfective;perfective;infinitive,Ambiguity implies lossy rule reversal
to come out of the nose,stative-h,ayvhsko'ih,False,present;imperfective;perfective;infinitive,Ambiguity implies lossy rule reversal
to come out of the nose,stative-h,ayvhsko'ih,False,present;imperfective;perfective;infinitive,Ambiguity implies lossy rule reversal
to come out of the nose,stative-h,yhvhsko'i,True,present;imperfective;perfective;infinitive,Ambiguity implies lossy rule reversal
to come out of the nose,stative-h,yhvhsko'i,True,present;imperfective;perfective;infinitive,Ambiguity implies lossy rule reversal
to come out of the nose,stative-h,yhvhsko'i,True,present;imperfective;perfective;infinitive,Ambiguity implies lossy rule reversal
to come out of the nose,stative-h,yhvhsko'i,True,present;imperfective;perfective;infinitive,Ambiguity implies lossy rule reversal
to come out of the nose,stative-h,ayvhsko'ih,False,present;imperfective;perfective;infinitive,Ambiguity implies lossy rule reversal
to come out of the nose,stative-h,ayvhsko'ih,False,present;imperfective;perfective;infinitive,Ambiguity implies lossy rule reversal
to come out of the nose,stative-h,yhvhsko'i,True,present;imperfective;perfective;infinitive,Ambiguity implies lossy rule reversal
to come out of the nose,stative-h,yhvhsko'i,True,present;imperfective;perfective;infinitive,Ambiguity implies lossy rule reversal
to come out of the nose,stative-h,yhvhsko'i,True,present;imperfective;perfective;infinitive,Ambiguity implies lossy rule reversal
to come out of the nose,stative-h,yhvhsko'i,True,present;imperfective;perfective;infinitive,Ambiguity implies lossy rule reversal
to come out of the nose,stative-h,ayvhsko'ih,False,present;imperfective;perfective;infinitive,Ambiguity implies lossy rule reversal
to come out of the nose,stative-h,ayvhsko'ih,False,present;imperfective;perfective;infinitive,Ambiguity implies lossy rule reversal
to come out of the nose,stative-h,yhvhsko'i,True,present;imperfective;perfective;infinitive,Ambiguity implies lossy rule reversal
to come out of the nose,stative-h,yhvhsko'i,True,present;imperfective;perfective;infinitive,Ambiguity implies lossy rule reversal
to come out of the nose,stative-h,yhvhsko'i,True,present;imperfective;perfective;infinitive,Ambiguity implies lossy rule reversal
to come out of the nose,stative-h,yhvhsko'i,True,present;imperfective;perfective;infinitive,Ambiguity implies lossy rule reversal
to come out of the nose,stative-h,ayvhsko'ih,False,present;imperfective;perfective;infinitive,Ambiguity implies lossy rule reversal
to come out of the nose,stative-h,ayvhsko'ih,False,present;imperfective;perfective;infinitive,Ambiguity implies lossy rule reversal
to come out of the nose,stative,yhvhsko'ih,True,present;imperfective;perfective;imperative;infinitive,Ambiguity implies lossy rule reversal
to come out of the nose,stative,yhvhsko'ih,True,present;imperfective;perfective;imperative;infinitive,Ambiguity implies lossy rule reversal
to come out of the nose,stative,yhvhsko'ih,True,present;imperfective;perfective;imperative;infinitive,Ambiguity implies lossy rule reversal
to come out of the nose,stative,yhvhsko'ih,True,present;imperfective;perfective;imperative;infinitive,Ambiguity implies lossy rule reversal
to come out of the nose,stative,ayvhsko'ihh,False,present;imperfective;perfective;imperative;infinitive,Ambiguity implies lossy rule reversal
to come out of the nose,stative,ayvhsko'ihh,False,present;imperfective;perfective;imperative;infinitive,Ambiguity implies lossy rule reversal
to come out of the nose,stative,yhvhsko'ih,True,present;imperfective;perfective;imperative;infinitive,Ambiguity implies lossy rule reversal
to come out of the nose,stative,yhvhsko'ih,True,present;imperfective;perfective;imperative;infinitive,Ambiguity implies lossy rule reversal
to come out of the nose,stative,yhvhsko'ih,True,present;imperfective;perfective;imperative;infinitive,Ambiguity implies lossy rule reversal
to come out of the nose,stative,yhvhsko'ih,True,present;imperfective;perfective;imperative;infinitive,Ambiguity implies lossy rule reversal
to come out of the nose,stative,ayvhsko'ihh,False,present;imperfective;perfective;imperative;infinitive,Ambiguity implies lossy rule reversal
to come out of the nose,stative,ayvhsko'ihh,False,present;imperfective;perfective;imperative;infinitive,Ambiguity implies lossy rule reversal
to come out of the nose,stative,yhvhsko'ih,True,present;imperfective;perfective;imperative;infinitive,Ambiguity implies lossy rule reversal
to come out of the nose,stative,yhvhsko'ih,True,present;imperfective;perfective;imperative;infinitive,Ambiguity implies lossy rule reversal
to come out of the nose,stative,yhvhsko'ih,True,present;imperfective;perfective;imperative;infinitive,Ambiguity implies lossy rule reversal
to come out of the nose,stative,yhvhsko'ih,True,present;imperfective;perfective;imperative;infinitive,Ambiguity implies lossy rule reversal
to come out of the nose,stative,ayvhsko'ihh,False,present;imperfective;perfective;imperative;infinitive,Ambiguity implies lossy rule reversal
to come out of the nose,stative,ayvhsko'ihh,False,present;imperfective;perfective;imperative;infinitive,Ambiguity implies lossy rule reversal
to come out of the nose,stative,yhvhsko'ih,True,present;imperfective;perfective;imperative;infinitive,Ambiguity implies lossy rule reversal
to come out of the nose,stative,yhvhsko'ih,True,present;imperfective;perfective;imperative;infinitive,Ambiguity implies lossy rule reversal
to come out of the nose,stative,yhvhsko'ih,True,present;imperfective;perfective;imperative;infinitive,Ambiguity implies lossy rule reversal
to come out of the nose,stative,yhvhsko'ih,True,present;imperfective;perfective;imperative;infinitive,Ambiguity implies lossy rule reversal
to come out of the nose,stative,ayvhsko'ihh,False,present;imperfective;perfective;imperative;infinitive,Ambiguity implies lossy rule reversal
to come out of the nose,stative,ayvhsko'ihh,False,present;imperfective;perfective;imperative;infinitive,Ambiguity implies lossy rule reversal
to come out of the nose,stative,yhvhsko'ih,True,present;imperfective;perfective;infinitive,Ambiguity implies lossy rule reversal
to come out of the nose,stative,yhvhsko'ih,True,present;imperfective;perfective;infinitive,Ambiguity implies lossy rule reversal
to come out of the nose,stative,yhvhsko'ih,True,present;imperfective;perfective;infinitive,Ambiguity implies lossy rule reversal
to come out of the nose,stative,yhvhsko'ih,True,present;imperfective;perfective;infinitive,Ambiguity implies lossy rule reversal
to come out of the nose,stative,ayvhsko'ihh,False,present;imperfective;perfective;infinitive,Ambiguity implies lossy rule reversal
to come out of the nose,stative,ayvhsko'ihh,False,present;imperfective;perfective;infinitive,Ambiguity implies lossy rule reversal
to come out of the nose,stative,yhvhsko'ih,True,present;imperfective;perfective;infinitive,Ambiguity implies lossy rule reversal
to come out of the nose,stative,yhvhsko'ih,True,present;imperfective;perfective;infinitive,Ambiguity implies lossy rule reversal
to come out of the nose,stative,yhvhsko'ih,True,present;imperfective;perfective;infinitive,Ambiguity implies lossy rule reversal
to come out of the nose,stative,yhvhsko'ih,True,present;imperfective;perfective;infinitive,Ambiguity implies lossy rule reversal
to come out of the nose,stative,ayvhsko'ihh,False,present;imperfective;perfective;infinitive,Ambiguity implies lossy rule reversal
to come out of the nose,stative,ayvhsko'ihh,False,present;imperfective;perfective;infinitive,Ambiguity implies lossy rule reversal
to come out of the nose,stative,yhvhsko'ih,True,present;imperfective;perfective;infinitive,Ambiguity implies lossy rule reversal
to come out of the nose,stative,yhvhsko'ih,True,present;imperfective;perfective;infinitive,Ambiguity implies lossy rule reversal
to come out of the nose,stative,yhvhsko'ih,True,present;imperfective;perfective;infinitive,Ambiguity implies lossy rule reversal
to come out of the nose,stative,yhvhsko'ih,True,present;imperfective;perfective;infinitive,Ambiguity implies lossy rule reversal
to come out of the nose,stative,ayvhsko'ihh,False,present;imperfective;perfective;infinitive,Ambiguity implies lossy rule reversal
to come out of the nose,stative,ayvhsko'ihh,False,present;imperfective;perfective;infinitive,Ambiguity implies lossy rule reversal
to come out of the nose,stative,yhvhsko'ih,True,present;imperfective;perfective;infinitive,Ambiguity implies lossy rule reversal
to come out of the nose,stative,yhvhsko'ih,True,present;imperfective;perfective;infinitive,Ambiguity implies lossy rule reversal
to come out of the nose,stative,yhvhsko'ih,True,present;imperfective;perfective;infinitive,Ambiguity implies lossy rule reversal
to come out of the nose,stative,yhvhsko'ih,True,present;imperfective;perfective;infinitive,Ambiguity implies lossy rule reversal
to come out of the nose,stative,ayvhsko'ihh,False,present;imperfective;perfective;infinitive,Ambiguity implies lossy rule reversal
to come out of the nose,stative,ayvhsko'ihh,False,present;imperfective;perfective;infinitive,Ambiguity implies lossy rule reversal
he/she is confronted with it,sk-s-hi-hihst,atlo,True,present;present_1sg;imperfective;perfective;imperative;infinitive,Ambiguity implies lossy rule reversal
he/she is confronted with it,sk-s-hi-hihst,lo,True,present;present_1sg;imperfective;perfective;imperative;infinitive,Ambiguity implies lossy rule reversal
he/she is confronted with it,sk-s-hst[imp2],atlo,False,present;present_1sg;imperfective;perfective;imperative;infinitive,Ambiguity implies lossy rule reversal
he/she is confronted with it,sk-s-hst[imp2],lo,False,present;present_1sg;imperfective;perfective;imperative;infinitive,Ambiguity implies lossy rule reversal
he/she is confronted with it,sk-s-hst,atlo,False,present;present_1sg;imperfective;perfective;imperative;infinitive,Ambiguity implies lossy rule reversal
he/she is confronted with it,sk-s-hst,lo,False,present;present_1sg;imperfective;perfective;imperative;infinitive,Ambiguity implies lossy rule reversal
he/she is staggering,cause,atokht,True,present;present_1sg;imperfective;perfective;imperative;infinitive,Ambiguity implies lossy rule reversal
he/she is staggering,cause,okht,True,present;present_1sg;imperfective;perfective;imperative;infinitive,Ambiguity implies lossy rule reversal
he/she is staggering,cause[perf3],atokht,False,present;present_1sg;imperfective;perfective;imperative;infinitive,Ambiguity implies lossy rule reversal
he/she is staggering,cause[perf3],okht,False,present;present_1sg;imperfective;perfective;imperative;infinitive,Ambiguity implies lossy rule reversal
he/she is staggering,cause[pres2],atokhtih,False,present;present_1sg;imperfective;perfective;imperative;infinitive,Ambiguity implies lossy rule reversal
he/she is staggering,cause[pres2],okhtih,False,present;present_1sg;imperfective;perfective;imperative;infinitive,Ambiguity implies lossy rule reversal
he/she is staggering,cause[pres2-perf3],atokhtih,False,present;present_1sg;imperfective;perfective;imperative;infinitive,Ambiguity implies lossy rule reversal
he/she is staggering,cause[pres2-perf3],okhtih,False,present;present_1sg;imperfective;perfective;imperative;infinitive,Ambiguity implies lossy rule reversal
he/she is getting a rash,sk-s-hi-hihst,kwenothi,False,present;present_1sg;imperfective;perfective;imperative;infinitive,Ambiguity implies lossy rule reversal
he/she is getting a rash,sk-s-hi-hihst,kwenothi,False,present;present_1sg;imperfective;perfective;imperative;infinitive,Ambiguity implies lossy rule reversal
he/she is getting a rash,sk-s-hst[imp2],kwenothi,True,present;present_1sg;imperfective;perfective;imperative;infinitive,Ambiguity implies lossy rule reversal
he/she is getting a rash,sk-s-hst[imp2],kwenothi,False,present;present_1sg;imperfective;perfective;imperative;infinitive,Ambiguity implies lossy rule reversal
he/she is getting a rash,sk-s-hst,kwenothi,False,present;present_1sg;imperfective;perfective;imperative;infinitive,Ambiguity implies lossy rule reversal
he/she is getting a rash,sk-s-hst,kwenothi,False,present;present_1sg;imperfective;perfective;imperative;infinitive,Ambiguity implies lossy rule reversal
he/she has horns,stative-k,lh,True,present;present_1sg;imperfective;perfective;imperative;infinitive,Ambiguity implies lossy rule reversal
he/she has horns,stative-k,lh,False,present;present_1sg;imperfective;perfective;imperative;infinitive,Ambiguity implies lossy rule reversal
he/she has horns,stative-k,lh,False,present;present_1sg;imperfective;perfective;imperative;infinitive,Ambiguity implies lossy rule reversal
he/she has horns,stative,lhk,True,present;present_1sg;imperfective;perfective;imperative;infinitive,Ambiguity implies lossy rule reversal
he/she has horns,stative,lhk,False,present;present_1sg;imperfective;perfective;imperative;infinitive,Ambiguity implies lossy rule reversal
he/she has horns,stative,lhk,False,present;present_1sg;imperfective;perfective;imperative;infinitive,Ambiguity implies lossy rule reversal
he/she is sneezing,sk-h,yhvhstoy,True,present;present_1sg;imperfective;perfective;imperative;infinitive,Ambiguity implies lossy rule reversal
he/she is sneezing,sk-h,yhvhstoy,True,present;present_1sg;imperfective;perfective;imperative;infinitive,Ambiguity implies lossy rule reversal
he/she is sneezing,sk-h[imp2],yhvhstoy,False,present;present_1sg;imperfective;perfective;imperative;infinitive,Ambiguity implies lossy rule reversal
he/she is sneezing,sk-h[imp2],yhvhstoy,False,present;present_1sg;imperfective;perfective;imperative;infinitive,Ambiguity implies lossy rule reversal
he/she is vomiting,cause,khst,True,present;present_1sg;imperfective;perfective;imperative;infinitive,Ambiguity implies lossy rule reversal
he/she is vomiting,cause,khst,False,present;present_1sg;imperfective;perfective;imperative;infinitive,Ambiguity implies lossy rule reversal
he/she is vomiting,cause,khst,False,present;present_1sg;imperfective;perfective;imperative;infinitive,Ambiguity implies lossy rule reversal
he/she is vomiting,cause[perf3],khst,False,present;present_1sg;imperfective;perfective;imperative;infinitive,Ambiguity implies lossy rule reversal
he/she is vomiting,cause[perf3],khst,False,present;present_1sg;imperfective;perfective;imperative;infinitive,Ambiguity implies lossy rule reversal
he/she is vomiting,cause[perf3],khst,False,present;present_1sg;imperfective;perfective;imperative;infinitive,Ambiguity implies lossy rule reversal
he/she is vomiting,cause[pres2],khstih,False,present;present_1sg;imperfective;perfective;imperative;infinitive,Ambiguity implies lossy rule reversal
he/she is vomiting,cause[pres2],khstih,False,present;present_1sg;imperfective;perfective;imperative;infinitive,Ambiguity implies lossy rule reversal
he/she is vomiting,cause[pres2],khstih,False,present;present_1sg;imperfective;perfective;imperative;infinitive,Ambiguity implies lossy rule reversal
he/she is vomiting,cause[pres2-perf3],khstih,False,present;present_1sg;imperfective;perfective;imperative;infinitive,Ambiguity implies lossy rule reversal
he/she is vomiting,cause[pres2-perf3],khstih,False,present;present_1sg;imperfective;perfective;imperative;infinitive,Ambiguity implies lossy rule reversal
he/she is vomiting,cause[pres2-perf3],khstih,False,present;present_1sg;imperfective;perfective;imperative;infinitive,Ambiguity implies lossy rule reversal
he/she is wearing glasses,stative-h,akhthinvt,True,present;present_1sg;imperfective;perfective;imperative;infinitive,Ambiguity implies lossy rule reversal
he/she is wearing glasses,stative,akhthinvth,False,present;present_1sg;imperfective;perfective;imperative;infinitive,Ambiguity implies lossy rule reversal
he/she is wearing shoes,stative-h,alahsul,True,present;present_1sg;imperfective;perfective;imperative;infinitive,Ambiguity implies lossy rule reversal
he/she is wearing shoes,stative,alahsulh,True,present;present_1sg;imperfective;perfective;imperative;infinitive,Ambiguity implies lossy rule reversal
he/she is wearing socks,stative-h,aliyo,True,present;present_1sg;imperfective;perfective;imperative;infinitive,Ambiguity implies lossy rule reversal
he/she is wearing socks,stative-h,yo,True,present;present_1sg;imperfective;perfective;imperative;infinitive,Ambiguity implies lossy rule reversal
he/she is wearing socks,stative,aliyoh,True,present;present_1sg;imperfective;perfective;imperative;infinitive,Ambiguity implies lossy rule reversal
he/she is wearing socks,stative,yoh,True,present;present_1sg;imperfective;perfective;imperative;infinitive,Ambiguity implies lossy rule reversal
he/she is working,apl,lvwhihstan,True,present;present_1sg;imperfective;perfective;imperative;infinitive,Ambiguity implies lossy rule reversal
he/she is working,apl,lvwhihstan,False,present;present_1sg;imperfective;perfective;imperative;infinitive,Ambiguity implies lossy rule reversal
he/she is working,apl[imp2],lvwhihstan,False,present;present_1sg;imperfective;perfective;imperative;infinitive,Ambiguity implies lossy rule reversal
he/she is working,apl[imp2],lvwhihstan,False,present;present_1sg;imperfective;perfective;imperative;infinitive,Ambiguity implies lossy rule reversal
he/she is releasing it,cause,ahskalehst,True,present;present_1sg;imperfective;perfective;imperative;infinitive,Ambiguity implies lossy rule reversal
he/she is releasing it,cause[perf3],ahskalehst,False,present;present_1sg;imperfective;perfective;imperative;infinitive,Ambiguity implies lossy rule reversal
he/she is releasing it,cause[pres2],ahskalehstih,False,present;present_1sg;imperfective;perfective;imperative;infinitive,Ambiguity implies lossy rule reversal
he/she is releasing it,cause[pres2-perf3],ahskalehstih,False,present;present_1sg;imperfective;perfective;imperative;infinitive,Ambiguity implies lossy rule reversal
he/she is tired,become,yawe,True,present;present_1sg;imperfective;perfective;imperative;infinitive,Ambiguity implies lossy rule reversal
he/she is tired,become,yawe,False,present;present_1sg;imperfective;perfective;imperative;infinitive,Ambiguity implies lossy rule reversal
he/she is releasing it,sk-s-hi-hihst,yo,True,present;present_1sg;imperfective;perfective;imperative;infinitive,Ambiguity implies lossy rule reversal
he/she is releasing it,sk-s-hi-hihst,yo,False,present;present_1sg;imperfective;perfective;imperative;infinitive,Ambiguity implies lossy rule reversal
he/she is releasing it,sk-s-hst[imp2],yo,False,present;present_1sg;imperfective;perfective;imperative;infinitive,Ambiguity implies lossy rule reversal
he/she is releasing it,sk-s-hst[imp2],yo,False,present;present_1sg;imperfective;perfective;imperative;infinitive,Ambiguity implies lossy rule reversal
he/she is releasing it,sk-s-hst,yo,False,present;present_1sg;imperfective;perfective;imperative;infinitive,Ambiguity implies lossy rule reversal
he/she is releasing it,sk-s-hst,yo,False,present;present_1sg;imperfective;perfective;imperative;infinitive,Ambiguity implies lossy rule reversal
he/she is walking around,be-at-weak,et,True,present_1sg,Ambiguity implies lossy rule reversal
he/she lives,stative-h,e,True,present_1sg,Ambiguity implies lossy rule reversal
he/she lives,stative-h,e,True,present_1sg,Ambiguity implies lossy rule reversal
he/she lives,stative,eh,True,,
he/she lives,stative,eh,True,,
he/she thinks so,i-a-i[perf2],el,True,,
he/she thinks so,i-a-i,el,False,,
he/she is straightening it,cause[perf2],tshinohs,True,,
he/she is straightening it,cause[perf2],tshinohs,False,,
he/she is straightening it,cause[pres2-perf2],tshinohsih,False,,
he/she is straightening it,cause[pres2-perf2],tshinohsih,False,,
it is hanging,stative,ata',True,,
it is hanging,stative,ata',True,,
it is hanging,stative,a',True,,
it is hanging,stative,a',True,,
it is hanging,stative,',True,,
it is hanging,stative,',True,,
he/she is plowing it,i-vka,taluk,True,,
he/she is plowing it,i-vka,taluk,False,,
he/she is removing it from a hanging position,rev-e,at,True,,
he/she is removing it from a hanging position,rev-e,,True,,
he/she is turning it,cause,teyhst,True,,
he/she is turning it,cause,teyhst,False,,
he/she is turning it,cause[perf3],teyhst,False,,
he/she is turning it,cause[perf3],teyhst,False,,
he/she is turning it,cause[pres2],teyhstih,False,,
he/she is turning it,cause[pres2],teyhstih,False,,
he/she is turning it,cause[pres2-perf3],teyhstih,False,,
he/she is turning it,cause[pres2-perf3],teyhstih,False,,
he/she is spinning it,cause,tikwalvteyhst,True,,
he/she is spinning it,cause,tikwalvteyhst,False,,
he/she is spinning it,cause[perf3],tikwalvteyhst,False,,
he/she is spinning it,cause[perf3],tikwalvteyhst,False,,
he/she is spinning it,cause[pres2],tikwalvteyhstih,False,,
he/she is spinning it,cause[pres2],tikwalvteyhstih,False,,
he/she is spinning it,cause[pres2-perf3],tikwalvteyhstih,False,,
he/she is spinning it,cause[pres2-perf3],tikwalvteyhstih,False,,
he/she is strapping it,hih-lh,tlo,True,present_1sg,Ambiguity implies lossy rule reversal
he/she is strapping it,hih-lh,tlo,False,present_1sg,Ambiguity implies lossy rule reversal
he/she is standing,stative-k,to,True,,
he/she is standing,stative-k,to,True,,
he/she is standing,stative-k,to,False,,
he/she is standing,stative-k,to,False,,
he/she is standing,stative-k,to,True,imperative,Ambiguity implies lossy rule reversal
he/she is standing,stative-k,to,False,imperative,Ambiguity implies lossy rule reversal
he/she is standing,stative,tok,True,,
he/she is standing,stative,tok,True,,
he/she is standing,stative,tok,False,,
he/she is standing,stative,tok,False,,
he/she is standing,stative,tok,True,imperative,Ambiguity implies lossy rule reversal
he/she is standing,stative,tok,False,imperative,Ambiguity implies lossy rule reversal
he/she is pitying him/her,become,toli,True,,
he/she is pitying him/her,become,toli,False,,
he/she is pitying him/her,become[inf4],toli,False,,
he/she is pitying him/her,become[inf4],toli,False,,
he/she is dropping him/her,cause,atonht,True,,
he/she is dropping him/her,cause,onht,True,,
he/she is dropping him/her,cause[perf3],atonht,False,,
he/she is dropping him/her,cause[perf3],onht,False,,
he/she is dropping him/her,cause[pres2],atonhtih,False,,
he/she is dropping him/her,cause[pres2],onhtih,False,,
he/she is dropping him/her,cause[pres2-perf3],atonhtih,False,,
he/she is dropping him/her,cause[pres2-perf3],onhtih,False,,
it is falling from a hanging position,sk-s-hi-hihst,ato,True,present_1sg,Ambiguity implies lossy rule reversal
it is falling from a hanging position,sk-s-hi-hihst,o,True,present_1sg,Ambiguity implies lossy rule reversal
it is falling from a hanging position,sk-s-hst[imp2],ato,False,present_1sg,Ambiguity implies lossy rule reversal
it is falling from a hanging position,sk-s-hst[imp2],o,False,present_1sg,Ambiguity implies lossy rule reversal
it is falling from a hanging position,sk-s-hst,ato,False,present_1sg,Ambiguity implies lossy rule reversal
it is falling from a hanging position,sk-s-hst,o,False,present_1sg,Ambiguity implies lossy rule reversal
he/she is baking it,hvsk-nh[inf2],tu,True,present_1sg,Ambiguity implies lossy rule reversal
he/she is baking it,hvsk-nh[inf2],tu,False,present_1sg,Ambiguity implies lossy rule reversal
he/she is rowing,sk-s-hst[imp2],kawe,True,present_1sg,Ambiguity implies lossy rule reversal
he/she is rowing,sk-s-hst[imp2],kawe,False,present_1sg,Ambiguity implies lossy rule reversal
he/she is rowing,sk-s-hst,kawe,False,present_1sg,Ambiguity implies lossy rule reversal
he/she is rowing,sk-s-hst,kawe,False,present_1sg,Ambiguity implies lossy rule reversal
he/she is pecking it,hih-lh[imp2],kwayo,True,present_1sg;imperative,Ambiguity implies lossy rule reversal
he/she is pecking it,hih-lh[imp2],kwayo,False,present_1sg;imperative,Ambiguity implies lossy rule reversal
he/she is putting it into a container,cause,lht,True,,
he/she is putting it into a container,cause,lht,True,,
he/she is putting it into a container,cause,lht,False,,
he/she is putting it into a container,cause,lht,False,,
he/she is putting it into a container,cause[perf3],lht,False,,
he/she is putting it into a container,cause[perf3],lht,False,,
he/she is putting it into a container,cause[perf3],lht,False,,
he/she is putting it into a container,cause[perf3],lht,False,,
he/she is putting it into a container,cause[pres2],lhtih,False,,
he/she is putting it into a container,cause[pres2],lhtih,False,,
he/she is putting it into a container,cause[pres2],lhtih,False,,
he/she is putting it into a container,cause[pres2],lhtih,False,,
he/she is putting it into a container,cause[pres2-perf3],lhtih,False,,
he/she is putting it into a container,cause[pres2-perf3],lhtih,False,,
he/she is putting it into a container,cause[pres2-perf3],lhtih,False,,
he/she is putting it into a container,cause[pres2-perf3],lhtih,False,,
he/she is sleeping,ih-vh[imperf2],lh,False,,
he/she is sleeping,ih-vh[imperf2],lh,False,,
he/she is sleeping,ih-vh[imperf2],lh,False,,
he/she is sleeping,ih-vh[imperf2],lh,False,,
he/she is gathering it,cause[perf2],lhihs,True,,
he/she is gathering it,cause[perf2],lhihs,True,,
he/she is gathering it,cause[perf2],lhihs,False,,
he/she is gathering it,cause[perf2],lhihs,False,,
he/she is gathering it,cause[pres2-perf2],lhihsih,False,,
he/she is gathering it,cause[pres2-perf2],lhihsih,False,,
he/she is gathering it,cause[pres2-perf2],lhihsih,False,,
he/she is gathering it,cause[pres2-perf2],lhihsih,False,,
he/she is piling it up,husk,l,True,present_1sg,Ambiguity implies lossy rule reversal
he/she is piling it up,husk,l,False,present_1sg,Ambiguity implies lossy rule reversal
he/she is putting it in a hole or a container,hvsk-han,l,True,present_1sg,Ambiguity implies lossy rule reversal
he/she is putting it in a hole or a container,hvsk-han,l,False,present_1sg,Ambiguity implies lossy rule reversal
he/she is putting it in a hole or a container,hvsk-han,l,True,present_1sg;imperative,Ambiguity implies lossy rule reversal
he/she is putting it in a hole or a container,hvsk-han,l,False,present_1sg;imperative,Ambiguity implies lossy rule reversal
he/she is sleepy,vnh-vsk,lh,False,,
he/she is sleepy,vnh-vsk,lh,False,,
he/she is sleepy,vnh-vsk,lh,False,,
he/she is sleepy,vnh-vsk,lh,False,,
he/she is sleepy,vnh-vsk[inf3],lh,True,,
he/she is sleepy,vnh-vsk[inf3],lh,True,,
he/she is sleepy,vnh-vsk[inf3],lh,False,,
he/she is sleepy,vnh-vsk[inf3],lh,False,,
he/she is taking it somewhere by hand,go,nh,True,,
he/she is taking it somewhere by hand,go,nh,True,,
he/she is taking it somewhere by hand,go,nh,False,,
he/she is taking it somewhere by hand,go,nh,False,,
he/she is taking it somewhere by hand,go[pres2],nhek,False,,
he/she is taking it somewhere by hand,go[pres2],nhek,False,,
he/she is taking it somewhere by hand,go[pres2],nhek,False,,
he/she is taking it somewhere by hand,go[pres2],nhek,False,,
he/she is handling it,be-at,nh,True,,
he/she is handling it,be-at,nh,True,,
he/she is handling it,be-at,nh,False,,
he/she is handling it,be-at,nh,False,,
he/she is handling it,be-at-weak,nhit,True,,
he/she is handling it,be-at-weak,nhit,True,,
he/she is handling it,be-at-weak,nhit,False,,
he/she is handling it,be-at-weak,nhit,False,,
he/she is eating it,e-aka,yh,True,,
he/she is eating it,e-aka,yh,True,,
he/she is eating it,e-aka,yh,False,,
he/she is eating it,e-aka,yh,False,,
he/she is ripping it,ih-vh,tsakal,True,present_1sg,Ambiguity implies lossy rule reversal
he/she is ripping it,ih-vh,tsakal,False,present_1sg,Ambiguity implies lossy rule reversal
he/she is scratching him/her,sk-s-la,tsaliko,True,present_1sg,Ambiguity implies lossy rule reversal
he/she is scratching him/her,sk-s-la,tsaliko,False,present_1sg,Ambiguity implies lossy rule reversal
he/she is scratching him/her,sk-s-hst,tsaliko,False,present_1sg,Ambiguity implies lossy rule reversal
he/she is scratching him/her,sk-s-hst,tsaliko,False,present_1sg,Ambiguity implies lossy rule reversal
he/she is pricking him/her,hih-lh[imp2],tsayo,True,present_1sg;imperative,Ambiguity implies lossy rule reversal
he/she is pricking him/her,hih-lh[imp2],tsayo,False,present_1sg;imperative,Ambiguity implies lossy rule reversal
he/she is wringing it out,cause,tsvwahst,True,,
he/she is wringing it out,cause,tsvwahst,False,,
he/she is wringing it out,cause[perf3],tsvwahst,False,,
he/she is wringing it out,cause[perf3],tsvwahst,False,,
he/she is wringing it out,cause[pres2],tsvwahstih,False,,
he/she is wringing it out,cause[pres2],tsvwahstih,False,,
he/she is wringing it out,cause[pres2-perf3],tsvwahstih,False,,
he/she is wringing it out,cause[pres2-perf3],tsvwahstih,False,,
he/she is stinging it,sk-h,tsvy,True,present_1sg;imperative,Ambiguity implies lossy rule reversal
he/she is stinging it,sk-h,tsvy,False,present_1sg;imperative,Ambiguity implies lossy rule reversal
he/she is stinging it,sk-h[imp2],tsvy,False,present_1sg,Ambiguity implies lossy rule reversal
he/she is stinging it,sk-h[imp2],tsvy,False,present_1sg,Ambiguity implies lossy rule reversal
he/she is leaving a living thing behind,leaving,khah,True,,
he/she is leaving a living thing behind,leaving,khah,True,,
he/she is leaving a living thing behind,leaving,khah,False,,
he/she is leaving a living thing behind,leaving,khah,False,,
he/she is giving him/her a living thing,apl,khan,True,,
he/she is giving him/her a living thing,apl,khan,True,,
he/she is giving him/her a living thing,apl,khan,False,,
he/she is giving him/her a living thing,apl,khan,False,,
he/she is giving him/her a living thing,apl[imp2],khan,False,,
he/she is giving him/her a living thing,apl[imp2],khan,False,,
he/she is giving him/her a living thing,apl[imp2],khan,False,,
he/she is giving him/her a living thing,apl[imp2],khan,False,,
he/she is wrapping him/her,vnh-vsk,kwhen,False,,
he/she is wrapping him/her,vnh-vsk,kwhen,False,,
he/she is wrapping him/her,vnh-vsk,kwhen,False,,
he/she is wrapping him/her,vnh-vsk,kwhen,False,,
he/she is wrapping him/her,vnh-vsk[inf2],kwhen,True,,
he/she is wrapping him/her,vnh-vsk[inf2],kwhen,True,,
he/she is wrapping him/her,vnh-vsk[inf2],kwhen,False,,
he/she is wrapping him/her,vnh-vsk[inf2],kwhen,False,,
he/she is putting it in a container,i-a-i,lat,True,,
he/she is putting it in a container,i-a-i,lat,False,,
he/she is putting it in a container,i-a-i,lat,True,,
he/she is putting it in a container,i-a-i,lat,False,,
he/she is putting it in a container,long,l,True,,
he/she is putting it in a container,long,l,False,,
he/she is putting it in a container,long,l,True,,
he/she is putting it in a container,long,l,False,,
he/she is putting it in a container,long-no-a,la,True,,
he/she is putting it in a container,long-no-a,la,False,,
he/she is putting it in a container,long-no-a,la,True,,
he/she is putting it in a container,long-no-a,la,False,,
he/she is taking it out of a container,rev-e,l,True,,
he/she is taking it out of a container,rev-e,l,False,,
he/she is taking it out of a container,rev-e,l,True,,
he/she is taking it out of a container,rev-e,l,False,,
he/she is burning,sk-s-hi-hihst,leyv,True,present_1sg,Ambiguity implies lossy rule reversal
he/she is burning,sk-s-hi-hihst,leyv,False,present_1sg,Ambiguity implies lossy rule reversal
he/she is burning,sk-s-hi-hihst,leyv,True,present_1sg;imperative,Ambiguity implies lossy rule reversal
he/she is burning,sk-s-hi-hihst,leyv,False,present_1sg;imperative,Ambiguity implies lossy rule reversal
he/she is burning,sk-s-hst[imp2],leyv,False,present_1sg,Ambiguity implies lossy rule reversal
he/she is burning,sk-s-hst[imp2],leyv,False,present_1sg,Ambiguity implies lossy rule reversal
he/she is burning,sk-s-hst[imp2],leyv,False,present_1sg;imperative,Ambiguity implies lossy rule reversal
he/she is burning,sk-s-hst[imp2],leyv,False,present_1sg;imperative,Ambiguity implies lossy rule reversal
he/she is burning,sk-s-hst,leyv,False,present_1sg,Ambiguity implies lossy rule reversal
he/she is burning,sk-s-hst,leyv,False,present_1sg,Ambiguity implies lossy rule reversal
he/she is burning,sk-s-hst,leyv,False,present_1sg,Ambiguity implies lossy rule reversal
he/she is burning,sk-s-hst,leyv,False,present_1sg,Ambiguity implies lossy rule reversal
it is falling from an upright position,sk-s-hi-hihst,leyv,True,present_1sg,Ambiguity implies lossy rule reversal
it is falling from an upright position,sk-s-hi-hihst,leyv,False,present_1sg,Ambiguity implies lossy rule reversal
it is falling from an upright position,sk-s-hi-hihst,leyv,True,present_1sg;imperative,Ambiguity implies lossy rule reversal
it is falling from an upright position,sk-s-hi-hihst,leyv,False,present_1sg;imperative,Ambiguity implies lossy rule reversal
it is falling from an upright position,sk-s-hst[imp2],leyv,False,present_1sg,Ambiguity implies lossy rule reversal
it is falling from an upright position,sk-s-hst[imp2],leyv,False,present_1sg,Ambiguity implies lossy rule reversal
it is falling from an upright position,sk-s-hst[imp2],leyv,False,present_1sg;imperative,Ambiguity implies lossy rule reversal
it is falling from an upright position,sk-s-hst[imp2],leyv,False,present_1sg;imperative,Ambiguity implies lossy rule reversal
it is falling from an upright position,sk-s-hst,leyv,False,present_1sg,Ambiguity implies lossy rule reversal
it is falling from an upright position,sk-s-hst,leyv,False,present_1sg,Ambiguity implies lossy rule reversal
it is falling from an upright position,sk-s-hst,leyv,False,present_1sg,Ambiguity implies lossy rule reversal
it is falling from an upright position,sk-s-hst,leyv,False,present_1sg,Ambiguity implies lossy rule reversal
it is burning,become,li,True,,
it is burning,become,ali,True,,
it is burning,become,ali,True,,
it is burning,become,li,True,imperative,Ambiguity implies lossy rule reversal
it is burning,become,ali,True,imperative,Ambiguity implies lossy rule reversal
it is burning,become,ali,True,imperative,Ambiguity implies lossy rule reversal
it is burning,become,li,False,,
it is burning,become,li,False,imperative,Ambiguity implies lossy rule reversal
it is burning,become,li,True,,
it is burning,become,ali,True,,
it is burning,become,ali,True,,
it is burning,become,li,True,,
it is burning,become,ali,True,,
it is burning,become,ali,True,,
it is burning,become,li,False,,
it is burning,become,li,False,,
it is burning,become,,True,,
it is burning,become,,True,,
it is burning,become,,True,imperative,Ambiguity implies lossy rule reversal
it is burning,become,,True,imperative,Ambiguity implies lossy rule reversal
it is burning,become,,True,,
it is burning,become,,True,,
it is burning,become,,True,,
it is burning,become,,True,,
it is burning,stative,alik,False,,
it is burning,stative,alik,False,,
it is burning,stative,alik,False,imperative,Ambiguity implies lossy rule reversal
it is burning,stative,alik,False,imperative,Ambiguity implies lossy rule reversal
it is burning,stative,alik,False,,
it is burning,stative,alik,False,,
it is burning,stative,alik,False,,
it is burning,stative,alik,False,,
it is dying,become,liwho,True,,
it is dying,become,liwho,False,,
it is dying,become,liwho,False,,
it is dying,become,liwho,False,,
he/she is hoeing it,i-vka,lok,True,,
he/she is hoeing it,i-vka,lok,False,,
he/she is hoeing it,i-vka,lok,True,,
he/she is hoeing it,i-vka,lok,False,,
he/she is stopping by,cause,lohihst,True,,
he/she is stopping by,cause,lohihst,False,,
he/she is stopping by,cause[perf3],lohihst,False,,
he/she is stopping by,cause[perf3],lohihst,False,,
he/she is stopping by,cause[pres2],lohihstih,False,,
he/she is stopping by,cause[pres2],lohihstih,False,,
he/she is stopping by,cause[pres2-perf3],lohihstih,False,,
he/she is stopping by,cause[pres2-perf3],lohihstih,False,,
he/she is overtaking him/her,apl,lohihs,False,,
he/she is overtaking him/her,apl,lohihs,False,,
he/she is overtaking him/her,apl[imp2],lohihs,True,,
he/she is overtaking him/her,apl[imp2],lohihs,False,,
he/she is overtaking him/her,apl[imp3],lohihs,False,,
he/she is overtaking him/her,apl[imp3],lohihs,False,,
he/she is bluffing him/her,cause,lonahst,True,,
he/she is bluffing him/her,cause,lonahst,False,,
he/she is bluffing him/her,cause,lonahst,True,,
he/she is bluffing him/her,cause,lonahst,False,,
he/she is bluffing him/her,cause[perf3],lonahst,False,,
he/she is bluffing him/her,cause[perf3],lonahst,False,,
he/she is bluffing him/her,cause[perf3],lonahst,False,,
he/she is bluffing him/her,cause[perf3],lonahst,False,,
he/she is bluffing him/her,cause[pres2],lonahstih,False,,
he/she is bluffing him/her,cause[pres2],lonahstih,False,,
he/she is bluffing him/her,cause[pres2],lonahstih,False,,
he/she is bluffing him/her,cause[pres2],lonahstih,False,,
he/she is bluffing him/her,cause[pres2-perf3],lonahstih,False,,
he/she is bluffing him/her,cause[pres2-perf3],lonahstih,False,,
he/she is bluffing him/her,cause[pres2-perf3],lonahstih,False,,
he/she is bluffing him/her,cause[pres2-perf3],lonahstih,False,,
he/she is oiling it,e-a,lon,True,,
he/she is oiling it,e-a,lon,False,,
he/she is oiling it,e-a,lon,True,,
he/she is oiling it,e-a,lon,False,,
he/she is making him/her fall from an elevated position,cause,lonht,True,,
he/she is making him/her fall from an elevated position,cause,lonht,False,,
he/she is making him/her fall from an elevated position,cause,lonht,True,,
he/she is making him/her fall from an elevated position,cause,lonht,False,,
he/she is making him/her fall from an elevated position,cause[perf3],lonht,False,,
he/she is making him/her fall from an elevated position,cause[perf3],lonht,False,,
he/she is making him/her fall from an elevated position,cause[perf3],lonht,False,,
he/she is making him/her fall from an elevated position,cause[perf3],lonht,False,,
he/she is making him/her fall from an elevated position,cause[pres2],lonhtih,False,,
he/she is making him/her fall from an elevated position,cause[pres2],lonhtih,False,,
he/she is making him/her fall from an elevated position,cause[pres2],lonhtih,False,,
he/she is making him/her fall from an elevated position,cause[pres2],lonhtih,False,,
he/she is making him/her fall from an elevated position,cause[pres2-perf3],lonhtih,False,,
he/she is making him/her fall from an elevated position,cause[pres2-perf3],lonhtih,False,,
he/she is making him/her fall from an elevated position,cause[pres2-perf3],lonhtih,False,,
he/she is making him/her fall from an elevated position,cause[pres2-perf3],lonhtih,False,,
he/she is cheating,apl-active-lh,lonuh,True,,
he/she is cheating,apl-active-lh,lonuh,False,,
he/she is cheating,apl-active-lh,lonuh,False,,
he/she is cheating,apl-active-lh,lonuh,False,,
he/she is passing by without stopping,sk-s-hi-hihst,lo,True,present_1sg,Ambiguity implies lossy rule reversal
he/she is passing by without stopping,sk-s-hi-hihst,lo,False,present_1sg,Ambiguity implies lossy rule reversal
he/she is passing by without stopping,sk-s-hi-hihst,lo,True,present_1sg;imperative,Ambiguity implies lossy rule reversal
he/she is passing by without stopping,sk-s-hi-hihst,lo,False,present_1sg;imperative,Ambiguity implies lossy rule reversal
he/she is passing by without stopping,sk-s-hst[imp2],lo,False,present_1sg,Ambiguity implies lossy rule reversal
he/she is passing by without stopping,sk-s-hst[imp2],lo,False,present_1sg,Ambiguity implies lossy rule reversal
he/she is passing by without stopping,sk-s-hst[imp2],lo,False,present_1sg;imperative,Ambiguity implies lossy rule reversal
he/she is passing by without stopping,sk-s-hst[imp2],lo,False,present_1sg;imperative,Ambiguity implies lossy rule reversal
he/she is passing by without stopping,sk-s-hst,lo,False,present_1sg,Ambiguity implies lossy rule reversal
he/she is passing by without stopping,sk-s-hst,lo,False,present_1sg,Ambiguity implies lossy rule reversal
he/she is passing by without stopping,sk-s-hst,lo,False,present_1sg,Ambiguity implies lossy rule reversal
he/she is passing by without stopping,sk-s-hst,lo,False,present_1sg,Ambiguity implies lossy rule reversal
he/she is falling from an elevated position,sk-s-hi-hihst,lo,True,present_1sg,Ambiguity implies lossy rule reversal
he/she is falling from an elevated position,sk-s-hi-hihst,lo,False,present_1sg,Ambiguity implies lossy rule reversal
he/she is falling from an elevated position,sk-s-hi-hihst,lo,True,present_1sg;imperative,Ambiguity implies lossy rule reversal
he/she is falling from an elevated position,sk-s-hi-hihst,lo,False,present_1sg;imperative,Ambiguity implies lossy rule reversal
he/she is falling from an elevated position,sk-s-hst[imp2],lo,False,present_1sg,Ambiguity implies lossy rule reversal
he/she is falling from an elevated position,sk-s-hst[imp2],lo,False,present_1sg,Ambiguity implies lossy rule reversal
he/she is falling from an elevated position,sk-s-hst[imp2],lo,False,present_1sg;imperative,Ambiguity implies lossy rule reversal
he/she is falling from an elevated position,sk-s-hst[imp2],lo,False,present_1sg;imperative,Ambiguity implies lossy rule reversal
he/she is falling from an elevated position,sk-s-hst,lo,False,present_1sg,Ambiguity implies lossy rule reversal
he/she is falling from an elevated position,sk-s-hst,lo,False,present_1sg,Ambiguity implies lossy rule reversal
he/she is falling from an elevated position,sk-s-hst,lo,False,present_1sg,Ambiguity implies lossy rule reversal
he/she is falling from an elevated position,sk-s-hst,lo,False,present_1sg,Ambiguity implies lossy rule reversal
it’s lacking,become,lulo,True,,
it’s lacking,become,lulo,False,,
it’s lacking,become,lulo,True,,
it’s lacking,become,lulo,False,,
he/she is chopping it,sk-h,luy,True,present_1sg,Ambiguity implies lossy rule reversal
he/she is chopping it,sk-h,luy,False,present_1sg,Ambiguity implies lossy rule reversal
he/she is chopping it,sk-h,luy,True,present_1sg;imperative,Ambiguity implies lossy rule reversal
he/she is chopping it,sk-h,luy,False,present_1sg;imperative,Ambiguity implies lossy rule reversal
he/she is chopping it,sk-h[imp2],luy,False,present_1sg,Ambiguity implies lossy rule reversal
he/she is chopping it,sk-h[imp2],luy,False,present_1sg,Ambiguity implies lossy rule reversal
he/she is chopping it,sk-h[imp2],luy,False,present_1sg,Ambiguity implies lossy rule reversal
he/she is chopping it,sk-h[imp2],luy,False,present_1sg,Ambiguity implies lossy rule reversal
he/she is beating him/her up,hih-hil,lvn,True,present_1sg,Ambiguity implies lossy rule reversal
he/she is beating him/her up,hih-hil,lvn,False,present_1sg,Ambiguity implies lossy rule reversal
he/she is beating him/her up,hih-hil,lvn,True,present_1sg;imperative,Ambiguity implies lossy rule reversal
he/she is beating him/her up,hih-hil,lvn,False,present_1sg;imperative,Ambiguity implies lossy rule reversal
he/she is putting it in a hole or a container,vsk,l,False,present_1sg,Ambiguity implies lossy rule reversal
he/she is putting it in a hole or a container,vsk,l,False,present_1sg,Ambiguity implies lossy rule reversal
he/she is putting it in a hole or a container,vsk,l,False,present_1sg,Ambiguity implies lossy rule reversal
he/she is putting it in a hole or a container,vsk,l,False,present_1sg,Ambiguity implies lossy rule reversal
he/she is putting it in a hole or a container,vsk[imp2],l,True,present_1sg,Ambiguity implies lossy rule reversal
he/she is putting it in a hole or a container,vsk[imp2],l,False,present_1sg,Ambiguity implies lossy rule reversal
he/she is putting it in a hole or a container,vsk[imp2],l,True,present_1sg,Ambiguity implies lossy rule reversal
he/she is putting it in a hole or a container,vsk[imp2],l,False,present_1sg,Ambiguity implies lossy rule reversal
he/she is selling it,go-in,nat,True,,
he/she is selling it,go-in,nat,False,,
he/she is selling it,go-in,nat,True,,
he/she is selling it,go-in,nat,False,,
he/she is hiring him/her,vsk,nalh,False,,
he/she is hiring him/her,vsk,nalh,False,,
he/she is hiring him/her,vsk,nalh,False,,
he/she is hiring him/her,vsk,nalh,False,,
he/she is hiring him/her,vsk[imp2],nalh,True,,
he/she is hiring him/her,vsk[imp2],nalh,False,,
he/she is hiring him/her,vsk[imp2],nalh,True,,
he/she is hiring him/her,vsk[imp2],nalh,False,,
he/she is finding it,ih-vh,nawhth,False,,
he/she is finding it,ih-vh,nawhth,False,,
he/she is finding it,ih-vh,nawhth,False,,
he/she is finding it,ih-vh,nawhth,False,,
he/she is finding it,ih-vh[inf2],nawhth,True,,
he/she is finding it,ih-vh[inf2],nawhth,False,,
he/she is finding it,ih-vh[inf2],nawhth,True,,
he/she is finding it,ih-vh[inf2],nawhth,False,,
he/she is taking it somewhere,ih-vh,nawit,True,present_1sg,Ambiguity implies lossy rule reversal
he/she is taking it somewhere,ih-vh,nawit,False,present_1sg,Ambiguity implies lossy rule reversal
he/she is taking it somewhere,ih-vh,nawit,True,present_1sg,Ambiguity implies lossy rule reversal
he/she is taking it somewhere,ih-vh,nawit,False,present_1sg,Ambiguity implies lossy rule reversal
he/she is getting it,rev-e,n,True,,
he/she is getting it,rev-e,n,False,,
he/she is getting it,rev-e,n,True,,
he/she is getting it,rev-e,n,False,,
he/she is changing it,v-vhs,netliy,True,,
he/she is changing it,v-vhs,netliy,False,,
he/she is changing it,v-vhs,netliy,True,,
he/she is changing it,v-vhs,netliy,False,,
he/she is changing it,change-out,netl,True,,
he/she is changing it,change-out,netl,False,,
he/she is changing it,change-out,netl,True,,
he/she is changing it,change-out,netl,False,,
he/she is taking it somewhere by hand,go,n,True,,
he/she is taking it somewhere by hand,go,n,False,,
he/she is taking it somewhere by hand,go[pres2],nek,False,,
he/she is taking it somewhere by hand,go[pres2],nek,False,,
he/she is peeling him/her,ih-vh,nekal,True,present_1sg,Ambiguity implies lossy rule reversal
he/she is peeling him/her,ih-vh,nekal,False,present_1sg,Ambiguity implies lossy rule reversal
he/she is peeling him/her,ih-vh,nekal,True,present_1sg,Ambiguity implies lossy rule reversal
he/she is peeling him/her,ih-vh,nekal,False,present_1sg,Ambiguity implies lossy rule reversal
he/she is getting some liquid,rev-gi,ne,True,,
he/she is getting some liquid,rev-gi,ne,False,,
he/she is getting some liquid,rev-gi,ne,True,,
he/she is getting some liquid,rev-gi,ne,False,,
he/she is getting some liquid,rev-i,nek,True,,
he/she is getting some liquid,rev-i,nek,False,,
he/she is getting some liquid,rev-i,nek,True,,
he/she is getting some liquid,rev-i,nek,False,,
he/she is taking liquid from him/her,apl,neki',True,present_1sg,Ambiguity implies lossy rule reversal
he/she is taking liquid from him/her,apl,neki',False,present_1sg,Ambiguity implies lossy rule reversal
he/she is taking liquid from him/her,apl,neki',True,present_1sg;imperative,Ambiguity implies lossy rule reversal
he/she is taking liquid from him/her,apl,neki',False,present_1sg;imperative,Ambiguity implies lossy rule reversal
he/she is taking liquid from him/her,apl[imp2],neki',False,present_1sg,Ambiguity implies lossy rule reversal
he/she is taking liquid from him/her,apl[imp2],neki',False,present_1sg,Ambiguity implies lossy rule reversal
he/she is taking liquid from him/her,apl[imp2],neki',False,present_1sg;imperative,Ambiguity implies lossy rule reversal
he/she is taking liquid from him/her,apl[imp2],neki',False,present_1sg;imperative,Ambiguity implies lossy rule reversal
he/she is taking liquid from him/her,apl[imp3],neki',False,present_1sg,Ambiguity implies lossy rule reversal
he/she is taking liquid from him/her,apl[imp3],neki',False,present_1sg,Ambiguity implies lossy rule reversal
he/she is taking liquid from him/her,apl[imp3],neki',False,present_1sg;imperative,Ambiguity implies lossy rule reversal
he/she is taking liquid from him/her,apl[imp3],neki',False,present_1sg;imperative,Ambiguity implies lossy rule reversal
he/she is bewitching him/her,i-a-i,nekut,True,,
he/she is bewitching him/her,i-a-i,nekut,False,,
he/she is bewitching him/her,i-a-i,nekut,True,,
he/she is bewitching him/her,i-a-i,nekut,False,,
he/she is bewitching him/her,long-no-a,neku,True,,
he/she is bewitching him/her,long-no-a,neku,False,,
he/she is bewitching him/her,long-no-a,neku,True,,
he/she is bewitching him/her,long-no-a,neku,False,,
he/she is holding it in his/her hand,stative-h,ne,True,present_1sg,Ambiguity implies lossy rule reversal
he/she is holding it in his/her hand,stative-h,ne,True,present_1sg,Ambiguity implies lossy rule reversal
he/she is holding it in his/her hand,stative-h,ne,False,present_1sg,Ambiguity implies lossy rule reversal
he/she is holding it in his/her hand,stative-h,ne,False,present_1sg,Ambiguity implies lossy rule reversal
he/she is holding it in his/her hand,stative-h,ne,True,present_1sg;imperative,Ambiguity implies lossy rule reversal
he/she is holding it in his/her hand,stative-h,ne,False,present_1sg;imperative,Ambiguity implies lossy rule reversal
he/she is holding it in his/her hand,stative,neh,True,,
he/she is holding it in his/her hand,stative,neh,True,,
he/she is holding it in his/her hand,stative,neh,False,,
he/she is holding it in his/her hand,stative,neh,False,,
he/she is holding it in his/her hand,stative,neh,True,,
he/she is holding it in his/her hand,stative,neh,False,,
he/she is leaving some liquid,leaving,neh,True,,
he/she is leaving some liquid,leaving,neh,False,,
he/she is finding some liquid,ih-vh,newhahth,False,,
he/she is finding some liquid,ih-vh,newhahth,False,,
he/she is finding some liquid,ih-vh,newhahth,False,,
he/she is finding some liquid,ih-vh,newhahth,False,,
he/she is finding some liquid,ih-vh[inf2],newhahth,True,,
he/she is finding some liquid,ih-vh[inf2],newhahth,False,,
he/she is finding some liquid,ih-vh[inf2],newhahth,False,,
he/she is finding some liquid,ih-vh[inf2],newhahth,False,,
he/she is taking some liquid somewhere,ih-vh,newhit,True,,
he/she is taking some liquid somewhere,ih-vh,newhit,False,,
he/she is taking some liquid somewhere,ih-vh,newhit,False,,
he/she is taking some liquid somewhere,ih-vh,newhit,False,,
he/she lives,stative,nel,True,,
he/she lives,stative,nel,True,,
he/she lives,stative,nel,False,,
he/she lives,stative,nel,False,,
he/she lives,stative,nel,True,imperative,Ambiguity implies lossy rule reversal
he/she lives,stative,nel,False,imperative,Ambiguity implies lossy rule reversal
it’s freezing,i-a-i,nehstalat,True,,
it’s freezing,i-a-i,nehstalat,False,,
it’s freezing,i-a-i,nehstalat,True,,
it’s freezing,i-a-i,nehstalat,False,,
it’s freezing,long,nehstal,True,,
it’s freezing,long,nehstal,False,,
it’s freezing,long,nehstal,True,,
it’s freezing,long,nehstal,False,,
it’s freezing,long-no-a,nehstala,True,,
it’s freezing,long-no-a,nehstala,False,,
it’s freezing,long-no-a,nehstala,True,,
it’s freezing,long-no-a,nehstala,False,,
it’s hailing,sk-s-a[inf2],nehsoy,True,,
it’s hailing,sk-s-a[inf2],anehsoy,True,,
it’s hailing,sk-s-a[inf2],nehsoy,True,imperative,Ambiguity implies lossy rule reversal
it’s hailing,sk-s-a[inf2],anehsoy,True,imperative,Ambiguity implies lossy rule reversal
it’s hailing,sk-s-a[inf2],nehsoy,False,,
it’s hailing,sk-s-a[inf2],nehsoy,False,imperative,Ambiguity implies lossy rule reversal
it’s hailing,sk-s-a[inf2],nehsoy,True,,
it’s hailing,sk-s-a[inf2],anehsoy,True,,
it’s hailing,sk-s-a[inf2],nehsoy,True,,
it’s hailing,sk-s-a[inf2],anehsoy,True,,
it’s hailing,sk-s-a[inf2],nehsoy,False,,
it’s hailing,sk-s-a[inf2],nehsoy,False,,
he/she is lying down,stative-k,nh,True,,
he/she is lying down,stative-k,nh,True,,
he/she is lying down,stative-k,nh,True,,
he/she is lying down,stative-k,nh,True,,
he/she is lying down,stative-k,nh,False,,
he/she is lying down,stative-k,nh,False,,
he/she is lying down,stative-k,nh,False,,
he/she is lying down,stative-k,nh,False,,
he/she is lying down,stative,nhk,True,,
he/she is lying down,stative,nhk,True,,
he/she is lying down,stative,nhk,True,,
he/she is lying down,stative,nhk,True,,
he/she is lying down,stative,nhk,False,,
he/she is lying down,stative,nhk,False,,
he/she is lying down,stative,nhk,False,,
he/she is lying down,stative,nhk,False,,
he/she is agitating liquid,apl-active,nhkwa',True,,
he/she is agitating liquid,apl-active,nhkwa',True,,
he/she is agitating liquid,apl-active,nhkwa',False,,
he/she is agitating liquid,apl-active,nhkwa',False,,
he/she is agitating liquid,apl-active,nhkwa',True,,
he/she is agitating liquid,apl-active,nhkwa',True,,
he/she is agitating liquid,apl-active,nhkwa',False,,
he/she is agitating liquid,apl-active,nhkwa',False,,
he/she is agitating liquid,apl-active-a,nhkwa',False,,
he/she is agitating liquid,apl-active-a,nhkwa',False,,
he/she is agitating liquid,apl-active-a,nhkwa',False,,
he/she is agitating liquid,apl-active-a,nhkwa',False,,
he/she is agitating liquid,apl-active-a,nhkwa',False,,
he/she is agitating liquid,apl-active-a,nhkwa',False,,
he/she is agitating liquid,apl-active-a,nhkwa',False,,
he/she is agitating liquid,apl-active-a,nhkwa',False,,
he/she is taking a liquid somewhere by hand,go,nhts,True,,
he/she is taking a liquid somewhere by hand,go,nhts,True,,
he/she is taking a liquid somewhere by hand,go,nhts,False,,
he/she is taking a liquid somewhere by hand,go,nhts,False,,
he/she is taking a liquid somewhere by hand,go[pres2],nhtsek,False,,
he/she is taking a liquid somewhere by hand,go[pres2],nhtsek,False,,
he/she is taking a liquid somewhere by hand,go[pres2],nhtsek,False,,
he/she is taking a liquid somewhere by hand,go[pres2],nhtsek,False,,
he/she is holding some liquid,stative-h,nhtse,True,,
he/she is holding some liquid,stative-h,nhtse,True,,
he/she is holding some liquid,stative-h,nhtse,True,,
he/she is holding some liquid,stative-h,nhtse,True,,
he/she is holding some liquid,stative-h,nhtse,False,,
he/she is holding some liquid,stative-h,nhtse,False,,
he/she is holding some liquid,stative-h,nhtse,False,,
he/she is holding some liquid,stative-h,nhtse,False,,
he/she is holding some liquid,stative,nhtseh,True,,
he/she is holding some liquid,stative,nhtseh,True,,
he/she is holding some liquid,stative,nhtseh,True,,
he/she is holding some liquid,stative,nhtseh,True,,
he/she is holding some liquid,stative,nhtseh,False,,
he/she is holding some liquid,stative,nhtseh,False,,
he/she is holding some liquid,stative,nhtseh,False,,
he/she is holding some liquid,stative,nhtseh,False,,
he/she is handling some liquid,be-at,nhts,True,,
he/she is handling some liquid,be-at,nhts,True,,
he/she is handling some liquid,be-at,nhts,False,,
he/she is handling some liquid,be-at,nhts,False,,
he/she is handling some liquid,be-at-weak,nhtsit,True,,
he/she is handling some liquid,be-at-weak,nhtsit,True,,
he/she is handling some liquid,be-at-weak,nhtsit,False,,
he/she is handling some liquid,be-at-weak,nhtsit,False,,
he/she is handling it,be-at,n,True,present_1sg,Ambiguity implies lossy rule reversal
he/she is handling it,be-at,n,False,present_1sg,Ambiguity implies lossy rule reversal
he/she is handling it,be-at-weak,nit,True,present_1sg,Ambiguity implies lossy rule reversal
he/she is handling it,be-at-weak,nit,False,present_1sg,Ambiguity implies lossy rule reversal
he/she hates him/her,ih-l[perf2],nikwath,True,,
he/she hates him/her,ih-l[perf2],nikwath,False,,
he/she hates him/her,ih-l[perf2],nikwath,True,,
he/she hates him/her,ih-l[perf2],nikwath,False,,
he/she hates him/her,ih-l[perf2-inf2],nikwath,False,,
he/she hates him/her,ih-l[perf2-inf2],nikwath,False,,
he/she hates him/her,ih-l[perf2-inf2],nikwath,False,,
he/she hates him/her,ih-l[perf2-inf2],nikwath,False,,
he/she is setting up a bed,i-a-i,nilhat,True,,
he/she is setting up a bed,i-a-i,nilhat,False,,
he/she is setting up a bed,i-a-i,nilhat,True,,
he/she is setting up a bed,i-a-i,nilhat,False,,
he/she is setting up a bed,long,nilh,True,,
he/she is setting up a bed,long,nilh,False,,
he/she is setting up a bed,long,nilh,True,,
he/she is setting up a bed,long,nilh,False,,
he/she is setting up a bed,long-no-a,nilha,True,,
he/she is setting up a bed,long-no-a,nilha,False,,
he/she is setting up a bed,long-no-a,nilha,True,,
he/she is setting up a bed,long-no-a,nilha,False,,
he/she is pleading,i-a-i,nilat,True,,
he/she is pleading,i-a-i,nilat,False,,
he/she is pleading,i-a-i,nilat,True,,
he/she is pleading,i-a-i,nilat,False,,
he/she is pleading,long,nil,True,,
he/she is pleading,long,nil,False,,
he/she is pleading,long,nil,True,,
he/she is pleading,long,nil,False,,
he/she is pleading,long-no-a,nila,True,,
he/she is pleading,long-no-a,nila,False,,
he/she is pleading,long-no-a,nila,True,,
he/she is pleading,long-no-a,nila,False,,
he/she is hunting,be-at,nohal,True,,
he/she is hunting,be-at,nohal,False,,
he/she is hunting,be-at-weak,nohalit,True,,
he/she is hunting,be-at-weak,nohalit,False,,
he/she is flying,stative,nohil,False,,
he/she is flying,stative,nohil,False,,
he/she is flying,stative,nohil,False,,
he/she is flying,stative,nohil,False,,
it’s flooding,i-vka,nohuk,True,,
it’s flooding,i-vka,anohuk,True,,
it’s flooding,i-vka,nohuk,True,imperative,Ambiguity implies lossy rule reversal
it’s flooding,i-vka,anohuk,True,imperative,Ambiguity implies lossy rule reversal
it’s flooding,i-vka,nohuk,False,,
it’s flooding,i-vka,nohuk,False,imperative,Ambiguity implies lossy rule reversal
it’s flooding,i-vka,nohuk,True,,
it’s flooding,i-vka,anohuk,True,,
it’s flooding,i-vka,nohuk,True,,
it’s flooding,i-vka,anohuk,True,,
it’s flooding,i-vka,nohuk,False,,
it’s flooding,i-vka,nohuk,False,,
it is blowing,vsk,nolv',False,,
it is blowing,vsk,anolv',False,,
it is blowing,vsk,nolv',False,imperative,Ambiguity implies lossy rule reversal
it is blowing,vsk,anolv',False,imperative,Ambiguity implies lossy rule reversal
it is blowing,vsk,nolv',False,,
it is blowing,vsk,nolv',False,imperative,Ambiguity implies lossy rule reversal
it is blowing,vsk,nolv',False,,
it is blowing,vsk,anolv',False,,
it is blowing,vsk,nolv',False,,
it is blowing,vsk,anolv',False,,
it is blowing,vsk,nolv',False,,
it is blowing,vsk,nolv',False,,
it is blowing,vsk-long,nol,True,,
it is blowing,vsk-long,anol,True,,
it is blowing,vsk-long,nol,True,imperative,Ambiguity implies lossy rule reversal
it is blowing,vsk-long,anol,True,imperative,Ambiguity implies lossy rule reversal
it is blowing,vsk-long,nol,False,,
it is blowing,vsk-long,nol,False,imperative,Ambiguity implies lossy rule reversal
it is blowing,vsk-long,nol,True,,
it is blowing,vsk-long,anol,True,,
it is blowing,vsk-long,nol,True,,
it is blowing,vsk-long,anol,True,,
it is blowing,vsk-long,nol,False,,
it is blowing,vsk-long,nol,False,,
it is blowing,vsk-post-v,nolv,True,,
it is blowing,vsk-post-v,anolv,True,,
it is blowing,vsk-post-v,nolv,True,imperative,Ambiguity implies lossy rule reversal
it is blowing,vsk-post-v,anolv,True,imperative,Ambiguity implies lossy rule reversal
it is blowing,vsk-post-v,nolv,False,,
it is blowing,vsk-post-v,nolv,False,imperative,Ambiguity implies lossy rule reversal
it is blowing,vsk-post-v,nolv,True,,
it is blowing,vsk-post-v,anolv,True,,
it is blowing,vsk-post-v,nolv,True,,
it is blowing,vsk-post-v,anolv,True,,
it is blowing,vsk-post-v,nolv,False,,
it is blowing,vsk-post-v,nolv,False,,
he/she is stealing it,rev-gi,nohs,True,,
he/she is stealing it,rev-gi,nohs,False,,
he/she is stealing it,rev-gi,nohs,True,,
he/she is stealing it,rev-gi,nohs,False,,
he/she is stealing it,rev-i,nohsk,True,,
he/she is stealing it,rev-i,nohsk,False,,
he/she is stealing it,rev-i,nohsk,True,,
he/she is stealing it,rev-i,nohsk,False,,
he/she is sinking,become,noyv,False,,
he/she is sinking,become,noyv,False,,
he/she is sinking,become,noyv,False,,
he/she is sinking,become,noyv,False,,
he/she is sinking,become[inf2],noyv,True,,
he/she is sinking,become[inf2],noyv,False,,
he/she is sinking,become[inf2],noyv,True,,
he/she is sinking,become[inf2],noyv,False,,
he/she is sinking,become[inf4],noyv,False,,
he/she is sinking,become[inf4],noyv,False,,
he/she is sinking,become[inf4],noyv,False,,
he/she is sinking,become[inf4],noyv,False,,
he/she is pulling him/her,rev-e,nhsan,True,,
he/she is pulling him/her,rev-e,nhsan,True,,
he/she is pulling him/her,rev-e,nhsan,False,,
he/she is pulling him/her,rev-e,nhsan,False,,
he/she is dragging him/her,go,nhsin,True,,
he/she is dragging him/her,go,nhsin,True,,
he/she is dragging him/her,go,nhsin,False,,
he/she is dragging him/her,go,nhsin,False,,
he/she is dragging him/her,go[pres2],nhsinek,False,,
he/she is dragging him/her,go[pres2],nhsinek,False,,
he/she is dragging him/her,go[pres2],nhsinek,False,,
he/she is dragging him/her,go[pres2],nhsinek,False,,
he/she is exiting,ko-kots,nu,True,,
he/she is exiting,ko-kots,nu,False,,
he/she is exiting,ko-kots,nu,True,,
he/she is exiting,ko-kots,nu,False,,
he/she is twisting him/her,be-at-weak,nuthey,False,,
he/she is twisting him/her,be-at-weak,nuthey,False,,
he/she is twisting him/her,be-at-weak,nuthey,False,,
he/she is twisting him/her,be-at-weak,nuthey,False,,
he/she is twisting him/her,oh-ol[inf2],nuthey,False,,
he/she is twisting him/her,oh-ol[inf2],nuthey,False,,
he/she is twisting him/her,oh-ol[inf2],nuthey,False,,
he/she is twisting him/her,oh-ol[inf2],nuthey,False,,
he/she is twisting him/her,oh-ol[inf3],nuthey,True,,
he/she is twisting him/her,oh-ol[inf3],nuthey,False,,
he/she is twisting him/her,oh-ol[inf3],nuthey,True,,
he/she is twisting him/her,oh-ol[inf3],nuthey,False,,
he/she is missing him/her,i-a-i,nvt,True,,
he/she is missing him/her,i-a-i,nvt,False,,
he/she is missing him/her,i-a-i,nvt,True,,
he/she is missing him/her,i-a-i,nvt,False,,
he/she is missing him/her,long-no-a,nv,True,,
he/she is missing him/her,long-no-a,nv,False,,
he/she is missing him/her,long-no-a,nv,True,,
he/she is missing him/her,long-no-a,nv,False,,
he/she is falling from an upright position,become,nv,False,,
he/she is falling from an upright position,become,nv,False,,
he/she is falling from an upright position,become,nv,False,,
he/she is falling from an upright position,become,nv,False,,
he/she is falling from an upright position,become[inf2],nv,True,,
he/she is falling from an upright position,become[inf2],nv,False,,
he/she is falling from an upright position,become[inf2],nv,True,,
he/she is falling from an upright position,become[inf2],nv,False,,
he/she is falling from an upright position,become[inf4],nv,False,,
he/she is falling from an upright position,become[inf4],nv,False,,
he/she is falling from an upright position,become[inf4],nv,False,,
he/she is falling from an upright position,become[inf4],nv,False,,
he/she is cleaning him/her,ih-vh,nvkal,True,present_1sg,Ambiguity implies lossy rule reversal
he/she is cleaning him/her,ih-vh,nvkal,False,present_1sg,Ambiguity implies lossy rule reversal
he/she is cleaning him/her,ih-vh,nvkal,True,present_1sg,Ambiguity implies lossy rule reversal
he/she is cleaning him/her,ih-vh,nvkal,False,present_1sg,Ambiguity implies lossy rule reversal
he/she is hammering it,o,nvkwal,True,,
he/she is hammering it,o,nvkwal,False,,
he/she is hammering it,o,nvkwal,True,,
he/she is hammering it,o,nvkwal,False,,
he/she is tying up a leg,hih-lh,nvlho,True,,
he/she is tying up a leg,hih-lh,nvlho,False,,
he/she is tying up a leg,hih-lh,nvlho,True,,
he/she is tying up a leg,hih-lh,nvlho,False,,
he/she is tossing about,be-at,nvts,True,present_1sg,Ambiguity implies lossy rule reversal
he/she is tossing about,be-at,nvts,False,present_1sg,Ambiguity implies lossy rule reversal
he/she is tossing about,be-at,nvts,True,present_1sg,Ambiguity implies lossy rule reversal
he/she is tossing about,be-at,nvts,False,present_1sg,Ambiguity implies lossy rule reversal
he/she is tossing about,be-at-weak,nvtsit,True,present_1sg,Ambiguity implies lossy rule reversal
he/she is tossing about,be-at-weak,nvtsit,False,present_1sg,Ambiguity implies lossy rule reversal
he/she is tossing about,be-at-weak,nvtsit,True,present_1sg,Ambiguity implies lossy rule reversal
he/she is tossing about,be-at-weak,nvtsit,False,present_1sg,Ambiguity implies lossy rule reversal
he/she is giving him/her an object,apl,nvn,True,present_1sg,Ambiguity implies lossy rule reversal
he/she is giving him/her an object,apl,nvn,False,present_1sg,Ambiguity implies lossy rule reversal
he/she is giving him/her an object,apl,nvn,True,present_1sg;imperative,Ambiguity implies lossy rule reversal
he/she is giving him/her an object,apl,nvn,False,present_1sg;imperative,Ambiguity implies lossy rule reversal
he/she is giving him/her an object,apl[imp2],nvn,False,present_1sg,Ambiguity implies lossy rule reversal
he/she is giving him/her an object,apl[imp2],nvn,False,present_1sg,Ambiguity implies lossy rule reversal
he/she is giving him/her an object,apl[imp2],nvn,False,present_1sg;imperative,Ambiguity implies lossy rule reversal
he/she is giving him/her an object,apl[imp2],nvn,False,present_1sg;imperative,Ambiguity implies lossy rule reversal
he/she is pushing him/her,sk-h,hsato,False,,
he/she is pushing him/her,sk-h,hsato,False,,
he/she is pushing him/her,sk-h,hsato,False,,
he/she is pushing him/her,sk-h,hsato,False,,
he/she is pushing him/her,sk-h-yh,hsato,True,,
he/she is pushing him/her,sk-h-yh,hsato,True,,
he/she is pushing him/her,sk-h-yh,hsato,False,,
he/she is pushing him/her,sk-h-yh,hsato,False,,
he/she is pushing him/her,sk-h[imp2],hsato,False,,
he/she is pushing him/her,sk-h[imp2],hsato,False,,
he/she is pushing him/her,sk-h[imp2],hsato,False,,
he/she is pushing him/her,sk-h[imp2],hsato,False,,
he/she is rolling him/her,hih-lh,hsakwale,True,,
he/she is rolling him/her,hih-lh,hsakwale,True,,
he/she is rolling him/her,hih-lh,hsakwale,False,,
he/she is rolling him/her,hih-lh,hsakwale,False,,
he/she is attaching the object behind it,vsk,hsanenat,True,,
he/she is attaching the object behind it,vsk,hsanenat,True,,
he/she is attaching the object behind it,vsk,hsanenat,False,,
he/she is attaching the object behind it,vsk,hsanenat,False,,
he/she is whistling,become,hsvnh,False,,
he/she is whistling,become,hsvnh,False,,
he/she is whistling,become,hsvnh,False,,
he/she is whistling,become,hsvnh,False,,
he/she is piling it up,hvsk-han,hsvt,True,,
he/she is piling it up,hvsk-han,hsvt,True,,
he/she is piling it up,hvsk-han,hsvt,False,,
he/she is piling it up,hvsk-han,hsvt,False,,
it’s hanging,stative-h,at,True,,
it’s hanging,stative-h,at,True,,
it’s hanging,stative-h,,True,,
it’s hanging,stative-h,,True,,
it’s hanging,stative,ath,True,,
it’s hanging,stative,ath,True,,
it’s hanging,stative,h,True,,
it’s hanging,stative,h,True,,
he/she is stabbing him/her,ih-l[perf2],th,True,,
he/she is stabbing him/her,ih-l[perf2],th,True,,
he/she is stabbing him/her,ih-l[perf2],th,False,,
he/she is stabbing him/her,ih-l[perf2],th,False,,
he/she is stabbing him/her,ih-l[perf2-inf2],th,False,,
he/she is stabbing him/her,ih-l[perf2-inf2],th,False,,
he/she is stabbing him/her,ih-l[perf2-inf2],th,False,,
he/she is stabbing him/her,ih-l[perf2-inf2],th,False,,
he/she is hanging it up,hvsk-han,at,True,present_1sg,Ambiguity implies lossy rule reversal
he/she is hanging it up,hvsk-han,,True,present_1sg,Ambiguity implies lossy rule reversal
he/she is joking,vnh-ih-a,welh,False,,
he/she is joking,vnh-ih-a,welh,False,,
he/she is joking,vnh-ih-a,welh,False,,
he/she is joking,vnh-ih-a,welh,False,,
he/she is bathing him/her,o,aw,True,,
he/she is replying,v-vhs,awohiliy,True,,
he/she is replying,change-out,awohil,True,,
he/she is lecturing him/her,cause,wonht,True,,
he/she is lecturing him/her,cause,wonht,False,,
he/she is lecturing him/her,cause,wonht,True,,
he/she is lecturing him/her,cause,wonht,False,,
he/she is lecturing him/her,cause[perf3],wonht,False,,
he/she is lecturing him/her,cause[perf3],wonht,False,,
he/she is lecturing him/her,cause[perf3],wonht,False,,
he/she is lecturing him/her,cause[perf3],wonht,False,,
he/she is lecturing him/her,cause[pres2],wonhtih,False,,
he/she is lecturing him/her,cause[pres2],wonhtih,False,,
he/she is lecturing him/her,cause[pres2],wonhtih,False,,
he/she is lecturing him/her,cause[pres2],wonhtih,False,,
he/she is lecturing him/her,cause[pres2-perf3],wonhtih,False,,
he/she is lecturing him/her,cause[pres2-perf3],wonhtih,False,,
he/she is lecturing him/her,cause[pres2-perf3],wonhtih,False,,
he/she is lecturing him/her,cause[pres2-perf3],wonhtih,False,,
he/she is speaking,ih-ihi,won,True,present_1sg,Ambiguity implies lossy rule reversal
he/she is speaking,ih-ihi,won,False,present_1sg,Ambiguity implies lossy rule reversal
he/she is speaking,ih-ihi,won,True,present_1sg;imperative,Ambiguity implies lossy rule reversal
he/she is speaking,ih-ihi,won,False,present_1sg;imperative,Ambiguity implies lossy rule reversal
he/she is sewing it,sk-s-a[inf2],yew,True,present_1sg,Ambiguity implies lossy rule reversal
he/she is sewing it,sk-s-a[inf2],yew,False,present_1sg,Ambiguity implies lossy rule reversal
he/she is feeding him/her,oh-al,el,False,present_1sg;imperative,Ambiguity implies lossy rule reversal
he/she is howling,sk-h,elhuhv,False,,
he/she is howling,sk-h[imp2],elhuhv,False,,
he/she is howling,hvsk-nh[inf3],elhu,True,,
he/she is leading him/her by the hand,go,ohin,True,,
he/she is leading him/her by the hand,go[pres2],ohinek,False,,
he/she is agreeing with him/her,apl,ohiyhtan,True,,
he/she is agreeing with him/her,apl[imp2],ohiyhtan,False,,
he/she is recognizing him/her,become,olh,False,,
he/she is recognizing him/her,become[inf4],olh,True,,
he/she understands it,become,olh,False,,
he/she understands it,become[inf4],olh,True,,
he/she is getting full,sk-s-hi-hihst,olhv,True,,
he/she is getting full,sk-s-hst[imp2],olhv,False,,
he/she is getting full,sk-s-hst,olhv,False,,
he/she is making it,vnh-vsk,olh,False,,
he/she is making it,vnh-vsk[inf3],olh,True,,
he/she is making it fall,cause,ohonht,True,,
he/she is making it fall,cause[perf3],ohonht,False,,
he/she is making it fall,cause[pres2],ohonhtih,False,,
he/she is making it fall,cause[pres2-perf3],ohonhtih,False,,
it’s falling,sk-s-hi-hihst,oho,True,,
it’s falling,sk-s-hst[imp2],oho,False,,
it’s falling,sk-s-hst,oho,False,,
he/she is writing it,i-vka,owhel,True,,
he/she is pulling a trigger,rev-e,otsan,True,,
he/she is batting it,ih-l,ohstvn,True,,
he/she is batting it,ih-l[inf2],ohstvn,False,,
he/she is batting it,hitting,ohst,True,,
he/she is saying to him/her,apl,ohs,False,,
he/she is saying to him/her,apl[imp2],ohs,True,,
it’s swelling,sk-s-hi-hihst,othi,True,,
it’s swelling,sk-s-hst[imp2],othi,False,,
it’s swelling,sk-s-hst,othi,False,,
he/she is building a fire,hvsk-han,ot,True,present_1sg,Ambiguity implies lossy rule reversal
he/she is unhitching him/her,rev-e,utal,True,,
he/she is hitching him/her up,vsk,utal,False,present_1sg,Ambiguity implies lossy rule reversal
he/she is hitching him/her up,vsk[imp2],utal,True,present_1sg,Ambiguity implies lossy rule reversal
he/she is putting a handle on a tool,hvsk-han,uhal,True,,
he/she is washing it,o,uhil,True,,
he/she is accusing him/her,cause,uhihst,True,,
he/she is accusing him/her,cause[perf3],uhihst,False,,
he/she is accusing him/her,cause[pres2],uhihstih,False,,
he/she is accusing him/her,cause[pres2-perf3],uhihstih,False,,
he/she is covering it,vsk,ulh,False,,
he/she is covering it,vsk[imp2],ulh,True,,
he/she is putting it in water,hvsk-nh,u,True,present_1sg,Ambiguity implies lossy rule reversal
he/she is putting it in water,hvsk-nh[inf2],u,False,present_1sg,Ambiguity implies lossy rule reversal
he/she is picking him/her up,rev-e,uth,True,,
it’s snowing,cause[perf2],uth,True,,
it’s snowing,cause[perf2],uth,True,imperative,Ambiguity implies lossy rule reversal
it’s snowing,cause[perf2],uth,True,,
it’s snowing,cause[perf2],uth,True,,
it’s snowing,cause[pres2-perf2],uthih,False,,
it’s snowing,cause[pres2-perf2],uthih,False,imperative,Ambiguity implies lossy rule reversal
it’s snowing,cause[pres2-perf2],uthih,False,,
it’s snowing,cause[pres2-perf2],uthih,False,,
it’s snowing,stative,uthih,False,,
it’s snowing,stative,uthih,False,imperative,Ambiguity implies lossy rule reversal
it’s snowing,stative,uthih,False,,
it’s snowing,stative,uthih,False,,
it’s snowing,stative[inf2],uthih,False,,
it’s snowing,stative[inf2],uthih,False,imperative,Ambiguity implies lossy rule reversal
it’s snowing,stative[inf2],uthih,False,,
it’s snowing,stative[inf2],uthih,False,,
he/she is sifting it,cause,vkuhst,True,,
he/she is sifting it,cause[perf3],vkuhst,False,,
he/she is sifting it,cause[pres2],vkuhstih,False,,
he/she is sifting it,cause[pres2-perf3],vkuhstih,False,,
it’s leaking,sk-s-hst,vku,True,,
it’s leaking,sk-s-hst,vku,True,imperative,Ambiguity implies lossy rule reversal
it’s leaking,sk-s-hst,vku,True,,
it’s leaking,sk-s-hst,vku,True,,
he/she is alive,stative-h,vn,True,present_1sg,Ambiguity implies lossy rule reversal
he/she is alive,stative-h,vn,True,present_1sg,Ambiguity implies lossy rule reversal
he/she is alive,stative,vnh,True,,
he/she is alive,stative,vnh,True,,
he/she is hitting him/her,ih-l[inf2],vnh,True,,
he/she is cooking it,cause,vnhihst,True,,
he/she is cooking it,cause[perf3],vnhihst,False,,
he/she is cooking it,cause[pres2],vnhihstih,False,,
he/she is cooking it,cause[pres2-perf3],vnhihstih,False,,
he/she is frying it,hvsk-han,vtsal,True,present_1sg,Ambiguity implies lossy rule reversal
he/she is melting it,cause,vnawht,True,,
he/she is melting it,cause[perf3],vnawht,False,,
he/she is melting it,cause[pres2],vnawhtih,False,,
he/she is melting it,cause[pres2-perf3],vnawhtih,False,,
it’s melting,sk-s-hi-hihst,vnawo,True,present_1sg,Ambiguity implies lossy rule reversal
it’s melting,sk-s-hst[imp2],vnawo,False,present_1sg,Ambiguity implies lossy rule reversal
it’s melting,sk-s-hst,vnawo,False,present_1sg,Ambiguity implies lossy rule reversal
he/she is sweeping it,sk-h,vnohsa,False,,
he/she is sweeping it,sk-h[imp2],vnohsa,True,,
it’s becoming done,sk-s-hi-hihst,vn,True,,
he/she is hiding it,hvsk-han,vhskal,True,,
he/she is hiding him/her,vsk,vhskal,False,,
he/she is hiding him/her,vsk[imp2],vhskal,True,,
he/she is cracking it,o,vhskwal,True,,
he/she is putting it into a fire,hvsk-han,vt,True,present_1sg,Ambiguity implies lossy rule reversal
he/she is soaking it,hvsk-han,vwal,True,present_1sg,Ambiguity implies lossy rule reversal
he/she is ascending an incline,sk-s-hi-hihst,nhalu,True,,
he/she is ascending an incline,sk-s-hi-hihst,nhalu,True,,
he/she is ascending an incline,sk-s-hst[imp2],nhalu,False,,
he/she is ascending an incline,sk-s-hst[imp2],nhalu,False,,
he/she is ascending an incline,sk-s-hst,nhalu,False,,
he/she is ascending an incline,sk-s-hst,nhalu,False,,
he/she is making him/her angry,cause,nhalvhst,True,,
he/she is making him/her angry,cause,nhalvhst,True,,
he/she is making him/her angry,cause[perf3],nhalvhst,False,,
he/she is making him/her angry,cause[perf3],nhalvhst,False,,
he/she is making him/her angry,cause[pres2],nhalvhstih,False,,
he/she is making him/her angry,cause[pres2],nhalvhstih,False,,
he/she is making him/her angry,cause[pres2-perf3],nhalvhstih,False,,
he/she is making him/her angry,cause[pres2-perf3],nhalvhstih,False,,
he/she is rooting it out,ih-vh,nhahstetl,False,,
he/she is rooting it out,ih-vh,nhahstetl,False,,
he/she is cold,become,nhawo,True,,
he/she is cold,become,nhawo,True,,
he/she is speaking,become,nhe,True,,
he/she is speaking,become,nhe,True,,
he/she is prying it,ih-vh,nhekwat,True,,
he/she is prying it,ih-vh,nhekwat,True,,
he/she is accumulating it,o,nhehkw,True,,
he/she is accumulating it,o,nhehkw,True,,
it’s accumulating,become,nhehkwo,False,,
it’s accumulating,become,nhehkwo,False,,
it’s accumulating,become,nhehkwo,False,,
it’s accumulating,become,nhehkwo,False,,
it’s accumulating,become[inf2],nhehkwo,True,,
it’s accumulating,become[inf2],nhehkwo,True,,
it’s accumulating,become[inf2],nhehkwo,False,,
it’s accumulating,become[inf2],nhehkwo,False,,
it’s accumulating,become[inf4],nhehkwo,False,,
it’s accumulating,become[inf4],nhehkwo,False,,
it’s accumulating,become[inf4],nhehkwo,False,,
it’s accumulating,become[inf4],nhehkwo,False,,
he/she is mentioning it,cause,nhe'ihst,True,,
he/she is mentioning it,cause,nhe'ihst,True,,
he/she is mentioning it,cause[perf3],nhe'ihst,False,,
he/she is mentioning it,cause[perf3],nhe'ihst,False,,
he/she is mentioning it,cause[pres2],nhe'ihstih,False,,
he/she is mentioning it,cause[pres2],nhe'ihstih,False,,
he/she is mentioning it,cause[pres2-perf3],nhe'ihstih,False,,
he/she is mentioning it,cause[pres2-perf3],nhe'ihstih,False,,
it’s contaminated,stative-h,nhehsal,True,,
it’s contaminated,stative-h,nhehsal,True,,
it’s contaminated,stative-h,nhehsal,True,,
it’s contaminated,stative-h,nhehsal,True,,
it’s contaminated,stative-h,anehsalh,False,,
it’s contaminated,stative-h,anehsalh,False,,
it’s contaminated,stative-h,nhehsal,True,imperative,Ambiguity implies lossy rule reversal
it’s contaminated,stative-h,nhehsal,True,imperative,Ambiguity implies lossy rule reversal
it’s contaminated,stative-h,nhehsal,True,imperative,Ambiguity implies lossy rule reversal
it’s contaminated,stative-h,nhehsal,True,imperative,Ambiguity implies lossy rule reversal
it’s contaminated,stative-h,anehsalh,False,imperative,Ambiguity implies lossy rule reversal
it’s contaminated,stative-h,anehsalh,False,imperative,Ambiguity implies lossy rule reversal
it’s contaminated,stative-h,nhehsal,True,,
it’s contaminated,stative-h,nhehsal,True,,
it’s contaminated,stative-h,nhehsal,True,,
it’s contaminated,stative-h,nhehsal,True,,
it’s contaminated,stative-h,anehsalh,False,,
it’s contaminated,stative-h,anehsalh,False,,
it’s contaminated,stative-h,nhehsal,True,,
it’s contaminated,stative-h,nhehsal,True,,
it’s contaminated,stative-h,nhehsal,True,,
it’s contaminated,stative-h,nhehsal,True,,
it’s contaminated,stative-h,anehsalh,False,,
it’s contaminated,stative-h,anehsalh,False,,
it’s contaminated,stative,nhehsalh,True,,
it’s contaminated,stative,nhehsalh,True,,
it’s contaminated,stative,nhehsalh,True,,
it’s contaminated,stative,nhehsalh,True,,
it’s contaminated,stative,anehsalhh,False,,
it’s contaminated,stative,anehsalhh,False,,
it’s contaminated,stative,nhehsalh,True,imperative,Ambiguity implies lossy rule reversal
it’s contaminated,stative,nhehsalh,True,imperative,Ambiguity implies lossy rule reversal
it’s contaminated,stative,nhehsalh,True,imperative,Ambiguity implies lossy rule reversal
it’s contaminated,stative,nhehsalh,True,imperative,Ambiguity implies lossy rule reversal
it’s contaminated,stative,anehsalhh,False,imperative,Ambiguity implies lossy rule reversal
it’s contaminated,stative,anehsalhh,False,imperative,Ambiguity implies lossy rule reversal
it’s contaminated,stative,nhehsalh,True,,
it’s contaminated,stative,nhehsalh,True,,
it’s contaminated,stative,nhehsalh,True,,
it’s contaminated,stative,nhehsalh,True,,
it’s contaminated,stative,anehsalhh,False,,
it’s contaminated,stative,anehsalhh,False,,
it’s contaminated,stative,nhehsalh,True,,
it’s contaminated,stative,nhehsalh,True,,
it’s contaminated,stative,nhehsalh,True,,
it’s contaminated,stative,nhehsalh,True,,
it’s contaminated,stative,anehsalhh,False,,
it’s contaminated,stative,anehsalhh,False,,
he/she is contaminating it,hvsk-han,nhehsal,True,,
he/she is contaminating it,hvsk-han,nhehsal,True,,
he/she is collecting from him/her,hvsk-han,nhil,True,,
he/she is collecting from him/her,hvsk-han,nhil,True,,
he/she is telling it,apl-active-lh,nhoh,True,,
he/she is telling it,apl-active-lh,nhoh,True,,
he/she is omitting him/her,leaving,nhoh,True,,
he/she is omitting him/her,leaving,nhoh,True,,
he/she is fanning him/her,apl-active,nhoy,True,,
he/she is fanning him/her,apl-active,nhoy,True,,
he/she is fanning him/her,apl-active-a,nhoy,False,,
he/she is fanning him/her,apl-active-a,nhoy,False,,
it’s misting,i-a-i,nhuyolat,False,,
it’s misting,i-a-i,nhuyolat,False,,
it’s misting,i-a-i,nhuyolat,False,imperative,Ambiguity implies lossy rule reversal
it’s misting,i-a-i,nhuyolat,False,imperative,Ambiguity implies lossy rule reversal
it’s misting,i-a-i,nhuyolat,False,,
it’s misting,i-a-i,nhuyolat,False,,
it’s misting,i-a-i,nhuyolat,False,,
it’s misting,i-a-i,nhuyolat,False,,
it’s misting,long-no-a,nhuyola,False,,
it’s misting,long-no-a,nhuyola,False,,
it’s misting,long-no-a,nhuyola,False,imperative,Ambiguity implies lossy rule reversal
it’s misting,long-no-a,nhuyola,False,imperative,Ambiguity implies lossy rule reversal
it’s misting,long-no-a,nhuyola,False,,
it’s misting,long-no-a,nhuyola,False,,
it’s misting,long-no-a,nhuyola,False,,
it’s misting,long-no-a,nhuyola,False,,
he/she is straining it,cause,nhvhsolvhst,True,,
he/she is straining it,cause,nhvhsolvhst,True,,
he/she is straining it,cause[perf3],nhvhsolvhst,False,,
he/she is straining it,cause[perf3],nhvhsolvhst,False,,
he/she is straining it,cause[pres2],nhvhsolvhstih,False,,
he/she is straining it,cause[pres2],nhvhsolvhstih,False,,
he/she is straining it,cause[pres2-perf3],nhvhsolvhstih,False,,
he/she is straining it,cause[pres2-perf3],nhvhsolvhstih,False,,
he/she is curing him/her,i-vka,nhvw,True,,
he/she is curing him/her,i-vka,nhvw,True,,
he/she is taking it off,rev-e,vnht,True,present;present_1sg;imperfective;perfective;imperative;infinitive,Ambiguity implies lossy rule reversal
he/she is putting it on,cause,vnht,True,present;present_1sg;imperfective;perfective;imperative;infinitive,Ambiguity implies lossy rule reversal
he/she is putting it on,cause[perf3],vnht,False,present;present_1sg;imperfective;perfective;imperative;infinitive,Ambiguity implies lossy rule reversal
he/she is putting it on,cause[pres2],vnhtih,False,present;present_1sg;imperfective;perfective;imperative;infinitive,Ambiguity implies lossy rule reversal
he/she is putting it on,cause[pres2-perf3],vnhtih,False,present;present_1sg;imperfective;perfective;imperative;infinitive,Ambiguity implies lossy rule reversal
he/she has something on,stative,vnht,True,present;present_1sg;imperfective;perfective;imperative;infinitive,Ambiguity implies lossy rule reversal
he/she is in prayer,stative,atatolihst,False,,
he/she is in prayer,stative,olihst,False,,
he/she is in prayer,stative,tolihst,False,,
he/she is in prayer,stative[inf2],atatolihst,True,,
he/she is in prayer,stative[inf2],olihst,True,,
he/she is in prayer,stative[inf2],tolihst,True,,
he/she loves,stative-s,atakeyu,False,,
he/she loves,stative-s,akeyu,False,,
he/she loves,stative-s,keyu,False,,
he/she loves,stative,atakeyuh,False,,
he/she loves,stative,akeyuh,False,,
he/she loves,stative,keyuh,False,,
it’s wrinkled,stative-s,atanekoyu,True,,
it’s wrinkled,stative-s,anekoyu,True,,
it’s wrinkled,stative-s,nekoyu,True,,
it’s wrinkled,stative,atanekoyuh,False,,
it’s wrinkled,stative,anekoyuh,False,,
it’s wrinkled,stative,nekoyuh,False,,
it’s in view,stative-h,atayvlat,True,,
it’s in view,stative-h,ayvlat,True,,
it’s in view,stative-h,yvlat,True,,
it’s in view,stative,atayvlath,False,,
it’s in view,stative,ayvlath,False,,
it’s in view,stative,yvlath,False,,
he/she is throwing it,go-in,at,True,,
he/she is throwing it,go-in,,True,,
he/she is having a birthday,ih-vh,atethiy,True,,
he/she is having a birthday,ih-vh,ethiy,True,,
it’s hot,stative-k,tilheh,True,,
it’s hot,stative-k,atilheh,True,,
it’s hot,stative-k,tilheh,False,,
it’s hot,stative-k,ilheh,True,,
it’s hot,stative,tilhehk,True,,
it’s hot,stative,atilhehk,True,,
it’s hot,stative,tilhehk,False,,
it’s hot,stative,ilhehk,True,,
he/she is in hiding,stative-h,atihskal,True,,
he/she is in hiding,stative-h,ihskal,True,,
he/she is in hiding,stative,atihskalh,False,,
he/she is in hiding,stative,ihskalh,False,,
he/she is getting well,sk-s-hi-hihst,atiw,True,,
he/she is getting well,sk-s-hi-hihst,iw,True,,
there’s an opening,stative,tlanvt,True,,
there’s an opening,stative,atlanvt,True,,
there’s an opening,stative,tlanvt,True,imperative,Ambiguity implies lossy rule reversal
there’s an opening,stative,atlanvt,True,imperative,Ambiguity implies lossy rule reversal
there’s an opening,stative,tlanvt,True,,
there’s an opening,stative,atlanvt,True,,
there’s an opening,stative,tlanvt,True,,
there’s an opening,stative,atlanvt,True,,
there’s an opening,stative,lanvt,True,,
there’s an opening,stative,lanvt,True,imperative,Ambiguity implies lossy rule reversal
there’s an opening,stative,lanvt,True,,
there’s an opening,stative,lanvt,True,,
he/she has time,apl,atlanvta't,False,,
he/she has time,apl,lanvta't,False,,
he/she has time,apl[imp2],atlanvta't,False,,
he/she has time,apl[imp2],lanvta't,False,,
he/she has time,apl[imp3],atlanvta't,False,,
he/she has time,apl[imp3],lanvta't,False,,
he/she is disbelieving,apl,atlahsithv',True,,
he/she is disbelieving,apl,lahsithv',True,,
he/she is disbelieving,apl[imp2],atlahsithv',False,,
he/she is disbelieving,apl[imp2],lahsithv',False,,
he/she is taking revenge,become,atle,False,,
he/she is taking revenge,become,le,False,,
he/she is taking revenge,become[inf2],atle,True,,
he/she is taking revenge,become[inf2],le,True,,
he/she is taking revenge,become[inf4],atle,False,,
he/she is taking revenge,become[inf4],le,False,,
he/she is wearing an earring,stative,atli'at,True,,
he/she is wearing an earring,stative,li'at,True,,
he/she is standing in liquid,stative-s,atu,True,,
he/she is standing in liquid,stative-s,u,True,,
he/she is standing in liquid,stative,atuh,False,,
he/she is standing in liquid,stative,uh,False,,
he/she wants it,ih-vh,atul,True,,
he/she wants it,ih-vh,ul,True,,
he/she is willing,stative,atvnv'ihst,True,,
he/she is willing,stative,vnv'ihst,True,,
he/she is becoming warm,sk-s-hi-hihst,kanawo,True,,
he/she is becoming warm,sk-s-hi-hihst,kanawo,False,,
he/she is becoming warm,sk-s-hst[imp2],kanawo,False,,
he/she is becoming warm,sk-s-hst[imp2],kanawo,False,,
he/she is becoming warm,sk-s-hst,kanawo,False,,
he/she is becoming warm,sk-s-hst,kanawo,False,,
he/she is possessive of him/her,stative-s,keyu,False,present_1sg;imperative,Ambiguity implies lossy rule reversal
he/she is possessive of him/her,stative,keyuh,False,,
he/she is late,become,konhiyo,True,,
he/she is late,become,konhiyo,False,,
it’s decaying,sk-s-hi-hihst,ko,True,,
it’s decaying,sk-s-hi-hihst,ko,False,,
it’s decaying,sk-s-hst[imp2],ko,False,,
it’s decaying,sk-s-hst[imp2],ko,False,,
it’s decaying,sk-s-hst,ko,False,,
it’s decaying,sk-s-hst,ko,False,,
he/she has an object,stative-h,,True,,
he/she has an object,stative-h,,False,,
he/she has an object,stative-h,a,False,,
he/she has an object,stative-h,,False,,
he/she has an object,stative-h,,False,,
he/she has an object,stative,h,True,,
he/she has an object,stative,h,False,,
he/she is yawning,apl-active,halhok,True,,
he/she is yawning,apl-active-a,halhok,False,,
he/she is having trouble breathing,cause,hawohst,True,,
he/she is having trouble breathing,cause,hawohst,False,,
he/she is having trouble breathing,cause[perf3],hawohst,False,,
he/she is having trouble breathing,cause[perf3],hawohst,False,,
he/she is having trouble breathing,cause[pres2],hawohstih,False,,
he/she is having trouble breathing,cause[pres2],hawohstih,False,,
he/she is having trouble breathing,cause[pres2-perf3],hawohstih,False,,
he/she is having trouble breathing,cause[pres2-perf3],hawohstih,False,,
there is dew,stative-h,hihsat,True,,
there is dew,stative-h,hihsat,False,,
there is dew,stative,hihsath,True,,
there is dew,stative,hihsath,False,,
he/she is lonesome,apl,hihsohtan,True,,
he/she is lonesome,apl,hihsohtan,False,,
he/she is lonesome,apl[imp2],hihsohtan,False,,
he/she is lonesome,apl[imp2],hihsohtan,False,,
it’s lonesome,stative,hihsoht,True,,
it’s lonesome,stative,ahihsoht,True,,
it’s lonesome,stative,hihsoht,True,imperative,Ambiguity implies lossy rule reversal
it’s lonesome,stative,ahihsoht,True,imperative,Ambiguity implies lossy rule reversal
it’s lonesome,stative,hihsoht,True,,
it’s lonesome,stative,ahihsoht,True,,
it’s lonesome,stative,hihsoht,True,,
it’s lonesome,stative,ahihsoht,True,,
he/she is becoming angry,become,nhalv,False,,
he/she is becoming angry,become,nhalv,False,,
he/she is becoming angry,become[inf2],nhalv,True,,
he/she is becoming angry,become[inf2],nhalv,True,,
he/she is becoming angry,become[inf4],nhalv,False,,
he/she is becoming angry,become[inf4],nhalv,False,,
he/she is angry,stative-s,nhalv,True,,
he/she is angry,stative-s,nhalv,True,,
he/she is angry,stative,nhalvh,False,,
he/she is angry,stative,nhalvh,False,,
he/she is stubbing his/her toe,o,nhahskwal,True,,
he/she is stubbing his/her toe,o,nhahskwal,True,,
he/she has a chill,cause,nhawahst,True,,
he/she has a chill,cause,nhawahst,True,,
he/she has a chill,cause[perf3],nhawahst,False,,
he/she has a chill,cause[perf3],nhawahst,False,,
he/she has a chill,cause[pres2],nhawahstih,False,,
he/she has a chill,cause[pres2],nhawahstih,False,,
he/she has a chill,cause[pres2-perf3],nhawahstih,False,,
he/she has a chill,cause[pres2-perf3],nhawahstih,False,,
he/she is in bed,stative-h,anhi,True,,
he/she is in bed,stative,anhih,True,,
he/she is wearing a shirt,stative,anhuw,True,,
he/she is buying it,sk-s-hi-hihst,wha,True,,
he/she is buying it,sk-s-hi-hihst,wha,True,,
he/she is buying it,sk-s-hst[imp2],wha,False,,
he/she is buying it,sk-s-hst[imp2],wha,False,,
he/she is buying it,sk-s-hst,wha,False,,
he/she is buying it,sk-s-hst,wha,False,,
he/she is looking for it,oh-al,y,True,,
he/she is looking for it,oh-al,y,False,,
it is cold,stative,yhvtl,True,,
it is cold,stative,ayhvtl,True,,
it is cold,stative,yhvtl,True,,
it is cold,stative,yhvtl,True,imperative,Ambiguity implies lossy rule reversal
it is cold,stative,ayhvtl,True,imperative,Ambiguity implies lossy rule reversal
it is cold,stative,yhvtl,True,imperative,Ambiguity implies lossy rule reversal
it is cold,stative,yhvtl,True,,
it is cold,stative,ayhvtl,True,,
it is cold,stative,yhvtl,True,,
it is cold,stative,yhvtl,True,,
it is cold,stative,ayhvtl,True,,
it is cold,stative,yhvtl,True,,
he/she is getting drunk,e-aka,yhvhst,True,,
he/she is getting drunk,e-aka,yhvhst,True,,
he/she is inside it,stative,atsa',True,,
he/she is inside it,stative,sa',True,,
it’s sticking out,stative-h,akhsat,True,,
it’s sticking out,stative,akhsath,False,,
he/she is watching him/her,stative,akhsehst,False,,
he/she is watching him/her,stative[inf2],akhsehst,True,,
it’s foggy,stative,khvhat,True,,
it’s foggy,stative,khvhat,False,,
it’s foggy,stative,khvhat,False,,
he/she is not having luck at hunting,go,kwhol,True,,
he/she is not having luck at hunting,go,kwhol,False,,
he/she is not having luck at hunting,go,kwhol,False,,
he/she is not having luck at hunting,go[pres2],kwholek,False,,
he/she is not having luck at hunting,go[pres2],kwholek,False,,
he/she is not having luck at hunting,go[pres2],kwholek,False,,
he/she is losing his/her way,hih-lh,alena,True,,
he/she is making a mistake,cause,litahst,True,,
he/she is making a mistake,cause,litahst,False,,
he/she is making a mistake,cause[perf3],litahst,False,,
he/she is making a mistake,cause[perf3],litahst,False,,
he/she is making a mistake,cause[pres2],litahstih,False,,
he/she is making a mistake,cause[pres2],litahstih,False,,
he/she is making a mistake,cause[pres2-perf3],litahstih,False,,
he/she is making a mistake,cause[pres2-perf3],litahstih,False,,
he/she is whining,cause,liyet,True,,
he/she is whining,cause,liyet,False,,
he/she is whining,cause[perf3],liyet,False,,
he/she is whining,cause[perf3],liyet,False,,
he/she is whining,cause[pres2],liyetih,False,,
he/she is whining,cause[pres2],liyetih,False,,
he/she is whining,cause[pres2-perf3],liyetih,False,,
he/she is whining,cause[pres2-perf3],liyetih,False,,
he/she is wearing a ring,stative-k,aliyehsuhsth,True,,
he/she is wearing a ring,stative-k,yehsuhsth,True,,
he/she is wearing a ring,stative,aliyehsuhsthk,True,,
he/she is wearing a ring,stative,yehsuhsthk,True,,
it’s cloudy,stative,lokil,True,,
it’s cloudy,stative,alokil,True,,
it’s cloudy,stative,lokil,True,imperative,Ambiguity implies lossy rule reversal
it’s cloudy,stative,alokil,True,imperative,Ambiguity implies lossy rule reversal
it’s cloudy,stative,lokil,True,,
it’s cloudy,stative,alokil,True,,
it’s cloudy,stative,lokil,True,,
it’s cloudy,stative,alokil,True,,
it’s happening to him,apl,alhstanh,False,,
it’s happening to him,apl,hstanh,False,,
it’s happening to him,apl[imp2],alhstanh,True,,
it’s happening to him,apl[imp2],hstanh,True,,
he/she is wearing a cap,stative,alhstul,True,,
he/she is wearing a cap,stative,hstul,True,,
he/she is sticking his/her head out,stative,alhskwalut,True,,
he/she is sticking his/her head out,stative,hskwalut,True,,
he/she is wearing a hat,stative-k,alhskwethuh,True,,
he/she is wearing a hat,stative-k,hskwethuh,True,,
he/she is wearing a hat,stative,alhskwethuhk,True,,
he/she is wearing a hat,stative,hskwethuhk,True,,
it’s dark,stative-k,lhsih,True,,
it’s dark,stative-k,alhsih,True,,
it’s dark,stative-k,lhsih,False,,
it’s dark,stative-k,lhsih,False,,
it’s dark,stative-k,hsih,True,,
it’s dark,stative,lhsihk,True,,
it’s dark,stative,alhsihk,True,,
it’s dark,stative,lhsihk,False,,
it’s dark,stative,lhsihk,False,,
it’s dark,stative,hsihk,True,,
he/she has an object,stative,na',True,,
he/she has an object,stative,na',False,,
he/she is being mean,stative,nekuts,True,,
he/she is being mean,stative,nekuts,False,,
he/she has a liquid,stative-h,ne,True,,
he/she has a liquid,stative-h,ne,False,,
he/she has a liquid,stative,neh,False,,
he/she has a liquid,stative,neh,False,,
he/she knows it,stative-h,anht,True,,
he/she knows it,stative,anhth,True,,
he/she is wearing pants,stative,ahsul,True,,
he/she is thirsty,i-vka,thatek,True,,
he/she is becoming enraged,sk-s-hi-hihst,thalhawo,True,,
he/she is becoming enraged,sk-s-hst[imp2],thalhawo,False,,
he/she is becoming enraged,sk-s-hst,thalhawo,False,,
he/she is listening to him/her,stative,athvtahst,False,,
he/she is listening to him/her,stative,hvtahst,False,,
he/she is listening to him/her,stative[inf2],athvtahst,True,,
he/she is listening to him/her,stative[inf2],hvtahst,True,,
he/she is forgetting it,sk-s-a,vkhew,True,imperative,Ambiguity implies lossy rule reversal
he/she is belching,become,khule,False,,
he/she is belching,become,khule,False,,
he/she is belching,become,khule,False,,
he/she is belching,become[inf2],khule,True,,
he/she is belching,become[inf2],khule,False,,
he/she is belching,become[inf2],khule,False,,
he/she is belching,become[inf4],khule,False,,
he/she is belching,become[inf4],khule,False,,
he/she is belching,become[inf4],khule,False,,
he/she is shivering,i-a-i,naw,True,,
he/she is shivering,i-a-i,naw,False,,
he/she smells it,become,whsv,True,,
he/she smells it,become,whsv,False,,
he/she smells it,become,whsv,False,,
he/she has an object,stative,vy,True,,
he/she is aching,apl,ehihstan,True,,
he/she is aching,apl[imp2],ehihstan,False,,
he/she is confident,stative-s,ohiyu,True,,
he/she is confident,stative,ohiyuh,False,,
he/she is sitting,stative-h,ol,True,,
he/she is sitting,stative,olh,True,,
he/she is losing it,apl,yohuhs,False,,
he/she is losing it,apl,yohuhs,False,,
he/she is losing it,apl[imp2],yohuhs,True,,
he/she is losing it,apl[imp2],yohuhs,False,,
he/she is sending on object,i-a-i,t,True,present;present_1sg;imperfective;perfective;imperative;infinitive,Ambiguity implies lossy rule reversal
he/she is sending on object,i-a-i,t,True,present;present_1sg;imperfective;perfective;imperative;infinitive,Ambiguity implies lossy rule reversal
he/she is sending on object,long-no-a,,True,present;present_1sg;imperfective;perfective;imperative;infinitive,Ambiguity implies lossy rule reversal
he/she is sending on object,long-no-a,,True,present;present_1sg;imperfective;perfective;imperative;infinitive,Ambiguity implies lossy rule reversal
he/she is sending on object,long-no-a,,True,present;present_1sg;imperfective;perfective;imperative;infinitive,Ambiguity implies lossy rule reversal
he/she is sending on object,long-no-a,,True,present;present_1sg;imperfective;perfective;imperative;infinitive,Ambiguity implies lossy rule reversal
he/she is sending on object,long-no-a,,True,present;present_1sg;imperfective;perfective;imperative;infinitive,Ambiguity implies lossy rule reversal
he/she is sending on object,long-no-a,,True,present;present_1sg;imperfective;perfective;imperative;infinitive,Ambiguity implies lossy rule reversal
he/she is sending it,hvsk-nh,,True,present;present_1sg;imperfective;perfective;imperative;infinitive,Ambiguity implies lossy rule reversal
he/she is sending it,hvsk-nh,,True,present;present_1sg;imperfective;perfective;imperative;infinitive,Ambiguity implies lossy rule reversal
he/she is sending it,hvsk-nh,,True,present;present_1sg;imperfective;perfective;imperative;infinitive,Ambiguity implies lossy rule reversal
he/she is sending it,hvsk-nh,,True,present;present_1sg;imperfective;perfective;imperative;infinitive,Ambiguity implies lossy rule reversal
he/she is sending it,hvsk-nh,,True,present;present_1sg;imperfective;perfective;imperative;infinitive,Ambiguity implies lossy rule reversal
he/she is sending it,hvsk-nh,,True,present;present_1sg;imperfective;perfective;imperative;infinitive,Ambiguity implies lossy rule reversal
he/she is sending it,hvsk-nh[inf2],,True,present;present_1sg;imperfective;perfective;imperative;infinitive,Ambiguity implies lossy rule reversal
he/she is sending it,hvsk-nh[inf2],,True,present;present_1sg;imperfective;perfective;imperative;infinitive,Ambiguity implies lossy rule reversal
he/she is sending it,hvsk-nh[inf2],,True,present;present_1sg;imperfective;perfective;imperative;infinitive,Ambiguity implies lossy rule reversal
he/she is sending it,hvsk-nh[inf2],,True,present;present_1sg;imperfective;perfective;imperative;infinitive,Ambiguity implies lossy rule reversal
he/she is sending it,hvsk-nh[inf2],,True,present;present_1sg;imperfective;perfective;imperative;infinitive,Ambiguity implies lossy rule reversal
he/she is sending it,hvsk-nh[inf2],,True,present;present_1sg;imperfective;perfective;imperative;infinitive,Ambiguity implies lossy rule reversal
he/she is sending it,hvsk-n,kha,True,present;present_1sg;imperfective;perfective;imperative;infinitive,Ambiguity implies lossy rule reversal
he/she is sending it,hvsk-n,kha,True,present;present_1sg;imperfective;perfective;imperative;infinitive,Ambiguity implies lossy rule reversal
he/she is sending it,hvsk-n,kha,False,present;present_1sg;imperfective;perfective;imperative;infinitive,Ambiguity implies lossy rule reversal
he/she is sending it,hvsk-n,kha,False,present;present_1sg;imperfective;perfective;imperative;infinitive,Ambiguity implies lossy rule reversal
he/she is sending it,hvsk-nh,ne,True,present;present_1sg;imperfective;perfective;imperative;infinitive,Ambiguity implies lossy rule reversal
he/she is sending it,hvsk-nh,ne,False,present;present_1sg;imperfective;perfective;imperative;infinitive,Ambiguity implies lossy rule reversal
he/she is sending it,hvsk-nh,ne,True,present;present_1sg;imperfective;perfective;imperative;infinitive,Ambiguity implies lossy rule reversal
he/she is sending it,hvsk-nh,ne,False,present;present_1sg;imperfective;perfective;imperative;infinitive,Ambiguity implies lossy rule reversal
he/she is sending it,hvsk-nh[inf2],ne,False,present;present_1sg;imperfective;perfective;imperative;infinitive,Ambiguity implies lossy rule reversal
he/she is sending it,hvsk-nh[inf2],ne,False,present;present_1sg;imperfective;perfective;imperative;infinitive,Ambiguity implies lossy rule reversal
he/she is sending it,hvsk-nh[inf2],ne,False,present;present_1sg;imperfective;perfective;imperative;infinitive,Ambiguity implies lossy rule reversal
he/she is sending it,hvsk-nh[inf2],ne,False,present;present_1sg;imperfective;perfective;imperative;infinitive,Ambiguity implies lossy rule reversal
he/she is sending it,vsk,nv',False,present;present_1sg;imperfective;perfective;imperative;infinitive,Ambiguity implies lossy rule reversal
he/she is sending it,vsk,nv',False,present;present_1sg;imperfective;perfective;imperative;infinitive,Ambiguity implies lossy rule reversal
he/she is sending it,vsk,nv',False,present;present_1sg;imperfective;perfective;imperative;infinitive,Ambiguity implies lossy rule reversal
he/she is sending it,vsk,nv',False,present;present_1sg;imperfective;perfective;imperative;infinitive,Ambiguity implies lossy rule reversal
he/she is sending it,vsk[imp2],nv',False,present;present_1sg;imperfective;perfective;imperative;infinitive,Ambiguity implies lossy rule reversal
he/she is sending it,vsk[imp2],nv',False,present;present_1sg;imperfective;perfective;imperative;infinitive,Ambiguity implies lossy rule reversal
he/she is sending it,vsk[imp2],nv',False,present;present_1sg;imperfective;perfective;imperative;infinitive,Ambiguity implies lossy rule reversal
he/she is sending it,vsk[imp2],nv',False,present;present_1sg;imperfective;perfective;imperative;infinitive,Ambiguity implies lossy rule reversal
he/she is sending it,vsk-long,n,False,present;present_1sg;imperfective;perfective;imperative;infinitive,Ambiguity implies lossy rule reversal
he/she is sending it,vsk-long,n,False,present;present_1sg;imperfective;perfective;imperative;infinitive,Ambiguity implies lossy rule reversal
he/she is sending it,vsk-long,n,False,present;present_1sg;imperfective;perfective;imperative;infinitive,Ambiguity implies lossy rule reversal
he/she is sending it,vsk-long,n,False,present;present_1sg;imperfective;perfective;imperative;infinitive,Ambiguity implies lossy rule reversal
he/she is sending it,vsk-long[imp2],n,True,present;present_1sg;imperfective;perfective;imperative;infinitive,Ambiguity implies lossy rule reversal
he/she is sending it,vsk-long[imp2],n,False,present;present_1sg;imperfective;perfective;imperative;infinitive,Ambiguity implies lossy rule reversal
he/she is sending it,vsk-long[imp2],n,True,present;present_1sg;imperfective;perfective;imperative;infinitive,Ambiguity implies lossy rule reversal
he/she is sending it,vsk-long[imp2],n,False,present;present_1sg;imperfective;perfective;imperative;infinitive,Ambiguity implies lossy rule reversal
he/she is sending it,vsk-post-v,nv,True,present;present_1sg;imperfective;perfective;imperative;infinitive,Ambiguity implies lossy rule reversal
he/she is sending it,vsk-post-v,nv,False,present;present_1sg;imperfective;perfective;imperative;infinitive,Ambiguity implies lossy rule reversal
he/she is sending it,vsk-post-v,nv,True,present;present_1sg;imperfective;perfective;imperative;infinitive,Ambiguity implies lossy rule reversal
he/she is sending it,vsk-post-v,nv,False,present;present_1sg;imperfective;perfective;imperative;infinitive,Ambiguity implies lossy rule reversal
he/she is going out of sight,become,ateli,True,present;present_1sg;imperfective;perfective;imperative;infinitive,Ambiguity implies lossy rule reversal
he/she is going out of sight,become,eli,True,present;present_1sg;imperfective;perfective;imperative;infinitive,Ambiguity implies lossy rule reversal
he/she is going out of sight,become[inf4],ateli,False,present;present_1sg;imperfective;perfective;imperative;infinitive,Ambiguity implies lossy rule reversal
he/she is going out of sight,become[inf4],eli,False,present;present_1sg;imperfective;perfective;imperative;infinitive,Ambiguity implies lossy rule reversal
