corpus_id,definition,entry_no,prediction,class,post_root_morpheme,stative,h_grade,g_grade,stative,translocutive,translocutive_imp_only,partitive,distributive,set_a_b,stem_type,allow_h_metathesis,middle_voice,middle_voice_h_metathesis,plural,ka_variant,aki_1st,uwa_v,3rd_person_object,metathesis_involved
4,it’s bouncing,,FullEventful,go-in,,False,,,False,False,False,False,False,a,vowel_a,False,atat,False,False,False,False,False,False,False
4,it’s bouncing,,FullEventful,go-in,,False,:t,:t,False,False,False,False,False,a,vowel_a,False,ata_:,False,False,False,False,False,False,False
4,it’s bouncing,,FullEventful,go-in,,False,at,at,False,False,False,False,False,a,vowel_a,False,at,False,False,False,False,False,False,False
4,it’s bouncing,,FullEventful,go-in,,False,atat,atat,False,False,False,False,False,a,vowel_a,False,none,False,False,False,False,False,False,False
4,it’s bouncing,,FullEventful,go-in,,False,t,t,False,False,False,False,False,a,vowel_a,False,ata,False,False,False,False,False,False,False
5,he/she is limping,,FullEventful,go-in[perf2],,False,,,False,False,False,False,False,a,vowel_a,False,atat,False,False,False,False,False,False,False
5,he/she is limping,,FullEventful,go-in[perf2],,False,:t,:t,False,False,False,False,False,a,vowel_a,False,ata_:,False,False,False,False,False,False,False
5,he/she is limping,,FullEventful,go-in[perf2],,False,at,at,False,False,False,False,False,a,vowel_a,False,at,False,False,False,False,False,False,False
5,he/she is limping,,FullEventful,go-in[perf2],,False,atat,atat,False,False,False,False,False,a,vowel_a,False,none,False,False,False,False,False,False,False
5,he/she is limping,,FullEventful,go-in[perf2],,False,t,t,False,False,False,False,False,a,vowel_a,False,ata,False,False,False,False,False,False,False
6,he/she is bouncing it,,FullEventful,cause,,False,:tinvt,:tinvt,False,False,False,False,False,a,vowel_a,False,ata_:,False,False,False,False,False,False,False
6,he/she is bouncing it,,FullEventful,cause,,False,atatinvt,atatinvt,False,False,False,False,False,a,vowel_a,False,none,False,False,False,False,False,False,False
6,he/she is bouncing it,,FullEventful,cause,,False,atinvt,atinvt,False,False,False,False,False,a,vowel_a,False,at,False,False,False,False,False,False,False
6,he/she is bouncing it,,FullEventful,cause,,False,invt,invt,False,False,False,False,False,a,vowel_a,False,atat,False,False,False,False,False,False,False
6,he/she is bouncing it,,FullEventful,cause,,False,tinvt,tinvt,False,False,False,False,False,a,vowel_a,False,ata,False,False,False,False,False,False,False
6,he/she is bouncing it,,FullEventful,cause[perf3],,False,:tinvt,:tinvt,False,False,False,False,False,a,vowel_a,False,ata_:,False,False,False,False,False,False,False
6,he/she is bouncing it,,FullEventful,cause[perf3],,False,atatinvt,atatinvt,False,False,False,False,False,a,vowel_a,False,none,False,False,False,False,False,False,False
6,he/she is bouncing it,,FullEventful,cause[perf3],,False,atinvt,atinvt,False,False,False,False,False,a,vowel_a,False,at,False,False,False,False,False,False,False
6,he/she is bouncing it,,FullEventful,cause[perf3],,False,invt,invt,False,False,False,False,False,a,vowel_a,False,atat,False,False,False,False,False,False,False
6,he/she is bouncing it,,FullEventful,cause[perf3],,False,tinvt,tinvt,False,False,False,False,False,a,vowel_a,False,ata,False,False,False,False,False,False,False
6,he/she is bouncing it,,FullEventful,cause[pres2-perf3],,False,:tinvtih,:tinvtih,False,False,False,False,False,a,vowel_a,False,ata_:,False,False,False,False,False,False,False
6,he/she is bouncing it,,FullEventful,cause[pres2-perf3],,False,atatinvtih,atatinvtih,False,False,False,False,False,a,vowel_a,False,none,False,False,False,False,False,False,False
6,he/she is bouncing it,,FullEventful,cause[pres2-perf3],,False,atinvtih,atinvtih,False,False,False,False,False,a,vowel_a,False,at,False,False,False,False,False,False,False
6,he/she is bouncing it,,FullEventful,cause[pres2-perf3],,False,invtih,invtih,False,False,False,False,False,a,vowel_a,False,atat,False,False,False,False,False,False,False
6,he/she is bouncing it,,FullEventful,cause[pres2-perf3],,False,tinvtih,tinvtih,False,False,False,False,False,a,vowel_a,False,ata,False,False,False,False,False,False,False
6,he/she is bouncing it,,FullEventful,cause[pres2],,False,:tinvtih,:tinvtih,False,False,False,False,False,a,vowel_a,False,ata_:,False,False,False,False,False,False,False
6,he/she is bouncing it,,FullEventful,cause[pres2],,False,atatinvtih,atatinvtih,False,False,False,False,False,a,vowel_a,False,none,False,False,False,False,False,False,False
6,he/she is bouncing it,,FullEventful,cause[pres2],,False,atinvtih,atinvtih,False,False,False,False,False,a,vowel_a,False,at,False,False,False,False,False,False,False
6,he/she is bouncing it,,FullEventful,cause[pres2],,False,invtih,invtih,False,False,False,False,False,a,vowel_a,False,atat,False,False,False,False,False,False,False
6,he/she is bouncing it,,FullEventful,cause[pres2],,False,tinvtih,tinvtih,False,False,False,False,False,a,vowel_a,False,ata,False,False,False,False,False,False,False
7,he/she is putting on a belt,,FullEventful,hih-lh,,False,:tlo,:tlo,False,False,False,False,False,a,vowel_a,False,ata_:,False,False,False,False,False,False,False
7,he/she is putting on a belt,,FullEventful,hih-lh,,False,atatlo,atatlo,False,False,False,False,False,a,vowel_a,False,none,False,False,False,False,False,False,False
7,he/she is putting on a belt,,FullEventful,hih-lh,,False,atlo,atlo,False,False,False,False,False,a,vowel_a,False,at,False,False,False,False,False,False,False
7,he/she is putting on a belt,,FullEventful,hih-lh,,False,tlo,tlo,False,False,False,False,False,a,vowel_a,False,ata,False,False,False,False,False,False,False
10,he/she is praying,,FullEventful,cause,,False,:tolihst,:tolihst,False,False,False,False,False,a,vowel_a,False,ata_:,False,False,False,False,False,False,False
10,he/she is praying,,FullEventful,cause,,False,atatolihst,atatolihst,False,False,False,False,False,a,vowel_a,False,none,False,False,False,False,False,False,False
10,he/she is praying,,FullEventful,cause,,False,atolihst,atolihst,False,False,False,False,False,a,vowel_a,False,at,False,False,False,False,False,False,False
10,he/she is praying,,FullEventful,cause,,False,olihst,olihst,False,False,False,False,False,a,vowel_a,False,atat,False,False,False,False,False,False,False
10,he/she is praying,,FullEventful,cause,,False,tolihst,tolihst,False,False,False,False,False,a,vowel_a,False,ata,False,False,False,False,False,False,False
10,he/she is praying,,FullEventful,cause[perf3],,False,:tolihst,:tolihst,False,False,False,False,False,a,vowel_a,False,ata_:,False,False,False,False,False,False,False
10,he/she is praying,,FullEventful,cause[perf3],,False,atatolihst,atatolihst,False,False,False,False,False,a,vowel_a,False,none,False,False,False,False,False,False,False
10,he/she is praying,,FullEventful,cause[perf3],,False,atolihst,atolihst,False,False,False,False,False,a,vowel_a,False,at,False,False,False,False,False,False,False
10,he/she is praying,,FullEventful,cause[perf3],,False,olihst,olihst,False,False,False,False,False,a,vowel_a,False,atat,False,False,False,False,False,False,False
10,he/she is praying,,FullEventful,cause[perf3],,False,tolihst,tolihst,False,False,False,False,False,a,vowel_a,False,ata,False,False,False,False,False,False,False
10,he/she is praying,,FullEventful,cause[pres2-perf3],,False,:tolihstih,:tolihstih,False,False,False,False,False,a,vowel_a,False,ata_:,False,False,False,False,False,False,False
10,he/she is praying,,FullEventful,cause[pres2-perf3],,False,atatolihstih,atatolihstih,False,False,False,False,False,a,vowel_a,False,none,False,False,False,False,False,False,False
10,he/she is praying,,FullEventful,cause[pres2-perf3],,False,atolihstih,atolihstih,False,False,False,False,False,a,vowel_a,False,at,False,False,False,False,False,False,False
10,he/she is praying,,FullEventful,cause[pres2-perf3],,False,olihstih,olihstih,False,False,False,False,False,a,vowel_a,False,atat,False,False,False,False,False,False,False
10,he/she is praying,,FullEventful,cause[pres2-perf3],,False,tolihstih,tolihstih,False,False,False,False,False,a,vowel_a,False,ata,False,False,False,False,False,False,False
10,he/she is praying,,FullEventful,cause[pres2],,False,:tolihstih,:tolihstih,False,False,False,False,False,a,vowel_a,False,ata_:,False,False,False,False,False,False,False
10,he/she is praying,,FullEventful,cause[pres2],,False,atatolihstih,atatolihstih,False,False,False,False,False,a,vowel_a,False,none,False,False,False,False,False,False,False
10,he/she is praying,,FullEventful,cause[pres2],,False,atolihstih,atolihstih,False,False,False,False,False,a,vowel_a,False,at,False,False,False,False,False,False,False
10,he/she is praying,,FullEventful,cause[pres2],,False,olihstih,olihstih,False,False,False,False,False,a,vowel_a,False,atat,False,False,False,False,False,False,False
10,he/she is praying,,FullEventful,cause[pres2],,False,tolihstih,tolihstih,False,False,False,False,False,a,vowel_a,False,ata,False,False,False,False,False,False,False
16,he/she is fanning himself/herself,,FullEventful,apl-active,,False,:nhoy,:noy,False,False,False,False,False,a,vowel_a,False,ata_:,False,False,False,False,False,False,False
16,he/she is fanning himself/herself,,FullEventful,apl-active,,False,anhoy,anoy,False,False,False,False,False,a,vowel_a,False,at,False,False,False,False,False,False,False
16,he/she is fanning himself/herself,,FullEventful,apl-active,,False,atanhoy,atanoy,False,False,False,False,False,a,vowel_a,False,none,False,False,False,False,False,False,False
16,he/she is fanning himself/herself,,FullEventful,apl-active,,False,nhoy,noy,False,False,False,False,False,a,vowel_a,False,ata,False,False,False,False,False,False,False
16,he/she is fanning himself/herself,,FullEventful,apl-active-a,,False,:nhoy,:noy,False,False,False,False,False,a,vowel_a,False,ata_:,False,False,False,False,False,False,False
16,he/she is fanning himself/herself,,FullEventful,apl-active-a,,False,anhoy,anoy,False,False,False,False,False,a,vowel_a,False,at,False,False,False,False,False,False,False
16,he/she is fanning himself/herself,,FullEventful,apl-active-a,,False,atanhoy,atanoy,False,False,False,False,False,a,vowel_a,False,none,False,False,False,False,False,False,False
16,he/she is fanning himself/herself,,FullEventful,apl-active-a,,False,nhoy,noy,False,False,False,False,False,a,vowel_a,False,ata,False,False,False,False,False,False,False
18,he/she is visiting,,FullEventful,be-at,be-at,False,:whahthvh,:wahthvh,False,False,False,False,False,a,vowel_a,False,ata_:,False,False,False,False,False,False,False
18,he/she is visiting,,FullEventful,be-at,,False,:whahthvhit,:wahthvhit,False,False,False,False,False,a,vowel_a,False,ata_:,False,False,False,False,False,False,False
18,he/she is visiting,,FullEventful,be-at,be-at,False,atawhahthvh,atawahthvh,False,False,False,False,False,a,vowel_a,False,none,False,False,False,False,False,False,False
18,he/she is visiting,,FullEventful,be-at,,False,atawhahthvhit,atawahthvhit,False,False,False,False,False,a,vowel_a,False,none,False,False,False,False,False,False,False
18,he/she is visiting,,FullEventful,be-at,be-at,False,awhahthvh,awahthvh,False,False,False,False,False,a,vowel_a,False,at,False,False,False,False,False,False,False
18,he/she is visiting,,FullEventful,be-at,,False,awhahthvhit,awahthvhit,False,False,False,False,False,a,vowel_a,False,at,False,False,False,False,False,False,False
18,he/she is visiting,,FullEventful,be-at,be-at,False,whahthvh,wahthvh,False,False,False,False,False,a,vowel_a,False,ata,False,False,False,False,False,False,False
18,he/she is visiting,,FullEventful,be-at,,False,whahthvhit,wahthvhit,False,False,False,False,False,a,vowel_a,False,ata,False,False,False,False,False,False,False
19,he/she is stretching,,FullEventful,cause,,False,:yhahst,:yahst,False,False,False,False,False,a,vowel_a,False,ata_:,False,False,False,False,False,False,False
19,he/she is stretching,,FullEventful,cause,,False,atayhahst,atayahst,False,False,False,False,False,a,vowel_a,False,none,False,False,False,False,False,False,False
19,he/she is stretching,,FullEventful,cause,,False,ayhahst,ayahst,False,False,False,False,False,a,vowel_a,False,at,False,False,False,False,False,False,False
19,he/she is stretching,,FullEventful,cause,,False,yhahst,yahst,False,False,False,False,False,a,vowel_a,False,ata,False,False,False,False,False,False,False
19,he/she is stretching,,FullEventful,cause[perf3],,False,:yhahst,:yahst,False,False,False,False,False,a,vowel_a,False,ata_:,False,False,False,False,False,False,False
19,he/she is stretching,,FullEventful,cause[perf3],,False,atayhahst,atayahst,False,False,False,False,False,a,vowel_a,False,none,False,False,False,False,False,False,False
19,he/she is stretching,,FullEventful,cause[perf3],,False,ayhahst,ayahst,False,False,False,False,False,a,vowel_a,False,at,False,False,False,False,False,False,False
19,he/she is stretching,,FullEventful,cause[perf3],,False,yhahst,yahst,False,False,False,False,False,a,vowel_a,False,ata,False,False,False,False,False,False,False
19,he/she is stretching,,FullEventful,cause[pres2-perf3],,False,:yhahstih,:yahstih,False,False,False,False,False,a,vowel_a,False,ata_:,False,False,False,False,False,False,False
19,he/she is stretching,,FullEventful,cause[pres2-perf3],,False,atayhahstih,atayahstih,False,False,False,False,False,a,vowel_a,False,none,False,False,False,False,False,False,False
19,he/she is stretching,,FullEventful,cause[pres2-perf3],,False,ayhahstih,ayahstih,False,False,False,False,False,a,vowel_a,False,at,False,False,False,False,False,False,False
19,he/she is stretching,,FullEventful,cause[pres2-perf3],,False,yhahstih,yahstih,False,False,False,False,False,a,vowel_a,False,ata,False,False,False,False,False,False,False
19,he/she is stretching,,FullEventful,cause[pres2],,False,:yhahstih,:yahstih,False,False,False,False,False,a,vowel_a,False,ata_:,False,False,False,False,False,False,False
19,he/she is stretching,,FullEventful,cause[pres2],,False,atayhahstih,atayahstih,False,False,False,False,False,a,vowel_a,False,none,False,False,False,False,False,False,False
19,he/she is stretching,,FullEventful,cause[pres2],,False,ayhahstih,ayahstih,False,False,False,False,False,a,vowel_a,False,at,False,False,False,False,False,False,False
19,he/she is stretching,,FullEventful,cause[pres2],,False,yhahstih,yahstih,False,False,False,False,False,a,vowel_a,False,ata,False,False,False,False,False,False,False
21,he/she is denying him/her,,FullEventful,hih-hil[imp2],,False,:y,:y,False,False,False,False,False,a,vowel_a,False,ata_:,False,False,False,False,False,True,False
21,he/she is denying him/her,,FullEventful,hih-hil[imp2],,False,atay,atay,False,False,False,False,False,a,vowel_a,False,none,False,False,False,False,False,True,False
21,he/she is denying him/her,,FullEventful,hih-hil[imp2],,False,ay,ay,False,False,False,False,False,a,vowel_a,False,at,False,False,False,False,False,True,False
21,he/she is denying him/her,,FullEventful,hih-hil[imp2],,False,y,y,False,False,False,False,False,a,vowel_a,False,ata,False,False,False,False,False,True,False
22,he/she is committing adultery,,FullEventful,apl[imp4],,False,:yhon,:yon,False,False,False,False,False,a,vowel_a,False,ata_:,False,False,False,False,False,False,False
22,he/she is committing adultery,,FullEventful,apl[imp4],,False,atayhon,atayon,False,False,False,False,False,a,vowel_a,False,none,False,False,False,False,False,False,False
22,he/she is committing adultery,,FullEventful,apl[imp4],,False,ayhon,ayon,False,False,False,False,False,a,vowel_a,False,at,False,False,False,False,False,False,False
22,he/she is committing adultery,,FullEventful,apl[imp4],,False,yhon,yon,False,False,False,False,False,a,vowel_a,False,ata,False,False,False,False,False,False,False
25,it’s ripping,,FullEventful,ih-vh,,False,:tsakal,:tsakal,False,False,False,False,False,a,vowel_a,False,ata_:,False,False,False,False,False,False,False
25,it’s ripping,,FullEventful,ih-vh,,False,atatsakal,atatsakal,False,False,False,False,False,a,vowel_a,False,none,False,False,False,False,False,False,False
25,it’s ripping,,FullEventful,ih-vh,,False,atsakal,atsakal,False,False,False,False,False,a,vowel_a,False,at,False,False,False,False,False,False,False
25,it’s ripping,,FullEventful,ih-vh,,False,tsakal,tsakal,False,False,False,False,False,a,vowel_a,False,ata,False,False,False,False,False,False,False
27,he/she is looking at himself/herself in a mirror,,FullEventful,apl-active,,False,:kh,:kh,False,False,False,False,False,a,vowel_a,False,ata_:,False,False,False,False,False,False,False
27,he/she is looking at himself/herself in a mirror,,FullEventful,apl-active,,False,akh,akh,False,False,False,False,False,a,vowel_a,False,at,False,False,False,False,False,False,False
27,he/she is looking at himself/herself in a mirror,,FullEventful,apl-active,,False,atakh,atakh,False,False,False,False,False,a,vowel_a,False,none,False,False,False,False,False,False,False
27,he/she is looking at himself/herself in a mirror,,FullEventful,apl-active,,False,kh,kh,False,False,False,False,False,a,vowel_a,False,ata,False,False,False,False,False,False,False
27,he/she is looking at himself/herself in a mirror,,FullEventful,apl-active-a,,False,:kh,:kh,False,False,False,False,False,a,vowel_a,False,ata_:,False,False,False,False,False,False,False
27,he/she is looking at himself/herself in a mirror,,FullEventful,apl-active-a,,False,akh,akh,False,False,False,False,False,a,vowel_a,False,at,False,False,False,False,False,False,False
27,he/she is looking at himself/herself in a mirror,,FullEventful,apl-active-a,,False,atakh,atakh,False,False,False,False,False,a,vowel_a,False,none,False,False,False,False,False,False,False
27,he/she is looking at himself/herself in a mirror,,FullEventful,apl-active-a,,False,kh,kh,False,False,False,False,False,a,vowel_a,False,ata,False,False,False,False,False,False,False
29,it’s beginning,,FullEventful,ih-vh,,False,:len,,False,False,False,False,False,a,vowel_a,False,ata_:,False,False,False,False,False,False,False
29,it’s beginning,,FullEventful,ih-vh,,False,:len,,False,False,True,False,False,a,vowel_a,False,ata_:,False,False,False,False,False,False,False
29,it’s beginning,,FullEventful,ih-vh,,False,:len,,False,False,False,False,False,a,vowel_a,False,ata_:,False,False,False,False,False,True,False
29,it’s beginning,,FullEventful,ih-vh,,False,:len,,False,False,True,False,False,a,vowel_a,False,ata_:,False,False,False,False,False,True,False
29,it’s beginning,,FullEventful,ih-vh,,False,alen,,False,False,False,False,False,a,vowel_a,False,at,False,False,False,False,False,False,False
29,it’s beginning,,FullEventful,ih-vh,,False,alen,,False,False,True,False,False,a,vowel_a,False,at,False,False,False,False,False,False,False
29,it’s beginning,,FullEventful,ih-vh,,False,alen,,False,False,False,False,False,a,vowel_a,False,at,False,False,False,False,False,True,False
29,it’s beginning,,FullEventful,ih-vh,,False,alen,,False,False,True,False,False,a,vowel_a,False,at,False,False,False,False,False,True,False
29,it’s beginning,,FullEventful,ih-vh,,False,atalen,,False,False,False,False,False,a,vowel_a,False,none,False,False,False,False,False,False,False
29,it’s beginning,,FullEventful,ih-vh,,False,atalen,,False,False,True,False,False,a,vowel_a,False,none,False,False,False,False,False,False,False
29,it’s beginning,,FullEventful,ih-vh,,False,atalen,,False,False,False,False,False,a,vowel_a,False,none,False,False,False,False,False,True,False
29,it’s beginning,,FullEventful,ih-vh,,False,atalen,,False,False,True,False,False,a,vowel_a,False,none,False,False,False,False,False,True,False
29,it’s beginning,,FullEventful,ih-vh,,False,len,,False,False,False,False,False,a,vowel_a,False,ata,False,False,False,False,False,False,False
29,it’s beginning,,FullEventful,ih-vh,,False,len,,False,False,True,False,False,a,vowel_a,False,ata,False,False,False,False,False,False,False
29,it’s beginning,,FullEventful,ih-vh,,False,len,,False,False,False,False,False,a,vowel_a,False,ata,False,False,False,False,False,True,False
29,it’s beginning,,FullEventful,ih-vh,,False,len,,False,False,True,False,False,a,vowel_a,False,ata,False,False,False,False,False,True,False
29,it’s beginning,,FullEventful,ih-vh,,False,talen,,False,False,False,False,False,a,con,False,none,False,False,False,False,False,False,False
29,it’s beginning,,FullEventful,ih-vh,,False,talen,,False,False,True,False,False,a,con,False,none,False,False,False,False,False,False,False
29,it’s beginning,,FullEventful,ih-vh,,False,talen,,False,False,False,False,False,a,con,False,none,False,False,False,False,False,True,False
29,it’s beginning,,FullEventful,ih-vh,,False,talen,,False,False,True,False,False,a,con,False,none,False,False,False,False,False,True,False
30,he/she is shopping,,FullEventful,episodic[inf2],,False,:nanehs,:nanehs,False,False,False,False,False,a,vowel_a,False,ata_:,False,False,False,False,False,False,False
30,he/she is shopping,,FullEventful,episodic[inf2],,False,ananehs,ananehs,False,False,False,False,False,a,vowel_a,False,at,False,False,False,False,False,False,False
30,he/she is shopping,,FullEventful,episodic[inf2],,False,atananehs,atananehs,False,False,False,False,False,a,vowel_a,False,none,False,False,False,False,False,False,False
30,he/she is shopping,,FullEventful,episodic[inf2],,False,nanehs,nanehs,False,False,False,False,False,a,vowel_a,False,ata,False,False,False,False,False,False,False
30,he/she is shopping,,FullEventful,hvsk-nh[inf3],,False,:nanehsv,:nanehsv,False,False,False,False,False,a,vowel_a,False,ata_:,False,False,False,False,False,False,False
30,he/she is shopping,,FullEventful,hvsk-nh[inf3],,False,ananehsv,ananehsv,False,False,False,False,False,a,vowel_a,False,at,False,False,False,False,False,False,False
30,he/she is shopping,,FullEventful,hvsk-nh[inf3],,False,atananehsv,atananehsv,False,False,False,False,False,a,vowel_a,False,none,False,False,False,False,False,False,False
30,he/she is shopping,,FullEventful,hvsk-nh[inf3],,False,nanehsv,nanehsv,False,False,False,False,False,a,vowel_a,False,ata,False,False,False,False,False,False,False
30,he/she is shopping,,FullEventful,sk-h,,False,:nanehsvhv,:nanehsvhv,False,False,False,False,False,a,vowel_a,False,ata_:,False,False,False,False,False,False,False
30,he/she is shopping,,FullEventful,sk-h,,False,ananehsvhv,ananehsvhv,False,False,False,False,False,a,vowel_a,False,at,False,False,False,False,False,False,False
30,he/she is shopping,,FullEventful,sk-h,,False,atananehsvhv,atananehsvhv,False,False,False,False,False,a,vowel_a,False,none,False,False,False,False,False,False,False
30,he/she is shopping,,FullEventful,sk-h,,False,nanehsvhv,nanehsvhv,False,False,False,False,False,a,vowel_a,False,ata,False,False,False,False,False,False,False
30,he/she is shopping,,FullEventful,sk-h[imp2],,False,:nanehsvhv,:nanehsvhv,False,False,False,False,False,a,vowel_a,False,ata_:,False,False,False,False,False,False,False
30,he/she is shopping,,FullEventful,sk-h[imp2],,False,ananehsvhv,ananehsvhv,False,False,False,False,False,a,vowel_a,False,at,False,False,False,False,False,False,False
30,he/she is shopping,,FullEventful,sk-h[imp2],,False,atananehsvhv,atananehsvhv,False,False,False,False,False,a,vowel_a,False,none,False,False,False,False,False,False,False
30,he/she is shopping,,FullEventful,sk-h[imp2],,False,nanehsvhv,nanehsvhv,False,False,False,False,False,a,vowel_a,False,ata,False,False,False,False,False,False,False
32,he/she is taking off running,,FullEventful,cause,,False,:nawhst,:nawhst,False,False,False,False,False,a,vowel_a,False,ata_:,False,False,False,False,False,False,False
32,he/she is taking off running,,FullEventful,cause,,False,anawhst,anawhst,False,False,False,False,False,a,vowel_a,False,at,False,False,False,False,False,False,False
32,he/she is taking off running,,FullEventful,cause,,False,atanawhst,atanawhst,False,False,False,False,False,a,vowel_a,False,none,False,False,False,False,False,False,False
32,he/she is taking off running,,FullEventful,cause,,False,nawhst,nawhst,False,False,False,False,False,a,vowel_a,False,ata,False,False,False,False,False,False,False
32,he/she is taking off running,,FullEventful,cause[perf3],,False,:nawhst,:nawhst,False,False,False,False,False,a,vowel_a,False,ata_:,False,False,False,False,False,False,False
32,he/she is taking off running,,FullEventful,cause[perf3],,False,anawhst,anawhst,False,False,False,False,False,a,vowel_a,False,at,False,False,False,False,False,False,False
32,he/she is taking off running,,FullEventful,cause[perf3],,False,atanawhst,atanawhst,False,False,False,False,False,a,vowel_a,False,none,False,False,False,False,False,False,False
32,he/she is taking off running,,FullEventful,cause[perf3],,False,nawhst,nawhst,False,False,False,False,False,a,vowel_a,False,ata,False,False,False,False,False,False,False
32,he/she is taking off running,,FullEventful,cause[pres2-perf3],,False,:nawhstih,:nawhstih,False,False,False,False,False,a,vowel_a,False,ata_:,False,False,False,False,False,False,False
32,he/she is taking off running,,FullEventful,cause[pres2-perf3],,False,anawhstih,anawhstih,False,False,False,False,False,a,vowel_a,False,at,False,False,False,False,False,False,False
32,he/she is taking off running,,FullEventful,cause[pres2-perf3],,False,atanawhstih,atanawhstih,False,False,False,False,False,a,vowel_a,False,none,False,False,False,False,False,False,False
32,he/she is taking off running,,FullEventful,cause[pres2-perf3],,False,nawhstih,nawhstih,False,False,False,False,False,a,vowel_a,False,ata,False,False,False,False,False,False,False
32,he/she is taking off running,,FullEventful,cause[pres2],,False,:nawhstih,:nawhstih,False,False,False,False,False,a,vowel_a,False,ata_:,False,False,False,False,False,False,False
32,he/she is taking off running,,FullEventful,cause[pres2],,False,anawhstih,anawhstih,False,False,False,False,False,a,vowel_a,False,at,False,False,False,False,False,False,False
32,he/she is taking off running,,FullEventful,cause[pres2],,False,atanawhstih,atanawhstih,False,False,False,False,False,a,vowel_a,False,none,False,False,False,False,False,False,False
32,he/she is taking off running,,FullEventful,cause[pres2],,False,nawhstih,nawhstih,False,False,False,False,False,a,vowel_a,False,ata,False,False,False,False,False,False,False
33,he/she is changing,,FullEventful,v-vhs,change-out,False,:netl,:netl,False,False,False,False,False,a,vowel_a,False,ata_:,False,False,False,False,False,False,False
33,he/she is changing,,FullEventful,v-vhs,,False,:netliy,:netliy,False,False,False,False,False,a,vowel_a,False,ata_:,False,False,False,False,False,False,False
33,he/she is changing,,FullEventful,v-vhs,change-out,False,anetl,anetl,False,False,False,False,False,a,vowel_a,False,at,False,False,False,False,False,False,False
33,he/she is changing,,FullEventful,v-vhs,,False,anetliy,anetliy,False,False,False,False,False,a,vowel_a,False,at,False,False,False,False,False,False,False
33,he/she is changing,,FullEventful,v-vhs,change-out,False,atanetl,atanetl,False,False,False,False,False,a,vowel_a,False,none,False,False,False,False,False,False,False
33,he/she is changing,,FullEventful,v-vhs,,False,atanetliy,atanetliy,False,False,False,False,False,a,vowel_a,False,none,False,False,False,False,False,False,False
33,he/she is changing,,FullEventful,v-vhs,change-out,False,netl,netl,False,False,False,False,False,a,vowel_a,False,ata,False,False,False,False,False,False,False
33,he/she is changing,,FullEventful,v-vhs,,False,netliy,netliy,False,False,False,False,False,a,vowel_a,False,ata,False,False,False,False,False,False,False
34,he/she is taking turns with him/her,,FullEventful,cause,,False,:netliyvhst,:netliyvhst,False,False,False,False,False,a,vowel_a,False,ata_:,False,False,False,False,False,False,False
34,he/she is taking turns with him/her,,FullEventful,cause,,False,anetliyvhst,anetliyvhst,False,False,False,False,False,a,vowel_a,False,at,False,False,False,False,False,False,False
34,he/she is taking turns with him/her,,FullEventful,cause,,False,atanetliyvhst,atanetliyvhst,False,False,False,False,False,a,vowel_a,False,none,False,False,False,False,False,False,False
34,he/she is taking turns with him/her,,FullEventful,cause,,False,netliyvhst,netliyvhst,False,False,False,False,False,a,vowel_a,False,ata,False,False,False,False,False,False,False
34,he/she is taking turns with him/her,,FullEventful,cause[perf3],,False,:netliyvhst,:netliyvhst,False,False,False,False,False,a,vowel_a,False,ata_:,False,False,False,False,False,False,False
34,he/she is taking turns with him/her,,FullEventful,cause[perf3],,False,anetliyvhst,anetliyvhst,False,False,False,False,False,a,vowel_a,False,at,False,False,False,False,False,False,False
34,he/she is taking turns with him/her,,FullEventful,cause[perf3],,False,atanetliyvhst,atanetliyvhst,False,False,False,False,False,a,vowel_a,False,none,False,False,False,False,False,False,False
34,he/she is taking turns with him/her,,FullEventful,cause[perf3],,False,netliyvhst,netliyvhst,False,False,False,False,False,a,vowel_a,False,ata,False,False,False,False,False,False,False
34,he/she is taking turns with him/her,,FullEventful,cause[pres2-perf3],,False,:netliyvhstih,:netliyvhstih,False,False,False,False,False,a,vowel_a,False,ata_:,False,False,False,False,False,False,False
34,he/she is taking turns with him/her,,FullEventful,cause[pres2-perf3],,False,anetliyvhstih,anetliyvhstih,False,False,False,False,False,a,vowel_a,False,at,False,False,False,False,False,False,False
34,he/she is taking turns with him/her,,FullEventful,cause[pres2-perf3],,False,atanetliyvhstih,atanetliyvhstih,False,False,False,False,False,a,vowel_a,False,none,False,False,False,False,False,False,False
34,he/she is taking turns with him/her,,FullEventful,cause[pres2-perf3],,False,netliyvhstih,netliyvhstih,False,False,False,False,False,a,vowel_a,False,ata,False,False,False,False,False,False,False
34,he/she is taking turns with him/her,,FullEventful,cause[pres2],,False,:netliyvhstih,:netliyvhstih,False,False,False,False,False,a,vowel_a,False,ata_:,False,False,False,False,False,False,False
34,he/she is taking turns with him/her,,FullEventful,cause[pres2],,False,anetliyvhstih,anetliyvhstih,False,False,False,False,False,a,vowel_a,False,at,False,False,False,False,False,False,False
34,he/she is taking turns with him/her,,FullEventful,cause[pres2],,False,atanetliyvhstih,atanetliyvhstih,False,False,False,False,False,a,vowel_a,False,none,False,False,False,False,False,False,False
34,he/she is taking turns with him/her,,FullEventful,cause[pres2],,False,netliyvhstih,netliyvhstih,False,False,False,False,False,a,vowel_a,False,ata,False,False,False,False,False,False,False
39,he/she is thinking,,FullEventful,apl-active-h,,False,:nht,:nvt,False,False,False,False,False,a,vowel_a,False,ata_:,False,False,False,False,False,False,False
39,he/she is thinking,,FullEventful,apl-active-h,,False,anht,anvt,False,False,False,False,False,a,vowel_a,False,at,False,False,False,False,False,False,False
39,he/she is thinking,,FullEventful,apl-active-h,,False,atanht,atanvt,False,False,False,False,False,a,vowel_a,False,none,False,False,False,False,False,False,False
39,he/she is thinking,,FullEventful,apl-active-h,,False,nht,nvt,False,False,False,False,False,a,vowel_a,False,ata,False,False,False,False,False,False,False
41,he/she is pondering,,FullEventful,o,repetitive,False,:nhtheh,:nvtheh,False,False,False,False,False,a,vowel_a,False,ata_:,False,False,False,False,False,False,False
41,he/she is pondering,,FullEventful,o,,False,:nhthehil,:nvthehil,False,False,False,False,False,a,vowel_a,False,ata_:,False,False,False,False,False,False,False
41,he/she is pondering,,FullEventful,o,repetitive,False,anhtheh,anvtheh,False,False,False,False,False,a,vowel_a,False,at,False,False,False,False,False,False,False
41,he/she is pondering,,FullEventful,o,,False,anhthehil,anvthehil,False,False,False,False,False,a,vowel_a,False,at,False,False,False,False,False,False,False
41,he/she is pondering,,FullEventful,o,repetitive,False,atanhtheh,atanvtheh,False,False,False,False,False,a,vowel_a,False,none,False,False,False,False,False,False,False
41,he/she is pondering,,FullEventful,o,,False,atanhthehil,atanvthehil,False,False,False,False,False,a,vowel_a,False,none,False,False,False,False,False,False,False
41,he/she is pondering,,FullEventful,o,repetitive,False,nhtheh,nvtheh,False,False,False,False,False,a,vowel_a,False,ata,False,False,False,False,False,False,False
41,he/she is pondering,,FullEventful,o,,False,nhthehil,nvthehil,False,False,False,False,False,a,vowel_a,False,ata,False,False,False,False,False,False,False
43,he/she is crawling,,FullEventful,go[pres2],,False,:nhsin,:nahsin,False,False,False,False,False,a,vowel_a,False,ata_:,False,False,False,False,False,False,False
43,he/she is crawling,,FullEventful,go[pres2],,False,anhsin,anahsin,False,False,False,False,False,a,vowel_a,False,at,False,False,False,False,False,False,False
43,he/she is crawling,,FullEventful,go[pres2],,False,atanhsin,atanahsin,False,False,False,False,False,a,vowel_a,False,none,False,False,False,False,False,False,False
43,he/she is crawling,,FullEventful,go[pres2],,False,nhsin,nahsin,False,False,False,False,False,a,vowel_a,False,ata,False,False,False,False,False,False,False
44,it’s twisting,,FullEventful,oh-ol,,False,:nuthey,:nuthey,False,False,False,False,False,a,vowel_a,False,ata_:,False,False,False,False,False,False,False
44,it’s twisting,,FullEventful,oh-ol,,False,anuthey,anuthey,False,False,False,False,False,a,vowel_a,False,at,False,False,False,False,False,False,False
44,it’s twisting,,FullEventful,oh-ol,,False,atanuthey,atanuthey,False,False,False,False,False,a,vowel_a,False,none,False,False,False,False,False,False,False
44,it’s twisting,,FullEventful,oh-ol,,False,nuthey,nuthey,False,False,False,False,False,a,vowel_a,False,ata,False,False,False,False,False,False,False
46,he/she is ordering it,,FullEventful,sk-s-hst,,False,:nv,:nv,False,False,False,False,False,a,vowel_a,False,ata_:,False,False,False,False,False,False,False
46,he/she is ordering it,,FullEventful,sk-s-hst,,False,anv,anv,False,False,False,False,False,a,vowel_a,False,at,False,False,False,False,False,False,False
46,he/she is ordering it,,FullEventful,sk-s-hst,,False,atanv,atanv,False,False,False,False,False,a,vowel_a,False,none,False,False,False,False,False,False,False
46,he/she is ordering it,,FullEventful,sk-s-hst,,False,nv,nv,False,False,False,False,False,a,vowel_a,False,ata,False,False,False,False,False,False,False
46,he/she is ordering it,,FullEventful,sk-s-la,,False,:nv,:nv,False,False,False,False,False,a,vowel_a,False,ata_:,False,False,False,False,False,False,False
46,he/she is ordering it,,FullEventful,sk-s-la,,False,anv,anv,False,False,False,False,False,a,vowel_a,False,at,False,False,False,False,False,False,False
46,he/she is ordering it,,FullEventful,sk-s-la,,False,atanv,atanv,False,False,False,False,False,a,vowel_a,False,none,False,False,False,False,False,False,False
46,he/she is ordering it,,FullEventful,sk-s-la,,False,nv,nv,False,False,False,False,False,a,vowel_a,False,ata,False,False,False,False,False,False,False
48,he/she is cooking a meal,,FullEventful,episodic,,False,:hstay,:hstay,False,False,False,False,False,a,vowel_a,False,ata_:,False,False,False,False,False,False,False
48,he/she is cooking a meal,,FullEventful,episodic,,False,ahstay,ahstay,False,False,False,False,False,a,vowel_a,False,at,False,False,False,False,False,False,False
48,he/she is cooking a meal,,FullEventful,episodic,,False,atahstay,atahstay,False,False,False,False,False,a,vowel_a,False,none,False,False,False,False,False,False,False
48,he/she is cooking a meal,,FullEventful,episodic,,False,hstay,hstay,False,False,False,False,False,a,vowel_a,False,ata,False,False,False,False,False,False,False
48,he/she is cooking a meal,,FullEventful,hvsk-nh[inf2],,False,:hstayv,:hstayv,False,False,False,False,False,a,vowel_a,False,ata_:,False,False,False,False,False,False,False
48,he/she is cooking a meal,,FullEventful,hvsk-nh[inf2],,False,ahstayv,ahstayv,False,False,False,False,False,a,vowel_a,False,at,False,False,False,False,False,False,False
48,he/she is cooking a meal,,FullEventful,hvsk-nh[inf2],,False,atahstayv,atahstayv,False,False,False,False,False,a,vowel_a,False,none,False,False,False,False,False,False,False
48,he/she is cooking a meal,,FullEventful,hvsk-nh[inf2],,False,hstayv,hstayv,False,False,False,False,False,a,vowel_a,False,ata,False,False,False,False,False,False,False
51,it’s burning (refers to flames),,FullEventful,i-a-i,,False,:welak,:welak,False,False,False,False,False,a,vowel_a,False,ata_:,False,False,False,False,False,False,False
51,it’s burning (refers to flames),,FullEventful,i-a-i,,False,atawelak,atawelak,False,False,False,False,False,a,vowel_a,False,none,False,False,False,False,False,False,False
51,it’s burning (refers to flames),,FullEventful,i-a-i,,False,awelak,awelak,False,False,False,False,False,a,vowel_a,False,at,False,False,False,False,False,False,False
51,it’s burning (refers to flames),,FullEventful,i-a-i,,False,welak,welak,False,False,False,False,False,a,vowel_a,False,ata,False,False,False,False,False,False,False
54,he/she is resting,,FullEventful,cause,,False,:wehsolvhst,:wehsolvhst,False,False,False,False,False,a,vowel_a,False,ata_:,False,False,False,False,False,False,False
54,he/she is resting,,FullEventful,cause,,False,atawehsolvhst,atawehsolvhst,False,False,False,False,False,a,vowel_a,False,none,False,False,False,False,False,False,False
54,he/she is resting,,FullEventful,cause,,False,awehsolvhst,awehsolvhst,False,False,False,False,False,a,vowel_a,False,at,False,False,False,False,False,False,False
54,he/she is resting,,FullEventful,cause,,False,wehsolvhst,wehsolvhst,False,False,False,False,False,a,vowel_a,False,ata,False,False,False,False,False,False,False
54,he/she is resting,,FullEventful,cause[perf3],,False,:wehsolvhst,:wehsolvhst,False,False,False,False,False,a,vowel_a,False,ata_:,False,False,False,False,False,False,False
54,he/she is resting,,FullEventful,cause[perf3],,False,atawehsolvhst,atawehsolvhst,False,False,False,False,False,a,vowel_a,False,none,False,False,False,False,False,False,False
54,he/she is resting,,FullEventful,cause[perf3],,False,awehsolvhst,awehsolvhst,False,False,False,False,False,a,vowel_a,False,at,False,False,False,False,False,False,False
54,he/she is resting,,FullEventful,cause[perf3],,False,wehsolvhst,wehsolvhst,False,False,False,False,False,a,vowel_a,False,ata,False,False,False,False,False,False,False
54,he/she is resting,,FullEventful,cause[pres2-perf3],,False,:wehsolvhstih,:wehsolvhstih,False,False,False,False,False,a,vowel_a,False,ata_:,False,False,False,False,False,False,False
54,he/she is resting,,FullEventful,cause[pres2-perf3],,False,atawehsolvhstih,atawehsolvhstih,False,False,False,False,False,a,vowel_a,False,none,False,False,False,False,False,False,False
54,he/she is resting,,FullEventful,cause[pres2-perf3],,False,awehsolvhstih,awehsolvhstih,False,False,False,False,False,a,vowel_a,False,at,False,False,False,False,False,False,False
54,he/she is resting,,FullEventful,cause[pres2-perf3],,False,wehsolvhstih,wehsolvhstih,False,False,False,False,False,a,vowel_a,False,ata,False,False,False,False,False,False,False
54,he/she is resting,,FullEventful,cause[pres2],,False,:wehsolvhstih,:wehsolvhstih,False,False,False,False,False,a,vowel_a,False,ata_:,False,False,False,False,False,False,False
54,he/she is resting,,FullEventful,cause[pres2],,False,atawehsolvhstih,atawehsolvhstih,False,False,False,False,False,a,vowel_a,False,none,False,False,False,False,False,False,False
54,he/she is resting,,FullEventful,cause[pres2],,False,awehsolvhstih,awehsolvhstih,False,False,False,False,False,a,vowel_a,False,at,False,False,False,False,False,False,False
54,he/she is resting,,FullEventful,cause[pres2],,False,wehsolvhstih,wehsolvhstih,False,False,False,False,False,a,vowel_a,False,ata,False,False,False,False,False,False,False
56,he/she is bathing,,FullEventful,o,,False,:w,:w,False,False,False,False,False,a,vowel_a,False,ata_:,False,False,False,False,False,False,False
56,he/she is bathing,,FullEventful,o,,False,ataw,ataw,False,False,False,False,False,a,vowel_a,False,none,False,False,False,False,False,False,False
56,he/she is bathing,,FullEventful,o,,False,aw,aw,False,False,False,False,False,a,vowel_a,False,at,False,False,False,False,False,False,False
56,he/she is bathing,,FullEventful,o,,False,w,w,False,False,False,False,False,a,vowel_a,False,ata,False,False,False,False,False,False,False
59,he/she is giving him/her it (refers to a long object),,FullEventful,apl,,False,t,t,False,False,False,False,False,a,con,False,none,False,False,False,False,False,False,False
59,he/she is giving him/her it (refers to a long object),,FullEventful,apl,,False,t,t,False,False,False,False,False,a,con,False,none,False,False,False,False,False,True,False
59,he/she is giving him/her it (refers to a long object),,FullEventful,apl[imp2],,False,t,t,False,False,False,False,False,a,con,False,none,False,False,False,False,False,False,False
59,he/she is giving him/her it (refers to a long object),,FullEventful,apl[imp2],,False,t,t,False,False,False,False,False,a,con,False,none,False,False,False,False,False,True,False
59,he/she is giving him/her it (refers to a long object),,FullEventful,apl[imp3],,False,t,t,False,False,False,False,False,a,con,False,none,False,False,False,False,False,False,False
59,he/she is giving him/her it (refers to a long object),,FullEventful,apl[imp3],,False,t,t,False,False,False,False,False,a,con,False,none,False,False,False,False,False,True,False
60,he/she is learning,,FullEventful,a,,False,atelhohkw,atelohkw,False,False,False,False,False,a,vowel_a,False,none,False,False,False,False,False,False,False
60,he/she is learning,,FullEventful,a,,False,elhohkw,elohkw,False,False,False,False,False,a,vowel_a,False,at,False,False,False,False,False,False,False
61,he/she is embarrassing him/her,,FullEventful,cause,,False,atehohihst,ate'ohihst,False,False,False,False,False,a,vowel_a,False,none,False,False,False,False,False,True,False
61,he/she is embarrassing him/her,,FullEventful,cause,,False,ehohihst,e'ohihst,False,False,False,False,False,a,vowel_a,False,at,False,False,False,False,False,True,False
61,he/she is embarrassing him/her,,FullEventful,cause[perf3],,False,atehohihst,ate'ohihst,False,False,False,False,False,a,vowel_a,False,none,False,False,False,False,False,True,False
61,he/she is embarrassing him/her,,FullEventful,cause[perf3],,False,ehohihst,e'ohihst,False,False,False,False,False,a,vowel_a,False,at,False,False,False,False,False,True,False
61,he/she is embarrassing him/her,,FullEventful,cause[pres2-perf3],,False,atehohihstih,ate'ohihstih,False,False,False,False,False,a,vowel_a,False,none,False,False,False,False,False,True,False
61,he/she is embarrassing him/her,,FullEventful,cause[pres2-perf3],,False,ehohihstih,e'ohihstih,False,False,False,False,False,a,vowel_a,False,at,False,False,False,False,False,True,False
61,he/she is embarrassing him/her,,FullEventful,cause[pres2],,False,atehohihstih,ate'ohihstih,False,False,False,False,False,a,vowel_a,False,none,False,False,False,False,False,True,False
61,he/she is embarrassing him/her,,FullEventful,cause[pres2],,False,ehohihstih,e'ohihstih,False,False,False,False,False,a,vowel_a,False,at,False,False,False,False,False,True,False
62,he/she is embarrassed,,FullEventful,sk-s-hi-hihst,,False,ateho,ate'o,False,False,False,False,False,a,vowel_a,False,none,False,False,False,False,False,False,False
62,he/she is embarrassed,,FullEventful,sk-s-hi-hihst,,False,eho,e'o,False,False,False,False,False,a,vowel_a,False,at,False,False,False,False,False,False,False
62,he/she is embarrassed,,FullEventful,sk-s-hst,,False,ateho,ate'o,False,False,False,False,False,a,vowel_a,False,none,False,False,False,False,False,False,False
62,he/she is embarrassed,,FullEventful,sk-s-hst,,False,eho,e'o,False,False,False,False,False,a,vowel_a,False,at,False,False,False,False,False,False,False
62,he/she is embarrassed,,FullEventful,sk-s-hst[imp2],,False,ateho,ate'o,False,False,False,False,False,a,vowel_a,False,none,False,False,False,False,False,False,False
62,he/she is embarrassed,,FullEventful,sk-s-hst[imp2],,False,eho,e'o,False,False,False,False,False,a,vowel_a,False,at,False,False,False,False,False,False,False
63,he/she is being born,,FullEventful,hvsk-nh,,False,ate,ate,False,False,False,False,False,a,vowel_a,False,none,False,False,False,False,False,False,False
63,he/she is being born,,FullEventful,hvsk-nh,,False,e,e,False,False,False,False,False,a,vowel_a,False,at,False,False,False,False,False,False,False
63,he/she is being born,,FullEventful,hvsk-nh[inf2],,False,ate,ate,False,False,False,False,False,a,vowel_a,False,none,False,False,False,False,False,False,False
63,he/she is being born,,FullEventful,hvsk-nh[inf2],,False,e,e,False,False,False,False,False,a,vowel_a,False,at,False,False,False,False,False,False,False
67,he/she is finding it out,,FullEventful,sk-s-hi-hihst,,False,ateloho,atelo'o,False,False,False,False,False,a,vowel_a,False,none,False,False,False,False,False,False,False
67,he/she is finding it out,,FullEventful,sk-s-hi-hihst,,False,eloho,elo'o,False,False,False,False,False,a,vowel_a,False,at,False,False,False,False,False,False,False
67,he/she is finding it out,,FullEventful,sk-s-hst,,False,ateloho,atelo'o,False,False,False,False,False,a,vowel_a,False,none,False,False,False,False,False,False,False
67,he/she is finding it out,,FullEventful,sk-s-hst,,False,eloho,elo'o,False,False,False,False,False,a,vowel_a,False,at,False,False,False,False,False,False,False
67,he/she is finding it out,,FullEventful,sk-s-hst[imp2],,False,ateloho,atelo'o,False,False,False,False,False,a,vowel_a,False,none,False,False,False,False,False,False,False
67,he/she is finding it out,,FullEventful,sk-s-hst[imp2],,False,eloho,elo'o,False,False,False,False,False,a,vowel_a,False,at,False,False,False,False,False,False,False
70,he/she is going around a curve,,FullEventful,oh-ol[inf2],spin,False,a,a,False,False,False,False,False,a,vowel_a,False,none,False,False,False,False,False,False,False
70,he/she is going around a curve,,FullEventful,oh-ol[inf2],,False,atey,atey,False,False,False,False,False,a,vowel_a,False,none,False,False,False,False,False,False,False
70,he/she is going around a curve,,FullEventful,oh-ol[inf2],,False,ey,ey,False,False,False,False,False,a,vowel_a,False,at,False,False,False,False,False,False,False
72,he/she is laying it down (refers to a long object),,FullEventful,i-a-i,long[no-a],False,,,False,False,False,False,False,a,con,False,none,False,False,False,False,False,False,False
72,he/she is laying it down (refers to a long object),,FullEventful,i-a-i,long[no-a],False,,,False,False,False,False,False,a,con,False,none,False,False,False,False,False,True,False
72,he/she is laying it down (refers to a long object),,FullEventful,i-a-i,,False,t,t,False,False,False,False,False,a,con,False,none,False,False,False,False,False,False,False
72,he/she is laying it down (refers to a long object),,FullEventful,i-a-i,,False,t,t,False,False,False,False,False,a,con,False,none,False,False,False,False,False,True,False
73,he/she is rising (from a prone position),,FullEventful,ih-vh,,False,:t,:t,False,False,False,False,False,a,vowel_a,False,ati_:,False,False,False,False,False,False,False
73,he/she is rising (from a prone position),,FullEventful,ih-vh,,False,atit,atit,False,False,False,False,False,a,vowel_a,False,none,False,False,False,False,False,False,False
73,he/she is rising (from a prone position),,FullEventful,ih-vh,,False,it,it,False,False,False,False,False,a,vowel_a,False,at,False,False,False,False,False,False,False
73,he/she is rising (from a prone position),,FullEventful,ih-vh,,False,t,t,False,False,False,False,False,a,vowel_a,False,ati,False,False,False,False,False,False,False
73,he/she is rising (from a prone position),,FullEventful,ih-vh,,False,vt,vt,False,False,False,False,False,a,vowel_a,False,ati_v,False,False,False,False,False,False,False
74,he/she is scattering it,,FullEventful,a,,False,:kaley,:kaley,False,False,False,False,False,a,vowel_a,False,ati_:,False,False,False,False,False,False,False
74,he/she is scattering it,,FullEventful,a,,False,atikaley,atikaley,False,False,False,False,False,a,vowel_a,False,none,False,False,False,False,False,False,False
74,he/she is scattering it,,FullEventful,a,,False,ikaley,ikaley,False,False,False,False,False,a,vowel_a,False,at,False,False,False,False,False,False,False
74,he/she is scattering it,,FullEventful,a,,False,kaley,kaley,False,False,False,False,False,a,vowel_a,False,ati,False,False,False,False,False,False,False
74,he/she is scattering it,,FullEventful,a,,False,vkaley,vkaley,False,False,False,False,False,a,vowel_a,False,ati_v,False,False,False,False,False,False,False
75,it’s scattering,,FullEventful,become,become-long[o],False,:kaley,,False,False,False,False,False,a,vowel_a,False,ati_:,False,False,False,False,False,False,False
75,it’s scattering,,FullEventful,become,become-long[o],False,:kaley,,False,False,True,False,False,a,vowel_a,False,ati_:,False,False,False,False,False,False,False
75,it’s scattering,,FullEventful,become,become-long[o],False,:kaley,,False,False,False,False,False,a,vowel_a,False,ati_:,False,False,False,False,False,True,False
75,it’s scattering,,FullEventful,become,become-long[o],False,:kaley,,False,False,True,False,False,a,vowel_a,False,ati_:,False,False,False,False,False,True,False
75,it’s scattering,,FullEventful,become,,False,:kaleyo,,False,False,False,False,False,a,vowel_a,False,ati_:,False,False,False,False,False,False,False
75,it’s scattering,,FullEventful,become,,False,:kaleyo,,False,False,True,False,False,a,vowel_a,False,ati_:,False,False,False,False,False,False,False
75,it’s scattering,,FullEventful,become,,False,:kaleyo,,False,False,False,False,False,a,vowel_a,False,ati_:,False,False,False,False,False,True,False
75,it’s scattering,,FullEventful,become,,False,:kaleyo,,False,False,True,False,False,a,vowel_a,False,ati_:,False,False,False,False,False,True,False
75,it’s scattering,,FullEventful,become,become-long[o],False,atikaley,,False,False,False,False,False,a,vowel_a,False,none,False,False,False,False,False,False,False
75,it’s scattering,,FullEventful,become,become-long[o],False,atikaley,,False,False,True,False,False,a,vowel_a,False,none,False,False,False,False,False,False,False
75,it’s scattering,,FullEventful,become,become-long[o],False,atikaley,,False,False,False,False,False,a,vowel_a,False,none,False,False,False,False,False,True,False
75,it’s scattering,,FullEventful,become,become-long[o],False,atikaley,,False,False,True,False,False,a,vowel_a,False,none,False,False,False,False,False,True,False
75,it’s scattering,,FullEventful,become,,False,atikaleyo,,False,False,False,False,False,a,vowel_a,False,none,False,False,False,False,False,False,False
75,it’s scattering,,FullEventful,become,,False,atikaleyo,,False,False,True,False,False,a,vowel_a,False,none,False,False,False,False,False,False,False
75,it’s scattering,,FullEventful,become,,False,atikaleyo,,False,False,False,False,False,a,vowel_a,False,none,False,False,False,False,False,True,False
75,it’s scattering,,FullEventful,become,,False,atikaleyo,,False,False,True,False,False,a,vowel_a,False,none,False,False,False,False,False,True,False
75,it’s scattering,,FullEventful,become,become-long[o],False,ikaley,,False,False,False,False,False,a,vowel_a,False,at,False,False,False,False,False,False,False
75,it’s scattering,,FullEventful,become,become-long[o],False,ikaley,,False,False,True,False,False,a,vowel_a,False,at,False,False,False,False,False,False,False
75,it’s scattering,,FullEventful,become,become-long[o],False,ikaley,,False,False,False,False,False,a,vowel_a,False,at,False,False,False,False,False,True,False
75,it’s scattering,,FullEventful,become,become-long[o],False,ikaley,,False,False,True,False,False,a,vowel_a,False,at,False,False,False,False,False,True,False
75,it’s scattering,,FullEventful,become,,False,ikaleyo,,False,False,False,False,False,a,vowel_a,False,at,False,False,False,False,False,False,False
75,it’s scattering,,FullEventful,become,,False,ikaleyo,,False,False,True,False,False,a,vowel_a,False,at,False,False,False,False,False,False,False
75,it’s scattering,,FullEventful,become,,False,ikaleyo,,False,False,False,False,False,a,vowel_a,False,at,False,False,False,False,False,True,False
75,it’s scattering,,FullEventful,become,,False,ikaleyo,,False,False,True,False,False,a,vowel_a,False,at,False,False,False,False,False,True,False
75,it’s scattering,,FullEventful,become,become-long[o],False,kaley,,False,False,False,False,False,a,vowel_a,False,ati,False,False,False,False,False,False,False
75,it’s scattering,,FullEventful,become,become-long[o],False,kaley,,False,False,True,False,False,a,vowel_a,False,ati,False,False,False,False,False,False,False
75,it’s scattering,,FullEventful,become,become-long[o],False,kaley,,False,False,False,False,False,a,vowel_a,False,ati,False,False,False,False,False,True,False
75,it’s scattering,,FullEventful,become,become-long[o],False,kaley,,False,False,True,False,False,a,vowel_a,False,ati,False,False,False,False,False,True,False
75,it’s scattering,,FullEventful,become,,False,kaleyo,,False,False,False,False,False,a,vowel_a,False,ati,False,False,False,False,False,False,False
75,it’s scattering,,FullEventful,become,,False,kaleyo,,False,False,True,False,False,a,vowel_a,False,ati,False,False,False,False,False,False,False
75,it’s scattering,,FullEventful,become,,False,kaleyo,,False,False,False,False,False,a,vowel_a,False,ati,False,False,False,False,False,True,False
75,it’s scattering,,FullEventful,become,,False,kaleyo,,False,False,True,False,False,a,vowel_a,False,ati,False,False,False,False,False,True,False
75,it’s scattering,,FullEventful,become,become-long[o],False,tikaley,,False,False,False,False,False,a,con,False,none,False,False,False,False,False,False,False
75,it’s scattering,,FullEventful,become,become-long[o],False,tikaley,,False,False,True,False,False,a,con,False,none,False,False,False,False,False,False,False
75,it’s scattering,,FullEventful,become,become-long[o],False,tikaley,,False,False,False,False,False,a,con,False,none,False,False,False,False,False,True,False
75,it’s scattering,,FullEventful,become,become-long[o],False,tikaley,,False,False,True,False,False,a,con,False,none,False,False,False,False,False,True,False
75,it’s scattering,,FullEventful,become,,False,tikaleyo,,False,False,False,False,False,a,con,False,none,False,False,False,False,False,False,False
75,it’s scattering,,FullEventful,become,,False,tikaleyo,,False,False,True,False,False,a,con,False,none,False,False,False,False,False,False,False
75,it’s scattering,,FullEventful,become,,False,tikaleyo,,False,False,False,False,False,a,con,False,none,False,False,False,False,False,True,False
75,it’s scattering,,FullEventful,become,,False,tikaleyo,,False,False,True,False,False,a,con,False,none,False,False,False,False,False,True,False
75,it’s scattering,,FullEventful,become,become-long[o],False,vkaley,,False,False,False,False,False,a,vowel_a,False,ati_v,False,False,False,False,False,False,False
75,it’s scattering,,FullEventful,become,become-long[o],False,vkaley,,False,False,True,False,False,a,vowel_a,False,ati_v,False,False,False,False,False,False,False
75,it’s scattering,,FullEventful,become,become-long[o],False,vkaley,,False,False,False,False,False,a,vowel_a,False,ati_v,False,False,False,False,False,True,False
75,it’s scattering,,FullEventful,become,become-long[o],False,vkaley,,False,False,True,False,False,a,vowel_a,False,ati_v,False,False,False,False,False,True,False
75,it’s scattering,,FullEventful,become,,False,vkaleyo,,False,False,False,False,False,a,vowel_a,False,ati_v,False,False,False,False,False,False,False
75,it’s scattering,,FullEventful,become,,False,vkaleyo,,False,False,True,False,False,a,vowel_a,False,ati_v,False,False,False,False,False,False,False
75,it’s scattering,,FullEventful,become,,False,vkaleyo,,False,False,False,False,False,a,vowel_a,False,ati_v,False,False,False,False,False,True,False
75,it’s scattering,,FullEventful,become,,False,vkaleyo,,False,False,True,False,False,a,vowel_a,False,ati_v,False,False,False,False,False,True,False
75,it’s scattering,,FullEventful,become[inf3],become-long[o],False,:kaley,,False,False,False,False,False,a,vowel_a,False,ati_:,False,False,False,False,False,False,False
75,it’s scattering,,FullEventful,become[inf3],become-long[o],False,:kaley,,False,False,True,False,False,a,vowel_a,False,ati_:,False,False,False,False,False,False,False
75,it’s scattering,,FullEventful,become[inf3],become-long[o],False,:kaley,,False,False,False,False,False,a,vowel_a,False,ati_:,False,False,False,False,False,True,False
75,it’s scattering,,FullEventful,become[inf3],become-long[o],False,:kaley,,False,False,True,False,False,a,vowel_a,False,ati_:,False,False,False,False,False,True,False
75,it’s scattering,,FullEventful,become[inf3],,False,:kaleyo,,False,False,False,False,False,a,vowel_a,False,ati_:,False,False,False,False,False,False,False
75,it’s scattering,,FullEventful,become[inf3],,False,:kaleyo,,False,False,True,False,False,a,vowel_a,False,ati_:,False,False,False,False,False,False,False
75,it’s scattering,,FullEventful,become[inf3],,False,:kaleyo,,False,False,False,False,False,a,vowel_a,False,ati_:,False,False,False,False,False,True,False
75,it’s scattering,,FullEventful,become[inf3],,False,:kaleyo,,False,False,True,False,False,a,vowel_a,False,ati_:,False,False,False,False,False,True,False
75,it’s scattering,,FullEventful,become[inf3],become-long[o],False,atikaley,,False,False,False,False,False,a,vowel_a,False,none,False,False,False,False,False,False,False
75,it’s scattering,,FullEventful,become[inf3],become-long[o],False,atikaley,,False,False,True,False,False,a,vowel_a,False,none,False,False,False,False,False,False,False
75,it’s scattering,,FullEventful,become[inf3],become-long[o],False,atikaley,,False,False,False,False,False,a,vowel_a,False,none,False,False,False,False,False,True,False
75,it’s scattering,,FullEventful,become[inf3],become-long[o],False,atikaley,,False,False,True,False,False,a,vowel_a,False,none,False,False,False,False,False,True,False
75,it’s scattering,,FullEventful,become[inf3],,False,atikaleyo,,False,False,False,False,False,a,vowel_a,False,none,False,False,False,False,False,False,False
75,it’s scattering,,FullEventful,become[inf3],,False,atikaleyo,,False,False,True,False,False,a,vowel_a,False,none,False,False,False,False,False,False,False
75,it’s scattering,,FullEventful,become[inf3],,False,atikaleyo,,False,False,False,False,False,a,vowel_a,False,none,False,False,False,False,False,True,False
75,it’s scattering,,FullEventful,become[inf3],,False,atikaleyo,,False,False,True,False,False,a,vowel_a,False,none,False,False,False,False,False,True,False
75,it’s scattering,,FullEventful,become[inf3],become-long[o],False,ikaley,,False,False,False,False,False,a,vowel_a,False,at,False,False,False,False,False,False,False
75,it’s scattering,,FullEventful,become[inf3],become-long[o],False,ikaley,,False,False,True,False,False,a,vowel_a,False,at,False,False,False,False,False,False,False
75,it’s scattering,,FullEventful,become[inf3],become-long[o],False,ikaley,,False,False,False,False,False,a,vowel_a,False,at,False,False,False,False,False,True,False
75,it’s scattering,,FullEventful,become[inf3],become-long[o],False,ikaley,,False,False,True,False,False,a,vowel_a,False,at,False,False,False,False,False,True,False
75,it’s scattering,,FullEventful,become[inf3],,False,ikaleyo,,False,False,False,False,False,a,vowel_a,False,at,False,False,False,False,False,False,False
75,it’s scattering,,FullEventful,become[inf3],,False,ikaleyo,,False,False,True,False,False,a,vowel_a,False,at,False,False,False,False,False,False,False
75,it’s scattering,,FullEventful,become[inf3],,False,ikaleyo,,False,False,False,False,False,a,vowel_a,False,at,False,False,False,False,False,True,False
75,it’s scattering,,FullEventful,become[inf3],,False,ikaleyo,,False,False,True,False,False,a,vowel_a,False,at,False,False,False,False,False,True,False
75,it’s scattering,,FullEventful,become[inf3],become-long[o],False,kaley,,False,False,False,False,False,a,vowel_a,False,ati,False,False,False,False,False,False,False
75,it’s scattering,,FullEventful,become[inf3],become-long[o],False,kaley,,False,False,True,False,False,a,vowel_a,False,ati,False,False,False,False,False,False,False
75,it’s scattering,,FullEventful,become[inf3],become-long[o],False,kaley,,False,False,False,False,False,a,vowel_a,False,ati,False,False,False,False,False,True,False
75,it’s scattering,,FullEventful,become[inf3],become-long[o],False,kaley,,False,False,True,False,False,a,vowel_a,False,ati,False,False,False,False,False,True,False
75,it’s scattering,,FullEventful,become[inf3],,False,kaleyo,,False,False,False,False,False,a,vowel_a,False,ati,False,False,False,False,False,False,False
75,it’s scattering,,FullEventful,become[inf3],,False,kaleyo,,False,False,True,False,False,a,vowel_a,False,ati,False,False,False,False,False,False,False
75,it’s scattering,,FullEventful,become[inf3],,False,kaleyo,,False,False,False,False,False,a,vowel_a,False,ati,False,False,False,False,False,True,False
75,it’s scattering,,FullEventful,become[inf3],,False,kaleyo,,False,False,True,False,False,a,vowel_a,False,ati,False,False,False,False,False,True,False
75,it’s scattering,,FullEventful,become[inf3],become-long[o],False,tikaley,,False,False,False,False,False,a,con,False,none,False,False,False,False,False,False,False
75,it’s scattering,,FullEventful,become[inf3],become-long[o],False,tikaley,,False,False,True,False,False,a,con,False,none,False,False,False,False,False,False,False
75,it’s scattering,,FullEventful,become[inf3],become-long[o],False,tikaley,,False,False,False,False,False,a,con,False,none,False,False,False,False,False,True,False
75,it’s scattering,,FullEventful,become[inf3],become-long[o],False,tikaley,,False,False,True,False,False,a,con,False,none,False,False,False,False,False,True,False
75,it’s scattering,,FullEventful,become[inf3],,False,tikaleyo,,False,False,False,False,False,a,con,False,none,False,False,False,False,False,False,False
75,it’s scattering,,FullEventful,become[inf3],,False,tikaleyo,,False,False,True,False,False,a,con,False,none,False,False,False,False,False,False,False
75,it’s scattering,,FullEventful,become[inf3],,False,tikaleyo,,False,False,False,False,False,a,con,False,none,False,False,False,False,False,True,False
75,it’s scattering,,FullEventful,become[inf3],,False,tikaleyo,,False,False,True,False,False,a,con,False,none,False,False,False,False,False,True,False
75,it’s scattering,,FullEventful,become[inf3],become-long[o],False,vkaley,,False,False,False,False,False,a,vowel_a,False,ati_v,False,False,False,False,False,False,False
75,it’s scattering,,FullEventful,become[inf3],become-long[o],False,vkaley,,False,False,True,False,False,a,vowel_a,False,ati_v,False,False,False,False,False,False,False
75,it’s scattering,,FullEventful,become[inf3],become-long[o],False,vkaley,,False,False,False,False,False,a,vowel_a,False,ati_v,False,False,False,False,False,True,False
75,it’s scattering,,FullEventful,become[inf3],become-long[o],False,vkaley,,False,False,True,False,False,a,vowel_a,False,ati_v,False,False,False,False,False,True,False
75,it’s scattering,,FullEventful,become[inf3],,False,vkaleyo,,False,False,False,False,False,a,vowel_a,False,ati_v,False,False,False,False,False,False,False
75,it’s scattering,,FullEventful,become[inf3],,False,vkaleyo,,False,False,True,False,False,a,vowel_a,False,ati_v,False,False,False,False,False,False,False
75,it’s scattering,,FullEventful,become[inf3],,False,vkaleyo,,False,False,False,False,False,a,vowel_a,False,ati_v,False,False,False,False,False,True,False
75,it’s scattering,,FullEventful,become[inf3],,False,vkaleyo,,False,False,True,False,False,a,vowel_a,False,ati_v,False,False,False,False,False,True,False
76,he/she is spinning,,FullEventful,oh-ol[inf2],spin,False,:kwalv,:kwalv,False,False,False,False,False,a,vowel_a,False,ati_:,False,False,False,False,False,False,False
76,he/she is spinning,,FullEventful,oh-ol[inf2],,False,:kwalvtey,:kwalvtey,False,False,False,False,False,a,vowel_a,False,ati_:,False,False,False,False,False,False,False
76,he/she is spinning,,FullEventful,oh-ol[inf2],spin,False,atikwalv,atikwalv,False,False,False,False,False,a,vowel_a,False,none,False,False,False,False,False,False,False
76,he/she is spinning,,FullEventful,oh-ol[inf2],,False,atikwalvtey,atikwalvtey,False,False,False,False,False,a,vowel_a,False,none,False,False,False,False,False,False,False
76,he/she is spinning,,FullEventful,oh-ol[inf2],spin,False,ikwalv,ikwalv,False,False,False,False,False,a,vowel_a,False,at,False,False,False,False,False,False,False
76,he/she is spinning,,FullEventful,oh-ol[inf2],,False,ikwalvtey,ikwalvtey,False,False,False,False,False,a,vowel_a,False,at,False,False,False,False,False,False,False
76,he/she is spinning,,FullEventful,oh-ol[inf2],spin,False,kwalv,kwalv,False,False,False,False,False,a,vowel_a,False,ati,False,False,False,False,False,False,False
76,he/she is spinning,,FullEventful,oh-ol[inf2],,False,kwalvtey,kwalvtey,False,False,False,False,False,a,vowel_a,False,ati,False,False,False,False,False,False,False
76,he/she is spinning,,FullEventful,oh-ol[inf2],spin,False,vkwalv,vkwalv,False,False,False,False,False,a,vowel_a,False,ati_v,False,False,False,False,False,False,False
76,he/she is spinning,,FullEventful,oh-ol[inf2],,False,vkwalvtey,vkwalvtey,False,False,False,False,False,a,vowel_a,False,ati_v,False,False,False,False,False,False,False
77,he/she is saying it,,FullEventful,vnh-ih-a,,False,,,False,False,False,False,False,a,vowel_a,False,at,False,False,False,False,False,False,False
77,he/she is saying it,,FullEventful,vnh-ih-a,,False,,,False,False,False,False,False,a,vowel_a,False,at_pre_c,False,False,False,False,False,False,False
77,he/she is saying it,,FullEventful,vnh-ih-a,,False,at,at,False,False,False,False,False,a,vowel_a,False,none,False,False,False,False,False,False,False
78,he/she is running over him/her,,FullEventful,cause,,False,:nvt,:nvt,False,False,False,False,False,a,vowel_a,False,ati_:,False,False,False,False,False,True,False
78,he/she is running over him/her,,FullEventful,cause,,False,atinvt,atinvt,False,False,False,False,False,a,vowel_a,False,none,False,False,False,False,False,True,False
78,he/she is running over him/her,,FullEventful,cause,,False,invt,invt,False,False,False,False,False,a,vowel_a,False,at,False,False,False,False,False,True,False
78,he/she is running over him/her,,FullEventful,cause,,False,nvt,nvt,False,False,False,False,False,a,vowel_a,False,ati,False,False,False,False,False,True,False
78,he/she is running over him/her,,FullEventful,cause,,False,vnvt,vnvt,False,False,False,False,False,a,vowel_a,False,ati_v,False,False,False,False,False,True,False
78,he/she is running over him/her,,FullEventful,cause[perf3],,False,:nvt,:nvt,False,False,False,False,False,a,vowel_a,False,ati_:,False,False,False,False,False,True,False
78,he/she is running over him/her,,FullEventful,cause[perf3],,False,atinvt,atinvt,False,False,False,False,False,a,vowel_a,False,none,False,False,False,False,False,True,False
78,he/she is running over him/her,,FullEventful,cause[perf3],,False,invt,invt,False,False,False,False,False,a,vowel_a,False,at,False,False,False,False,False,True,False
78,he/she is running over him/her,,FullEventful,cause[perf3],,False,nvt,nvt,False,False,False,False,False,a,vowel_a,False,ati,False,False,False,False,False,True,False
78,he/she is running over him/her,,FullEventful,cause[perf3],,False,vnvt,vnvt,False,False,False,False,False,a,vowel_a,False,ati_v,False,False,False,False,False,True,False
78,he/she is running over him/her,,FullEventful,cause[pres2-perf3],,False,:nvtih,:nvtih,False,False,False,False,False,a,vowel_a,False,ati_:,False,False,False,False,False,True,False
78,he/she is running over him/her,,FullEventful,cause[pres2-perf3],,False,atinvtih,atinvtih,False,False,False,False,False,a,vowel_a,False,none,False,False,False,False,False,True,False
78,he/she is running over him/her,,FullEventful,cause[pres2-perf3],,False,invtih,invtih,False,False,False,False,False,a,vowel_a,False,at,False,False,False,False,False,True,False
78,he/she is running over him/her,,FullEventful,cause[pres2-perf3],,False,nvtih,nvtih,False,False,False,False,False,a,vowel_a,False,ati,False,False,False,False,False,True,False
78,he/she is running over him/her,,FullEventful,cause[pres2-perf3],,False,vnvtih,vnvtih,False,False,False,False,False,a,vowel_a,False,ati_v,False,False,False,False,False,True,False
78,he/she is running over him/her,,FullEventful,cause[pres2],,False,:nvtih,:nvtih,False,False,False,False,False,a,vowel_a,False,ati_:,False,False,False,False,False,True,False
78,he/she is running over him/her,,FullEventful,cause[pres2],,False,atinvtih,atinvtih,False,False,False,False,False,a,vowel_a,False,none,False,False,False,False,False,True,False
78,he/she is running over him/her,,FullEventful,cause[pres2],,False,invtih,invtih,False,False,False,False,False,a,vowel_a,False,at,False,False,False,False,False,True,False
78,he/she is running over him/her,,FullEventful,cause[pres2],,False,nvtih,nvtih,False,False,False,False,False,a,vowel_a,False,ati,False,False,False,False,False,True,False
78,he/she is running over him/her,,FullEventful,cause[pres2],,False,vnvtih,vnvtih,False,False,False,False,False,a,vowel_a,False,ati_v,False,False,False,False,False,True,False
79,he/she is hiding,,FullEventful,hvsk-han,,False,:hskal,:hskal,False,False,False,False,False,a,vowel_a,False,ati_:,False,False,False,False,False,False,False
79,he/she is hiding,,FullEventful,hvsk-han,,False,atihskal,atihskal,False,False,False,False,False,a,vowel_a,False,none,False,False,False,False,False,False,False
79,he/she is hiding,,FullEventful,hvsk-han,,False,hskal,hskal,False,False,False,False,False,a,vowel_a,False,ati,False,False,False,False,False,False,False
79,he/she is hiding,,FullEventful,hvsk-han,,False,ihskal,ihskal,False,False,False,False,False,a,vowel_a,False,at,False,False,False,False,False,False,False
79,he/she is hiding,,FullEventful,hvsk-han,,False,vhskal,vhskal,False,False,False,False,False,a,vowel_a,False,ati_v,False,False,False,False,False,False,False
80,he/she is leaving it behind (refers to a long object),,FullEventful,a,leaving,False,tihs,tihs,False,False,False,False,False,a,con,False,none,False,False,False,False,False,False,False
80,he/she is leaving it behind (refers to a long object),,FullEventful,a,leaving,False,tihs,tihs,False,False,False,False,False,a,con,False,none,False,False,False,False,False,True,False
80,he/she is leaving it behind (refers to a long object),,FullEventful,a,,False,tihsiy,tihsiy,False,False,False,False,False,a,con,False,none,False,False,False,False,False,False,False
80,he/she is leaving it behind (refers to a long object),,FullEventful,a,,False,tihsiy,tihsiy,False,False,False,False,False,a,con,False,none,False,False,False,False,False,True,False
82,he/she is drinking it,,FullEventful,sk-h,,False,:tha,:tha,False,False,False,False,False,a,vowel_a,False,ati_:,False,False,False,False,False,False,False
82,he/she is drinking it,,FullEventful,sk-h,,False,atitha,atitha,False,False,False,False,False,a,vowel_a,False,none,False,False,False,False,False,False,False
82,he/she is drinking it,,FullEventful,sk-h,,False,itha,itha,False,False,False,False,False,a,vowel_a,False,at,False,False,False,False,False,False,False
82,he/she is drinking it,,FullEventful,sk-h,,False,tha,tha,False,False,False,False,False,a,vowel_a,False,ati,False,False,False,False,False,False,False
82,he/she is drinking it,,FullEventful,sk-h,,False,vtha,vtha,False,False,False,False,False,a,vowel_a,False,ati_v,False,False,False,False,False,False,False
82,he/she is drinking it,,FullEventful,sk-h[imp2],,False,:tha,:tha,False,False,False,False,False,a,vowel_a,False,ati_:,False,False,False,False,False,False,False
82,he/she is drinking it,,FullEventful,sk-h[imp2],,False,atitha,atitha,False,False,False,False,False,a,vowel_a,False,none,False,False,False,False,False,False,False
82,he/she is drinking it,,FullEventful,sk-h[imp2],,False,itha,itha,False,False,False,False,False,a,vowel_a,False,at,False,False,False,False,False,False,False
82,he/she is drinking it,,FullEventful,sk-h[imp2],,False,tha,tha,False,False,False,False,False,a,vowel_a,False,ati,False,False,False,False,False,False,False
82,he/she is drinking it,,FullEventful,sk-h[imp2],,False,vtha,vtha,False,False,False,False,False,a,vowel_a,False,ati_v,False,False,False,False,False,False,False
85,he/she is scratching,,FullEventful,sk-s-hst,,False,atlako,atlako,False,False,False,False,False,a,vowel_a,False,none,False,False,False,False,False,False,False
85,he/she is scratching,,FullEventful,sk-s-hst,,False,lako,lako,False,False,False,False,False,a,vowel_a,False,at_pre_c,False,False,False,False,False,False,False
85,he/she is scratching,,FullEventful,sk-s-la,,False,atlako,atlako,False,False,False,False,False,a,vowel_a,False,none,False,False,False,False,False,False,False
85,he/she is scratching,,FullEventful,sk-s-la,,False,lako,lako,False,False,False,False,False,a,vowel_a,False,at_pre_c,False,False,False,False,False,False,False
87,he/she is turning off the road,,FullEventful,rev-e,,False,atl,atl,False,False,False,False,False,a,vowel_a,False,none,False,False,False,False,False,False,False
87,he/she is turning off the road,,FullEventful,rev-e,,False,l,l,False,False,False,False,False,a,vowel_a,False,at_pre_c,False,False,False,False,False,False,False
88,he/she is taking revenge against him/her,,FullEventful,apl,,False,atletsh,atletsh,False,False,False,False,False,a,vowel_a,False,none,False,False,False,False,False,True,False
88,he/she is taking revenge against him/her,,FullEventful,apl,,False,letsh,letsh,False,False,False,False,False,a,vowel_a,False,at_pre_c,False,False,False,False,False,True,False
88,he/she is taking revenge against him/her,,FullEventful,apl[imp2],,False,atletsh,atletsh,False,False,False,False,False,a,vowel_a,False,none,False,False,False,False,False,True,False
88,he/she is taking revenge against him/her,,FullEventful,apl[imp2],,False,letsh,letsh,False,False,False,False,False,a,vowel_a,False,at_pre_c,False,False,False,False,False,True,False
88,he/she is taking revenge against him/her,,FullEventful,apl[imp3],,False,atletsh,atletsh,False,False,False,False,False,a,vowel_a,False,none,False,False,False,False,False,True,False
88,he/she is taking revenge against him/her,,FullEventful,apl[imp3],,False,letsh,letsh,False,False,False,False,False,a,vowel_a,False,at_pre_c,False,False,False,False,False,True,False
92,he/she is pouring liquid into a container,,FullEventful,i-a-i,,False,tl,tl,False,False,False,False,False,a,con,False,none,False,False,False,False,False,False,False
92,he/she is pouring liquid into a container,,FullEventful,i-a-i,,False,tl,tl,False,False,False,False,False,a,con,False,none,False,False,False,False,False,True,False
94,it’s pouring into a container (refers to liquid),,FullEventful,become,become-long[i],False,atl,,False,False,False,False,False,a,vowel_a,False,none,False,False,False,False,False,False,False
94,it’s pouring into a container (refers to liquid),,FullEventful,become,become-long[i],False,atl,,False,False,True,False,False,a,vowel_a,False,none,False,False,False,False,False,False,False
94,it’s pouring into a container (refers to liquid),,FullEventful,become,become-long[i],False,atl,,False,False,False,False,False,a,vowel_a,False,none,False,False,False,False,False,True,False
94,it’s pouring into a container (refers to liquid),,FullEventful,become,become-long[i],False,atl,,False,False,True,False,False,a,vowel_a,False,none,False,False,False,False,False,True,False
94,it’s pouring into a container (refers to liquid),,FullEventful,become,,False,atli,,False,False,False,False,False,a,vowel_a,False,none,False,False,False,False,False,False,False
94,it’s pouring into a container (refers to liquid),,FullEventful,become,,False,atli,,False,False,True,False,False,a,vowel_a,False,none,False,False,False,False,False,False,False
94,it’s pouring into a container (refers to liquid),,FullEventful,become,,False,atli,,False,False,False,False,False,a,vowel_a,False,none,False,False,False,False,False,True,False
94,it’s pouring into a container (refers to liquid),,FullEventful,become,,False,atli,,False,False,True,False,False,a,vowel_a,False,none,False,False,False,False,False,True,False
94,it’s pouring into a container (refers to liquid),,FullEventful,become,become-long[i],False,l,,False,False,False,False,False,a,vowel_a,False,at_pre_c,False,False,False,False,False,False,False
94,it’s pouring into a container (refers to liquid),,FullEventful,become,become-long[i],False,l,,False,False,True,False,False,a,vowel_a,False,at_pre_c,False,False,False,False,False,False,False
94,it’s pouring into a container (refers to liquid),,FullEventful,become,become-long[i],False,l,,False,False,False,False,False,a,vowel_a,False,at_pre_c,False,False,False,False,False,True,False
94,it’s pouring into a container (refers to liquid),,FullEventful,become,become-long[i],False,l,,False,False,True,False,False,a,vowel_a,False,at_pre_c,False,False,False,False,False,True,False
94,it’s pouring into a container (refers to liquid),,FullEventful,become,,False,li,,False,False,False,False,False,a,vowel_a,False,at_pre_c,False,False,False,False,False,False,False
94,it’s pouring into a container (refers to liquid),,FullEventful,become,,False,li,,False,False,True,False,False,a,vowel_a,False,at_pre_c,False,False,False,False,False,False,False
94,it’s pouring into a container (refers to liquid),,FullEventful,become,,False,li,,False,False,False,False,False,a,vowel_a,False,at_pre_c,False,False,False,False,False,True,False
94,it’s pouring into a container (refers to liquid),,FullEventful,become,,False,li,,False,False,True,False,False,a,vowel_a,False,at_pre_c,False,False,False,False,False,True,False
94,it’s pouring into a container (refers to liquid),,FullEventful,become,become-long[i],False,tl,,False,False,False,False,False,a,con,False,none,False,False,False,False,False,False,False
94,it’s pouring into a container (refers to liquid),,FullEventful,become,become-long[i],False,tl,,False,False,True,False,False,a,con,False,none,False,False,False,False,False,False,False
94,it’s pouring into a container (refers to liquid),,FullEventful,become,become-long[i],False,tl,,False,False,False,False,False,a,con,False,none,False,False,False,False,False,True,False
94,it’s pouring into a container (refers to liquid),,FullEventful,become,become-long[i],False,tl,,False,False,True,False,False,a,con,False,none,False,False,False,False,False,True,False
94,it’s pouring into a container (refers to liquid),,FullEventful,become,,False,tli,,False,False,False,False,False,a,con,False,none,False,False,False,False,False,False,False
94,it’s pouring into a container (refers to liquid),,FullEventful,become,,False,tli,,False,False,True,False,False,a,con,False,none,False,False,False,False,False,False,False
94,it’s pouring into a container (refers to liquid),,FullEventful,become,,False,tli,,False,False,False,False,False,a,con,False,none,False,False,False,False,False,True,False
94,it’s pouring into a container (refers to liquid),,FullEventful,become,,False,tli,,False,False,True,False,False,a,con,False,none,False,False,False,False,False,True,False
94,it’s pouring into a container (refers to liquid),,FullEventful,become[inf3],become-long[i],False,atl,,False,False,False,False,False,a,vowel_a,False,none,False,False,False,False,False,False,False
94,it’s pouring into a container (refers to liquid),,FullEventful,become[inf3],become-long[i],False,atl,,False,False,True,False,False,a,vowel_a,False,none,False,False,False,False,False,False,False
94,it’s pouring into a container (refers to liquid),,FullEventful,become[inf3],become-long[i],False,atl,,False,False,False,False,False,a,vowel_a,False,none,False,False,False,False,False,True,False
94,it’s pouring into a container (refers to liquid),,FullEventful,become[inf3],become-long[i],False,atl,,False,False,True,False,False,a,vowel_a,False,none,False,False,False,False,False,True,False
94,it’s pouring into a container (refers to liquid),,FullEventful,become[inf3],,False,atli,,False,False,False,False,False,a,vowel_a,False,none,False,False,False,False,False,False,False
94,it’s pouring into a container (refers to liquid),,FullEventful,become[inf3],,False,atli,,False,False,True,False,False,a,vowel_a,False,none,False,False,False,False,False,False,False
94,it’s pouring into a container (refers to liquid),,FullEventful,become[inf3],,False,atli,,False,False,False,False,False,a,vowel_a,False,none,False,False,False,False,False,True,False
94,it’s pouring into a container (refers to liquid),,FullEventful,become[inf3],,False,atli,,False,False,True,False,False,a,vowel_a,False,none,False,False,False,False,False,True,False
94,it’s pouring into a container (refers to liquid),,FullEventful,become[inf3],become-long[i],False,l,,False,False,False,False,False,a,vowel_a,False,at_pre_c,False,False,False,False,False,False,False
94,it’s pouring into a container (refers to liquid),,FullEventful,become[inf3],become-long[i],False,l,,False,False,True,False,False,a,vowel_a,False,at_pre_c,False,False,False,False,False,False,False
94,it’s pouring into a container (refers to liquid),,FullEventful,become[inf3],become-long[i],False,l,,False,False,False,False,False,a,vowel_a,False,at_pre_c,False,False,False,False,False,True,False
94,it’s pouring into a container (refers to liquid),,FullEventful,become[inf3],become-long[i],False,l,,False,False,True,False,False,a,vowel_a,False,at_pre_c,False,False,False,False,False,True,False
94,it’s pouring into a container (refers to liquid),,FullEventful,become[inf3],,False,li,,False,False,False,False,False,a,vowel_a,False,at_pre_c,False,False,False,False,False,False,False
94,it’s pouring into a container (refers to liquid),,FullEventful,become[inf3],,False,li,,False,False,True,False,False,a,vowel_a,False,at_pre_c,False,False,False,False,False,False,False
94,it’s pouring into a container (refers to liquid),,FullEventful,become[inf3],,False,li,,False,False,False,False,False,a,vowel_a,False,at_pre_c,False,False,False,False,False,True,False
94,it’s pouring into a container (refers to liquid),,FullEventful,become[inf3],,False,li,,False,False,True,False,False,a,vowel_a,False,at_pre_c,False,False,False,False,False,True,False
94,it’s pouring into a container (refers to liquid),,FullEventful,become[inf3],become-long[i],False,tl,,False,False,False,False,False,a,con,False,none,False,False,False,False,False,False,False
94,it’s pouring into a container (refers to liquid),,FullEventful,become[inf3],become-long[i],False,tl,,False,False,True,False,False,a,con,False,none,False,False,False,False,False,False,False
94,it’s pouring into a container (refers to liquid),,FullEventful,become[inf3],become-long[i],False,tl,,False,False,False,False,False,a,con,False,none,False,False,False,False,False,True,False
94,it’s pouring into a container (refers to liquid),,FullEventful,become[inf3],become-long[i],False,tl,,False,False,True,False,False,a,con,False,none,False,False,False,False,False,True,False
94,it’s pouring into a container (refers to liquid),,FullEventful,become[inf3],,False,tli,,False,False,False,False,False,a,con,False,none,False,False,False,False,False,False,False
94,it’s pouring into a container (refers to liquid),,FullEventful,become[inf3],,False,tli,,False,False,True,False,False,a,con,False,none,False,False,False,False,False,False,False
94,it’s pouring into a container (refers to liquid),,FullEventful,become[inf3],,False,tli,,False,False,False,False,False,a,con,False,none,False,False,False,False,False,True,False
94,it’s pouring into a container (refers to liquid),,FullEventful,become[inf3],,False,tli,,False,False,True,False,False,a,con,False,none,False,False,False,False,False,True,False
95,he/she is drawing a liquid out of a container,,FullEventful,ih-vh,,False,tl,tl,False,False,False,False,False,a,con,False,none,False,False,False,False,False,False,False
95,he/she is drawing a liquid out of a container,,FullEventful,ih-vh,,False,tl,tl,False,False,False,False,False,a,con,False,none,False,False,False,False,False,True,False
95,he/she is drawing a liquid out of a container,,FullEventful,ih-vh[inf2],,False,tl,tl,False,False,False,False,False,a,con,False,none,False,False,False,False,False,False,False
95,he/she is drawing a liquid out of a container,,FullEventful,ih-vh[inf2],,False,tl,tl,False,False,False,False,False,a,con,False,none,False,False,False,False,False,True,False
96,he/she is pouring a liquid into a container,,FullEventful,cause,,False,tlihst,tlihst,False,False,False,False,False,a,con,False,none,False,False,False,False,False,False,False
96,he/she is pouring a liquid into a container,,FullEventful,cause,,False,tlihst,tlihst,False,False,False,False,False,a,con,False,none,False,False,False,False,False,True,False
96,he/she is pouring a liquid into a container,,FullEventful,cause[perf3],,False,tlihst,tlihst,False,False,False,False,False,a,con,False,none,False,False,False,False,False,False,False
96,he/she is pouring a liquid into a container,,FullEventful,cause[perf3],,False,tlihst,tlihst,False,False,False,False,False,a,con,False,none,False,False,False,False,False,True,False
96,he/she is pouring a liquid into a container,,FullEventful,cause[pres2-perf3],,False,tlihstih,tlihstih,False,False,False,False,False,a,con,False,none,False,False,False,False,False,False,False
96,he/she is pouring a liquid into a container,,FullEventful,cause[pres2-perf3],,False,tlihstih,tlihstih,False,False,False,False,False,a,con,False,none,False,False,False,False,False,True,False
96,he/she is pouring a liquid into a container,,FullEventful,cause[pres2],,False,tlihstih,tlihstih,False,False,False,False,False,a,con,False,none,False,False,False,False,False,False,False
96,he/she is pouring a liquid into a container,,FullEventful,cause[pres2],,False,tlihstih,tlihstih,False,False,False,False,False,a,con,False,none,False,False,False,False,False,True,False
98,he/she is crying,,FullEventful,hih-hil,,False,atloy,atloy,False,False,False,False,False,a,vowel_a,False,none,False,False,False,False,False,False,False
98,he/she is crying,,FullEventful,hih-hil,,False,loy,loy,False,False,False,False,False,a,vowel_a,False,at_pre_c,False,False,False,False,False,False,False
99,he/she is getting off,,FullEventful,sk-s-hi-hihst,,False,atloy,atloy,False,False,False,False,False,a,vowel_a,False,none,False,False,False,False,False,False,False
99,he/she is getting off,,FullEventful,sk-s-hi-hihst,,False,loy,loy,False,False,False,False,False,a,vowel_a,False,at_pre_c,False,False,False,False,False,False,False
100,he/she is bragging,,FullEventful,sk-s-a,,False,atlvkw,atlvkwa,False,False,False,False,False,a,vowel_a,False,none,False,False,False,False,False,False,False
100,he/she is bragging,,FullEventful,sk-s-a,,False,lvkw,lvkwa,False,False,False,False,False,a,vowel_a,False,at_pre_c,False,False,False,False,False,False,False
101,he/she is catching up with him/her,,FullEventful,sk-h,,False,atlvtha,atlvtha,False,False,False,False,False,a,vowel_a,False,none,False,False,False,False,False,True,False
101,he/she is catching up with him/her,,FullEventful,sk-h,,False,lvtha,lvtha,False,False,False,False,False,a,vowel_a,False,at_pre_c,False,False,False,False,False,True,False
101,he/she is catching up with him/her,,FullEventful,sk-h[imp2],,False,atlvtha,atlvtha,False,False,False,False,False,a,vowel_a,False,none,False,False,False,False,False,True,False
101,he/she is catching up with him/her,,FullEventful,sk-h[imp2],,False,lvtha,lvtha,False,False,False,False,False,a,vowel_a,False,at_pre_c,False,False,False,False,False,True,False
107,he/she is acting silly,,FullEventful,vnh-ih-a,,False,atvnel,atvnel,False,False,False,False,False,a,vowel_a,False,none,False,False,False,False,False,False,False
107,he/she is acting silly,,FullEventful,vnh-ih-a,,False,vnel,vnel,False,False,False,False,False,a,vowel_a,False,at,False,False,False,False,False,False,False
109,he/she is preparing it,,FullEventful,cause,,False,atvnv'ihst,atvnv'ihst,False,False,False,False,False,a,vowel_a,False,none,False,False,False,False,False,False,False
109,he/she is preparing it,,FullEventful,cause,,False,vnv'ihst,vnv'ihst,False,False,False,False,False,a,vowel_a,False,at,False,False,False,False,False,False,False
109,he/she is preparing it,,FullEventful,cause[perf3],,False,atvnv'ihst,atvnv'ihst,False,False,False,False,False,a,vowel_a,False,none,False,False,False,False,False,False,False
109,he/she is preparing it,,FullEventful,cause[perf3],,False,vnv'ihst,vnv'ihst,False,False,False,False,False,a,vowel_a,False,at,False,False,False,False,False,False,False
109,he/she is preparing it,,FullEventful,cause[pres2-perf3],,False,atvnv'ihstih,atvnv'ihstih,False,False,False,False,False,a,vowel_a,False,none,False,False,False,False,False,False,False
109,he/she is preparing it,,FullEventful,cause[pres2-perf3],,False,vnv'ihstih,vnv'ihstih,False,False,False,False,False,a,vowel_a,False,at,False,False,False,False,False,False,False
109,he/she is preparing it,,FullEventful,cause[pres2],,False,atvnv'ihstih,atvnv'ihstih,False,False,False,False,False,a,vowel_a,False,none,False,False,False,False,False,False,False
109,he/she is preparing it,,FullEventful,cause[pres2],,False,vnv'ihstih,vnv'ihstih,False,False,False,False,False,a,vowel_a,False,at,False,False,False,False,False,False,False
112,it is shining (refers to sun or moon),,FullEventful,ih-ihi,,False,akal,,False,False,False,False,False,a,vowel_a,False,none,False,False,False,False,False,False,False
112,it is shining (refers to sun or moon),,FullEventful,ih-ihi,,False,akal,,False,False,True,False,False,a,vowel_a,False,none,False,False,False,False,False,False,False
112,it is shining (refers to sun or moon),,FullEventful,ih-ihi,,False,akal,,False,False,False,False,False,a,vowel_a,False,none,False,False,False,False,False,True,False
112,it is shining (refers to sun or moon),,FullEventful,ih-ihi,,False,akal,,False,False,True,False,False,a,vowel_a,False,none,False,False,False,False,False,True,False
112,it is shining (refers to sun or moon),,FullEventful,ih-ihi,,False,kal,,False,False,False,False,False,a,con,False,none,False,False,False,False,False,False,False
112,it is shining (refers to sun or moon),,FullEventful,ih-ihi,,False,kal,,False,False,True,False,False,a,con,False,none,False,False,False,False,False,False,False
112,it is shining (refers to sun or moon),,FullEventful,ih-ihi,,False,kal,,False,False,False,False,False,a,con,False,none,False,False,False,False,False,True,False
112,it is shining (refers to sun or moon),,FullEventful,ih-ihi,,False,kal,,False,False,True,False,False,a,con,False,none,False,False,False,False,False,True,False
115,he/she is licking it,,FullEventful,i-a-i,long,False,kan,kan,False,False,False,False,False,a,con,False,none,False,False,False,False,False,False,False
115,he/she is licking it,,FullEventful,i-a-i,long,False,kan,kan,False,False,False,False,False,a,con,False,none,False,False,False,False,False,True,False
115,he/she is licking it,,FullEventful,i-a-i,long[no-a],False,kana,kana,False,False,False,False,False,a,con,False,none,False,False,False,False,False,False,False
115,he/she is licking it,,FullEventful,i-a-i,long[no-a],False,kana,kana,False,False,False,False,False,a,con,False,none,False,False,False,False,False,True,False
115,he/she is licking it,,FullEventful,i-a-i,,False,kanat,kanat,False,False,False,False,False,a,con,False,none,False,False,False,False,False,False,False
115,he/she is licking it,,FullEventful,i-a-i,,False,kanat,kanat,False,False,False,False,False,a,con,False,none,False,False,False,False,False,True,False
117,he/she is warming it,,FullEventful,cause,,False,kanawht,kanawot,False,False,False,False,False,a,con,False,none,False,False,False,False,False,False,False
117,he/she is warming it,,FullEventful,cause,,False,kanawht,kanawot,False,False,False,False,False,a,con,False,none,False,False,False,False,False,True,False
117,he/she is warming it,,FullEventful,cause[perf3],,False,kanawht,kanawot,False,False,False,False,False,a,con,False,none,False,False,False,False,False,False,False
117,he/she is warming it,,FullEventful,cause[perf3],,False,kanawht,kanawot,False,False,False,False,False,a,con,False,none,False,False,False,False,False,True,False
117,he/she is warming it,,FullEventful,cause[pres2-perf3],,False,kanawhtih,kanawotih,False,False,False,False,False,a,con,False,none,False,False,False,False,False,False,False
117,he/she is warming it,,FullEventful,cause[pres2-perf3],,False,kanawhtih,kanawotih,False,False,False,False,False,a,con,False,none,False,False,False,False,False,True,False
117,he/she is warming it,,FullEventful,cause[pres2],,False,kanawhtih,kanawotih,False,False,False,False,False,a,con,False,none,False,False,False,False,False,False,False
117,he/she is warming it,,FullEventful,cause[pres2],,False,kanawhtih,kanawotih,False,False,False,False,False,a,con,False,none,False,False,False,False,False,True,False
118,it’s getting warm,,FullEventful,sk-s-hi-hihst,,False,akanawo,,False,False,False,False,False,a,vowel_a,False,none,False,False,False,False,False,False,False
118,it’s getting warm,,FullEventful,sk-s-hi-hihst,,False,akanawo,,False,False,True,False,False,a,vowel_a,False,none,False,False,False,False,False,False,False
118,it’s getting warm,,FullEventful,sk-s-hi-hihst,,False,akanawo,,False,False,False,False,False,a,vowel_a,False,none,False,False,False,False,False,True,False
118,it’s getting warm,,FullEventful,sk-s-hi-hihst,,False,akanawo,,False,False,True,False,False,a,vowel_a,False,none,False,False,False,False,False,True,False
118,it’s getting warm,,FullEventful,sk-s-hi-hihst,,False,kanawo,,False,False,False,False,False,a,con,False,none,False,False,False,False,False,False,False
118,it’s getting warm,,FullEventful,sk-s-hi-hihst,,False,kanawo,,False,False,True,False,False,a,con,False,none,False,False,False,False,False,False,False
118,it’s getting warm,,FullEventful,sk-s-hi-hihst,,False,kanawo,,False,False,False,False,False,a,con,False,none,False,False,False,False,False,True,False
118,it’s getting warm,,FullEventful,sk-s-hi-hihst,,False,kanawo,,False,False,True,False,False,a,con,False,none,False,False,False,False,False,True,False
118,it’s getting warm,,FullEventful,sk-s-hst,,False,akanawo,,False,False,False,False,False,a,vowel_a,False,none,False,False,False,False,False,False,False
118,it’s getting warm,,FullEventful,sk-s-hst,,False,akanawo,,False,False,True,False,False,a,vowel_a,False,none,False,False,False,False,False,False,False
118,it’s getting warm,,FullEventful,sk-s-hst,,False,akanawo,,False,False,False,False,False,a,vowel_a,False,none,False,False,False,False,False,True,False
118,it’s getting warm,,FullEventful,sk-s-hst,,False,akanawo,,False,False,True,False,False,a,vowel_a,False,none,False,False,False,False,False,True,False
118,it’s getting warm,,FullEventful,sk-s-hst,,False,kanawo,,False,False,False,False,False,a,con,False,none,False,False,False,False,False,False,False
118,it’s getting warm,,FullEventful,sk-s-hst,,False,kanawo,,False,False,True,False,False,a,con,False,none,False,False,False,False,False,False,False
118,it’s getting warm,,FullEventful,sk-s-hst,,False,kanawo,,False,False,False,False,False,a,con,False,none,False,False,False,False,False,True,False
118,it’s getting warm,,FullEventful,sk-s-hst,,False,kanawo,,False,False,True,False,False,a,con,False,none,False,False,False,False,False,True,False
127,he/she is eating it (refers to a single solid food),,FullEventful,i-a-i,,False,k,k,False,False,False,False,False,a,con,False,none,False,False,False,False,False,False,False
127,he/she is eating it (refers to a single solid food),,FullEventful,i-a-i,,False,k,k,False,False,False,False,False,a,con,False,none,False,False,False,False,False,True,False
128,he/she is picking it up,,FullEventful,rev-gi,,False,,,False,False,False,False,False,a,aspirated,False,none,False,False,False,False,False,False,False
128,he/she is picking it up,,FullEventful,rev-gi,,False,,,False,False,False,False,False,a,aspirated,False,none,False,False,False,False,False,True,False
128,he/she is picking it up,,FullEventful,rev-gi,,False,,,False,False,False,False,False,a,con,False,none,False,False,False,False,False,False,False
128,he/she is picking it up,,FullEventful,rev-gi,,False,,,False,False,False,False,False,a,con,False,none,False,False,False,False,False,True,False
128,he/she is picking it up,,FullEventful,rev-gi,,False,,,False,False,False,False,False,a,glottal,False,none,False,False,False,False,False,False,False
128,he/she is picking it up,,FullEventful,rev-gi,,False,,,False,False,False,False,False,a,s_stem,False,none,False,False,False,False,False,False,False
128,he/she is picking it up,,FullEventful,rev-gi,,False,,,False,False,False,False,False,a,s_stem,False,none,False,False,False,False,False,True,False
128,he/she is picking it up,,FullEventful,rev-i,,False,k,k,False,False,False,False,False,a,con,False,none,False,False,False,False,False,False,False
128,he/she is picking it up,,FullEventful,rev-i,,False,k,k,False,False,False,False,False,a,con,False,none,False,False,False,False,False,True,False
130,he/she is in agony,,FullEventful,become,become-long[o],False,kilhiy,kiliy,False,False,False,False,False,a,con,False,none,False,False,False,False,False,False,False
130,he/she is in agony,,FullEventful,become,become-long[o],False,kilhiy,kiliy,False,False,False,False,False,a,con,False,none,False,False,False,False,False,True,False
130,he/she is in agony,,FullEventful,become,,False,kilhiyo,kiliyo,False,False,False,False,False,a,con,False,none,False,False,False,False,False,False,False
130,he/she is in agony,,FullEventful,become,,False,kilhiyo,kiliyo,False,False,False,False,False,a,con,False,none,False,False,False,False,False,True,False
133,he/she is chewing it,,FullEventful,o,,False,kihst,kihst,False,False,False,False,False,a,con,False,none,False,False,False,False,False,False,False
133,he/she is chewing it,,FullEventful,o,,False,kihst,kihst,False,False,False,False,False,a,con,False,none,False,False,False,False,False,True,False
135,he/she is burning him/her,,FullEventful,cause,,False,akohvhst,akohvhst,False,False,False,False,False,a,vowel_a,False,none,False,False,False,False,False,True,False
135,he/she is burning him/her,,FullEventful,cause[perf3],,False,akohvhst,akohvhst,False,False,False,False,False,a,vowel_a,False,none,False,False,False,False,False,True,False
135,he/she is burning him/her,,FullEventful,cause[pres2-perf3],,False,akohvhstih,akohvhstih,False,False,False,False,False,a,vowel_a,False,none,False,False,False,False,False,True,False
135,he/she is burning him/her,,FullEventful,cause[pres2],,False,akohvhstih,akohvhstih,False,False,False,False,False,a,vowel_a,False,none,False,False,False,False,False,True,False
136,it’s burning,,FullEventful,sk-h,,False,akohv,akohv,False,False,False,False,False,a,vowel_a,False,none,False,False,False,False,False,False,False
136,it’s burning,,FullEventful,sk-h[imp2],,False,akohv,akohv,False,False,False,False,False,a,vowel_a,False,none,False,False,False,False,False,False,False
136,it’s burning,,FullEventful,terminative,,False,ak,ak,False,False,False,False,False,a,vowel_a,False,none,False,False,False,False,False,False,False
136,it’s burning,,FullEventful,terminative-no-o,,False,ako,ako,False,False,False,False,False,a,vowel_a,False,none,False,False,False,False,False,False,False
138,he/she is reading,,FullEventful,e-a,,False,koliy,koliy,False,False,False,False,False,a,con,False,none,False,False,False,False,False,False,False
138,he/she is reading,,FullEventful,e-a,,False,koliy,koliy,False,False,False,False,False,a,con,False,none,False,False,False,False,False,True,False
140,he/she is target practicing,,FullEventful,ih-vh,,False,akon,akon,False,False,False,False,False,a,vowel_a,False,none,False,False,False,False,False,False,False
145,he/she is showing it to him/her,,FullEventful,cause,,False,kowhthvht,kowhthvht,False,False,False,False,False,a,con,False,none,False,False,False,False,False,False,False
145,he/she is showing it to him/her,,FullEventful,cause,,False,kowhthvht,kowhthvht,False,False,False,False,False,a,con,False,none,False,False,False,False,False,True,False
145,he/she is showing it to him/her,,FullEventful,cause[perf3],,False,kowhthvht,kowhthvht,False,False,False,False,False,a,con,False,none,False,False,False,False,False,False,False
145,he/she is showing it to him/her,,FullEventful,cause[perf3],,False,kowhthvht,kowhthvht,False,False,False,False,False,a,con,False,none,False,False,False,False,False,True,False
145,he/she is showing it to him/her,,FullEventful,cause[pres2-perf3],,False,kowhthvhtih,kowhthvhtih,False,False,False,False,False,a,con,False,none,False,False,False,False,False,False,False
145,he/she is showing it to him/her,,FullEventful,cause[pres2-perf3],,False,kowhthvhtih,kowhthvhtih,False,False,False,False,False,a,con,False,none,False,False,False,False,False,True,False
145,he/she is showing it to him/her,,FullEventful,cause[pres2],,False,kowhthvhtih,kowhthvhtih,False,False,False,False,False,a,con,False,none,False,False,False,False,False,False,False
145,he/she is showing it to him/her,,FullEventful,cause[pres2],,False,kowhthvhtih,kowhthvhtih,False,False,False,False,False,a,con,False,none,False,False,False,False,False,True,False
148,he/she is cutting it,,FullEventful,ih-vh,,False,kvhal,kv'al,False,False,False,False,False,a,con,False,none,False,False,False,False,False,False,False
149,he/she is chopping it up,,FullEventful,sk-h,,False,kvhaluy,kv'aluy,False,False,False,False,False,a,con,False,none,False,False,False,False,False,False,False
149,he/she is chopping it up,,FullEventful,sk-h[imp2],,False,kvhaluy,kv'aluy,False,False,False,False,False,a,con,False,none,False,False,False,False,False,False,False
152,he/she is scolding him/her,,FullEventful,vsk,,False,kvhskol,kvhskol,False,False,False,False,False,a,con,False,none,False,False,False,False,False,False,False
152,he/she is scolding him/her,,FullEventful,vsk,,False,kvhskol,kvhskol,False,False,False,False,False,a,con,False,none,False,False,False,False,False,True,False
152,he/she is scolding him/her,,FullEventful,vsk[imp2],,False,kvhskol,kvhskol,False,False,False,False,False,a,con,False,none,False,False,False,False,False,False,False
152,he/she is scolding him/her,,FullEventful,vsk[imp2],,False,kvhskol,kvhskol,False,False,False,False,False,a,con,False,none,False,False,False,False,False,True,False
153,he/she is washing his face,,FullEventful,o,,False,akvhskw,akvhskw,False,False,False,False,False,a,vowel_a,False,none,False,False,False,False,False,False,False
155,he/she is diverting him/her,,FullEventful,rev-gi,,False,halu,'alu,False,False,False,False,False,a,con,False,none,False,False,False,False,False,True,False
155,he/she is diverting him/her,,FullEventful,rev-i,,False,haluk,'aluk,False,False,False,False,False,a,con,False,none,False,False,False,False,False,True,False
158,he/she is smothering him/her,,FullEventful,cause,,False,hawohst,'awohst,False,False,False,False,False,a,con,False,none,False,False,False,False,False,True,False
158,he/she is smothering him/her,,FullEventful,cause[perf3],,False,hawohst,'awohst,False,False,False,False,False,a,con,False,none,False,False,False,False,False,True,False
158,he/she is smothering him/her,,FullEventful,cause[pres2-perf3],,False,hawohstih,'awohstih,False,False,False,False,False,a,con,False,none,False,False,False,False,False,True,False
158,he/she is smothering him/her,,FullEventful,cause[pres2],,False,hawohstih,'awohstih,False,False,False,False,False,a,con,False,none,False,False,False,False,False,True,False
160,he/she is handling it,,FullEventful,be-at,be-at,False,h,',False,False,False,False,False,a,con,False,none,False,False,False,False,False,False,False
160,he/she is handling it,,FullEventful,be-at,,False,hit,'it,False,False,False,False,False,a,con,False,none,False,False,False,False,False,False,False
161,he/she is killing him/her,,FullEventful,hih-lh,,False,,,False,False,False,False,False,a,aspirated,False,none,False,False,False,False,False,False,False
161,he/she is killing him/her,,FullEventful,hih-lh,,False,,,False,False,False,False,False,a,aspirated,False,none,False,False,False,False,False,True,False
161,he/she is killing him/her,,FullEventful,hih-lh,,False,,,False,False,False,False,False,a,con,False,none,False,False,False,False,False,False,False
161,he/she is killing him/her,,FullEventful,hih-lh,,False,,,False,False,False,False,False,a,con,False,none,False,False,False,False,False,True,False
161,he/she is killing him/her,,FullEventful,hih-lh,,False,,,False,False,False,False,False,a,glottal,False,none,False,False,False,False,False,False,False
161,he/she is killing him/her,,FullEventful,hih-lh,,False,,,False,False,False,False,False,a,s_stem,False,none,False,False,False,False,False,False,False
161,he/she is killing him/her,,FullEventful,hih-lh,,False,,,False,False,False,False,False,a,s_stem,False,none,False,False,False,False,False,True,False
165,he/she is leaving it behind,,FullEventful,a,leaving,False,h,',False,False,False,False,False,a,con,False,none,False,False,False,False,False,False,False
165,he/she is leaving it behind,,FullEventful,a,,False,hiy,'iy,False,False,False,False,False,a,con,False,none,False,False,False,False,False,False,False
166,he/she is placing it on something,,FullEventful,hvsk-nh[inf4],,False,lha,lha,False,False,False,False,False,a,aspirated,False,none,False,False,False,False,False,False,False
166,he/she is placing it on something,,FullEventful,hvsk-nh[inf4],,False,lha,lha,False,False,False,False,False,a,aspirated,False,none,False,False,False,False,False,True,False
166,he/she is placing it on something,,FullEventful,hvsk-nh[inf4],,False,lha,lha,False,False,False,False,False,a,con,False,none,False,False,False,False,False,False,False
166,he/she is placing it on something,,FullEventful,hvsk-nh[inf4],,False,lha,lha,False,False,False,False,False,a,con,False,none,False,False,False,False,False,True,False
167,he/she is taking off flying,,FullEventful,ih-vh,,False,alhawit,atlawit,False,False,False,False,False,a,vowel_a,False,none,False,False,False,False,False,False,False
169,he/she is making him/her fly,,FullEventful,cause[perf3],,False,alhawitht,atlawitht,False,False,False,False,False,a,vowel_a,False,none,False,False,False,False,False,True,False
169,he/she is making him/her fly,,FullEventful,cause[pres2-perf3],,False,alhawithtih,atlawithtih,False,False,False,False,False,a,vowel_a,False,none,False,False,False,False,False,True,False
171,he/she is having a nightmare,,FullEventful,rev-gi,,False,alhi,atli,False,False,False,False,False,a,vowel_a,False,none,False,False,False,False,False,False,False
171,he/she is having a nightmare,,FullEventful,rev-i,,False,alhik,atlik,False,False,False,False,False,a,vowel_a,False,none,False,False,False,False,False,False,False
172,it’s taking time,,FullEventful,be-at,be-at,False,'hil,,False,False,False,False,False,a,vowel_a,False,ali,True,False,False,False,False,False,False
172,it’s taking time,,FullEventful,be-at,be-at,False,'hil,,False,False,True,False,False,a,vowel_a,False,ali,True,False,False,False,False,False,False
172,it’s taking time,,FullEventful,be-at,be-at,False,'hil,,False,False,False,False,False,a,vowel_a,False,ali,True,False,False,False,False,True,False
172,it’s taking time,,FullEventful,be-at,be-at,False,'hil,,False,False,True,False,False,a,vowel_a,False,ali,True,False,False,False,False,True,False
172,it’s taking time,,FullEventful,be-at,,False,'hilit,,False,False,False,False,False,a,vowel_a,False,ali,True,False,False,False,False,False,False
172,it’s taking time,,FullEventful,be-at,,False,'hilit,,False,False,True,False,False,a,vowel_a,False,ali,True,False,False,False,False,False,False
172,it’s taking time,,FullEventful,be-at,,False,'hilit,,False,False,False,False,False,a,vowel_a,False,ali,True,False,False,False,False,True,False
172,it’s taking time,,FullEventful,be-at,,False,'hilit,,False,False,True,False,False,a,vowel_a,False,ali,True,False,False,False,False,True,False
172,it’s taking time,,FullEventful,be-at,be-at,False,alhi'il,,False,False,False,False,False,a,vowel_a,False,none,False,False,False,False,False,False,False
172,it’s taking time,,FullEventful,be-at,be-at,False,alhi'il,,False,False,True,False,False,a,vowel_a,False,none,False,False,False,False,False,False,False
172,it’s taking time,,FullEventful,be-at,be-at,False,alhi'il,,False,False,False,False,False,a,vowel_a,False,none,False,False,False,False,False,True,False
172,it’s taking time,,FullEventful,be-at,be-at,False,alhi'il,,False,False,True,False,False,a,vowel_a,False,none,False,False,False,False,False,True,False
172,it’s taking time,,FullEventful,be-at,,False,alhi'ilit,,False,False,False,False,False,a,vowel_a,False,none,False,False,False,False,False,False,False
172,it’s taking time,,FullEventful,be-at,,False,alhi'ilit,,False,False,True,False,False,a,vowel_a,False,none,False,False,False,False,False,False,False
172,it’s taking time,,FullEventful,be-at,,False,alhi'ilit,,False,False,False,False,False,a,vowel_a,False,none,False,False,False,False,False,True,False
172,it’s taking time,,FullEventful,be-at,,False,alhi'ilit,,False,False,True,False,False,a,vowel_a,False,none,False,False,False,False,False,True,False
172,it’s taking time,,FullEventful,be-at,be-at,False,hi'il,,False,False,False,False,False,a,vowel_a,False,al_ali,False,False,False,False,False,False,False
172,it’s taking time,,FullEventful,be-at,be-at,False,hi'il,,False,False,True,False,False,a,vowel_a,False,al_ali,False,False,False,False,False,False,False
172,it’s taking time,,FullEventful,be-at,be-at,False,hi'il,,False,False,False,False,False,a,vowel_a,False,al_ali,False,False,False,False,False,True,False
172,it’s taking time,,FullEventful,be-at,be-at,False,hi'il,,False,False,True,False,False,a,vowel_a,False,al_ali,False,False,False,False,False,True,False
172,it’s taking time,,FullEventful,be-at,,False,hi'ilit,,False,False,False,False,False,a,vowel_a,False,al_ali,False,False,False,False,False,False,False
172,it’s taking time,,FullEventful,be-at,,False,hi'ilit,,False,False,True,False,False,a,vowel_a,False,al_ali,False,False,False,False,False,False,False
172,it’s taking time,,FullEventful,be-at,,False,hi'ilit,,False,False,False,False,False,a,vowel_a,False,al_ali,False,False,False,False,False,True,False
172,it’s taking time,,FullEventful,be-at,,False,hi'ilit,,False,False,True,False,False,a,vowel_a,False,al_ali,False,False,False,False,False,True,False
172,it’s taking time,,FullEventful,be-at,be-at,False,lhi'il,,False,False,False,False,False,a,aspirated,False,none,False,False,False,False,False,False,False
172,it’s taking time,,FullEventful,be-at,be-at,False,lhi'il,,False,False,True,False,False,a,aspirated,False,none,False,False,False,False,False,False,False
172,it’s taking time,,FullEventful,be-at,be-at,False,lhi'il,,False,False,False,False,False,a,aspirated,False,none,False,False,False,False,False,True,False
172,it’s taking time,,FullEventful,be-at,be-at,False,lhi'il,,False,False,True,False,False,a,aspirated,False,none,False,False,False,False,False,True,False
172,it’s taking time,,FullEventful,be-at,be-at,False,lhi'il,,False,False,False,False,False,a,con,False,none,False,False,False,False,False,False,False
172,it’s taking time,,FullEventful,be-at,be-at,False,lhi'il,,False,False,True,False,False,a,con,False,none,False,False,False,False,False,False,False
172,it’s taking time,,FullEventful,be-at,be-at,False,lhi'il,,False,False,False,False,False,a,con,False,none,False,False,False,False,False,True,False
172,it’s taking time,,FullEventful,be-at,be-at,False,lhi'il,,False,False,True,False,False,a,con,False,none,False,False,False,False,False,True,False
172,it’s taking time,,FullEventful,be-at,,False,lhi'ilit,,False,False,False,False,False,a,aspirated,False,none,False,False,False,False,False,False,False
172,it’s taking time,,FullEventful,be-at,,False,lhi'ilit,,False,False,True,False,False,a,aspirated,False,none,False,False,False,False,False,False,False
172,it’s taking time,,FullEventful,be-at,,False,lhi'ilit,,False,False,False,False,False,a,aspirated,False,none,False,False,False,False,False,True,False
172,it’s taking time,,FullEventful,be-at,,False,lhi'ilit,,False,False,True,False,False,a,aspirated,False,none,False,False,False,False,False,True,False
172,it’s taking time,,FullEventful,be-at,,False,lhi'ilit,,False,False,False,False,False,a,con,False,none,False,False,False,False,False,False,False
172,it’s taking time,,FullEventful,be-at,,False,lhi'ilit,,False,False,True,False,False,a,con,False,none,False,False,False,False,False,False,False
172,it’s taking time,,FullEventful,be-at,,False,lhi'ilit,,False,False,False,False,False,a,con,False,none,False,False,False,False,False,True,False
172,it’s taking time,,FullEventful,be-at,,False,lhi'ilit,,False,False,True,False,False,a,con,False,none,False,False,False,False,False,True,False
172,it’s taking time,,FullEventful,oh-ol[inf2],,False,'hilit,,False,False,False,False,False,a,vowel_a,False,ali,True,False,False,False,False,False,False
172,it’s taking time,,FullEventful,oh-ol[inf2],,False,'hilit,,False,False,True,False,False,a,vowel_a,False,ali,True,False,False,False,False,False,False
172,it’s taking time,,FullEventful,oh-ol[inf2],,False,'hilit,,False,False,False,False,False,a,vowel_a,False,ali,True,False,False,False,False,True,False
172,it’s taking time,,FullEventful,oh-ol[inf2],,False,'hilit,,False,False,True,False,False,a,vowel_a,False,ali,True,False,False,False,False,True,False
172,it’s taking time,,FullEventful,oh-ol[inf2],,False,alhi'ilit,,False,False,False,False,False,a,vowel_a,False,none,False,False,False,False,False,False,False
172,it’s taking time,,FullEventful,oh-ol[inf2],,False,alhi'ilit,,False,False,True,False,False,a,vowel_a,False,none,False,False,False,False,False,False,False
172,it’s taking time,,FullEventful,oh-ol[inf2],,False,alhi'ilit,,False,False,False,False,False,a,vowel_a,False,none,False,False,False,False,False,True,False
172,it’s taking time,,FullEventful,oh-ol[inf2],,False,alhi'ilit,,False,False,True,False,False,a,vowel_a,False,none,False,False,False,False,False,True,False
172,it’s taking time,,FullEventful,oh-ol[inf2],,False,hi'ilit,,False,False,False,False,False,a,vowel_a,False,al_ali,False,False,False,False,False,False,False
172,it’s taking time,,FullEventful,oh-ol[inf2],,False,hi'ilit,,False,False,True,False,False,a,vowel_a,False,al_ali,False,False,False,False,False,False,False
172,it’s taking time,,FullEventful,oh-ol[inf2],,False,hi'ilit,,False,False,False,False,False,a,vowel_a,False,al_ali,False,False,False,False,False,True,False
172,it’s taking time,,FullEventful,oh-ol[inf2],,False,hi'ilit,,False,False,True,False,False,a,vowel_a,False,al_ali,False,False,False,False,False,True,False
172,it’s taking time,,FullEventful,oh-ol[inf2],,False,lhi'ilit,,False,False,False,False,False,a,aspirated,False,none,False,False,False,False,False,False,False
172,it’s taking time,,FullEventful,oh-ol[inf2],,False,lhi'ilit,,False,False,True,False,False,a,aspirated,False,none,False,False,False,False,False,False,False
172,it’s taking time,,FullEventful,oh-ol[inf2],,False,lhi'ilit,,False,False,False,False,False,a,aspirated,False,none,False,False,False,False,False,True,False
172,it’s taking time,,FullEventful,oh-ol[inf2],,False,lhi'ilit,,False,False,True,False,False,a,aspirated,False,none,False,False,False,False,False,True,False
172,it’s taking time,,FullEventful,oh-ol[inf2],,False,lhi'ilit,,False,False,False,False,False,a,con,False,none,False,False,False,False,False,False,False
172,it’s taking time,,FullEventful,oh-ol[inf2],,False,lhi'ilit,,False,False,True,False,False,a,con,False,none,False,False,False,False,False,False,False
172,it’s taking time,,FullEventful,oh-ol[inf2],,False,lhi'ilit,,False,False,False,False,False,a,con,False,none,False,False,False,False,False,True,False
172,it’s taking time,,FullEventful,oh-ol[inf2],,False,lhi'ilit,,False,False,True,False,False,a,con,False,none,False,False,False,False,False,True,False
172,it’s taking time,,FullEventful,oh-ol[inf3],,False,'hilit,,False,False,False,False,False,a,vowel_a,False,ali,True,False,False,False,False,False,False
172,it’s taking time,,FullEventful,oh-ol[inf3],,False,'hilit,,False,False,True,False,False,a,vowel_a,False,ali,True,False,False,False,False,False,False
172,it’s taking time,,FullEventful,oh-ol[inf3],,False,'hilit,,False,False,False,False,False,a,vowel_a,False,ali,True,False,False,False,False,True,False
172,it’s taking time,,FullEventful,oh-ol[inf3],,False,'hilit,,False,False,True,False,False,a,vowel_a,False,ali,True,False,False,False,False,True,False
172,it’s taking time,,FullEventful,oh-ol[inf3],,False,alhi'ilit,,False,False,False,False,False,a,vowel_a,False,none,False,False,False,False,False,False,False
172,it’s taking time,,FullEventful,oh-ol[inf3],,False,alhi'ilit,,False,False,True,False,False,a,vowel_a,False,none,False,False,False,False,False,False,False
172,it’s taking time,,FullEventful,oh-ol[inf3],,False,alhi'ilit,,False,False,False,False,False,a,vowel_a,False,none,False,False,False,False,False,True,False
172,it’s taking time,,FullEventful,oh-ol[inf3],,False,alhi'ilit,,False,False,True,False,False,a,vowel_a,False,none,False,False,False,False,False,True,False
172,it’s taking time,,FullEventful,oh-ol[inf3],,False,hi'ilit,,False,False,False,False,False,a,vowel_a,False,al_ali,False,False,False,False,False,False,False
172,it’s taking time,,FullEventful,oh-ol[inf3],,False,hi'ilit,,False,False,True,False,False,a,vowel_a,False,al_ali,False,False,False,False,False,False,False
172,it’s taking time,,FullEventful,oh-ol[inf3],,False,hi'ilit,,False,False,False,False,False,a,vowel_a,False,al_ali,False,False,False,False,False,True,False
172,it’s taking time,,FullEventful,oh-ol[inf3],,False,hi'ilit,,False,False,True,False,False,a,vowel_a,False,al_ali,False,False,False,False,False,True,False
172,it’s taking time,,FullEventful,oh-ol[inf3],,False,lhi'ilit,,False,False,False,False,False,a,aspirated,False,none,False,False,False,False,False,False,False
172,it’s taking time,,FullEventful,oh-ol[inf3],,False,lhi'ilit,,False,False,True,False,False,a,aspirated,False,none,False,False,False,False,False,False,False
172,it’s taking time,,FullEventful,oh-ol[inf3],,False,lhi'ilit,,False,False,False,False,False,a,aspirated,False,none,False,False,False,False,False,True,False
172,it’s taking time,,FullEventful,oh-ol[inf3],,False,lhi'ilit,,False,False,True,False,False,a,aspirated,False,none,False,False,False,False,False,True,False
172,it’s taking time,,FullEventful,oh-ol[inf3],,False,lhi'ilit,,False,False,False,False,False,a,con,False,none,False,False,False,False,False,False,False
172,it’s taking time,,FullEventful,oh-ol[inf3],,False,lhi'ilit,,False,False,True,False,False,a,con,False,none,False,False,False,False,False,False,False
172,it’s taking time,,FullEventful,oh-ol[inf3],,False,lhi'ilit,,False,False,False,False,False,a,con,False,none,False,False,False,False,False,True,False
172,it’s taking time,,FullEventful,oh-ol[inf3],,False,lhi'ilit,,False,False,True,False,False,a,con,False,none,False,False,False,False,False,True,False
173,he/she is measuring it,,FullEventful,o,repetitive,False,alh,atl,False,False,False,False,False,a,vowel_a,False,none,False,False,False,False,False,False,False
173,he/she is measuring it,,FullEventful,o,,False,alhil,atlil,False,False,False,False,False,a,vowel_a,False,none,False,False,False,False,False,False,False
175,it’s bending,,FullEventful,vsk,,False,alhiyvhkwit,,False,False,False,False,False,a,vowel_a,False,none,False,False,False,False,False,False,False
175,it’s bending,,FullEventful,vsk,,False,alhiyvhkwit,,False,False,True,False,False,a,vowel_a,False,none,False,False,False,False,False,False,False
175,it’s bending,,FullEventful,vsk,,False,alhiyvhkwit,,False,False,False,False,False,a,vowel_a,False,none,False,False,False,False,False,True,False
175,it’s bending,,FullEventful,vsk,,False,alhiyvhkwit,,False,False,True,False,False,a,vowel_a,False,none,False,False,False,False,False,True,False
175,it’s bending,,FullEventful,vsk,,False,hiyvhkwit,,False,False,False,False,False,a,vowel_a,False,al_ali,False,False,False,False,False,False,False
175,it’s bending,,FullEventful,vsk,,False,hiyvhkwit,,False,False,True,False,False,a,vowel_a,False,al_ali,False,False,False,False,False,False,False
175,it’s bending,,FullEventful,vsk,,False,hiyvhkwit,,False,False,False,False,False,a,vowel_a,False,al_ali,False,False,False,False,False,True,False
175,it’s bending,,FullEventful,vsk,,False,hiyvhkwit,,False,False,True,False,False,a,vowel_a,False,al_ali,False,False,False,False,False,True,False
175,it’s bending,,FullEventful,vsk,,False,lhiyvhkwit,,False,False,False,False,False,a,aspirated,False,none,False,False,False,False,False,False,False
175,it’s bending,,FullEventful,vsk,,False,lhiyvhkwit,,False,False,True,False,False,a,aspirated,False,none,False,False,False,False,False,False,False
175,it’s bending,,FullEventful,vsk,,False,lhiyvhkwit,,False,False,False,False,False,a,aspirated,False,none,False,False,False,False,False,True,False
175,it’s bending,,FullEventful,vsk,,False,lhiyvhkwit,,False,False,True,False,False,a,aspirated,False,none,False,False,False,False,False,True,False
175,it’s bending,,FullEventful,vsk,,False,lhiyvhkwit,,False,False,False,False,False,a,con,False,none,False,False,False,False,False,False,False
175,it’s bending,,FullEventful,vsk,,False,lhiyvhkwit,,False,False,True,False,False,a,con,False,none,False,False,False,False,False,False,False
175,it’s bending,,FullEventful,vsk,,False,lhiyvhkwit,,False,False,False,False,False,a,con,False,none,False,False,False,False,False,True,False
175,it’s bending,,FullEventful,vsk,,False,lhiyvhkwit,,False,False,True,False,False,a,con,False,none,False,False,False,False,False,True,False
175,it’s bending,,FullEventful,vsk,,False,yhvhkwit,,False,False,False,False,False,a,vowel_a,False,ali,True,False,False,False,False,False,False
175,it’s bending,,FullEventful,vsk,,False,yhvhkwit,,False,False,True,False,False,a,vowel_a,False,ali,True,False,False,False,False,False,False
175,it’s bending,,FullEventful,vsk,,False,yhvhkwit,,False,False,False,False,False,a,vowel_a,False,ali,True,False,False,False,False,True,False
175,it’s bending,,FullEventful,vsk,,False,yhvhkwit,,False,False,True,False,False,a,vowel_a,False,ali,True,False,False,False,False,True,False
176,he/she is snorting,,FullEventful,cause,,False,alhiyvhsanawhst,aliyvhsanawhst,False,False,False,False,False,a,vowel_a,False,none,False,False,False,False,False,False,False
176,he/she is snorting,,FullEventful,cause,,False,yhvhsanawhst,yvhsanawhst,False,False,False,False,False,a,vowel_a,False,ali,True,False,False,False,False,False,False
176,he/she is snorting,,FullEventful,cause[perf3],,False,alhiyvhsanawhst,aliyvhsanawhst,False,False,False,False,False,a,vowel_a,False,none,False,False,False,False,False,False,False
176,he/she is snorting,,FullEventful,cause[perf3],,False,yhvhsanawhst,yvhsanawhst,False,False,False,False,False,a,vowel_a,False,ali,True,False,False,False,False,False,False
176,he/she is snorting,,FullEventful,cause[pres2-perf3],,False,alhiyvhsanawhstih,aliyvhsanawhstih,False,False,False,False,False,a,vowel_a,False,none,False,False,False,False,False,False,False
176,he/she is snorting,,FullEventful,cause[pres2-perf3],,False,yhvhsanawhstih,yvhsanawhstih,False,False,False,False,False,a,vowel_a,False,ali,True,False,False,False,False,False,False
176,he/she is snorting,,FullEventful,cause[pres2],,False,alhiyvhsanawhstih,aliyvhsanawhstih,False,False,False,False,False,a,vowel_a,False,none,False,False,False,False,False,False,False
176,he/she is snorting,,FullEventful,cause[pres2],,False,yhvhsanawhstih,yvhsanawhstih,False,False,False,False,False,a,vowel_a,False,ali,True,False,False,False,False,False,False
177,he/she is preaching,,FullEventful,hvsk-nh[inf2],,False,alhtsato,alitsato,False,False,False,False,False,a,vowel_a,False,none,False,False,False,False,False,False,False
177,he/she is preaching,,FullEventful,hvsk-nh[inf2],,False,htsato,tsato,False,False,False,False,False,a,vowel_a,False,al_ali,False,False,False,False,False,False,False
179,it’s shattering,,FullEventful,sk-h[imp2],,False,alhkhotv,,False,False,False,False,False,a,vowel_a,False,none,False,False,False,False,False,False,False
179,it’s shattering,,FullEventful,sk-h[imp2],,False,alhkhotv,,False,False,True,False,False,a,vowel_a,False,none,False,False,False,False,False,False,False
179,it’s shattering,,FullEventful,sk-h[imp2],,False,alhkhotv,,False,False,False,False,False,a,vowel_a,False,none,False,False,False,False,False,True,False
179,it’s shattering,,FullEventful,sk-h[imp2],,False,alhkhotv,,False,False,True,False,False,a,vowel_a,False,none,False,False,False,False,False,True,False
179,it’s shattering,,FullEventful,sk-h[imp2],,False,hkhotv,,False,False,False,False,False,a,vowel_a,False,al_ali,False,False,False,False,False,False,False
179,it’s shattering,,FullEventful,sk-h[imp2],,False,hkhotv,,False,False,True,False,False,a,vowel_a,False,al_ali,False,False,False,False,False,False,False
179,it’s shattering,,FullEventful,sk-h[imp2],,False,hkhotv,,False,False,False,False,False,a,vowel_a,False,al_ali,False,False,False,False,False,True,False
179,it’s shattering,,FullEventful,sk-h[imp2],,False,hkhotv,,False,False,True,False,False,a,vowel_a,False,al_ali,False,False,False,False,False,True,False
179,it’s shattering,,FullEventful,sk-h[imp2],,False,lhkhotv,,False,False,False,False,False,a,aspirated,False,none,False,False,False,False,False,False,False
179,it’s shattering,,FullEventful,sk-h[imp2],,False,lhkhotv,,False,False,True,False,False,a,aspirated,False,none,False,False,False,False,False,False,False
179,it’s shattering,,FullEventful,sk-h[imp2],,False,lhkhotv,,False,False,False,False,False,a,aspirated,False,none,False,False,False,False,False,True,False
179,it’s shattering,,FullEventful,sk-h[imp2],,False,lhkhotv,,False,False,True,False,False,a,aspirated,False,none,False,False,False,False,False,True,False
179,it’s shattering,,FullEventful,sk-h[imp2],,False,lhkhotv,,False,False,False,False,False,a,con,False,none,False,False,False,False,False,False,False
179,it’s shattering,,FullEventful,sk-h[imp2],,False,lhkhotv,,False,False,True,False,False,a,con,False,none,False,False,False,False,False,False,False
179,it’s shattering,,FullEventful,sk-h[imp2],,False,lhkhotv,,False,False,False,False,False,a,con,False,none,False,False,False,False,False,True,False
179,it’s shattering,,FullEventful,sk-h[imp2],,False,lhkhotv,,False,False,True,False,False,a,con,False,none,False,False,False,False,False,True,False
179,it’s shattering,,FullEventful,vnh-vsk,,False,alhkhot,,False,False,False,False,False,a,vowel_a,False,none,False,False,False,False,False,False,False
179,it’s shattering,,FullEventful,vnh-vsk,,False,alhkhot,,False,False,True,False,False,a,vowel_a,False,none,False,False,False,False,False,False,False
179,it’s shattering,,FullEventful,vnh-vsk,,False,alhkhot,,False,False,False,False,False,a,vowel_a,False,none,False,False,False,False,False,True,False
179,it’s shattering,,FullEventful,vnh-vsk,,False,alhkhot,,False,False,True,False,False,a,vowel_a,False,none,False,False,False,False,False,True,False
179,it’s shattering,,FullEventful,vnh-vsk,,False,hkhot,,False,False,False,False,False,a,vowel_a,False,al_ali,False,False,False,False,False,False,False
179,it’s shattering,,FullEventful,vnh-vsk,,False,hkhot,,False,False,True,False,False,a,vowel_a,False,al_ali,False,False,False,False,False,False,False
179,it’s shattering,,FullEventful,vnh-vsk,,False,hkhot,,False,False,False,False,False,a,vowel_a,False,al_ali,False,False,False,False,False,True,False
179,it’s shattering,,FullEventful,vnh-vsk,,False,hkhot,,False,False,True,False,False,a,vowel_a,False,al_ali,False,False,False,False,False,True,False
179,it’s shattering,,FullEventful,vnh-vsk,,False,lhkhot,,False,False,False,False,False,a,aspirated,False,none,False,False,False,False,False,False,False
179,it’s shattering,,FullEventful,vnh-vsk,,False,lhkhot,,False,False,True,False,False,a,aspirated,False,none,False,False,False,False,False,False,False
179,it’s shattering,,FullEventful,vnh-vsk,,False,lhkhot,,False,False,False,False,False,a,aspirated,False,none,False,False,False,False,False,True,False
179,it’s shattering,,FullEventful,vnh-vsk,,False,lhkhot,,False,False,True,False,False,a,aspirated,False,none,False,False,False,False,False,True,False
179,it’s shattering,,FullEventful,vnh-vsk,,False,lhkhot,,False,False,False,False,False,a,con,False,none,False,False,False,False,False,False,False
179,it’s shattering,,FullEventful,vnh-vsk,,False,lhkhot,,False,False,True,False,False,a,con,False,none,False,False,False,False,False,False,False
179,it’s shattering,,FullEventful,vnh-vsk,,False,lhkhot,,False,False,False,False,False,a,con,False,none,False,False,False,False,False,True,False
179,it’s shattering,,FullEventful,vnh-vsk,,False,lhkhot,,False,False,True,False,False,a,con,False,none,False,False,False,False,False,True,False
180,he/she is shattering it,,FullEventful,cause,,False,alhkhotht,alikhotht,False,False,False,False,False,a,vowel_a,False,none,False,False,False,False,False,False,False
180,he/she is shattering it,,FullEventful,cause,,False,hkhotht,khotht,False,False,False,False,False,a,vowel_a,False,al_ali,False,False,False,False,False,False,False
180,he/she is shattering it,,FullEventful,cause[perf3],,False,alhkhotht,alikhotht,False,False,False,False,False,a,vowel_a,False,none,False,False,False,False,False,False,False
180,he/she is shattering it,,FullEventful,cause[perf3],,False,hkhotht,khotht,False,False,False,False,False,a,vowel_a,False,al_ali,False,False,False,False,False,False,False
180,he/she is shattering it,,FullEventful,cause[pres2-perf3],,False,alhkhothtih,alikhothtih,False,False,False,False,False,a,vowel_a,False,none,False,False,False,False,False,False,False
180,he/she is shattering it,,FullEventful,cause[pres2-perf3],,False,hkhothtih,khothtih,False,False,False,False,False,a,vowel_a,False,al_ali,False,False,False,False,False,False,False
180,he/she is shattering it,,FullEventful,cause[pres2],,False,alhkhothtih,alikhothtih,False,False,False,False,False,a,vowel_a,False,none,False,False,False,False,False,False,False
180,he/she is shattering it,,FullEventful,cause[pres2],,False,hkhothtih,khothtih,False,False,False,False,False,a,vowel_a,False,al_ali,False,False,False,False,False,False,False
182,he/she is beating him/her at a game,,FullEventful,sk-s-hi-hihst,,False,lho,lho,False,False,False,False,False,a,aspirated,False,none,False,False,False,False,False,False,False
182,he/she is beating him/her at a game,,FullEventful,sk-s-hi-hihst,,False,lho,lho,False,False,False,False,False,a,aspirated,False,none,False,False,False,False,False,True,False
182,he/she is beating him/her at a game,,FullEventful,sk-s-hi-hihst,,False,lho,lho,False,False,False,False,False,a,con,False,none,False,False,False,False,False,False,False
182,he/she is beating him/her at a game,,FullEventful,sk-s-hi-hihst,,False,lho,lho,False,False,False,False,False,a,con,False,none,False,False,False,False,False,True,False
182,he/she is beating him/her at a game,,FullEventful,sk-s-hst,,False,lho,lho,False,False,False,False,False,a,aspirated,False,none,False,False,False,False,False,False,False
182,he/she is beating him/her at a game,,FullEventful,sk-s-hst,,False,lho,lho,False,False,False,False,False,a,aspirated,False,none,False,False,False,False,False,True,False
182,he/she is beating him/her at a game,,FullEventful,sk-s-hst,,False,lho,lho,False,False,False,False,False,a,con,False,none,False,False,False,False,False,False,False
182,he/she is beating him/her at a game,,FullEventful,sk-s-hst,,False,lho,lho,False,False,False,False,False,a,con,False,none,False,False,False,False,False,True,False
182,he/she is beating him/her at a game,,FullEventful,sk-s-hst[imp2],,False,lho,lho,False,False,False,False,False,a,aspirated,False,none,False,False,False,False,False,False,False
182,he/she is beating him/her at a game,,FullEventful,sk-s-hst[imp2],,False,lho,lho,False,False,False,False,False,a,aspirated,False,none,False,False,False,False,False,True,False
182,he/she is beating him/her at a game,,FullEventful,sk-s-hst[imp2],,False,lho,lho,False,False,False,False,False,a,con,False,none,False,False,False,False,False,False,False
182,he/she is beating him/her at a game,,FullEventful,sk-s-hst[imp2],,False,lho,lho,False,False,False,False,False,a,con,False,none,False,False,False,False,False,True,False
183,he/she is combing his/her hair,,FullEventful,o,,False,alhthaw,alithaw,False,False,False,False,False,a,vowel_a,False,none,False,False,False,False,False,False,False
183,he/she is combing his/her hair,,FullEventful,o,,False,hthaw,thaw,False,False,False,False,False,a,vowel_a,False,al_ali,False,False,False,False,False,False,False
185,he/she is moving (without changing location),,FullEventful,episodic,,False,alhthel,alithel,False,False,False,False,False,a,vowel_a,False,none,False,False,False,False,False,False,False
185,he/she is moving (without changing location),,FullEventful,episodic,,False,hthel,thel,False,False,False,False,False,a,vowel_a,False,al_ali,False,False,False,False,False,False,False
185,he/she is moving (without changing location),,FullEventful,hvsk-nh[inf2],,False,alhthelv,alithelv,False,False,False,False,False,a,vowel_a,False,none,False,False,False,False,False,False,False
185,he/she is moving (without changing location),,FullEventful,hvsk-nh[inf2],,False,hthelv,thelv,False,False,False,False,False,a,vowel_a,False,al_ali,False,False,False,False,False,False,False
186,he/she is changing his/her shirt,,FullEventful,v-vhs,change-out[flexible],False,anhaw,aniw,False,False,False,False,False,a,vowel_a,False,none,False,False,False,False,False,False,False
186,he/she is changing his/her shirt,,FullEventful,v-vhs,change-out,False,anhawa',aniwa',False,False,False,False,False,a,vowel_a,False,none,False,False,False,False,False,False,False
186,he/she is changing his/her shirt,,FullEventful,v-vhs,,False,anhawa'iy,aniwa'iy,False,False,False,False,False,a,vowel_a,False,none,False,False,False,False,False,False,False
187,he/she is taking his/her shirt off,,FullEventful,rev-e,,False,anhaw,aniw,False,False,False,False,False,a,vowel_a,False,none,False,False,False,False,False,False,False
189,he/she is putting on a shirt,,FullEventful,o,,False,anhaw,aniw,False,False,False,False,False,a,vowel_a,False,none,False,False,False,False,False,False,False
191,he/she is wrestling,,FullEventful,hih-lh,,False,anhe,anhe,False,False,False,False,False,a,vowel_a,False,none,False,False,False,False,False,False,False
192,he/she is interpreting it,,FullEventful,cause,,False,anhelht,anelht,False,False,False,False,False,a,vowel_a,False,none,False,False,False,False,False,False,False
192,he/she is interpreting it,,FullEventful,cause[perf3],,False,anhelht,anelht,False,False,False,False,False,a,vowel_a,False,none,False,False,False,False,False,False,False
192,he/she is interpreting it,,FullEventful,cause[pres2-perf3],,False,anhelhtih,anelhtih,False,False,False,False,False,a,vowel_a,False,none,False,False,False,False,False,False,False
192,he/she is interpreting it,,FullEventful,cause[pres2],,False,anhelhtih,anelhtih,False,False,False,False,False,a,vowel_a,False,none,False,False,False,False,False,False,False
195,he/she is building a house,,FullEventful,apl-active,,False,anhehsk,anehsk,False,False,False,False,False,a,vowel_a,False,none,False,False,False,False,False,False,False
195,he/she is building a house,,FullEventful,apl-active-a,,False,anhehsk,anehsk,False,False,False,False,False,a,vowel_a,False,none,False,False,False,False,False,False,False
196,he/she is leaving,,FullEventful,rev-gi,,False,anhi,ani,False,False,False,False,False,a,vowel_a,False,none,False,False,False,False,False,False,False
196,he/she is leaving,,FullEventful,rev-i,,False,anhik,anik,False,False,False,False,False,a,vowel_a,False,none,False,False,False,False,False,False,False
197,he/she is starting it,,FullEventful,cause,,False,anhikihst,anikihst,False,False,False,False,False,a,vowel_a,False,none,False,False,False,False,False,False,False
197,he/she is starting it,,FullEventful,cause[perf3],,False,anhikihst,anikihst,False,False,False,False,False,a,vowel_a,False,none,False,False,False,False,False,False,False
197,he/she is starting it,,FullEventful,cause[pres2-perf3],,False,anhikihstih,anikihstih,False,False,False,False,False,a,vowel_a,False,none,False,False,False,False,False,False,False
197,he/she is starting it,,FullEventful,cause[pres2],,False,anhikihstih,anikihstih,False,False,False,False,False,a,vowel_a,False,none,False,False,False,False,False,False,False
198,he/she is carrying it on his/her shoulder (refers to a long object),,FullEventful,go,in,False,anholh,anolh,False,False,False,False,False,a,vowel_a,False,none,False,False,False,False,False,False,False
198,he/she is carrying it on his/her shoulder (refers to a long object),,FullEventful,go,,False,anholhin,anolhin,False,False,False,False,False,a,vowel_a,False,none,False,False,False,False,False,False,False
198,he/she is carrying it on his/her shoulder (refers to a long object),,FullEventful,go[pres2],,False,anholhinek,anolhinek,False,False,False,False,False,a,vowel_a,False,none,False,False,False,False,False,False,False
200,he/she is putting it in liquid (refers to a long object),,FullEventful,i-a-i,long[no-a],False,hu,'u,False,False,False,False,False,a,con,False,none,False,False,False,False,False,False,False
200,he/she is putting it in liquid (refers to a long object),,FullEventful,i-a-i,,False,hut,'ut,False,False,False,False,False,a,con,False,none,False,False,False,False,False,False,False
204,he/she is hitting him/her on the mouth,,FullEventful,ih-il,hitting[il],False,hul,'ul,False,False,False,False,False,a,con,False,none,False,False,False,False,False,True,False
204,he/she is hitting him/her on the mouth,,FullEventful,ih-il,,False,hulvn,'ulvn,False,False,False,False,False,a,con,False,none,False,False,False,False,False,True,False
205,he/she is moving it from one place to another,,FullEventful,v-vhs,,False,h,',False,False,False,False,False,a,con,False,none,False,False,False,False,False,False,False
206,he/she is setting it down,,FullEventful,hvsk-nh,,False,,,False,False,False,False,False,a,aspirated,False,none,False,False,False,False,False,False,False
206,he/she is setting it down,,FullEventful,hvsk-nh,,False,,,False,False,False,False,False,a,aspirated,False,none,False,False,False,False,False,True,False
206,he/she is setting it down,,FullEventful,hvsk-nh,,False,,,False,False,False,False,False,a,con,False,none,False,False,False,False,False,False,False
206,he/she is setting it down,,FullEventful,hvsk-nh,,False,,,False,False,False,False,False,a,con,False,none,False,False,False,False,False,True,False
206,he/she is setting it down,,FullEventful,hvsk-nh,,False,,,False,False,False,False,False,a,glottal,False,none,False,False,False,False,False,False,False
206,he/she is setting it down,,FullEventful,hvsk-nh,,False,,,False,False,False,False,False,a,s_stem,False,none,False,False,False,False,False,False,False
206,he/she is setting it down,,FullEventful,hvsk-nh,,False,,,False,False,False,False,False,a,s_stem,False,none,False,False,False,False,False,True,False
206,he/she is setting it down,,FullEventful,hvsk-nh[inf2],,False,,,False,False,False,False,False,a,aspirated,False,none,False,False,False,False,False,False,False
206,he/she is setting it down,,FullEventful,hvsk-nh[inf2],,False,,,False,False,False,False,False,a,aspirated,False,none,False,False,False,False,False,True,False
206,he/she is setting it down,,FullEventful,hvsk-nh[inf2],,False,,,False,False,False,False,False,a,con,False,none,False,False,False,False,False,False,False
206,he/she is setting it down,,FullEventful,hvsk-nh[inf2],,False,,,False,False,False,False,False,a,con,False,none,False,False,False,False,False,True,False
206,he/she is setting it down,,FullEventful,hvsk-nh[inf2],,False,,,False,False,False,False,False,a,glottal,False,none,False,False,False,False,False,False,False
206,he/she is setting it down,,FullEventful,hvsk-nh[inf2],,False,,,False,False,False,False,False,a,s_stem,False,none,False,False,False,False,False,False,False
206,he/she is setting it down,,FullEventful,hvsk-nh[inf2],,False,,,False,False,False,False,False,a,s_stem,False,none,False,False,False,False,False,True,False
207,he/she is finding him/her,,FullEventful,ih-vh,,False,whahth,wahth,False,False,False,False,False,a,aspirated,False,none,False,False,False,False,False,True,False
207,he/she is finding him/her,,FullEventful,ih-vh,,False,whahth,wahth,False,False,False,False,False,a,con,False,none,False,False,False,False,False,True,False
207,he/she is finding him/her,,FullEventful,ih-vh[inf2],,False,whahth,wahth,False,False,False,False,False,a,aspirated,False,none,False,False,False,False,False,True,False
207,he/she is finding him/her,,FullEventful,ih-vh[inf2],,False,whahth,wahth,False,False,False,False,False,a,con,False,none,False,False,False,False,False,True,False
208,he/she is visiting him/her,,FullEventful,be-at,be-at,False,whahthvh,wahthvh,False,False,False,False,False,a,aspirated,False,none,False,False,False,False,False,True,False
208,he/she is visiting him/her,,FullEventful,be-at,be-at,False,whahthvh,wahthvh,False,False,False,False,False,a,con,False,none,False,False,False,False,False,True,False
208,he/she is visiting him/her,,FullEventful,be-at,,False,whahthvhit,wahthvhit,False,False,False,False,False,a,aspirated,False,none,False,False,False,False,False,True,False
208,he/she is visiting him/her,,FullEventful,be-at,,False,whahthvhit,wahthvhit,False,False,False,False,False,a,con,False,none,False,False,False,False,False,True,False
210,he/she is planting it,,FullEventful,sk-s-hi-hihst,,False,whi,wi,False,False,False,False,False,a,aspirated,False,none,False,False,False,False,False,False,False
210,he/she is planting it,,FullEventful,sk-s-hi-hihst,,False,whi,wi,False,False,False,False,False,a,aspirated,False,none,False,False,False,False,False,True,False
210,he/she is planting it,,FullEventful,sk-s-hi-hihst,,False,whi,wi,False,False,False,False,False,a,con,False,none,False,False,False,False,False,False,False
210,he/she is planting it,,FullEventful,sk-s-hi-hihst,,False,whi,wi,False,False,False,False,False,a,con,False,none,False,False,False,False,False,True,False
210,he/she is planting it,,FullEventful,sk-s-hst,,False,whi,wi,False,False,False,False,False,a,aspirated,False,none,False,False,False,False,False,False,False
210,he/she is planting it,,FullEventful,sk-s-hst,,False,whi,wi,False,False,False,False,False,a,con,False,none,False,False,False,False,False,False,False
214,it’s becoming frosty (refers to the ground),,FullEventful,episodic,,False,ayhahth,,False,False,False,False,False,a,vowel_a,False,none,False,False,False,False,False,False,False
214,it’s becoming frosty (refers to the ground),,FullEventful,episodic,,False,ayhahth,,False,False,True,False,False,a,vowel_a,False,none,False,False,False,False,False,False,False
214,it’s becoming frosty (refers to the ground),,FullEventful,episodic,,False,ayhahth,,False,False,False,False,False,a,vowel_a,False,none,False,False,False,False,False,True,False
214,it’s becoming frosty (refers to the ground),,FullEventful,episodic,,False,ayhahth,,False,False,True,False,False,a,vowel_a,False,none,False,False,False,False,False,True,False
214,it’s becoming frosty (refers to the ground),,FullEventful,episodic,,False,yhahth,,False,False,False,False,False,a,aspirated,False,none,False,False,False,False,False,False,False
214,it’s becoming frosty (refers to the ground),,FullEventful,episodic,,False,yhahth,,False,False,True,False,False,a,aspirated,False,none,False,False,False,False,False,False,False
214,it’s becoming frosty (refers to the ground),,FullEventful,episodic,,False,yhahth,,False,False,False,False,False,a,aspirated,False,none,False,False,False,False,False,True,False
214,it’s becoming frosty (refers to the ground),,FullEventful,episodic,,False,yhahth,,False,False,True,False,False,a,aspirated,False,none,False,False,False,False,False,True,False
214,it’s becoming frosty (refers to the ground),,FullEventful,episodic,,False,yhahth,,False,False,False,False,False,a,con,False,none,False,False,False,False,False,False,False
214,it’s becoming frosty (refers to the ground),,FullEventful,episodic,,False,yhahth,,False,False,True,False,False,a,con,False,none,False,False,False,False,False,False,False
214,it’s becoming frosty (refers to the ground),,FullEventful,episodic,,False,yhahth,,False,False,False,False,False,a,con,False,none,False,False,False,False,False,True,False
214,it’s becoming frosty (refers to the ground),,FullEventful,episodic,,False,yhahth,,False,False,True,False,False,a,con,False,none,False,False,False,False,False,True,False
214,it’s becoming frosty (refers to the ground),,FullEventful,hvsk-nh[inf2],,False,ayhahthv,,False,False,False,False,False,a,vowel_a,False,none,False,False,False,False,False,False,False
214,it’s becoming frosty (refers to the ground),,FullEventful,hvsk-nh[inf2],,False,ayhahthv,,False,False,True,False,False,a,vowel_a,False,none,False,False,False,False,False,False,False
214,it’s becoming frosty (refers to the ground),,FullEventful,hvsk-nh[inf2],,False,ayhahthv,,False,False,False,False,False,a,vowel_a,False,none,False,False,False,False,False,True,False
214,it’s becoming frosty (refers to the ground),,FullEventful,hvsk-nh[inf2],,False,ayhahthv,,False,False,True,False,False,a,vowel_a,False,none,False,False,False,False,False,True,False
214,it’s becoming frosty (refers to the ground),,FullEventful,hvsk-nh[inf2],,False,yhahthv,,False,False,False,False,False,a,aspirated,False,none,False,False,False,False,False,False,False
214,it’s becoming frosty (refers to the ground),,FullEventful,hvsk-nh[inf2],,False,yhahthv,,False,False,True,False,False,a,aspirated,False,none,False,False,False,False,False,False,False
214,it’s becoming frosty (refers to the ground),,FullEventful,hvsk-nh[inf2],,False,yhahthv,,False,False,False,False,False,a,aspirated,False,none,False,False,False,False,False,True,False
214,it’s becoming frosty (refers to the ground),,FullEventful,hvsk-nh[inf2],,False,yhahthv,,False,False,True,False,False,a,aspirated,False,none,False,False,False,False,False,True,False
214,it’s becoming frosty (refers to the ground),,FullEventful,hvsk-nh[inf2],,False,yhahthv,,False,False,False,False,False,a,con,False,none,False,False,False,False,False,False,False
214,it’s becoming frosty (refers to the ground),,FullEventful,hvsk-nh[inf2],,False,yhahthv,,False,False,True,False,False,a,con,False,none,False,False,False,False,False,False,False
214,it’s becoming frosty (refers to the ground),,FullEventful,hvsk-nh[inf2],,False,yhahthv,,False,False,False,False,False,a,con,False,none,False,False,False,False,False,True,False
214,it’s becoming frosty (refers to the ground),,FullEventful,hvsk-nh[inf2],,False,yhahthv,,False,False,True,False,False,a,con,False,none,False,False,False,False,False,True,False
214,it’s becoming frosty (refers to the ground),,FullEventful,vnh-vsk,,False,ayhahthvh,,False,False,False,False,False,a,vowel_a,False,none,False,False,False,False,False,False,False
214,it’s becoming frosty (refers to the ground),,FullEventful,vnh-vsk,,False,ayhahthvh,,False,False,True,False,False,a,vowel_a,False,none,False,False,False,False,False,False,False
214,it’s becoming frosty (refers to the ground),,FullEventful,vnh-vsk,,False,ayhahthvh,,False,False,False,False,False,a,vowel_a,False,none,False,False,False,False,False,True,False
214,it’s becoming frosty (refers to the ground),,FullEventful,vnh-vsk,,False,ayhahthvh,,False,False,True,False,False,a,vowel_a,False,none,False,False,False,False,False,True,False
214,it’s becoming frosty (refers to the ground),,FullEventful,vnh-vsk,,False,yhahthvh,,False,False,False,False,False,a,aspirated,False,none,False,False,False,False,False,False,False
214,it’s becoming frosty (refers to the ground),,FullEventful,vnh-vsk,,False,yhahthvh,,False,False,True,False,False,a,aspirated,False,none,False,False,False,False,False,False,False
214,it’s becoming frosty (refers to the ground),,FullEventful,vnh-vsk,,False,yhahthvh,,False,False,False,False,False,a,aspirated,False,none,False,False,False,False,False,True,False
214,it’s becoming frosty (refers to the ground),,FullEventful,vnh-vsk,,False,yhahthvh,,False,False,True,False,False,a,aspirated,False,none,False,False,False,False,False,True,False
214,it’s becoming frosty (refers to the ground),,FullEventful,vnh-vsk,,False,yhahthvh,,False,False,False,False,False,a,con,False,none,False,False,False,False,False,False,False
214,it’s becoming frosty (refers to the ground),,FullEventful,vnh-vsk,,False,yhahthvh,,False,False,True,False,False,a,con,False,none,False,False,False,False,False,False,False
214,it’s becoming frosty (refers to the ground),,FullEventful,vnh-vsk,,False,yhahthvh,,False,False,False,False,False,a,con,False,none,False,False,False,False,False,True,False
214,it’s becoming frosty (refers to the ground),,FullEventful,vnh-vsk,,False,yhahthvh,,False,False,True,False,False,a,con,False,none,False,False,False,False,False,True,False
215,he/she is calling him/her,,FullEventful,ih-vh,,False,yhan,yan,False,False,False,False,False,a,aspirated,False,none,False,False,False,False,False,True,False
215,he/she is calling him/her,,FullEventful,ih-vh,,False,yhan,yan,False,False,False,False,False,a,con,False,none,False,False,False,False,False,True,False
216,he/she is taking it somewhere by hand,,FullEventful,go,,False,yh,y,False,False,False,False,False,a,aspirated,False,none,False,False,False,False,False,False,False
216,he/she is taking it somewhere by hand,,FullEventful,go,,False,yh,y,False,False,False,False,False,a,aspirated,False,none,False,False,False,False,False,True,False
216,he/she is taking it somewhere by hand,,FullEventful,go,,False,yh,y,False,False,False,False,False,a,con,False,none,False,False,False,False,False,False,False
216,he/she is taking it somewhere by hand,,FullEventful,go,,False,yh,y,False,False,False,False,False,a,con,False,none,False,False,False,False,False,True,False
216,he/she is taking it somewhere by hand,,FullEventful,go[pres2],,False,yhek,yek,False,False,False,False,False,a,aspirated,False,none,False,False,False,False,False,False,False
216,he/she is taking it somewhere by hand,,FullEventful,go[pres2],,False,yhek,yek,False,False,False,False,False,a,con,False,none,False,False,False,False,False,False,False
217,he/she is holding it in his/her hand,,FullEventful,stative,,True,:yheh,:yeh,True,False,False,False,False,a,long,False,none,False,False,False,False,False,False,False
217,he/she is holding it in his/her hand,,FullEventful,stative,,True,:yheh,:yeh,True,False,True,False,False,a,long,False,none,False,False,False,False,False,False,False
217,he/she is holding it in his/her hand,,FullEventful,stative,,True,yheh,yeh,True,False,False,False,False,a,aspirated,False,none,False,False,False,False,False,False,False
217,he/she is holding it in his/her hand,,FullEventful,stative,,True,yheh,yeh,True,False,True,False,False,a,aspirated,False,none,False,False,False,False,False,False,False
217,he/she is holding it in his/her hand,,FullEventful,stative,,True,yheh,yeh,True,False,False,False,False,a,aspirated,False,none,False,False,False,False,False,True,False
217,he/she is holding it in his/her hand,,FullEventful,stative,,True,yheh,yeh,True,False,True,False,False,a,aspirated,False,none,False,False,False,False,False,True,False
217,he/she is holding it in his/her hand,,FullEventful,stative,,True,yheh,yeh,True,False,False,False,False,a,con,False,none,False,False,False,False,False,False,False
217,he/she is holding it in his/her hand,,FullEventful,stative,,True,yheh,yeh,True,False,True,False,False,a,con,False,none,False,False,False,False,False,False,False
217,he/she is holding it in his/her hand,,FullEventful,stative,,True,yheh,yeh,True,False,False,False,False,a,con,False,none,False,False,False,False,False,True,False
217,he/she is holding it in his/her hand,,FullEventful,stative,,True,yheh,yeh,True,False,True,False,False,a,con,False,none,False,False,False,False,False,True,False
217,he/she is holding it in his/her hand,,FullEventful,stative-eh,,True,:yh,:y,True,False,False,False,False,a,long,False,none,False,False,False,False,False,False,False
217,he/she is holding it in his/her hand,,FullEventful,stative-eh,,True,:yh,:y,True,False,True,False,False,a,long,False,none,False,False,False,False,False,False,False
217,he/she is holding it in his/her hand,,FullEventful,stative-eh,,True,yh,y,True,False,False,False,False,a,aspirated,False,none,False,False,False,False,False,False,False
217,he/she is holding it in his/her hand,,FullEventful,stative-eh,,True,yh,y,True,False,True,False,False,a,aspirated,False,none,False,False,False,False,False,False,False
217,he/she is holding it in his/her hand,,FullEventful,stative-eh,,True,yh,y,True,False,False,False,False,a,aspirated,False,none,False,False,False,False,False,True,False
217,he/she is holding it in his/her hand,,FullEventful,stative-eh,,True,yh,y,True,False,True,False,False,a,aspirated,False,none,False,False,False,False,False,True,False
217,he/she is holding it in his/her hand,,FullEventful,stative-eh,,True,yh,y,True,False,False,False,False,a,con,False,none,False,False,False,False,False,False,False
217,he/she is holding it in his/her hand,,FullEventful,stative-eh,,True,yh,y,True,False,True,False,False,a,con,False,none,False,False,False,False,False,False,False
217,he/she is holding it in his/her hand,,FullEventful,stative-eh,,True,yh,y,True,False,False,False,False,a,con,False,none,False,False,False,False,False,True,False
217,he/she is holding it in his/her hand,,FullEventful,stative-eh,,True,yh,y,True,False,True,False,False,a,con,False,none,False,False,False,False,False,True,False
217,he/she is holding it in his/her hand,,FullEventful,stative-h,,True,:yhe,:ye,True,False,False,False,False,a,long,False,none,False,False,False,False,False,False,False
217,he/she is holding it in his/her hand,,FullEventful,stative-h,,True,:yhe,:ye,True,False,True,False,False,a,long,False,none,False,False,False,False,False,False,False
217,he/she is holding it in his/her hand,,FullEventful,stative-h,,True,yhe,ye,True,False,False,False,False,a,aspirated,False,none,False,False,False,False,False,False,False
217,he/she is holding it in his/her hand,,FullEventful,stative-h,,True,yhe,ye,True,False,True,False,False,a,aspirated,False,none,False,False,False,False,False,False,False
217,he/she is holding it in his/her hand,,FullEventful,stative-h,,True,yhe,ye,True,False,False,False,False,a,aspirated,False,none,False,False,False,False,False,True,False
217,he/she is holding it in his/her hand,,FullEventful,stative-h,,True,yhe,ye,True,False,True,False,False,a,aspirated,False,none,False,False,False,False,False,True,False
217,he/she is holding it in his/her hand,,FullEventful,stative-h,,True,yhe,ye,True,False,False,False,False,a,con,False,none,False,False,False,False,False,False,False
217,he/she is holding it in his/her hand,,FullEventful,stative-h,,True,yhe,ye,True,False,True,False,False,a,con,False,none,False,False,False,False,False,False,False
217,he/she is holding it in his/her hand,,FullEventful,stative-h,,True,yhe,ye,True,False,False,False,False,a,con,False,none,False,False,False,False,False,True,False
217,he/she is holding it in his/her hand,,FullEventful,stative-h,,True,yhe,ye,True,False,True,False,False,a,con,False,none,False,False,False,False,False,True,False
218,he/she is quilting it,,FullEventful,hvsk-han,,False,yhehkal,yehkal,False,False,False,False,False,a,aspirated,False,none,False,False,False,False,False,False,False
218,he/she is quilting it,,FullEventful,hvsk-han,,False,yhehkal,yehkal,False,False,False,False,False,a,con,False,none,False,False,False,False,False,False,False
219,he/she is making an incision,,FullEventful,oh-al,,False,yhel,yel,False,False,False,False,False,a,aspirated,False,none,False,False,False,False,False,True,False
219,he/she is making an incision,,FullEventful,oh-al,,False,yhel,yel,False,False,False,False,False,a,con,False,none,False,False,False,False,False,True,False
219,he/she is making an incision,,FullEventful,oh-al[imp2],,False,yhel,yel,False,False,False,False,False,a,aspirated,False,none,False,False,False,False,False,True,False
219,he/she is making an incision,,FullEventful,oh-al[imp2],,False,yhel,yel,False,False,False,False,False,a,con,False,none,False,False,False,False,False,True,False
220,he/she is imitating him/her,,FullEventful,i-a-i,,False,yhel,yel,False,False,False,False,False,a,aspirated,False,none,False,False,False,False,False,True,False
220,he/she is imitating him/her,,FullEventful,i-a-i,,False,yhel,yel,False,False,False,False,False,a,con,False,none,False,False,False,False,False,True,False
220,he/she is imitating him/her,,FullEventful,i-a-i[perf2],,False,yhel,yel,False,False,False,False,False,a,aspirated,False,none,False,False,False,False,False,True,False
220,he/she is imitating him/her,,FullEventful,i-a-i[perf2],,False,yhel,yel,False,False,False,False,False,a,con,False,none,False,False,False,False,False,True,False
222,he/she is looking for him/her,,FullEventful,oh-al,,False,y,y,False,False,False,False,False,a,con,False,none,False,False,False,False,False,False,False
222,he/she is looking for him/her,,FullEventful,oh-al,,False,y,y,False,False,False,False,False,a,con,False,none,False,False,False,False,False,True,False
223,he/she is swimming (refers to propelling oneself through the water),,FullEventful,go,in,False,ayhu',ayu',False,False,False,False,False,a,vowel_a,False,none,False,False,False,False,False,False,False
223,he/she is swimming (refers to propelling oneself through the water),,FullEventful,go,,False,ayhu'in,ayu'in,False,False,False,False,False,a,vowel_a,False,none,False,False,False,False,False,False,False
223,he/she is swimming (refers to propelling oneself through the water),,FullEventful,go[pres2],,False,ayhu'inek,ayu'inek,False,False,False,False,False,a,vowel_a,False,none,False,False,False,False,False,False,False
224,it’s thundering,,FullEventful,o,,False,ayhvtakwal,,False,False,False,False,False,a,vowel_a,False,none,False,False,False,False,False,False,False
224,it’s thundering,,FullEventful,o,,False,ayhvtakwal,,False,False,True,False,False,a,vowel_a,False,none,False,False,False,False,False,False,False
224,it’s thundering,,FullEventful,o,,False,ayhvtakwal,,False,False,False,False,False,a,vowel_a,False,none,False,False,False,False,False,True,False
224,it’s thundering,,FullEventful,o,,False,ayhvtakwal,,False,False,True,False,False,a,vowel_a,False,none,False,False,False,False,False,True,False
224,it’s thundering,,FullEventful,o,,False,yhvtakwal,,False,False,False,False,False,a,aspirated,False,none,False,False,False,False,False,False,False
224,it’s thundering,,FullEventful,o,,False,yhvtakwal,,False,False,True,False,False,a,aspirated,False,none,False,False,False,False,False,False,False
224,it’s thundering,,FullEventful,o,,False,yhvtakwal,,False,False,False,False,False,a,aspirated,False,none,False,False,False,False,False,True,False
224,it’s thundering,,FullEventful,o,,False,yhvtakwal,,False,False,True,False,False,a,aspirated,False,none,False,False,False,False,False,True,False
224,it’s thundering,,FullEventful,o,,False,yhvtakwal,,False,False,False,False,False,a,con,False,none,False,False,False,False,False,False,False
224,it’s thundering,,FullEventful,o,,False,yhvtakwal,,False,False,True,False,False,a,con,False,none,False,False,False,False,False,False,False
224,it’s thundering,,FullEventful,o,,False,yhvtakwal,,False,False,False,False,False,a,con,False,none,False,False,False,False,False,True,False
224,it’s thundering,,FullEventful,o,,False,yhvtakwal,,False,False,True,False,False,a,con,False,none,False,False,False,False,False,True,False
228,he/she is bending it,,FullEventful,vsk,,False,yhvhkwit,yvhkwit,False,False,False,False,False,a,aspirated,False,none,False,False,False,False,False,False,False
228,he/she is bending it,,FullEventful,vsk,,False,yhvhkwit,yvhkwit,False,False,False,False,False,a,con,False,none,False,False,False,False,False,False,False
228,he/she is bending it,,FullEventful,vsk[imp2],,False,yhvhkwit,yvhkwit,False,False,False,False,False,a,aspirated,False,none,False,False,False,False,False,False,False
228,he/she is bending it,,FullEventful,vsk[imp2],,False,yhvhkwit,yvhkwit,False,False,False,False,False,a,con,False,none,False,False,False,False,False,False,False
232,he/she is capturing him/her,,FullEventful,i-a-i,long[no-a],False,yhvkhi,yvkhi,False,False,False,False,False,a,aspirated,False,none,False,False,False,False,False,True,False
232,he/she is capturing him/her,,FullEventful,i-a-i,long[no-a],False,yhvkhi,yvkhi,False,False,False,False,False,a,con,False,none,False,False,False,False,False,True,False
232,he/she is capturing him/her,,FullEventful,i-a-i,,False,yhvkhit,yvkhit,False,False,False,False,False,a,aspirated,False,none,False,False,False,False,False,True,False
232,he/she is capturing him/her,,FullEventful,i-a-i,,False,yhvkhit,yvkhit,False,False,False,False,False,a,con,False,none,False,False,False,False,False,True,False
233,he/she is hitting him/her on the nose,,FullEventful,hvsk-nh,hit-on[t],False,yhvhs,yvhs,False,False,False,False,False,a,aspirated,False,none,False,False,False,False,False,True,False
233,he/she is hitting him/her on the nose,,FullEventful,hvsk-nh,hit-on[t],False,yhvhs,yvhs,False,False,False,False,False,a,con,False,none,False,False,False,False,False,True,False
233,he/she is hitting him/her on the nose,,FullEventful,hvsk-nh,hit-on[no-t],False,yhvhst,yvhst,False,False,False,False,False,a,aspirated,False,none,False,False,False,False,False,True,False
233,he/she is hitting him/her on the nose,,FullEventful,hvsk-nh,hit-on[no-t],False,yhvhst,yvhst,False,False,False,False,False,a,con,False,none,False,False,False,False,False,True,False
233,he/she is hitting him/her on the nose,,FullEventful,hvsk-nh,,False,yhvhstelu,yvhstelu,False,False,False,False,False,a,aspirated,False,none,False,False,False,False,False,True,False
233,he/she is hitting him/her on the nose,,FullEventful,hvsk-nh,,False,yhvhstelu,yvhstelu,False,False,False,False,False,a,con,False,none,False,False,False,False,False,True,False
233,he/she is hitting him/her on the nose,,FullEventful,hvsk-nh[inf2],,False,yhvhstelu,yvhstelu,False,False,False,False,False,a,aspirated,False,none,False,False,False,False,False,True,False
233,he/she is hitting him/her on the nose,,FullEventful,hvsk-nh[inf2],,False,yhvhstelu,yvhstelu,False,False,False,False,False,a,con,False,none,False,False,False,False,False,True,False
234,he/she is choking him/her,,FullEventful,ih-vh,,False,yhvhskiy,yvhskiy,False,False,False,False,False,a,aspirated,False,none,False,False,False,False,False,True,False
234,he/she is choking him/her,,FullEventful,ih-vh,,False,yhvhskiy,yvhskiy,False,False,False,False,False,a,con,False,none,False,False,False,False,False,True,False
235,he/she is walking,,FullEventful,stative,,True,a',a',True,False,False,False,False,a,vowel_a,False,none,False,False,False,False,False,False,False
235,he/she is walking,,FullEventful,stative,,True,a',a',True,False,True,False,False,a,vowel_a,False,none,False,False,False,False,False,False,False
238,it’s hatching,,FullEventful,rev-'i,,False,atsa,atsa,False,False,False,False,False,a,vowel_a,False,none,False,False,False,False,False,False,False
238,it’s hatching,,FullEventful,rev-i,,False,atsa',atsa',False,False,False,False,False,a,vowel_a,False,none,False,False,False,False,False,False,False
239,he/she is dressing up,,FullEventful,vnh-vsk,,False,atsan,atsan,False,False,False,False,False,a,vowel_a,False,none,False,False,False,False,False,False,False
239,he/she is dressing up,,FullEventful,vnh-vsk[inf2],,False,atsan,atsan,False,False,False,False,False,a,vowel_a,False,none,False,False,False,False,False,False,False
240,he/she is getting in (in a car‚ box‚ etc),,FullEventful,vsk-post-v,,False,atsa,atsa,False,False,False,False,False,a,vowel_a,False,none,False,False,False,False,False,False,False
242,he/she is acting like him/her,,FullEventful,vnh-vsk,,False,atsel,atsel,False,False,False,False,False,a,vowel_a,False,none,False,False,False,False,False,False,False
250,it’s blooming,,FullEventful,vnh-vsk,,False,atsil,,False,False,False,False,False,a,vowel_a,False,none,False,False,False,False,False,False,False
250,it’s blooming,,FullEventful,vnh-vsk,,False,atsil,,False,False,True,False,False,a,vowel_a,False,none,False,False,False,False,False,False,False
250,it’s blooming,,FullEventful,vnh-vsk,,False,atsil,,False,False,False,False,False,a,vowel_a,False,none,False,False,False,False,False,True,False
250,it’s blooming,,FullEventful,vnh-vsk,,False,atsil,,False,False,True,False,False,a,vowel_a,False,none,False,False,False,False,False,True,False
250,it’s blooming,,FullEventful,vnh-vsk,,False,tsil,,False,False,False,False,False,a,con,False,none,False,False,False,False,False,False,False
250,it’s blooming,,FullEventful,vnh-vsk,,False,tsil,,False,False,True,False,False,a,con,False,none,False,False,False,False,False,False,False
250,it’s blooming,,FullEventful,vnh-vsk,,False,tsil,,False,False,False,False,False,a,con,False,none,False,False,False,False,False,True,False
250,it’s blooming,,FullEventful,vnh-vsk,,False,tsil,,False,False,True,False,False,a,con,False,none,False,False,False,False,False,True,False
253,he/she is lighting a fire,,FullEventful,hvsk-han[inf2],,False,tsihsl,tsihsl,False,False,False,False,False,a,con,False,none,False,False,False,False,False,False,False
253,he/she is lighting a fire,,FullEventful,hvsk-han[inf2],,False,tsihsl,tsihsl,False,False,False,False,False,a,con,False,none,False,False,False,False,False,True,False
254,he/she is blowing,,FullEventful,sk-h,,False,atsotha,atsotha,False,False,False,False,False,a,vowel_a,False,none,False,False,False,False,False,False,False
254,he/she is blowing,,FullEventful,sk-h[imp2],,False,atsotha,atsotha,False,False,False,False,False,a,vowel_a,False,none,False,False,False,False,False,False,False
255,he/she is turning on a light,,FullEventful,hvsk-han[inf2],,False,tsvhst,tsvhst,False,False,False,False,False,a,con,False,none,False,False,False,False,False,False,False
255,he/she is turning on a light,,FullEventful,hvsk-han[inf2],,False,tsvhst,tsvhst,False,False,False,False,False,a,con,False,none,False,False,False,False,False,True,False
259,he/she is chasing him/her,,FullEventful,go,,False,kheh,kheh,False,False,False,False,False,a,aspirated,False,none,False,False,False,False,False,False,False
259,he/she is chasing him/her,,FullEventful,go,,False,kheh,kheh,False,False,False,False,False,a,aspirated,False,none,False,False,False,False,False,True,False
259,he/she is chasing him/her,,FullEventful,go,,False,kheh,kheh,False,False,False,False,False,a,con,False,none,False,False,False,False,False,False,False
259,he/she is chasing him/her,,FullEventful,go,,False,kheh,kheh,False,False,False,False,False,a,con,False,none,False,False,False,False,False,True,False
259,he/she is chasing him/her,,FullEventful,go[pres2],,False,khehek,khehek,False,False,False,False,False,a,aspirated,False,none,False,False,False,False,False,False,False
259,he/she is chasing him/her,,FullEventful,go[pres2],,False,khehek,khehek,False,False,False,False,False,a,aspirated,False,none,False,False,False,False,False,True,False
259,he/she is chasing him/her,,FullEventful,go[pres2],,False,khehek,khehek,False,False,False,False,False,a,con,False,none,False,False,False,False,False,False,False
259,he/she is chasing him/her,,FullEventful,go[pres2],,False,khehek,khehek,False,False,False,False,False,a,con,False,none,False,False,False,False,False,True,False
261,he/she is riding it (refers to anything that can be straddled),,FullEventful,cause,,False,akhilvt,akhilvt,False,False,False,False,False,a,vowel_a,False,none,False,False,False,False,False,True,False
261,he/she is riding it (refers to anything that can be straddled),,FullEventful,cause[perf3],,False,akhilvt,akhilvt,False,False,False,False,False,a,vowel_a,False,none,False,False,False,False,False,True,False
261,he/she is riding it (refers to anything that can be straddled),,FullEventful,cause[pres2-perf3],,False,akhilvtih,akhilvtih,False,False,False,False,False,a,vowel_a,False,none,False,False,False,False,False,True,False
261,he/she is riding it (refers to anything that can be straddled),,FullEventful,cause[pres2],,False,akhilvtih,akhilvtih,False,False,False,False,False,a,vowel_a,False,none,False,False,False,False,False,True,False
263,he/she is swallowing it,,FullEventful,sk-s-hi-hihst,,False,khi,'ki,False,False,False,False,False,a,aspirated,False,none,False,False,False,False,False,False,False
263,he/she is swallowing it,,FullEventful,sk-s-hi-hihst,,False,khi,'ki,False,False,False,False,False,a,con,False,none,False,False,False,False,False,False,False
263,he/she is swallowing it,,FullEventful,sk-s-hst,,False,khi,'ki,False,False,False,False,False,a,aspirated,False,none,False,False,False,False,False,False,False
263,he/she is swallowing it,,FullEventful,sk-s-hst,,False,khi,'ki,False,False,False,False,False,a,con,False,none,False,False,False,False,False,False,False
263,he/she is swallowing it,,FullEventful,sk-s-hst[imp2],,False,khi,'ki,False,False,False,False,False,a,aspirated,False,none,False,False,False,False,False,False,False
263,he/she is swallowing it,,FullEventful,sk-s-hst[imp2],,False,khi,'ki,False,False,False,False,False,a,con,False,none,False,False,False,False,False,False,False
266,he/she is shovelling it,,FullEventful,rev-e,,False,khot,khot,False,False,False,False,False,a,aspirated,False,none,False,False,False,False,False,False,False
266,he/she is shovelling it,,FullEventful,rev-e,,False,khot,khot,False,False,False,False,False,a,aspirated,False,none,False,False,False,False,False,True,False
266,he/she is shovelling it,,FullEventful,rev-e,,False,khot,khot,False,False,False,False,False,a,con,False,none,False,False,False,False,False,False,False
266,he/she is shovelling it,,FullEventful,rev-e,,False,khot,khot,False,False,False,False,False,a,con,False,none,False,False,False,False,False,True,False
270,he/she is going down-hill,,FullEventful,sk-s-hi-hihst,,False,khso,kahso,False,False,False,False,False,a,aspirated,False,none,False,False,False,False,False,False,False
270,he/she is going down-hill,,FullEventful,sk-s-hi-hihst,,False,khso,kahso,False,False,False,False,False,a,con,False,none,False,False,False,False,False,False,False
270,he/she is going down-hill,,FullEventful,sk-s-hst,,False,khso,kahso,False,False,False,False,False,a,aspirated,False,none,False,False,False,False,False,False,False
270,he/she is going down-hill,,FullEventful,sk-s-hst,,False,khso,kahso,False,False,False,False,False,a,con,False,none,False,False,False,False,False,False,False
270,he/she is going down-hill,,FullEventful,sk-s-hst[imp2],,False,khso,kahso,False,False,False,False,False,a,aspirated,False,none,False,False,False,False,False,False,False
270,he/she is going down-hill,,FullEventful,sk-s-hst[imp2],,False,khso,kahso,False,False,False,False,False,a,con,False,none,False,False,False,False,False,False,False
273,he/she knows how,,FullEventful,stative,,True,:khthah,:kathah,True,False,False,False,False,a,long,False,none,False,False,False,False,False,False,False
273,he/she knows how,,FullEventful,stative,,True,:khthah,:kathah,True,False,True,False,False,a,long,False,none,False,False,False,False,False,False,False
273,he/she knows how,,FullEventful,stative,,True,khthah,kathah,True,False,False,False,False,a,aspirated,False,none,False,False,False,False,False,False,False
273,he/she knows how,,FullEventful,stative,,True,khthah,kathah,True,False,True,False,False,a,aspirated,False,none,False,False,False,False,False,False,False
273,he/she knows how,,FullEventful,stative,,True,khthah,kathah,True,False,False,False,False,a,aspirated,False,none,False,False,False,False,False,True,False
273,he/she knows how,,FullEventful,stative,,True,khthah,kathah,True,False,True,False,False,a,aspirated,False,none,False,False,False,False,False,True,False
273,he/she knows how,,FullEventful,stative,,True,khthah,kathah,True,False,False,False,False,a,con,False,none,False,False,False,False,False,False,False
273,he/she knows how,,FullEventful,stative,,True,khthah,kathah,True,False,True,False,False,a,con,False,none,False,False,False,False,False,False,False
273,he/she knows how,,FullEventful,stative,,True,khthah,kathah,True,False,False,False,False,a,con,False,none,False,False,False,False,False,True,False
273,he/she knows how,,FullEventful,stative,,True,khthah,kathah,True,False,True,False,False,a,con,False,none,False,False,False,False,False,True,False
273,he/she knows how,,FullEventful,stative-h,,True,:khtha,:katha,True,False,False,False,False,a,long,False,none,False,False,False,False,False,False,False
273,he/she knows how,,FullEventful,stative-h,,True,:khtha,:katha,True,False,True,False,False,a,long,False,none,False,False,False,False,False,False,False
273,he/she knows how,,FullEventful,stative-h,,True,khtha,katha,True,False,False,False,False,a,aspirated,False,none,False,False,False,False,False,False,False
273,he/she knows how,,FullEventful,stative-h,,True,khtha,katha,True,False,True,False,False,a,aspirated,False,none,False,False,False,False,False,False,False
273,he/she knows how,,FullEventful,stative-h,,True,khtha,katha,True,False,False,False,False,a,aspirated,False,none,False,False,False,False,False,True,False
273,he/she knows how,,FullEventful,stative-h,,True,khtha,katha,True,False,True,False,False,a,aspirated,False,none,False,False,False,False,False,True,False
273,he/she knows how,,FullEventful,stative-h,,True,khtha,katha,True,False,False,False,False,a,con,False,none,False,False,False,False,False,False,False
273,he/she knows how,,FullEventful,stative-h,,True,khtha,katha,True,False,True,False,False,a,con,False,none,False,False,False,False,False,False,False
273,he/she knows how,,FullEventful,stative-h,,True,khtha,katha,True,False,False,False,False,a,con,False,none,False,False,False,False,False,True,False
273,he/she knows how,,FullEventful,stative-h,,True,khtha,katha,True,False,True,False,False,a,con,False,none,False,False,False,False,False,True,False
276,he/she is turning back,,FullEventful,v-vhs,,False,akhthah,akathah,False,False,False,False,False,a,vowel_a,False,none,False,False,False,False,False,False,False
277,he/she is winking,,FullEventful,cause,,False,akhthahst,akathahst,False,False,False,False,False,a,vowel_a,False,none,False,False,False,False,False,False,False
277,he/she is winking,,FullEventful,cause[perf3],,False,akhthahst,akathahst,False,False,False,False,False,a,vowel_a,False,none,False,False,False,False,False,False,False
277,he/she is winking,,FullEventful,cause[pres2-perf3],,False,akhthahstih,akathahstih,False,False,False,False,False,a,vowel_a,False,none,False,False,False,False,False,False,False
277,he/she is winking,,FullEventful,cause[pres2],,False,akhthahstih,akathahstih,False,False,False,False,False,a,vowel_a,False,none,False,False,False,False,False,False,False
278,he/she is hitting him/her on the eye,,FullEventful,hvsk-nh,hit-on[no-t],False,khth,kath,False,False,False,False,False,a,aspirated,False,none,False,False,False,False,False,True,False
278,he/she is hitting him/her on the eye,,FullEventful,hvsk-nh,hit-on[no-t],False,khth,kath,False,False,False,False,False,a,con,False,none,False,False,False,False,False,True,False
278,he/she is hitting him/her on the eye,,FullEventful,hvsk-nh,,False,khthelu,kathelu,False,False,False,False,False,a,aspirated,False,none,False,False,False,False,False,True,False
278,he/she is hitting him/her on the eye,,FullEventful,hvsk-nh,,False,khthelu,kathelu,False,False,False,False,False,a,con,False,none,False,False,False,False,False,True,False
278,he/she is hitting him/her on the eye,,FullEventful,hvsk-nh[inf2],,False,khthelu,kathelu,False,False,False,False,False,a,aspirated,False,none,False,False,False,False,False,True,False
278,he/she is hitting him/her on the eye,,FullEventful,hvsk-nh[inf2],,False,khthelu,kathelu,False,False,False,False,False,a,con,False,none,False,False,False,False,False,True,False
280,he/she is looking around,,FullEventful,be-at,,False,khthen,kathen,False,False,False,False,False,a,aspirated,False,none,False,False,False,False,False,False,False
280,he/she is looking around,,FullEventful,be-at,,False,khthen,kathen,False,False,False,False,False,a,con,False,none,False,False,False,False,False,False,False
280,he/she is looking around,,FullEventful,oh-ol[inf2],,False,khthen,kathen,False,False,False,False,False,a,aspirated,False,none,False,False,False,False,False,False,False
280,he/she is looking around,,FullEventful,oh-ol[inf2],,False,khthen,kathen,False,False,False,False,False,a,con,False,none,False,False,False,False,False,False,False
280,he/she is looking around,,FullEventful,oh-ol[inf3],,False,khthen,kathen,False,False,False,False,False,a,aspirated,False,none,False,False,False,False,False,False,False
280,he/she is looking around,,FullEventful,oh-ol[inf3],,False,khthen,kathen,False,False,False,False,False,a,con,False,none,False,False,False,False,False,False,False
281,he/she is peeking through,,FullEventful,cause[perf2],,False,akhth,akath,False,False,False,False,False,a,vowel_a,False,none,False,False,False,False,False,False,False
281,he/she is peeking through,,FullEventful,cause[pres2-perf2],,False,akhthih,akathih,False,False,False,False,False,a,vowel_a,False,none,False,False,False,False,False,False,False
286,he/she is becoming wise,,FullEventful,sk-s-hi-hihst,,False,khthohv,kathohv,False,False,False,False,False,a,aspirated,False,none,False,False,False,False,False,False,False
286,he/she is becoming wise,,FullEventful,sk-s-hi-hihst,,False,khthohv,kathohv,False,False,False,False,False,a,con,False,none,False,False,False,False,False,False,False
286,he/she is becoming wise,,FullEventful,sk-s-hst,,False,khthohv,kathohv,False,False,False,False,False,a,aspirated,False,none,False,False,False,False,False,False,False
286,he/she is becoming wise,,FullEventful,sk-s-hst,,False,khthohv,kathohv,False,False,False,False,False,a,con,False,none,False,False,False,False,False,False,False
286,he/she is becoming wise,,FullEventful,sk-s-hst[imp2],,False,khthohv,kathohv,False,False,False,False,False,a,aspirated,False,none,False,False,False,False,False,False,False
286,he/she is becoming wise,,FullEventful,sk-s-hst[imp2],,False,khthohv,kathohv,False,False,False,False,False,a,con,False,none,False,False,False,False,False,False,False
288,he/she is looking at him/her,,FullEventful,cause[pres2-perf3],,False,akhthohst,akathohst,False,False,False,False,False,a,vowel_a,False,none,False,False,False,False,False,True,False
288,he/she is looking at him/her,,FullEventful,cause[pres2],,False,akhthohst,akathohst,False,False,False,False,False,a,vowel_a,False,none,False,False,False,False,False,True,False
290,he/she is going through it,,FullEventful,sk-s-hi-hihst,,False,khthvle,kathvle,False,False,False,False,False,a,aspirated,False,none,False,False,False,False,False,False,False
290,he/she is going through it,,FullEventful,sk-s-hi-hihst,,False,khthvle,kathvle,False,False,False,False,False,a,con,False,none,False,False,False,False,False,False,False
290,he/she is going through it,,FullEventful,sk-s-hst,,False,khthvle,kathvle,False,False,False,False,False,a,aspirated,False,none,False,False,False,False,False,False,False
290,he/she is going through it,,FullEventful,sk-s-hst,,False,khthvle,kathvle,False,False,False,False,False,a,con,False,none,False,False,False,False,False,False,False
290,he/she is going through it,,FullEventful,sk-s-hst[imp2],,False,khthvle,kathvle,False,False,False,False,False,a,aspirated,False,none,False,False,False,False,False,False,False
290,he/she is going through it,,FullEventful,sk-s-hst[imp2],,False,khthvle,kathvle,False,False,False,False,False,a,con,False,none,False,False,False,False,False,False,False
291,he/she is dipping liquid,,FullEventful,rev-gi,,False,khu,'ku,False,False,False,False,False,a,aspirated,False,none,False,False,False,False,False,False,False
291,he/she is dipping liquid,,FullEventful,rev-gi,,False,khu,'ku,False,False,False,False,False,a,con,False,none,False,False,False,False,False,False,False
291,he/she is dipping liquid,,FullEventful,rev-i,,False,khuk,'kuk,False,False,False,False,False,a,aspirated,False,none,False,False,False,False,False,False,False
291,he/she is dipping liquid,,FullEventful,rev-i,,False,khuk,'kuk,False,False,False,False,False,a,con,False,none,False,False,False,False,False,False,False
293,he/she is paying it,,FullEventful,ih-vh,,False,akwhiy,akwiy,False,False,False,False,False,a,vowel_a,False,none,False,False,False,False,False,False,False
294,he/she is paying him/her,,FullEventful,apl,,False,akwhiyv',akwiyv',False,False,False,False,False,a,vowel_a,False,none,False,False,False,False,False,True,False
294,he/she is paying him/her,,FullEventful,apl[imp2],,False,akwhiyv',akwiyv',False,False,False,False,False,a,vowel_a,False,none,False,False,False,False,False,True,False
296,he/she is tromping on him/her,,FullEventful,apl-active-',,False,alahsta',alahsta',False,False,False,False,False,a,vowel_a,False,none,False,False,False,False,False,True,False
297,he/she is stepping on him/her,,FullEventful,vsk,,False,alahst,alahst,False,False,False,False,False,a,vowel_a,False,none,False,False,False,False,False,True,False
297,he/she is stepping on him/her,,FullEventful,vsk[imp2],,False,alahst,alahst,False,False,False,False,False,a,vowel_a,False,none,False,False,False,False,False,True,False
298,he/she is playing ball,,FullEventful,ih-vh,,False,alahskal,alahskal,False,False,False,False,False,a,vowel_a,False,none,False,False,False,False,False,False,False
300,he/she is taking a step,,FullEventful,v-vhs,,False,alahsk,alahsk,False,False,False,False,False,a,vowel_a,False,none,False,False,False,False,False,False,False
305,he/she is placing it in an upright position (refers to a long object),,FullEventful,cause,,False,aleht,alet,False,False,False,False,False,a,vowel_a,False,none,False,False,False,False,False,False,False
305,he/she is placing it in an upright position (refers to a long object),,FullEventful,cause[perf3],,False,aleht,alet,False,False,False,False,False,a,vowel_a,False,none,False,False,False,False,False,False,False
305,he/she is placing it in an upright position (refers to a long object),,FullEventful,cause[pres2-perf3],,False,alehtih,aletih,False,False,False,False,False,a,vowel_a,False,none,False,False,False,False,False,False,False
305,he/she is placing it in an upright position (refers to a long object),,FullEventful,cause[pres2],,False,alehtih,aletih,False,False,False,False,False,a,vowel_a,False,none,False,False,False,False,False,False,False
306,he/she is standing in a certain spot,,FullEventful,hvsk-nh,,False,ale,ale,False,False,False,False,False,a,vowel_a,False,none,False,False,False,False,False,False,False
306,he/she is standing in a certain spot,,FullEventful,hvsk-nh[inf2],,False,ale,ale,False,False,False,False,False,a,vowel_a,False,none,False,False,False,False,False,False,False
307,he/she is stopping,,FullEventful,cause,,False,alewhihst,alewihst,False,False,False,False,False,a,vowel_a,False,none,False,False,False,False,False,False,False
307,he/she is stopping,,FullEventful,cause[perf3],,False,alewhihst,alewihst,False,False,False,False,False,a,vowel_a,False,none,False,False,False,False,False,False,False
307,he/she is stopping,,FullEventful,cause[pres2-perf3],,False,alewhihstih,alewihstih,False,False,False,False,False,a,vowel_a,False,none,False,False,False,False,False,False,False
307,he/she is stopping,,FullEventful,cause[pres2],,False,alewhihstih,alewihstih,False,False,False,False,False,a,vowel_a,False,none,False,False,False,False,False,False,False
308,he/she is stopping him/her,,FullEventful,cause,,False,alewhihstoht,alewihstoht,False,False,False,False,False,a,vowel_a,False,none,False,False,False,False,False,True,False
308,he/she is stopping him/her,,FullEventful,cause[perf3],,False,alewhihstoht,alewihstoht,False,False,False,False,False,a,vowel_a,False,none,False,False,False,False,False,True,False
308,he/she is stopping him/her,,FullEventful,cause[pres2-perf3],,False,alewhihstohtih,alewihstohtih,False,False,False,False,False,a,vowel_a,False,none,False,False,False,False,False,True,False
308,he/she is stopping him/her,,FullEventful,cause[pres2],,False,alewhihstohtih,alewihstohtih,False,False,False,False,False,a,vowel_a,False,none,False,False,False,False,False,True,False
309,he/she is starting,,FullEventful,ih-vh,,False,alen,alen,False,False,False,False,False,a,vowel_a,False,none,False,False,False,False,False,False,False
311,it’s boiling,,FullEventful,ih-vh,,False,alitl,,False,False,False,False,False,a,vowel_a,False,none,False,False,False,False,False,False,False
311,it’s boiling,,FullEventful,ih-vh,,False,alitl,,False,False,True,False,False,a,vowel_a,False,none,False,False,False,False,False,False,False
311,it’s boiling,,FullEventful,ih-vh,,False,alitl,,False,False,False,False,False,a,vowel_a,False,none,False,False,False,False,False,True,False
311,it’s boiling,,FullEventful,ih-vh,,False,alitl,,False,False,True,False,False,a,vowel_a,False,none,False,False,False,False,False,True,False
311,it’s boiling,,FullEventful,ih-vh,,False,tl,,False,False,False,False,False,a,vowel_a,False,ali,False,False,False,False,False,False,False
311,it’s boiling,,FullEventful,ih-vh,,False,tl,,False,False,True,False,False,a,vowel_a,False,ali,False,False,False,False,False,False,False
311,it’s boiling,,FullEventful,ih-vh,,False,tl,,False,False,False,False,False,a,vowel_a,False,ali,False,False,False,False,False,True,False
311,it’s boiling,,FullEventful,ih-vh,,False,tl,,False,False,True,False,False,a,vowel_a,False,ali,False,False,False,False,False,True,False
314,he/she is thanking him/her,,FullEventful,apl,,False,alihelitsh,ali'elitsh,False,False,False,False,False,a,vowel_a,False,none,False,False,False,False,False,True,False
314,he/she is thanking him/her,,FullEventful,apl,,False,helitsh,'elitsh,False,False,False,False,False,a,vowel_a,False,ali,False,False,False,False,False,True,False
314,he/she is thanking him/her,,FullEventful,apl[imp2],,False,alihelitsh,ali'elitsh,False,False,False,False,False,a,vowel_a,False,none,False,False,False,False,False,True,False
314,he/she is thanking him/her,,FullEventful,apl[imp2],,False,helitsh,'elitsh,False,False,False,False,False,a,vowel_a,False,ali,False,False,False,False,False,True,False
314,he/she is thanking him/her,,FullEventful,apl[imp3],,False,alihelitsh,ali'elitsh,False,False,False,False,False,a,vowel_a,False,none,False,False,False,False,False,True,False
314,he/she is thanking him/her,,FullEventful,apl[imp3],,False,helitsh,'elitsh,False,False,False,False,False,a,vowel_a,False,ali,False,False,False,False,False,True,False
315,he/she is happy,,FullEventful,become,become-long[i],False,alihel,ali'el,False,False,False,False,False,a,vowel_a,False,none,False,False,False,False,False,False,False
315,he/she is happy,,FullEventful,become,,False,aliheli,ali'eli,False,False,False,False,False,a,vowel_a,False,none,False,False,False,False,False,False,False
315,he/she is happy,,FullEventful,become,become-long[i],False,hel,'el,False,False,False,False,False,a,vowel_a,False,ali,False,False,False,False,False,False,False
315,he/she is happy,,FullEventful,become,,False,heli,'eli,False,False,False,False,False,a,vowel_a,False,ali,False,False,False,False,False,False,False
315,he/she is happy,,FullEventful,become[inf4],become-long[i],False,alihel,ali'el,False,False,False,False,False,a,vowel_a,False,none,False,False,False,False,False,False,False
315,he/she is happy,,FullEventful,become[inf4],,False,aliheli,ali'eli,False,False,False,False,False,a,vowel_a,False,none,False,False,False,False,False,False,False
315,he/she is happy,,FullEventful,become[inf4],become-long[i],False,hel,'el,False,False,False,False,False,a,vowel_a,False,ali,False,False,False,False,False,False,False
315,he/she is happy,,FullEventful,become[inf4],,False,heli,'eli,False,False,False,False,False,a,vowel_a,False,ali,False,False,False,False,False,False,False
317,he/she is exchanging it,,FullEventful,i-a-i,long[no-a],False,'i,'i,False,False,False,False,False,a,vowel_a,False,ali,False,False,False,False,False,False,False
317,he/she is exchanging it,,FullEventful,i-a-i,,False,'it,'it,False,False,False,False,False,a,vowel_a,False,ali,False,False,False,False,False,False,False
317,he/she is exchanging it,,FullEventful,i-a-i,long[no-a],False,ali'i,ali'i,False,False,False,False,False,a,vowel_a,False,none,False,False,False,False,False,False,False
317,he/she is exchanging it,,FullEventful,i-a-i,,False,ali'it,ali'it,False,False,False,False,False,a,vowel_a,False,none,False,False,False,False,False,False,False
318,he/she is running away,,FullEventful,rev-i,,False,alith,alith,False,False,False,False,False,a,vowel_a,False,none,False,False,False,False,False,False,False
318,he/she is running away,,FullEventful,rev-i,,False,th,th,False,False,False,False,False,a,vowel_a,False,ali,False,False,False,False,False,False,False
320,he/she is taking his/her ring off,,FullEventful,rev-gi,,False,aliyehsuhsth,aliyehsuhsth,False,False,False,False,False,a,vowel_a,False,none,False,False,False,False,False,False,False
320,he/she is taking his/her ring off,,FullEventful,rev-gi,,False,yehsuhsth,yehsuhsth,False,False,False,False,False,a,vowel_a,False,ali,False,False,False,False,False,False,False
320,he/she is taking his/her ring off,,FullEventful,rev-i,,False,aliyehsuhsthk,aliyehsuhsthk,False,False,False,False,False,a,vowel_a,False,none,False,False,False,False,False,False,False
320,he/she is taking his/her ring off,,FullEventful,rev-i,,False,yehsuhsthk,yehsuhsthk,False,False,False,False,False,a,vowel_a,False,ali,False,False,False,False,False,False,False
322,he/she is putting a ring on his/her finger,,FullEventful,hvsk-han[inf2],,False,aliyehsuhst,aliyehsuhst,False,False,False,False,False,a,vowel_a,False,none,False,False,False,False,False,False,False
322,he/she is putting a ring on his/her finger,,FullEventful,hvsk-han[inf2],,False,yehsuhst,yehsuhst,False,False,False,False,False,a,vowel_a,False,ali,False,False,False,False,False,False,False
324,he/she is spitting,,FullEventful,sk-h,,False,altsikw,altsikw,False,False,False,False,False,a,vowel_a,False,none,False,False,False,False,False,False,False
324,he/she is spitting,,FullEventful,sk-h[imp2],,False,altsikw,altsikw,False,False,False,False,False,a,vowel_a,False,none,False,False,False,False,False,False,False
325,he/she is ascending,,FullEventful,i-vka,,False,alhsalat,alihsalat,False,False,False,False,False,a,vowel_a,False,none,False,False,False,False,False,False,False
325,he/she is ascending,,FullEventful,i-vka,,False,hsalat,hsalat,False,False,False,False,False,a,vowel_a,False,al_ali,False,False,False,False,False,False,False
327,he/she is eating a meal,,FullEventful,episodic,,False,alhstay,alihstay,False,False,False,False,False,a,vowel_a,False,none,False,False,False,False,False,False,False
327,he/she is eating a meal,,FullEventful,episodic,,False,hstay,hstay,False,False,False,False,False,a,vowel_a,False,al_ali,False,False,False,False,False,False,False
327,he/she is eating a meal,,FullEventful,hvsk-nh[inf2],,False,alhstayv,alihstayv,False,False,False,False,False,a,vowel_a,False,none,False,False,False,False,False,False,False
327,he/she is eating a meal,,FullEventful,hvsk-nh[inf2],,False,hstayv,hstayv,False,False,False,False,False,a,vowel_a,False,al_ali,False,False,False,False,False,False,False
329,he/she is helping,,FullEventful,ih-vh,,False,alhstel,alihstel,False,False,False,False,False,a,vowel_a,False,none,False,False,False,False,False,False,False
329,he/she is helping,,FullEventful,ih-vh,,False,hstel,hstel,False,False,False,False,False,a,vowel_a,False,al_ali,False,False,False,False,False,False,False
330,he/she is taking off his/her cap,,FullEventful,rev-e,,False,alhstul,alihstul,False,False,False,False,False,a,vowel_a,False,none,False,False,False,False,False,False,False
330,he/she is taking off his/her cap,,FullEventful,rev-e,,False,hstul,hstul,False,False,False,False,False,a,vowel_a,False,al_ali,False,False,False,False,False,False,False
331,he/she is washing his/her hair,,FullEventful,apl-active-a,,False,alhstul,alihstul,False,False,False,False,False,a,vowel_a,False,none,False,False,False,False,False,False,False
331,he/she is washing his/her hair,,FullEventful,apl-active-a,,False,hstul,hstul,False,False,False,False,False,a,vowel_a,False,al_ali,False,False,False,False,False,False,False
332,he/she is putting on a cap,,FullEventful,i-vka,,False,alhstul,alihstul,False,False,False,False,False,a,vowel_a,False,none,False,False,False,False,False,False,False
332,he/she is putting on a cap,,FullEventful,i-vka,,False,hstul,hstul,False,False,False,False,False,a,vowel_a,False,al_ali,False,False,False,False,False,False,False
334,he/she is taking a seat,,FullEventful,husk,,False,alhstvl,alihstvl,False,False,False,False,False,a,vowel_a,False,none,False,False,False,False,False,False,False
334,he/she is taking a seat,,FullEventful,husk,,False,hstvl,hstvl,False,False,False,False,False,a,vowel_a,False,al_ali,False,False,False,False,False,False,False
336,he/she is dancing,,FullEventful,rev-gi,,False,alhs,alihs,False,False,False,False,False,a,vowel_a,False,none,False,False,False,False,False,False,False
336,he/she is dancing,,FullEventful,rev-gi,,False,hs,hs,False,False,False,False,False,a,vowel_a,False,al_ali,False,False,False,False,False,False,False
336,he/she is dancing,,FullEventful,rev-i,,False,alhsk,alihsk,False,False,False,False,False,a,vowel_a,False,none,False,False,False,False,False,False,False
336,he/she is dancing,,FullEventful,rev-i,,False,hsk,hsk,False,False,False,False,False,a,vowel_a,False,al_ali,False,False,False,False,False,False,False
337,he/she is permitting him/her,,FullEventful,apl,,False,alhskolhtan,alihskolhtan,False,False,False,False,False,a,vowel_a,False,none,False,False,False,False,False,True,False
337,he/she is permitting him/her,,FullEventful,apl,,False,hskolhtan,hskolhtan,False,False,False,False,False,a,vowel_a,False,al_ali,False,False,False,False,False,True,False
337,he/she is permitting him/her,,FullEventful,apl[imp2],,False,alhskolhtan,alihskolhtan,False,False,False,False,False,a,vowel_a,False,none,False,False,False,False,False,True,False
337,he/she is permitting him/her,,FullEventful,apl[imp2],,False,hskolhtan,hskolhtan,False,False,False,False,False,a,vowel_a,False,al_ali,False,False,False,False,False,True,False
338,he/she is nodding his/her head,,FullEventful,sk-h,,False,alhsku,alihsku,False,False,False,False,False,a,vowel_a,False,none,False,False,False,False,False,False,False
338,he/she is nodding his/her head,,FullEventful,sk-h,,False,hsku,hsku,False,False,False,False,False,a,vowel_a,False,al_ali,False,False,False,False,False,False,False
338,he/she is nodding his/her head,,FullEventful,sk-h-yh,,False,alhsku,alihsku,False,False,False,False,False,a,vowel_a,False,none,False,False,False,False,False,False,False
338,he/she is nodding his/her head,,FullEventful,sk-h-yh,,False,hsku,hsku,False,False,False,False,False,a,vowel_a,False,al_ali,False,False,False,False,False,False,False
338,he/she is nodding his/her head,,FullEventful,sk-h[imp2],,False,alhsku,alihsku,False,False,False,False,False,a,vowel_a,False,none,False,False,False,False,False,False,False
338,he/she is nodding his/her head,,FullEventful,sk-h[imp2],,False,hsku,hsku,False,False,False,False,False,a,vowel_a,False,al_ali,False,False,False,False,False,False,False
339,it’s ending,,FullEventful,i-a-i,long,False,alhskw,,False,False,False,False,False,a,vowel_a,False,none,False,False,False,False,False,False,False
339,it’s ending,,FullEventful,i-a-i,long,False,alhskw,,False,False,True,False,False,a,vowel_a,False,none,False,False,False,False,False,False,False
339,it’s ending,,FullEventful,i-a-i,long,False,alhskw,,False,False,False,False,False,a,vowel_a,False,none,False,False,False,False,False,True,False
339,it’s ending,,FullEventful,i-a-i,long,False,alhskw,,False,False,True,False,False,a,vowel_a,False,none,False,False,False,False,False,True,False
339,it’s ending,,FullEventful,i-a-i,long[no-a],False,alhskwa,,False,False,False,False,False,a,vowel_a,False,none,False,False,False,False,False,False,False
339,it’s ending,,FullEventful,i-a-i,long[no-a],False,alhskwa,,False,False,True,False,False,a,vowel_a,False,none,False,False,False,False,False,False,False
339,it’s ending,,FullEventful,i-a-i,long[no-a],False,alhskwa,,False,False,False,False,False,a,vowel_a,False,none,False,False,False,False,False,True,False
339,it’s ending,,FullEventful,i-a-i,long[no-a],False,alhskwa,,False,False,True,False,False,a,vowel_a,False,none,False,False,False,False,False,True,False
339,it’s ending,,FullEventful,i-a-i,,False,alhskwat,,False,False,False,False,False,a,vowel_a,False,none,False,False,False,False,False,False,False
339,it’s ending,,FullEventful,i-a-i,,False,alhskwat,,False,False,True,False,False,a,vowel_a,False,none,False,False,False,False,False,False,False
339,it’s ending,,FullEventful,i-a-i,,False,alhskwat,,False,False,False,False,False,a,vowel_a,False,none,False,False,False,False,False,True,False
339,it’s ending,,FullEventful,i-a-i,,False,alhskwat,,False,False,True,False,False,a,vowel_a,False,none,False,False,False,False,False,True,False
339,it’s ending,,FullEventful,i-a-i,long,False,hskw,,False,False,False,False,False,a,vowel_a,False,al_ali,False,False,False,False,False,False,False
339,it’s ending,,FullEventful,i-a-i,long,False,hskw,,False,False,True,False,False,a,vowel_a,False,al_ali,False,False,False,False,False,False,False
339,it’s ending,,FullEventful,i-a-i,long,False,hskw,,False,False,False,False,False,a,vowel_a,False,al_ali,False,False,False,False,False,True,False
339,it’s ending,,FullEventful,i-a-i,long,False,hskw,,False,False,True,False,False,a,vowel_a,False,al_ali,False,False,False,False,False,True,False
339,it’s ending,,FullEventful,i-a-i,long[no-a],False,hskwa,,False,False,False,False,False,a,vowel_a,False,al_ali,False,False,False,False,False,False,False
339,it’s ending,,FullEventful,i-a-i,long[no-a],False,hskwa,,False,False,True,False,False,a,vowel_a,False,al_ali,False,False,False,False,False,False,False
339,it’s ending,,FullEventful,i-a-i,long[no-a],False,hskwa,,False,False,False,False,False,a,vowel_a,False,al_ali,False,False,False,False,False,True,False
339,it’s ending,,FullEventful,i-a-i,long[no-a],False,hskwa,,False,False,True,False,False,a,vowel_a,False,al_ali,False,False,False,False,False,True,False
339,it’s ending,,FullEventful,i-a-i,,False,hskwat,,False,False,False,False,False,a,vowel_a,False,al_ali,False,False,False,False,False,False,False
339,it’s ending,,FullEventful,i-a-i,,False,hskwat,,False,False,True,False,False,a,vowel_a,False,al_ali,False,False,False,False,False,False,False
339,it’s ending,,FullEventful,i-a-i,,False,hskwat,,False,False,False,False,False,a,vowel_a,False,al_ali,False,False,False,False,False,True,False
339,it’s ending,,FullEventful,i-a-i,,False,hskwat,,False,False,True,False,False,a,vowel_a,False,al_ali,False,False,False,False,False,True,False
339,it’s ending,,FullEventful,i-a-i,long,False,lhskw,,False,False,False,False,False,a,aspirated,False,none,False,False,False,False,False,False,False
339,it’s ending,,FullEventful,i-a-i,long,False,lhskw,,False,False,True,False,False,a,aspirated,False,none,False,False,False,False,False,False,False
339,it’s ending,,FullEventful,i-a-i,long,False,lhskw,,False,False,False,False,False,a,aspirated,False,none,False,False,False,False,False,True,False
339,it’s ending,,FullEventful,i-a-i,long,False,lhskw,,False,False,True,False,False,a,aspirated,False,none,False,False,False,False,False,True,False
339,it’s ending,,FullEventful,i-a-i,long,False,lhskw,,False,False,False,False,False,a,con,False,none,False,False,False,False,False,False,False
339,it’s ending,,FullEventful,i-a-i,long,False,lhskw,,False,False,True,False,False,a,con,False,none,False,False,False,False,False,False,False
339,it’s ending,,FullEventful,i-a-i,long,False,lhskw,,False,False,False,False,False,a,con,False,none,False,False,False,False,False,True,False
339,it’s ending,,FullEventful,i-a-i,long,False,lhskw,,False,False,True,False,False,a,con,False,none,False,False,False,False,False,True,False
339,it’s ending,,FullEventful,i-a-i,long[no-a],False,lhskwa,,False,False,False,False,False,a,aspirated,False,none,False,False,False,False,False,False,False
339,it’s ending,,FullEventful,i-a-i,long[no-a],False,lhskwa,,False,False,True,False,False,a,aspirated,False,none,False,False,False,False,False,False,False
339,it’s ending,,FullEventful,i-a-i,long[no-a],False,lhskwa,,False,False,False,False,False,a,aspirated,False,none,False,False,False,False,False,True,False
339,it’s ending,,FullEventful,i-a-i,long[no-a],False,lhskwa,,False,False,True,False,False,a,aspirated,False,none,False,False,False,False,False,True,False
339,it’s ending,,FullEventful,i-a-i,long[no-a],False,lhskwa,,False,False,False,False,False,a,con,False,none,False,False,False,False,False,False,False
339,it’s ending,,FullEventful,i-a-i,long[no-a],False,lhskwa,,False,False,True,False,False,a,con,False,none,False,False,False,False,False,False,False
339,it’s ending,,FullEventful,i-a-i,long[no-a],False,lhskwa,,False,False,False,False,False,a,con,False,none,False,False,False,False,False,True,False
339,it’s ending,,FullEventful,i-a-i,long[no-a],False,lhskwa,,False,False,True,False,False,a,con,False,none,False,False,False,False,False,True,False
339,it’s ending,,FullEventful,i-a-i,,False,lhskwat,,False,False,False,False,False,a,aspirated,False,none,False,False,False,False,False,False,False
339,it’s ending,,FullEventful,i-a-i,,False,lhskwat,,False,False,True,False,False,a,aspirated,False,none,False,False,False,False,False,False,False
339,it’s ending,,FullEventful,i-a-i,,False,lhskwat,,False,False,False,False,False,a,aspirated,False,none,False,False,False,False,False,True,False
339,it’s ending,,FullEventful,i-a-i,,False,lhskwat,,False,False,True,False,False,a,aspirated,False,none,False,False,False,False,False,True,False
339,it’s ending,,FullEventful,i-a-i,,False,lhskwat,,False,False,False,False,False,a,con,False,none,False,False,False,False,False,False,False
339,it’s ending,,FullEventful,i-a-i,,False,lhskwat,,False,False,True,False,False,a,con,False,none,False,False,False,False,False,False,False
339,it’s ending,,FullEventful,i-a-i,,False,lhskwat,,False,False,False,False,False,a,con,False,none,False,False,False,False,False,True,False
339,it’s ending,,FullEventful,i-a-i,,False,lhskwat,,False,False,True,False,False,a,con,False,none,False,False,False,False,False,True,False
340,he/she is sticking his/her head out,,FullEventful,i-vka,,False,alhskwalut,alihskwalut,False,False,False,False,False,a,vowel_a,False,none,False,False,False,False,False,False,False
340,he/she is sticking his/her head out,,FullEventful,i-vka,,False,hskwalut,hskwalut,False,False,False,False,False,a,vowel_a,False,al_ali,False,False,False,False,False,False,False
341,he/she is taking his/her hat off,,FullEventful,rev-gi,,False,alhskwethuh,alihskwethuh,False,False,False,False,False,a,vowel_a,False,none,False,False,False,False,False,False,False
341,he/she is taking his/her hat off,,FullEventful,rev-gi,,False,hskwethuh,hskwethuh,False,False,False,False,False,a,vowel_a,False,al_ali,False,False,False,False,False,False,False
341,he/she is taking his/her hat off,,FullEventful,rev-i,,False,alhskwethuhk,alihskwethuhk,False,False,False,False,False,a,vowel_a,False,none,False,False,False,False,False,False,False
341,he/she is taking his/her hat off,,FullEventful,rev-i,,False,hskwethuhk,hskwethuhk,False,False,False,False,False,a,vowel_a,False,al_ali,False,False,False,False,False,False,False
342,he/she is putting his/her hat on,,FullEventful,sk-h,,False,alhskwethuhv,alihskwethuhv,False,False,False,False,False,a,vowel_a,False,none,False,False,False,False,False,False,False
342,he/she is putting his/her hat on,,FullEventful,sk-h,,False,hskwethuhv,hskwethuhv,False,False,False,False,False,a,vowel_a,False,al_ali,False,False,False,False,False,False,False
342,he/she is putting his/her hat on,,FullEventful,sk-h[imp2],,False,alhskwethuhv,alihskwethuhv,False,False,False,False,False,a,vowel_a,False,none,False,False,False,False,False,False,False
342,he/she is putting his/her hat on,,FullEventful,sk-h[imp2],,False,hskwethuhv,hskwethuhv,False,False,False,False,False,a,vowel_a,False,al_ali,False,False,False,False,False,False,False
344,he/she is setting a goal,,FullEventful,cause,,False,alhsohst,alihsohst,False,False,False,False,False,a,vowel_a,False,none,False,False,False,False,False,False,False
344,he/she is setting a goal,,FullEventful,cause,,False,hsohst,hsohst,False,False,False,False,False,a,vowel_a,False,al_ali,False,False,False,False,False,False,False
344,he/she is setting a goal,,FullEventful,cause[perf3],,False,alhsohst,alihsohst,False,False,False,False,False,a,vowel_a,False,none,False,False,False,False,False,False,False
344,he/she is setting a goal,,FullEventful,cause[perf3],,False,hsohst,hsohst,False,False,False,False,False,a,vowel_a,False,al_ali,False,False,False,False,False,False,False
344,he/she is setting a goal,,FullEventful,cause[pres2-perf3],,False,alhsohstih,alihsohstih,False,False,False,False,False,a,vowel_a,False,none,False,False,False,False,False,False,False
344,he/she is setting a goal,,FullEventful,cause[pres2-perf3],,False,hsohstih,hsohstih,False,False,False,False,False,a,vowel_a,False,al_ali,False,False,False,False,False,False,False
344,he/she is setting a goal,,FullEventful,cause[pres2],,False,alhsohstih,alihsohstih,False,False,False,False,False,a,vowel_a,False,none,False,False,False,False,False,False,False
344,he/she is setting a goal,,FullEventful,cause[pres2],,False,hsohstih,hsohstih,False,False,False,False,False,a,vowel_a,False,al_ali,False,False,False,False,False,False,False
345,he/she is smelling it (refers to sniffing),,FullEventful,cause,,False,alhsvhst,alihsvhst,False,False,False,False,False,a,vowel_a,False,none,False,False,False,False,False,False,False
345,he/she is smelling it (refers to sniffing),,FullEventful,cause,,False,hsvhst,hsvhst,False,False,False,False,False,a,vowel_a,False,al_ali,False,False,False,False,False,False,False
345,he/she is smelling it (refers to sniffing),,FullEventful,cause[perf3],,False,alhsvhst,alihsvhst,False,False,False,False,False,a,vowel_a,False,none,False,False,False,False,False,False,False
345,he/she is smelling it (refers to sniffing),,FullEventful,cause[perf3],,False,hsvhst,hsvhst,False,False,False,False,False,a,vowel_a,False,al_ali,False,False,False,False,False,False,False
345,he/she is smelling it (refers to sniffing),,FullEventful,cause[pres2-perf3],,False,alhsvhstih,alihsvhstih,False,False,False,False,False,a,vowel_a,False,none,False,False,False,False,False,False,False
345,he/she is smelling it (refers to sniffing),,FullEventful,cause[pres2-perf3],,False,hsvhstih,hsvhstih,False,False,False,False,False,a,vowel_a,False,al_ali,False,False,False,False,False,False,False
345,he/she is smelling it (refers to sniffing),,FullEventful,cause[pres2],,False,alhsvhstih,alihsvhstih,False,False,False,False,False,a,vowel_a,False,none,False,False,False,False,False,False,False
345,he/she is smelling it (refers to sniffing),,FullEventful,cause[pres2],,False,hsvhstih,hsvhstih,False,False,False,False,False,a,vowel_a,False,al_ali,False,False,False,False,False,False,False
355,they are gathering,,FullEventful,cause[perf2],iterative,False,:lh,,False,False,False,False,False,a,vowel_a,False,ata_:,False,True,False,False,False,False,False
355,they are gathering,,FullEventful,cause[perf2],iterative,False,:lh,,False,False,False,False,False,a,vowel_a,False,ata_:,False,True,False,False,False,True,False
355,they are gathering,,FullEventful,cause[perf2],iterative[no-i],False,:lhi,,False,False,False,False,False,a,vowel_a,False,ata_:,False,True,False,False,False,False,False
355,they are gathering,,FullEventful,cause[perf2],iterative[no-i],False,:lhi,,False,False,False,False,False,a,vowel_a,False,ata_:,False,True,False,False,False,True,False
355,they are gathering,,FullEventful,cause[perf2],,False,:lhihs,,False,False,False,False,False,a,vowel_a,False,ata_:,False,True,False,False,False,False,False
355,they are gathering,,FullEventful,cause[perf2],,False,:lhihs,,False,False,False,False,False,a,vowel_a,False,ata_:,False,True,False,False,False,True,False
355,they are gathering,,FullEventful,cause[perf2],iterative,False,alh,,False,False,False,False,False,a,vowel_a,False,at,False,True,False,False,False,False,False
355,they are gathering,,FullEventful,cause[perf2],iterative,False,alh,,False,False,False,False,False,a,vowel_a,False,at,False,True,False,False,False,True,False
355,they are gathering,,FullEventful,cause[perf2],iterative[no-i],False,alhi,,False,False,False,False,False,a,vowel_a,False,at,False,True,False,False,False,False,False
355,they are gathering,,FullEventful,cause[perf2],iterative[no-i],False,alhi,,False,False,False,False,False,a,vowel_a,False,at,False,True,False,False,False,True,False
355,they are gathering,,FullEventful,cause[perf2],,False,alhihs,,False,False,False,False,False,a,vowel_a,False,at,False,True,False,False,False,False,False
355,they are gathering,,FullEventful,cause[perf2],,False,alhihs,,False,False,False,False,False,a,vowel_a,False,at,False,True,False,False,False,True,False
355,they are gathering,,FullEventful,cause[perf2],iterative,False,atalh,,False,False,False,False,False,a,vowel_a,False,none,False,True,False,False,False,False,False
355,they are gathering,,FullEventful,cause[perf2],iterative,False,atalh,,False,False,False,False,False,a,vowel_a,False,none,False,True,False,False,False,True,False
355,they are gathering,,FullEventful,cause[perf2],iterative[no-i],False,atalhi,,False,False,False,False,False,a,vowel_a,False,none,False,True,False,False,False,False,False
355,they are gathering,,FullEventful,cause[perf2],iterative[no-i],False,atalhi,,False,False,False,False,False,a,vowel_a,False,none,False,True,False,False,False,True,False
355,they are gathering,,FullEventful,cause[perf2],,False,atalhihs,,False,False,False,False,False,a,vowel_a,False,none,False,True,False,False,False,False,False
355,they are gathering,,FullEventful,cause[perf2],,False,atalhihs,,False,False,False,False,False,a,vowel_a,False,none,False,True,False,False,False,True,False
355,they are gathering,,FullEventful,cause[perf2],iterative,False,lh,,False,False,False,False,False,a,vowel_a,False,ata,False,True,False,False,False,False,False
355,they are gathering,,FullEventful,cause[perf2],iterative,False,lh,,False,False,False,False,False,a,vowel_a,False,ata,False,True,False,False,False,True,False
355,they are gathering,,FullEventful,cause[perf2],iterative[no-i],False,lhi,,False,False,False,False,False,a,vowel_a,False,ata,False,True,False,False,False,False,False
355,they are gathering,,FullEventful,cause[perf2],iterative[no-i],False,lhi,,False,False,False,False,False,a,vowel_a,False,ata,False,True,False,False,False,True,False
355,they are gathering,,FullEventful,cause[perf2],,False,lhihs,,False,False,False,False,False,a,vowel_a,False,ata,False,True,False,False,False,False,False
355,they are gathering,,FullEventful,cause[perf2],,False,lhihs,,False,False,False,False,False,a,vowel_a,False,ata,False,True,False,False,False,True,False
355,they are gathering,,FullEventful,cause[pres2-perf2],,False,:lhihsih,,False,False,False,False,False,a,vowel_a,False,ata_:,False,True,False,False,False,False,False
355,they are gathering,,FullEventful,cause[pres2-perf2],,False,:lhihsih,,False,False,False,False,False,a,vowel_a,False,ata_:,False,True,False,False,False,True,False
355,they are gathering,,FullEventful,cause[pres2-perf2],,False,alhihsih,,False,False,False,False,False,a,vowel_a,False,at,False,True,False,False,False,False,False
355,they are gathering,,FullEventful,cause[pres2-perf2],,False,alhihsih,,False,False,False,False,False,a,vowel_a,False,at,False,True,False,False,False,True,False
355,they are gathering,,FullEventful,cause[pres2-perf2],,False,atalhihsih,,False,False,False,False,False,a,vowel_a,False,none,False,True,False,False,False,False,False
355,they are gathering,,FullEventful,cause[pres2-perf2],,False,atalhihsih,,False,False,False,False,False,a,vowel_a,False,none,False,True,False,False,False,True,False
355,they are gathering,,FullEventful,cause[pres2-perf2],,False,lhihsih,,False,False,False,False,False,a,vowel_a,False,ata,False,True,False,False,False,False,False
355,they are gathering,,FullEventful,cause[pres2-perf2],,False,lhihsih,,False,False,False,False,False,a,vowel_a,False,ata,False,True,False,False,False,True,False
356,it’s lightning,,FullEventful,ih-vh,,False,akal,,False,False,False,False,False,a,vowel_a,False,none,False,True,False,False,False,False,False
356,it’s lightning,,FullEventful,ih-vh,,False,akal,,False,False,True,False,False,a,vowel_a,False,none,False,True,False,False,False,False,False
356,it’s lightning,,FullEventful,ih-vh,,False,akal,,False,False,False,False,False,a,vowel_a,False,none,False,True,False,False,False,True,False
356,it’s lightning,,FullEventful,ih-vh,,False,akal,,False,False,True,False,False,a,vowel_a,False,none,False,True,False,False,False,True,False
356,it’s lightning,,FullEventful,ih-vh,,False,anakal,,False,False,False,False,False,a,vowel_a,False,none,False,False,False,False,False,False,False
356,it’s lightning,,FullEventful,ih-vh,,False,anakal,,False,False,True,False,False,a,vowel_a,False,none,False,False,False,False,False,False,False
356,it’s lightning,,FullEventful,ih-vh,,False,anakal,,False,False,False,False,False,a,vowel_a,False,none,False,False,False,False,False,True,False
356,it’s lightning,,FullEventful,ih-vh,,False,anakal,,False,False,True,False,False,a,vowel_a,False,none,False,False,False,False,False,True,False
356,it’s lightning,,FullEventful,ih-vh,,False,nakal,,False,False,False,False,False,a,con,False,none,False,False,False,False,False,False,False
356,it’s lightning,,FullEventful,ih-vh,,False,nakal,,False,False,True,False,False,a,con,False,none,False,False,False,False,False,False,False
356,it’s lightning,,FullEventful,ih-vh,,False,nakal,,False,False,False,False,False,a,con,False,none,False,False,False,False,False,True,False
356,it’s lightning,,FullEventful,ih-vh,,False,nakal,,False,False,True,False,False,a,con,False,none,False,False,False,False,False,True,False
359,they are getting together,,FullEventful,hvsk-nh[inf2],,False,aliko,,False,False,False,False,False,a,vowel_a,False,none,False,True,False,False,False,False,False
359,they are getting together,,FullEventful,hvsk-nh[inf2],,False,aliko,,False,False,False,False,False,a,vowel_a,False,none,False,True,False,False,False,True,False
359,they are getting together,,FullEventful,hvsk-nh[inf2],,False,ko,,False,False,False,False,False,a,vowel_a,False,ali,False,True,False,False,False,False,False
359,they are getting together,,FullEventful,hvsk-nh[inf2],,False,ko,,False,False,False,False,False,a,vowel_a,False,ali,False,True,False,False,False,True,False
361,he/she is attempting it,,FullEventful,cause,,False,anelht,anelht,False,False,False,False,False,a,vowel_a,False,none,False,False,False,False,False,False,False
361,he/she is attempting it,,FullEventful,cause[perf3],,False,anelht,anelht,False,False,False,False,False,a,vowel_a,False,none,False,False,False,False,False,False,False
361,he/she is attempting it,,FullEventful,cause[pres2-perf3],,False,anelhtih,anelhtih,False,False,False,False,False,a,vowel_a,False,none,False,False,False,False,False,False,False
361,he/she is attempting it,,FullEventful,cause[pres2],,False,anelhtih,anelhtih,False,False,False,False,False,a,vowel_a,False,none,False,False,False,False,False,False,False
362,he is getting married,,FullEventful,i-a-i,long,False,anel,anel,False,False,False,False,False,a,vowel_a,False,none,False,False,False,False,False,False,False
362,he is getting married,,FullEventful,i-a-i,long[no-a],False,anela,anela,False,False,False,False,False,a,vowel_a,False,none,False,False,False,False,False,False,False
362,he is getting married,,FullEventful,i-a-i,,False,anelat,anelat,False,False,False,False,False,a,vowel_a,False,none,False,False,False,False,False,False,False
363,he/she is remembering him/her,,FullEventful,i-a-i,long,False,anht,anvt,False,False,False,False,False,a,vowel_a,False,none,False,False,False,False,False,True,False
363,he/she is remembering him/her,,FullEventful,i-a-i,long[no-a],False,anhta,anvta,False,False,False,False,False,a,vowel_a,False,none,False,False,False,False,False,True,False
363,he/she is remembering him/her,,FullEventful,i-a-i,,False,anhtat,anvtat,False,False,False,False,False,a,vowel_a,False,none,False,False,False,False,False,True,False
365,they are standing (refers to a congregation),,FullEventful,stative,,True,'tona',,True,False,False,False,False,a,glottal,False,none,False,True,False,False,False,False,False
365,they are standing (refers to a congregation),,FullEventful,stative,,True,'tona',,True,False,True,False,False,a,glottal,False,none,False,True,False,False,False,False,False
365,they are standing (refers to a congregation),,FullEventful,stative,,True,'tona',,True,False,False,False,False,a,glottal,False,none,False,True,False,False,False,True,False
365,they are standing (refers to a congregation),,FullEventful,stative,,True,'tona',,True,False,True,False,False,a,glottal,False,none,False,True,False,False,False,True,False
365,they are standing (refers to a congregation),,FullEventful,stative,,True,:tona',,True,False,False,False,False,a,long,False,none,False,True,False,False,False,False,False
365,they are standing (refers to a congregation),,FullEventful,stative,,True,:tona',,True,False,True,False,False,a,long,False,none,False,True,False,False,False,False,False
365,they are standing (refers to a congregation),,FullEventful,stative,,True,:tona',,True,False,False,False,False,a,long,False,none,False,True,False,False,False,True,False
365,they are standing (refers to a congregation),,FullEventful,stative,,True,:tona',,True,False,True,False,False,a,long,False,none,False,True,False,False,False,True,False
365,they are standing (refers to a congregation),,FullEventful,stative,,True,tona',,True,False,False,False,False,a,con,False,none,False,True,False,False,False,False,False
365,they are standing (refers to a congregation),,FullEventful,stative,,True,tona',,True,False,True,False,False,a,con,False,none,False,True,False,False,False,False,False
365,they are standing (refers to a congregation),,FullEventful,stative,,True,tona',,True,False,False,False,False,a,con,False,none,False,True,False,False,False,True,False
365,they are standing (refers to a congregation),,FullEventful,stative,,True,tona',,True,False,True,False,False,a,con,False,none,False,True,False,False,False,True,False
365,they are standing (refers to a congregation),,FullEventful,stative-a',,True,'ton,,True,False,False,False,False,a,glottal,False,none,False,True,False,False,False,False,False
365,they are standing (refers to a congregation),,FullEventful,stative-a',,True,'ton,,True,False,True,False,False,a,glottal,False,none,False,True,False,False,False,False,False
365,they are standing (refers to a congregation),,FullEventful,stative-a',,True,'ton,,True,False,False,False,False,a,glottal,False,none,False,True,False,False,False,True,False
365,they are standing (refers to a congregation),,FullEventful,stative-a',,True,'ton,,True,False,True,False,False,a,glottal,False,none,False,True,False,False,False,True,False
365,they are standing (refers to a congregation),,FullEventful,stative-a',,True,:ton,,True,False,False,False,False,a,long,False,none,False,True,False,False,False,False,False
365,they are standing (refers to a congregation),,FullEventful,stative-a',,True,:ton,,True,False,True,False,False,a,long,False,none,False,True,False,False,False,False,False
365,they are standing (refers to a congregation),,FullEventful,stative-a',,True,:ton,,True,False,False,False,False,a,long,False,none,False,True,False,False,False,True,False
365,they are standing (refers to a congregation),,FullEventful,stative-a',,True,:ton,,True,False,True,False,False,a,long,False,none,False,True,False,False,False,True,False
365,they are standing (refers to a congregation),,FullEventful,stative-a',,True,ton,,True,False,False,False,False,a,con,False,none,False,True,False,False,False,False,False
365,they are standing (refers to a congregation),,FullEventful,stative-a',,True,ton,,True,False,True,False,False,a,con,False,none,False,True,False,False,False,False,False
365,they are standing (refers to a congregation),,FullEventful,stative-a',,True,ton,,True,False,False,False,False,a,con,False,none,False,True,False,False,False,True,False
365,they are standing (refers to a congregation),,FullEventful,stative-a',,True,ton,,True,False,True,False,False,a,con,False,none,False,True,False,False,False,True,False
366,they are asleep (refers to more than two),,FullEventful,stative,,True,'lhin,,True,False,False,False,False,a,glottal,False,none,False,True,False,False,False,False,False
366,they are asleep (refers to more than two),,FullEventful,stative,,True,'lhin,,True,False,True,False,False,a,glottal,False,none,False,True,False,False,False,False,False
366,they are asleep (refers to more than two),,FullEventful,stative,,True,'lhin,,True,False,False,False,False,a,glottal,False,none,False,True,False,False,False,True,False
366,they are asleep (refers to more than two),,FullEventful,stative,,True,'lhin,,True,False,True,False,False,a,glottal,False,none,False,True,False,False,False,True,False
366,they are asleep (refers to more than two),,FullEventful,stative,,True,:lhin,,True,False,False,False,False,a,long,False,none,False,True,False,False,False,False,False
366,they are asleep (refers to more than two),,FullEventful,stative,,True,:lhin,,True,False,True,False,False,a,long,False,none,False,True,False,False,False,False,False
366,they are asleep (refers to more than two),,FullEventful,stative,,True,:lhin,,True,False,False,False,False,a,long,False,none,False,True,False,False,False,True,False
366,they are asleep (refers to more than two),,FullEventful,stative,,True,:lhin,,True,False,True,False,False,a,long,False,none,False,True,False,False,False,True,False
366,they are asleep (refers to more than two),,FullEventful,stative,,True,lhin,,True,False,False,False,False,a,aspirated,False,none,False,True,False,False,False,False,False
366,they are asleep (refers to more than two),,FullEventful,stative,,True,lhin,,True,False,True,False,False,a,aspirated,False,none,False,True,False,False,False,False,False
366,they are asleep (refers to more than two),,FullEventful,stative,,True,lhin,,True,False,False,False,False,a,aspirated,False,none,False,True,False,False,False,True,False
366,they are asleep (refers to more than two),,FullEventful,stative,,True,lhin,,True,False,True,False,False,a,aspirated,False,none,False,True,False,False,False,True,False
366,they are asleep (refers to more than two),,FullEventful,stative,,True,lhin,,True,False,False,False,False,a,con,False,none,False,True,False,False,False,False,False
366,they are asleep (refers to more than two),,FullEventful,stative,,True,lhin,,True,False,True,False,False,a,con,False,none,False,True,False,False,False,False,False
366,they are asleep (refers to more than two),,FullEventful,stative,,True,lhin,,True,False,False,False,False,a,con,False,none,False,True,False,False,False,True,False
366,they are asleep (refers to more than two),,FullEventful,stative,,True,lhin,,True,False,True,False,False,a,con,False,none,False,True,False,False,False,True,False
367,they are sitting (refers to a congregation),,FullEventful,stative,,True,''n,,True,False,False,False,False,a,glottal,False,none,False,True,False,False,False,False,False
367,they are sitting (refers to a congregation),,FullEventful,stative,,True,''n,,True,False,True,False,False,a,glottal,False,none,False,True,False,False,False,False,False
367,they are sitting (refers to a congregation),,FullEventful,stative,,True,''n,,True,False,False,False,False,a,glottal,False,none,False,True,False,False,False,True,False
367,they are sitting (refers to a congregation),,FullEventful,stative,,True,''n,,True,False,True,False,False,a,glottal,False,none,False,True,False,False,False,True,False
367,they are sitting (refers to a congregation),,FullEventful,stative,,True,:'n,,True,False,False,False,False,a,long,False,none,False,True,False,False,False,False,False
367,they are sitting (refers to a congregation),,FullEventful,stative,,True,:'n,,True,False,True,False,False,a,long,False,none,False,True,False,False,False,False,False
367,they are sitting (refers to a congregation),,FullEventful,stative,,True,:'n,,True,False,False,False,False,a,long,False,none,False,True,False,False,False,True,False
367,they are sitting (refers to a congregation),,FullEventful,stative,,True,:'n,,True,False,True,False,False,a,long,False,none,False,True,False,False,False,True,False
373,he/she is setting a trap,,FullEventful,vsk,,False,hsat,hsat,False,False,False,False,False,a,con,False,none,False,False,False,False,False,False,False
373,he/she is setting a trap,,FullEventful,vsk,,False,hsat,hsat,False,False,False,False,False,a,con,False,none,False,False,False,False,False,True,False
373,he/she is setting a trap,,FullEventful,vsk,,False,hsat,hsat,False,False,False,False,False,a,s_stem,False,none,False,False,False,False,False,False,False
373,he/she is setting a trap,,FullEventful,vsk,,False,hsat,hsat,False,False,False,False,False,a,s_stem,False,none,False,False,False,False,False,True,False
373,he/she is setting a trap,,FullEventful,vsk[imp2],,False,hsat,hsat,False,False,False,False,False,a,con,False,none,False,False,False,False,False,False,False
373,he/she is setting a trap,,FullEventful,vsk[imp2],,False,hsat,hsat,False,False,False,False,False,a,con,False,none,False,False,False,False,False,True,False
373,he/she is setting a trap,,FullEventful,vsk[imp2],,False,hsat,hsat,False,False,False,False,False,a,s_stem,False,none,False,False,False,False,False,False,False
373,he/she is setting a trap,,FullEventful,vsk[imp2],,False,hsat,hsat,False,False,False,False,False,a,s_stem,False,none,False,False,False,False,False,True,False
374,he/she is lifting him/her,,FullEventful,i-vka,,False,hsalat,hsalat,False,False,False,False,False,a,con,False,none,False,False,False,False,False,False,False
374,he/she is lifting him/her,,FullEventful,i-vka,,False,hsalat,hsalat,False,False,False,False,False,a,con,False,none,False,False,False,False,False,True,False
374,he/she is lifting him/her,,FullEventful,i-vka,,False,hsalat,hsalat,False,False,False,False,False,a,s_stem,False,none,False,False,False,False,False,False,False
374,he/she is lifting him/her,,FullEventful,i-vka,,False,hsalat,hsalat,False,False,False,False,False,a,s_stem,False,none,False,False,False,False,False,True,False
377,he/she is making it crisp,,FullEventful,cause,,False,hstakayht,hstakayht,False,False,False,False,False,a,con,False,none,False,False,False,False,False,False,False
377,he/she is making it crisp,,FullEventful,cause,,False,hstakayht,hstakayht,False,False,False,False,False,a,con,False,none,False,False,False,False,False,True,False
377,he/she is making it crisp,,FullEventful,cause,,False,hstakayht,hstakayht,False,False,False,False,False,a,s_stem,False,none,False,False,False,False,False,False,False
377,he/she is making it crisp,,FullEventful,cause,,False,hstakayht,hstakayht,False,False,False,False,False,a,s_stem,False,none,False,False,False,False,False,True,False
377,he/she is making it crisp,,FullEventful,cause[perf3],,False,hstakayht,hstakayht,False,False,False,False,False,a,con,False,none,False,False,False,False,False,False,False
377,he/she is making it crisp,,FullEventful,cause[perf3],,False,hstakayht,hstakayht,False,False,False,False,False,a,con,False,none,False,False,False,False,False,True,False
377,he/she is making it crisp,,FullEventful,cause[perf3],,False,hstakayht,hstakayht,False,False,False,False,False,a,s_stem,False,none,False,False,False,False,False,False,False
377,he/she is making it crisp,,FullEventful,cause[perf3],,False,hstakayht,hstakayht,False,False,False,False,False,a,s_stem,False,none,False,False,False,False,False,True,False
377,he/she is making it crisp,,FullEventful,cause[pres2-perf3],,False,hstakayhtih,hstakayhtih,False,False,False,False,False,a,con,False,none,False,False,False,False,False,False,False
377,he/she is making it crisp,,FullEventful,cause[pres2-perf3],,False,hstakayhtih,hstakayhtih,False,False,False,False,False,a,con,False,none,False,False,False,False,False,True,False
377,he/she is making it crisp,,FullEventful,cause[pres2-perf3],,False,hstakayhtih,hstakayhtih,False,False,False,False,False,a,s_stem,False,none,False,False,False,False,False,False,False
377,he/she is making it crisp,,FullEventful,cause[pres2-perf3],,False,hstakayhtih,hstakayhtih,False,False,False,False,False,a,s_stem,False,none,False,False,False,False,False,True,False
377,he/she is making it crisp,,FullEventful,cause[pres2],,False,hstakayhtih,hstakayhtih,False,False,False,False,False,a,con,False,none,False,False,False,False,False,False,False
377,he/she is making it crisp,,FullEventful,cause[pres2],,False,hstakayhtih,hstakayhtih,False,False,False,False,False,a,con,False,none,False,False,False,False,False,True,False
377,he/she is making it crisp,,FullEventful,cause[pres2],,False,hstakayhtih,hstakayhtih,False,False,False,False,False,a,s_stem,False,none,False,False,False,False,False,False,False
377,he/she is making it crisp,,FullEventful,cause[pres2],,False,hstakayhtih,hstakayhtih,False,False,False,False,False,a,s_stem,False,none,False,False,False,False,False,True,False
378,it’s becoming crisp,,FullEventful,hih-lh,,False,ahstakayv,,False,False,False,False,False,a,vowel_a,False,none,False,False,False,False,False,False,False
378,it’s becoming crisp,,FullEventful,hih-lh,,False,ahstakayv,,False,False,True,False,False,a,vowel_a,False,none,False,False,False,False,False,False,False
378,it’s becoming crisp,,FullEventful,hih-lh,,False,ahstakayv,,False,False,False,False,False,a,vowel_a,False,none,False,False,False,False,False,True,False
378,it’s becoming crisp,,FullEventful,hih-lh,,False,ahstakayv,,False,False,True,False,False,a,vowel_a,False,none,False,False,False,False,False,True,False
378,it’s becoming crisp,,FullEventful,hih-lh,,False,hstakayv,,False,False,False,False,False,a,con,False,none,False,False,False,False,False,False,False
378,it’s becoming crisp,,FullEventful,hih-lh,,False,hstakayv,,False,False,True,False,False,a,con,False,none,False,False,False,False,False,False,False
378,it’s becoming crisp,,FullEventful,hih-lh,,False,hstakayv,,False,False,False,False,False,a,con,False,none,False,False,False,False,False,True,False
378,it’s becoming crisp,,FullEventful,hih-lh,,False,hstakayv,,False,False,True,False,False,a,con,False,none,False,False,False,False,False,True,False
378,it’s becoming crisp,,FullEventful,hih-lh,,False,hstakayv,,False,False,False,False,False,a,s_stem,False,none,False,False,False,False,False,False,False
378,it’s becoming crisp,,FullEventful,hih-lh,,False,hstakayv,,False,False,True,False,False,a,s_stem,False,none,False,False,False,False,False,False,False
378,it’s becoming crisp,,FullEventful,hih-lh,,False,hstakayv,,False,False,False,False,False,a,s_stem,False,none,False,False,False,False,False,True,False
378,it’s becoming crisp,,FullEventful,hih-lh,,False,hstakayv,,False,False,True,False,False,a,s_stem,False,none,False,False,False,False,False,True,False
380,he/she is drawing a line,,FullEventful,hvsk-han,,False,hstanvn,hstanvn,False,False,False,False,False,a,con,False,none,False,False,False,False,False,False,False
380,he/she is drawing a line,,FullEventful,hvsk-han,,False,hstanvn,hstanvn,False,False,False,False,False,a,con,False,none,False,False,False,False,False,True,False
380,he/she is drawing a line,,FullEventful,hvsk-han,,False,hstanvn,hstanvn,False,False,False,False,False,a,s_stem,False,none,False,False,False,False,False,False,False
380,he/she is drawing a line,,FullEventful,hvsk-han,,False,hstanvn,hstanvn,False,False,False,False,False,a,s_stem,False,none,False,False,False,False,False,True,False
381,he/she is following him/her,,FullEventful,go,,False,hstawat,hstawat,False,False,False,False,False,a,con,False,none,False,False,False,False,False,False,False
381,he/she is following him/her,,FullEventful,go,,False,hstawat,hstawat,False,False,False,False,False,a,con,False,none,False,False,False,False,False,True,False
381,he/she is following him/her,,FullEventful,go,,False,hstawat,hstawat,False,False,False,False,False,a,s_stem,False,none,False,False,False,False,False,False,False
381,he/she is following him/her,,FullEventful,go,,False,hstawat,hstawat,False,False,False,False,False,a,s_stem,False,none,False,False,False,False,False,True,False
381,he/she is following him/her,,FullEventful,go[pres2],,False,hstawatek,hstawatek,False,False,False,False,False,a,con,False,none,False,False,False,False,False,False,False
381,he/she is following him/her,,FullEventful,go[pres2],,False,hstawatek,hstawatek,False,False,False,False,False,a,con,False,none,False,False,False,False,False,True,False
381,he/she is following him/her,,FullEventful,go[pres2],,False,hstawatek,hstawatek,False,False,False,False,False,a,s_stem,False,none,False,False,False,False,False,False,False
381,he/she is following him/her,,FullEventful,go[pres2],,False,hstawatek,hstawatek,False,False,False,False,False,a,s_stem,False,none,False,False,False,False,False,True,False
382,he/she is helping him/her,,FullEventful,ih-vh,,False,hstel,hstel,False,False,False,False,False,a,con,False,none,False,False,False,False,False,False,False
382,he/she is helping him/her,,FullEventful,ih-vh,,False,hstel,hstel,False,False,False,False,False,a,con,False,none,False,False,False,False,False,True,False
382,he/she is helping him/her,,FullEventful,ih-vh,,False,hstel,hstel,False,False,False,False,False,a,s_stem,False,none,False,False,False,False,False,False,False
382,he/she is helping him/her,,FullEventful,ih-vh,,False,hstel,hstel,False,False,False,False,False,a,s_stem,False,none,False,False,False,False,False,True,False
383,he/she is braiding it,,FullEventful,oh-ol,spin,False,hs,hs,False,False,False,False,False,a,con,False,none,False,False,False,False,False,False,False
383,he/she is braiding it,,FullEventful,oh-ol,spin,False,hs,hs,False,False,False,False,False,a,con,False,none,False,False,False,False,False,True,False
383,he/she is braiding it,,FullEventful,oh-ol,spin,False,hs,hs,False,False,False,False,False,a,s_stem,False,none,False,False,False,False,False,False,False
383,he/she is braiding it,,FullEventful,oh-ol,spin,False,hs,hs,False,False,False,False,False,a,s_stem,False,none,False,False,False,False,False,True,False
383,he/she is braiding it,,FullEventful,oh-ol,,False,hstey,hstey,False,False,False,False,False,a,con,False,none,False,False,False,False,False,False,False
383,he/she is braiding it,,FullEventful,oh-ol,,False,hstey,hstey,False,False,False,False,False,a,con,False,none,False,False,False,False,False,True,False
383,he/she is braiding it,,FullEventful,oh-ol,,False,hstey,hstey,False,False,False,False,False,a,s_stem,False,none,False,False,False,False,False,False,False
383,he/she is braiding it,,FullEventful,oh-ol,,False,hstey,hstey,False,False,False,False,False,a,s_stem,False,none,False,False,False,False,False,True,False
384,he/she is eating it (refers to a long object),,FullEventful,i-a-i,,False,hstik,hstik,False,False,False,False,False,a,con,False,none,False,False,False,False,False,False,False
384,he/she is eating it (refers to a long object),,FullEventful,i-a-i,,False,hstik,hstik,False,False,False,False,False,a,con,False,none,False,False,False,False,False,True,False
384,he/she is eating it (refers to a long object),,FullEventful,i-a-i,,False,hstik,hstik,False,False,False,False,False,a,s_stem,False,none,False,False,False,False,False,False,False
384,he/she is eating it (refers to a long object),,FullEventful,i-a-i,,False,hstik,hstik,False,False,False,False,False,a,s_stem,False,none,False,False,False,False,False,True,False
386,he/she is crushing it,,FullEventful,o,,False,hst,hst,False,False,False,False,False,a,con,False,none,False,False,False,False,False,False,False
386,he/she is crushing it,,FullEventful,o,,False,hst,hst,False,False,False,False,False,a,con,False,none,False,False,False,False,False,True,False
386,he/she is crushing it,,FullEventful,o,,False,hst,hst,False,False,False,False,False,a,s_stem,False,none,False,False,False,False,False,False,False
386,he/she is crushing it,,FullEventful,o,,False,hst,hst,False,False,False,False,False,a,s_stem,False,none,False,False,False,False,False,True,False
388,he/she is trimming it (refers to hair‚ grass‚ hedge; but not paper‚ cloth),,FullEventful,apl-active-a,,False,hstoy,hstoy,False,False,False,False,False,a,con,False,none,False,False,False,False,False,False,False
388,he/she is trimming it (refers to hair‚ grass‚ hedge; but not paper‚ cloth),,FullEventful,apl-active-a,,False,hstoy,hstoy,False,False,False,False,False,a,con,False,none,False,False,False,False,False,True,False
388,he/she is trimming it (refers to hair‚ grass‚ hedge; but not paper‚ cloth),,FullEventful,apl-active-a,,False,hstoy,hstoy,False,False,False,False,False,a,s_stem,False,none,False,False,False,False,False,False,False
388,he/she is trimming it (refers to hair‚ grass‚ hedge; but not paper‚ cloth),,FullEventful,apl-active-a,,False,hstoy,hstoy,False,False,False,False,False,a,s_stem,False,none,False,False,False,False,False,True,False
390,he/she is opening it,,FullEventful,rev-'i,,False,hstu,hstu,False,False,False,False,False,a,con,False,none,False,False,False,False,False,False,False
390,he/she is opening it,,FullEventful,rev-'i,,False,hstu,hstu,False,False,False,False,False,a,con,False,none,False,False,False,False,False,True,False
390,he/she is opening it,,FullEventful,rev-'i,,False,hstu,hstu,False,False,False,False,False,a,s_stem,False,none,False,False,False,False,False,False,False
390,he/she is opening it,,FullEventful,rev-'i,,False,hstu,hstu,False,False,False,False,False,a,s_stem,False,none,False,False,False,False,False,True,False
390,he/she is opening it,,FullEventful,rev-i,,False,hstu',hstu',False,False,False,False,False,a,con,False,none,False,False,False,False,False,False,False
390,he/she is opening it,,FullEventful,rev-i,,False,hstu',hstu',False,False,False,False,False,a,con,False,none,False,False,False,False,False,True,False
390,he/she is opening it,,FullEventful,rev-i,,False,hstu',hstu',False,False,False,False,False,a,s_stem,False,none,False,False,False,False,False,False,False
390,he/she is opening it,,FullEventful,rev-i,,False,hstu',hstu',False,False,False,False,False,a,s_stem,False,none,False,False,False,False,False,True,False
392,he/she is sandwiching it,,FullEventful,hvsk-han,,False,hstvhal,hstvhal,False,False,False,False,False,a,con,False,none,False,False,False,False,False,False,False
392,he/she is sandwiching it,,FullEventful,hvsk-han,,False,hstvhal,hstvhal,False,False,False,False,False,a,con,False,none,False,False,False,False,False,True,False
392,he/she is sandwiching it,,FullEventful,hvsk-han,,False,hstvhal,hstvhal,False,False,False,False,False,a,s_stem,False,none,False,False,False,False,False,False,False
392,he/she is sandwiching it,,FullEventful,hvsk-han,,False,hstvhal,hstvhal,False,False,False,False,False,a,s_stem,False,none,False,False,False,False,False,True,False
395,he/she is showing him/her,,FullEventful,apl,,False,ahseh,ahseh,False,False,False,False,False,a,vowel_a,False,none,False,False,False,False,False,True,False
395,he/she is showing him/her,,FullEventful,apl[imp2],,False,ahseh,ahseh,False,False,False,False,False,a,vowel_a,False,none,False,False,False,False,False,True,False
395,he/she is showing him/her,,FullEventful,apl[imp3],,False,ahseh,ahseh,False,False,False,False,False,a,vowel_a,False,none,False,False,False,False,False,True,False
397,he/she is including him/her (refers to in counting),,FullEventful,cause,,False,ahsehst,ahsehst,False,False,False,False,False,a,vowel_a,False,none,False,False,False,False,False,True,False
397,he/she is including him/her (refers to in counting),,FullEventful,cause[perf3],,False,ahsehst,ahsehst,False,False,False,False,False,a,vowel_a,False,none,False,False,False,False,False,True,False
397,he/she is including him/her (refers to in counting),,FullEventful,cause[pres2-perf3],,False,ahsehstih,ahsehstih,False,False,False,False,False,a,vowel_a,False,none,False,False,False,False,False,True,False
397,he/she is including him/her (refers to in counting),,FullEventful,cause[pres2],,False,ahsehstih,ahsehstih,False,False,False,False,False,a,vowel_a,False,none,False,False,False,False,False,True,False
398,he/she is withdrawing (refers to a motion),,FullEventful,ih-vh,,False,ahsehs,ahsehs,False,False,False,False,False,a,vowel_a,False,none,False,False,False,False,False,False,False
398,he/she is withdrawing (refers to a motion),,FullEventful,ih-vh[inf2],change-alt,False,ahse,ahse,False,False,False,False,False,a,vowel_a,False,none,False,False,False,False,False,False,False
398,he/she is withdrawing (refers to a motion),,FullEventful,ih-vh[inf2],,False,ahsehs,ahsehs,False,False,False,False,False,a,vowel_a,False,none,False,False,False,False,False,False,False
400,he/she is reprimanding him/her,,FullEventful,become,become-long[a],False,hsk,hsk,False,False,False,False,False,a,con,False,none,False,False,False,False,False,False,False
400,he/she is reprimanding him/her,,FullEventful,become,become-long[a],False,hsk,hsk,False,False,False,False,False,a,con,False,none,False,False,False,False,False,True,False
400,he/she is reprimanding him/her,,FullEventful,become,become-long[a],False,hsk,hsk,False,False,False,False,False,a,s_stem,False,none,False,False,False,False,False,False,False
400,he/she is reprimanding him/her,,FullEventful,become,become-long[a],False,hsk,hsk,False,False,False,False,False,a,s_stem,False,none,False,False,False,False,False,True,False
400,he/she is reprimanding him/her,,FullEventful,become,,False,hska,hska,False,False,False,False,False,a,con,False,none,False,False,False,False,False,False,False
400,he/she is reprimanding him/her,,FullEventful,become,,False,hska,hska,False,False,False,False,False,a,con,False,none,False,False,False,False,False,True,False
400,he/she is reprimanding him/her,,FullEventful,become,,False,hska,hska,False,False,False,False,False,a,s_stem,False,none,False,False,False,False,False,False,False
400,he/she is reprimanding him/her,,FullEventful,become,,False,hska,hska,False,False,False,False,False,a,s_stem,False,none,False,False,False,False,False,True,False
400,he/she is reprimanding him/her,,FullEventful,become[inf3],become-long[a],False,hsk,hsk,False,False,False,False,False,a,con,False,none,False,False,False,False,False,False,False
400,he/she is reprimanding him/her,,FullEventful,become[inf3],become-long[a],False,hsk,hsk,False,False,False,False,False,a,con,False,none,False,False,False,False,False,True,False
400,he/she is reprimanding him/her,,FullEventful,become[inf3],become-long[a],False,hsk,hsk,False,False,False,False,False,a,s_stem,False,none,False,False,False,False,False,False,False
400,he/she is reprimanding him/her,,FullEventful,become[inf3],become-long[a],False,hsk,hsk,False,False,False,False,False,a,s_stem,False,none,False,False,False,False,False,True,False
400,he/she is reprimanding him/her,,FullEventful,become[inf3],,False,hska,hska,False,False,False,False,False,a,con,False,none,False,False,False,False,False,False,False
400,he/she is reprimanding him/her,,FullEventful,become[inf3],,False,hska,hska,False,False,False,False,False,a,con,False,none,False,False,False,False,False,True,False
400,he/she is reprimanding him/her,,FullEventful,become[inf3],,False,hska,hska,False,False,False,False,False,a,s_stem,False,none,False,False,False,False,False,False,False
400,he/she is reprimanding him/her,,FullEventful,become[inf3],,False,hska,hska,False,False,False,False,False,a,s_stem,False,none,False,False,False,False,False,True,False
405,he/she is committing a crime,,FullEventful,become,,False,hskanv,hskanv,False,False,False,False,False,a,con,False,none,False,False,False,False,False,False,False
405,he/she is committing a crime,,FullEventful,become,,False,hskanv,hskanv,False,False,False,False,False,a,con,False,none,False,False,False,False,False,True,False
405,he/she is committing a crime,,FullEventful,become,,False,hskanv,hskanv,False,False,False,False,False,a,s_stem,False,none,False,False,False,False,False,False,False
405,he/she is committing a crime,,FullEventful,become,,False,hskanv,hskanv,False,False,False,False,False,a,s_stem,False,none,False,False,False,False,False,True,False
405,he/she is committing a crime,,FullEventful,become[inf3],,False,hskanv,hskanv,False,False,False,False,False,a,con,False,none,False,False,False,False,False,False,False
405,he/she is committing a crime,,FullEventful,become[inf3],,False,hskanv,hskanv,False,False,False,False,False,a,con,False,none,False,False,False,False,False,True,False
405,he/she is committing a crime,,FullEventful,become[inf3],,False,hskanv,hskanv,False,False,False,False,False,a,s_stem,False,none,False,False,False,False,False,False,False
405,he/she is committing a crime,,FullEventful,become[inf3],,False,hskanv,hskanv,False,False,False,False,False,a,s_stem,False,none,False,False,False,False,False,True,False
411,he/she is gnawing it,,FullEventful,i-a-i,,False,hskok,hskok,False,False,False,False,False,a,con,False,none,False,False,False,False,False,False,False
411,he/she is gnawing it,,FullEventful,i-a-i,,False,hskok,hskok,False,False,False,False,False,a,con,False,none,False,False,False,False,False,True,False
411,he/she is gnawing it,,FullEventful,i-a-i,,False,hskok,hskok,False,False,False,False,False,a,s_stem,False,none,False,False,False,False,False,False,False
411,he/she is gnawing it,,FullEventful,i-a-i,,False,hskok,hskok,False,False,False,False,False,a,s_stem,False,none,False,False,False,False,False,True,False
412,he/she is mourning for him/her,,FullEventful,hih-hil,,False,hskon,hskon,False,False,False,False,False,a,con,False,none,False,False,False,False,False,False,False
412,he/she is mourning for him/her,,FullEventful,hih-hil,,False,hskon,hskon,False,False,False,False,False,a,con,False,none,False,False,False,False,False,True,False
412,he/she is mourning for him/her,,FullEventful,hih-hil,,False,hskon,hskon,False,False,False,False,False,a,s_stem,False,none,False,False,False,False,False,False,False
412,he/she is mourning for him/her,,FullEventful,hih-hil,,False,hskon,hskon,False,False,False,False,False,a,s_stem,False,none,False,False,False,False,False,True,False
413,he/she is rubbing him/her,,FullEventful,e-a,,False,ahskoliy,ahskoliy,False,False,False,False,False,a,vowel_a,False,none,False,False,False,False,False,True,False
414,he/she is erasing it,,FullEventful,i-a-i,long[no-a],False,hskolv,hskolv,False,False,False,False,False,a,con,False,none,False,False,False,False,False,False,False
414,he/she is erasing it,,FullEventful,i-a-i,long[no-a],False,hskolv,hskolv,False,False,False,False,False,a,con,False,none,False,False,False,False,False,True,False
414,he/she is erasing it,,FullEventful,i-a-i,long[no-a],False,hskolv,hskolv,False,False,False,False,False,a,s_stem,False,none,False,False,False,False,False,False,False
414,he/she is erasing it,,FullEventful,i-a-i,long[no-a],False,hskolv,hskolv,False,False,False,False,False,a,s_stem,False,none,False,False,False,False,False,True,False
414,he/she is erasing it,,FullEventful,i-a-i,,False,hskolvt,hskolvt,False,False,False,False,False,a,con,False,none,False,False,False,False,False,False,False
414,he/she is erasing it,,FullEventful,i-a-i,,False,hskolvt,hskolvt,False,False,False,False,False,a,con,False,none,False,False,False,False,False,True,False
414,he/she is erasing it,,FullEventful,i-a-i,,False,hskolvt,hskolvt,False,False,False,False,False,a,s_stem,False,none,False,False,False,False,False,False,False
414,he/she is erasing it,,FullEventful,i-a-i,,False,hskolvt,hskolvt,False,False,False,False,False,a,s_stem,False,none,False,False,False,False,False,True,False
416,it’s fading,,FullEventful,become,,False,ahskolv,,False,False,False,False,False,a,vowel_a,False,none,False,False,False,False,False,False,False
416,it’s fading,,FullEventful,become,,False,ahskolv,,False,False,True,False,False,a,vowel_a,False,none,False,False,False,False,False,False,False
416,it’s fading,,FullEventful,become,,False,ahskolv,,False,False,False,False,False,a,vowel_a,False,none,False,False,False,False,False,True,False
416,it’s fading,,FullEventful,become,,False,ahskolv,,False,False,True,False,False,a,vowel_a,False,none,False,False,False,False,False,True,False
416,it’s fading,,FullEventful,become,,False,hskolv,,False,False,False,False,False,a,con,False,none,False,False,False,False,False,False,False
416,it’s fading,,FullEventful,become,,False,hskolv,,False,False,True,False,False,a,con,False,none,False,False,False,False,False,False,False
416,it’s fading,,FullEventful,become,,False,hskolv,,False,False,False,False,False,a,con,False,none,False,False,False,False,False,True,False
416,it’s fading,,FullEventful,become,,False,hskolv,,False,False,True,False,False,a,con,False,none,False,False,False,False,False,True,False
416,it’s fading,,FullEventful,become,,False,hskolv,,False,False,False,False,False,a,s_stem,False,none,False,False,False,False,False,False,False
416,it’s fading,,FullEventful,become,,False,hskolv,,False,False,True,False,False,a,s_stem,False,none,False,False,False,False,False,False,False
416,it’s fading,,FullEventful,become,,False,hskolv,,False,False,False,False,False,a,s_stem,False,none,False,False,False,False,False,True,False
416,it’s fading,,FullEventful,become,,False,hskolv,,False,False,True,False,False,a,s_stem,False,none,False,False,False,False,False,True,False
416,it’s fading,,FullEventful,become[inf3],,False,ahskolv,,False,False,False,False,False,a,vowel_a,False,none,False,False,False,False,False,False,False
416,it’s fading,,FullEventful,become[inf3],,False,ahskolv,,False,False,True,False,False,a,vowel_a,False,none,False,False,False,False,False,False,False
416,it’s fading,,FullEventful,become[inf3],,False,ahskolv,,False,False,False,False,False,a,vowel_a,False,none,False,False,False,False,False,True,False
416,it’s fading,,FullEventful,become[inf3],,False,ahskolv,,False,False,True,False,False,a,vowel_a,False,none,False,False,False,False,False,True,False
416,it’s fading,,FullEventful,become[inf3],,False,hskolv,,False,False,False,False,False,a,con,False,none,False,False,False,False,False,False,False
416,it’s fading,,FullEventful,become[inf3],,False,hskolv,,False,False,True,False,False,a,con,False,none,False,False,False,False,False,False,False
416,it’s fading,,FullEventful,become[inf3],,False,hskolv,,False,False,False,False,False,a,con,False,none,False,False,False,False,False,True,False
416,it’s fading,,FullEventful,become[inf3],,False,hskolv,,False,False,True,False,False,a,con,False,none,False,False,False,False,False,True,False
416,it’s fading,,FullEventful,become[inf3],,False,hskolv,,False,False,False,False,False,a,s_stem,False,none,False,False,False,False,False,False,False
416,it’s fading,,FullEventful,become[inf3],,False,hskolv,,False,False,True,False,False,a,s_stem,False,none,False,False,False,False,False,False,False
416,it’s fading,,FullEventful,become[inf3],,False,hskolv,,False,False,False,False,False,a,s_stem,False,none,False,False,False,False,False,True,False
416,it’s fading,,FullEventful,become[inf3],,False,hskolv,,False,False,True,False,False,a,s_stem,False,none,False,False,False,False,False,True,False
417,he/she is digging it,,FullEventful,sk-s-hst,,False,ahsko,ahsko,False,False,False,False,False,a,vowel_a,False,none,False,False,False,False,False,False,False
417,he/she is digging it,,FullEventful,sk-s-la,,False,ahsko,ahsko,False,False,False,False,False,a,vowel_a,False,none,False,False,False,False,False,False,False
419,he/she is finishing it,,FullEventful,i-a-i,long,False,hskw,hskw,False,False,False,False,False,a,con,False,none,False,False,False,False,False,False,False
419,he/she is finishing it,,FullEventful,i-a-i,long,False,hskw,hskw,False,False,False,False,False,a,con,False,none,False,False,False,False,False,True,False
419,he/she is finishing it,,FullEventful,i-a-i,long,False,hskw,hskw,False,False,False,False,False,a,s_stem,False,none,False,False,False,False,False,False,False
419,he/she is finishing it,,FullEventful,i-a-i,long,False,hskw,hskw,False,False,False,False,False,a,s_stem,False,none,False,False,False,False,False,True,False
419,he/she is finishing it,,FullEventful,i-a-i,long[no-a],False,hskwa,hskwa,False,False,False,False,False,a,con,False,none,False,False,False,False,False,False,False
419,he/she is finishing it,,FullEventful,i-a-i,long[no-a],False,hskwa,hskwa,False,False,False,False,False,a,con,False,none,False,False,False,False,False,True,False
419,he/she is finishing it,,FullEventful,i-a-i,long[no-a],False,hskwa,hskwa,False,False,False,False,False,a,s_stem,False,none,False,False,False,False,False,False,False
419,he/she is finishing it,,FullEventful,i-a-i,long[no-a],False,hskwa,hskwa,False,False,False,False,False,a,s_stem,False,none,False,False,False,False,False,True,False
419,he/she is finishing it,,FullEventful,i-a-i,,False,hskwat,hskwat,False,False,False,False,False,a,con,False,none,False,False,False,False,False,False,False
419,he/she is finishing it,,FullEventful,i-a-i,,False,hskwat,hskwat,False,False,False,False,False,a,con,False,none,False,False,False,False,False,True,False
419,he/she is finishing it,,FullEventful,i-a-i,,False,hskwat,hskwat,False,False,False,False,False,a,s_stem,False,none,False,False,False,False,False,False,False
419,he/she is finishing it,,FullEventful,i-a-i,,False,hskwat,hskwat,False,False,False,False,False,a,s_stem,False,none,False,False,False,False,False,True,False
421,he/she is catching him/her (refers to a falling person or object),,FullEventful,rev-e,,False,hskwalh,hskwalh,False,False,False,False,False,a,con,False,none,False,False,False,False,False,False,False
421,he/she is catching him/her (refers to a falling person or object),,FullEventful,rev-e,,False,hskwalh,hskwalh,False,False,False,False,False,a,con,False,none,False,False,False,False,False,True,False
421,he/she is catching him/her (refers to a falling person or object),,FullEventful,rev-e,,False,hskwalh,hskwalh,False,False,False,False,False,a,s_stem,False,none,False,False,False,False,False,False,False
421,he/she is catching him/her (refers to a falling person or object),,FullEventful,rev-e,,False,hskwalh,hskwalh,False,False,False,False,False,a,s_stem,False,none,False,False,False,False,False,True,False
423,it’s getting shorter,,FullEventful,become,become-long[o],False,hskwal,hskwal,False,False,False,False,False,a,con,False,none,False,False,False,False,False,False,False
423,it’s getting shorter,,FullEventful,become,become-long[o],False,hskwal,hskwal,False,False,False,False,False,a,con,False,none,False,False,False,False,False,True,False
423,it’s getting shorter,,FullEventful,become,become-long[o],False,hskwal,hskwal,False,False,False,False,False,a,s_stem,False,none,False,False,False,False,False,False,False
423,it’s getting shorter,,FullEventful,become,become-long[o],False,hskwal,hskwal,False,False,False,False,False,a,s_stem,False,none,False,False,False,False,False,True,False
423,it’s getting shorter,,FullEventful,become,,False,hskwalo,hskwalo,False,False,False,False,False,a,con,False,none,False,False,False,False,False,False,False
423,it’s getting shorter,,FullEventful,become,,False,hskwalo,hskwalo,False,False,False,False,False,a,con,False,none,False,False,False,False,False,True,False
423,it’s getting shorter,,FullEventful,become,,False,hskwalo,hskwalo,False,False,False,False,False,a,s_stem,False,none,False,False,False,False,False,False,False
423,it’s getting shorter,,FullEventful,become,,False,hskwalo,hskwalo,False,False,False,False,False,a,s_stem,False,none,False,False,False,False,False,True,False
423,it’s getting shorter,,FullEventful,become[inf3],become-long[o],False,hskwal,hskwal,False,False,False,False,False,a,con,False,none,False,False,False,False,False,False,False
423,it’s getting shorter,,FullEventful,become[inf3],become-long[o],False,hskwal,hskwal,False,False,False,False,False,a,con,False,none,False,False,False,False,False,True,False
423,it’s getting shorter,,FullEventful,become[inf3],become-long[o],False,hskwal,hskwal,False,False,False,False,False,a,s_stem,False,none,False,False,False,False,False,False,False
423,it’s getting shorter,,FullEventful,become[inf3],become-long[o],False,hskwal,hskwal,False,False,False,False,False,a,s_stem,False,none,False,False,False,False,False,True,False
423,it’s getting shorter,,FullEventful,become[inf3],,False,hskwalo,hskwalo,False,False,False,False,False,a,con,False,none,False,False,False,False,False,False,False
423,it’s getting shorter,,FullEventful,become[inf3],,False,hskwalo,hskwalo,False,False,False,False,False,a,con,False,none,False,False,False,False,False,True,False
423,it’s getting shorter,,FullEventful,become[inf3],,False,hskwalo,hskwalo,False,False,False,False,False,a,s_stem,False,none,False,False,False,False,False,False,False
423,it’s getting shorter,,FullEventful,become[inf3],,False,hskwalo,hskwalo,False,False,False,False,False,a,s_stem,False,none,False,False,False,False,False,True,False
424,he/she is breaking it (refers to a long object),,FullEventful,sk-s-a[inf2],,False,hskwal,hskwal,False,False,False,False,False,a,con,False,none,False,False,False,False,False,False,False
424,he/she is breaking it (refers to a long object),,FullEventful,sk-s-a[inf2],,False,hskwal,hskwal,False,False,False,False,False,a,con,False,none,False,False,False,False,False,True,False
424,he/she is breaking it (refers to a long object),,FullEventful,sk-s-a[inf2],,False,hskwal,hskwal,False,False,False,False,False,a,s_stem,False,none,False,False,False,False,False,False,False
424,he/she is breaking it (refers to a long object),,FullEventful,sk-s-a[inf2],,False,hskwal,hskwal,False,False,False,False,False,a,s_stem,False,none,False,False,False,False,False,True,False
425,he/she is hitting him/her on the head with it (refers to a long object),,FullEventful,ih-il,hitting[il],False,hskwal,hskwal,False,False,False,False,False,a,con,False,none,False,False,False,False,False,False,False
425,he/she is hitting him/her on the head with it (refers to a long object),,FullEventful,ih-il,hitting[il],False,hskwal,hskwal,False,False,False,False,False,a,con,False,none,False,False,False,False,False,True,False
425,he/she is hitting him/her on the head with it (refers to a long object),,FullEventful,ih-il,hitting[il],False,hskwal,hskwal,False,False,False,False,False,a,s_stem,False,none,False,False,False,False,False,False,False
425,he/she is hitting him/her on the head with it (refers to a long object),,FullEventful,ih-il,hitting[il],False,hskwal,hskwal,False,False,False,False,False,a,s_stem,False,none,False,False,False,False,False,True,False
425,he/she is hitting him/her on the head with it (refers to a long object),,FullEventful,ih-il,,False,hskwalvn,hskwalvn,False,False,False,False,False,a,con,False,none,False,False,False,False,False,False,False
425,he/she is hitting him/her on the head with it (refers to a long object),,FullEventful,ih-il,,False,hskwalvn,hskwalvn,False,False,False,False,False,a,con,False,none,False,False,False,False,False,True,False
425,he/she is hitting him/her on the head with it (refers to a long object),,FullEventful,ih-il,,False,hskwalvn,hskwalvn,False,False,False,False,False,a,s_stem,False,none,False,False,False,False,False,False,False
425,he/she is hitting him/her on the head with it (refers to a long object),,FullEventful,ih-il,,False,hskwalvn,hskwalvn,False,False,False,False,False,a,s_stem,False,none,False,False,False,False,False,True,False
427,he/she is amazed,,FullEventful,sk-s-hi-hihst,,False,hskwaniko,hskwaniko,False,False,False,False,False,a,con,False,none,False,False,False,False,False,False,False
427,he/she is amazed,,FullEventful,sk-s-hi-hihst,,False,hskwaniko,hskwaniko,False,False,False,False,False,a,con,False,none,False,False,False,False,False,True,False
427,he/she is amazed,,FullEventful,sk-s-hi-hihst,,False,hskwaniko,hskwaniko,False,False,False,False,False,a,s_stem,False,none,False,False,False,False,False,False,False
427,he/she is amazed,,FullEventful,sk-s-hi-hihst,,False,hskwaniko,hskwaniko,False,False,False,False,False,a,s_stem,False,none,False,False,False,False,False,True,False
427,he/she is amazed,,FullEventful,sk-s-hst,,False,hskwaniko,hskwaniko,False,False,False,False,False,a,con,False,none,False,False,False,False,False,False,False
427,he/she is amazed,,FullEventful,sk-s-hst,,False,hskwaniko,hskwaniko,False,False,False,False,False,a,con,False,none,False,False,False,False,False,True,False
427,he/she is amazed,,FullEventful,sk-s-hst,,False,hskwaniko,hskwaniko,False,False,False,False,False,a,s_stem,False,none,False,False,False,False,False,False,False
427,he/she is amazed,,FullEventful,sk-s-hst,,False,hskwaniko,hskwaniko,False,False,False,False,False,a,s_stem,False,none,False,False,False,False,False,True,False
427,he/she is amazed,,FullEventful,sk-s-hst[imp2],,False,hskwaniko,hskwaniko,False,False,False,False,False,a,con,False,none,False,False,False,False,False,False,False
427,he/she is amazed,,FullEventful,sk-s-hst[imp2],,False,hskwaniko,hskwaniko,False,False,False,False,False,a,con,False,none,False,False,False,False,False,True,False
427,he/she is amazed,,FullEventful,sk-s-hst[imp2],,False,hskwaniko,hskwaniko,False,False,False,False,False,a,s_stem,False,none,False,False,False,False,False,False,False
427,he/she is amazed,,FullEventful,sk-s-hst[imp2],,False,hskwaniko,hskwaniko,False,False,False,False,False,a,s_stem,False,none,False,False,False,False,False,True,False
429,he/she is hitting him/her on the abdomen with it (refers to a long object),,FullEventful,ih-il,hitting[il],False,hskwohal,hskwohal,False,False,False,False,False,a,con,False,none,False,False,False,False,False,False,False
429,he/she is hitting him/her on the abdomen with it (refers to a long object),,FullEventful,ih-il,hitting[il],False,hskwohal,hskwohal,False,False,False,False,False,a,con,False,none,False,False,False,False,False,True,False
429,he/she is hitting him/her on the abdomen with it (refers to a long object),,FullEventful,ih-il,hitting[il],False,hskwohal,hskwohal,False,False,False,False,False,a,s_stem,False,none,False,False,False,False,False,False,False
429,he/she is hitting him/her on the abdomen with it (refers to a long object),,FullEventful,ih-il,hitting[il],False,hskwohal,hskwohal,False,False,False,False,False,a,s_stem,False,none,False,False,False,False,False,True,False
429,he/she is hitting him/her on the abdomen with it (refers to a long object),,FullEventful,ih-il,,False,hskwohalvn,hskwohalvn,False,False,False,False,False,a,con,False,none,False,False,False,False,False,False,False
429,he/she is hitting him/her on the abdomen with it (refers to a long object),,FullEventful,ih-il,,False,hskwohalvn,hskwohalvn,False,False,False,False,False,a,con,False,none,False,False,False,False,False,True,False
429,he/she is hitting him/her on the abdomen with it (refers to a long object),,FullEventful,ih-il,,False,hskwohalvn,hskwohalvn,False,False,False,False,False,a,s_stem,False,none,False,False,False,False,False,False,False
429,he/she is hitting him/her on the abdomen with it (refers to a long object),,FullEventful,ih-il,,False,hskwohalvn,hskwohalvn,False,False,False,False,False,a,s_stem,False,none,False,False,False,False,False,True,False
430,he/she is placing his/her hand on him/her,,FullEventful,i-a-i,long,False,ahsihth,ahsihth,False,False,False,False,False,a,vowel_a,False,none,False,False,False,False,False,True,False
430,he/she is placing his/her hand on him/her,,FullEventful,i-a-i,long[no-a],False,ahsihtha,ahsihtha,False,False,False,False,False,a,vowel_a,False,none,False,False,False,False,False,True,False
430,he/she is placing his/her hand on him/her,,FullEventful,i-a-i,,False,ahsihthat,ahsihthat,False,False,False,False,False,a,vowel_a,False,none,False,False,False,False,False,True,False
431,he/she is slapping him/her,,FullEventful,ih-il,hitting[il],False,ahsihth,ahsihth,False,False,False,False,False,a,vowel_a,False,none,False,False,False,False,False,True,False
431,he/she is slapping him/her,,FullEventful,ih-il,,False,ahsihthvn,ahsihthvn,False,False,False,False,False,a,vowel_a,False,none,False,False,False,False,False,True,False
432,he/she is backing up,,FullEventful,go,in,False,ahs,ahs,False,False,False,False,False,a,vowel_a,False,none,False,False,False,False,False,False,False
432,he/she is backing up,,FullEventful,go,,False,ahsin,ahsin,False,False,False,False,False,a,vowel_a,False,none,False,False,False,False,False,False,False
432,he/she is backing up,,FullEventful,go[pres2],,False,ahsinek,ahsinek,False,False,False,False,False,a,vowel_a,False,none,False,False,False,False,False,False,False
436,he/she is roping him/her,,FullEventful,i-a-i,long,False,hslh,hslh,False,False,False,False,False,a,con,False,none,False,False,False,False,False,False,False
436,he/she is roping him/her,,FullEventful,i-a-i,long,False,hslh,hslh,False,False,False,False,False,a,con,False,none,False,False,False,False,False,True,False
436,he/she is roping him/her,,FullEventful,i-a-i,long,False,hslh,hslh,False,False,False,False,False,a,s_stem,False,none,False,False,False,False,False,False,False
436,he/she is roping him/her,,FullEventful,i-a-i,long,False,hslh,hslh,False,False,False,False,False,a,s_stem,False,none,False,False,False,False,False,True,False
436,he/she is roping him/her,,FullEventful,i-a-i,long[no-a],False,hslha,hslha,False,False,False,False,False,a,con,False,none,False,False,False,False,False,False,False
436,he/she is roping him/her,,FullEventful,i-a-i,long[no-a],False,hslha,hslha,False,False,False,False,False,a,con,False,none,False,False,False,False,False,True,False
436,he/she is roping him/her,,FullEventful,i-a-i,long[no-a],False,hslha,hslha,False,False,False,False,False,a,s_stem,False,none,False,False,False,False,False,False,False
436,he/she is roping him/her,,FullEventful,i-a-i,long[no-a],False,hslha,hslha,False,False,False,False,False,a,s_stem,False,none,False,False,False,False,False,True,False
436,he/she is roping him/her,,FullEventful,i-a-i,,False,hslhat,hslhat,False,False,False,False,False,a,con,False,none,False,False,False,False,False,False,False
436,he/she is roping him/her,,FullEventful,i-a-i,,False,hslhat,hslhat,False,False,False,False,False,a,con,False,none,False,False,False,False,False,True,False
436,he/she is roping him/her,,FullEventful,i-a-i,,False,hslhat,hslhat,False,False,False,False,False,a,s_stem,False,none,False,False,False,False,False,False,False
436,he/she is roping him/her,,FullEventful,i-a-i,,False,hslhat,hslhat,False,False,False,False,False,a,s_stem,False,none,False,False,False,False,False,True,False
437,he/she is building a fence,,FullEventful,oh-al,,False,ahsoy,ahsoy,False,False,False,False,False,a,vowel_a,False,none,False,False,False,False,False,False,False
439,he/she is waving his/her hand,,FullEventful,rev-gi,,False,ahsolvta,ahsolvta,False,False,False,False,False,a,vowel_a,False,none,False,False,False,False,False,False,False
439,he/she is waving his/her hand,,FullEventful,rev-i,,False,ahsolvtak,ahsolvtak,False,False,False,False,False,a,vowel_a,False,none,False,False,False,False,False,False,False
440,he/she is pressing down on him/her,,FullEventful,cause,,False,ahsonhst,ahsonhst,False,False,False,False,False,a,vowel_a,False,none,False,False,False,False,False,True,False
440,he/she is pressing down on him/her,,FullEventful,cause[perf3],,False,ahsonhst,ahsonhst,False,False,False,False,False,a,vowel_a,False,none,False,False,False,False,False,True,False
440,he/she is pressing down on him/her,,FullEventful,cause[pres2-perf3],,False,ahsonhstih,ahsonhstih,False,False,False,False,False,a,vowel_a,False,none,False,False,False,False,False,True,False
440,he/she is pressing down on him/her,,FullEventful,cause[pres2],,False,ahsonhstih,ahsonhstih,False,False,False,False,False,a,vowel_a,False,none,False,False,False,False,False,True,False
441,he/she is wounding him/her,,FullEventful,sk-h,,False,hsonv,hsonv,False,False,False,False,False,a,con,False,none,False,False,False,False,False,False,False
441,he/she is wounding him/her,,FullEventful,sk-h,,False,hsonv,hsonv,False,False,False,False,False,a,con,False,none,False,False,False,False,False,True,False
441,he/she is wounding him/her,,FullEventful,sk-h,,False,hsonv,hsonv,False,False,False,False,False,a,s_stem,False,none,False,False,False,False,False,False,False
441,he/she is wounding him/her,,FullEventful,sk-h,,False,hsonv,hsonv,False,False,False,False,False,a,s_stem,False,none,False,False,False,False,False,True,False
441,he/she is wounding him/her,,FullEventful,sk-h[imp2],,False,hsonv,hsonv,False,False,False,False,False,a,con,False,none,False,False,False,False,False,False,False
441,he/she is wounding him/her,,FullEventful,sk-h[imp2],,False,hsonv,hsonv,False,False,False,False,False,a,con,False,none,False,False,False,False,False,True,False
441,he/she is wounding him/her,,FullEventful,sk-h[imp2],,False,hsonv,hsonv,False,False,False,False,False,a,s_stem,False,none,False,False,False,False,False,False,False
441,he/she is wounding him/her,,FullEventful,sk-h[imp2],,False,hsonv,hsonv,False,False,False,False,False,a,s_stem,False,none,False,False,False,False,False,True,False
441,he/she is wounding him/her,,FullEventful,vnh-vsk[inf4],,False,hson,hson,False,False,False,False,False,a,con,False,none,False,False,False,False,False,False,False
441,he/she is wounding him/her,,FullEventful,vnh-vsk[inf4],,False,hson,hson,False,False,False,False,False,a,con,False,none,False,False,False,False,False,True,False
441,he/she is wounding him/her,,FullEventful,vnh-vsk[inf4],,False,hson,hson,False,False,False,False,False,a,s_stem,False,none,False,False,False,False,False,False,False
441,he/she is wounding him/her,,FullEventful,vnh-vsk[inf4],,False,hson,hson,False,False,False,False,False,a,s_stem,False,none,False,False,False,False,False,True,False
444,he/she is fishing,,FullEventful,hvsk-nh,,False,ahsu,ahsu,False,False,False,False,False,a,vowel_a,False,none,False,False,False,False,False,False,False
444,he/she is fishing,,FullEventful,hvsk-nh[inf2],,False,ahsu,ahsu,False,False,False,False,False,a,vowel_a,False,none,False,False,False,False,False,False,False
445,he/she is painting it,,FullEventful,i-a-ihsk,,False,hsuwh,hsuwh,False,False,False,False,False,a,con,False,none,False,False,False,False,False,False,False
445,he/she is painting it,,FullEventful,i-a-ihsk,,False,hsuwh,hsuwh,False,False,False,False,False,a,con,False,none,False,False,False,False,False,True,False
445,he/she is painting it,,FullEventful,i-a-ihsk,,False,hsuwh,hsuwh,False,False,False,False,False,a,s_stem,False,none,False,False,False,False,False,False,False
445,he/she is painting it,,FullEventful,i-a-ihsk,,False,hsuwh,hsuwh,False,False,False,False,False,a,s_stem,False,none,False,False,False,False,False,True,False
445,he/she is painting it,,FullEventful,sk-s-hst,,False,hsuwhi,hsuwhi,False,False,False,False,False,a,con,False,none,False,False,False,False,False,False,False
445,he/she is painting it,,FullEventful,sk-s-hst,,False,hsuwhi,hsuwhi,False,False,False,False,False,a,con,False,none,False,False,False,False,False,True,False
445,he/she is painting it,,FullEventful,sk-s-hst,,False,hsuwhi,hsuwhi,False,False,False,False,False,a,s_stem,False,none,False,False,False,False,False,False,False
445,he/she is painting it,,FullEventful,sk-s-hst,,False,hsuwhi,hsuwhi,False,False,False,False,False,a,s_stem,False,none,False,False,False,False,False,True,False
446,he/she is changing his/her pants,,FullEventful,v-vhs,change-out[flexible],False,ahsul,ahsul,False,False,False,False,False,a,vowel_a,False,none,False,False,False,False,False,False,False
446,he/she is changing his/her pants,,FullEventful,v-vhs,change-out,False,ahsula',ahsula',False,False,False,False,False,a,vowel_a,False,none,False,False,False,False,False,False,False
446,he/she is changing his/her pants,,FullEventful,v-vhs,,False,ahsula'iy,ahsula'iy,False,False,False,False,False,a,vowel_a,False,none,False,False,False,False,False,False,False
447,he/she is taking his/her pants off,,FullEventful,rev-e,,False,ahsul,ahsul,False,False,False,False,False,a,vowel_a,False,none,False,False,False,False,False,False,False
448,he/she is putting his/her pants on,,FullEventful,i-vka,,False,ahsul,ahsul,False,False,False,False,False,a,vowel_a,False,none,False,False,False,False,False,False,False
449,he/she is quitting,,FullEventful,ko-kots,,False,hsuli,hsuli,False,False,False,False,False,a,con,False,none,False,False,False,False,False,False,False
449,he/she is quitting,,FullEventful,ko-kots,,False,hsuli,hsuli,False,False,False,False,False,a,con,False,none,False,False,False,False,False,True,False
449,he/she is quitting,,FullEventful,ko-kots,,False,hsuli,hsuli,False,False,False,False,False,a,s_stem,False,none,False,False,False,False,False,False,False
449,he/she is quitting,,FullEventful,ko-kots,,False,hsuli,hsuli,False,False,False,False,False,a,s_stem,False,none,False,False,False,False,False,True,False
452,he/she is choosing him/her,,FullEventful,rev-e,,False,ahsuy,ahsuy,False,False,False,False,False,a,vowel_a,False,none,False,False,False,False,False,True,False
453,he/she is stirring it,,FullEventful,apl-active,,False,ahsuy,ahsuy,False,False,False,False,False,a,vowel_a,False,none,False,False,False,False,False,False,False
453,he/she is stirring it,,FullEventful,apl-active-a,,False,ahsuy,ahsuy,False,False,False,False,False,a,vowel_a,False,none,False,False,False,False,False,False,False
454,he/she is mixing it in,,FullEventful,vsk,,False,ahsuy,ahsuy,False,False,False,False,False,a,vowel_a,False,none,False,False,False,False,False,False,False
454,he/she is mixing it in,,FullEventful,vsk[imp2],,False,ahsuy,ahsuy,False,False,False,False,False,a,vowel_a,False,none,False,False,False,False,False,False,False
455,it smells,,FullEventful,become,,False,:hsv,:hsv,False,False,False,False,False,a,long,False,none,False,False,False,False,False,False,False
455,it smells,,FullEventful,become,,False,:hsv,:hsv,False,False,True,False,False,a,long,False,none,False,False,False,False,False,False,False
455,it smells,,FullEventful,become,,False,hsv,hsv,False,False,False,False,False,a,con,False,none,False,False,False,False,False,False,False
455,it smells,,FullEventful,become,,False,hsv,hsv,False,False,True,False,False,a,con,False,none,False,False,False,False,False,False,False
455,it smells,,FullEventful,become,,False,hsv,hsv,False,False,False,False,False,a,con,False,none,False,False,False,False,False,True,False
455,it smells,,FullEventful,become,,False,hsv,hsv,False,False,True,False,False,a,con,False,none,False,False,False,False,False,True,False
455,it smells,,FullEventful,become,,False,hsv,hsv,False,False,False,False,False,a,s_stem,False,none,False,False,False,False,False,False,False
455,it smells,,FullEventful,become,,False,hsv,hsv,False,False,True,False,False,a,s_stem,False,none,False,False,False,False,False,False,False
455,it smells,,FullEventful,become,,False,hsv,hsv,False,False,False,False,False,a,s_stem,False,none,False,False,False,False,False,True,False
455,it smells,,FullEventful,become,,False,hsv,hsv,False,False,True,False,False,a,s_stem,False,none,False,False,False,False,False,True,False
455,it smells,,FullEventful,stative,,True,:hsvk,:hsvk,True,False,False,False,False,a,long,False,none,False,False,False,False,False,False,False
455,it smells,,FullEventful,stative,,True,:hsvk,:hsvk,True,False,True,False,False,a,long,False,none,False,False,False,False,False,False,False
455,it smells,,FullEventful,stative,,True,hsvk,hsvk,True,False,False,False,False,a,con,False,none,False,False,False,False,False,False,False
455,it smells,,FullEventful,stative,,True,hsvk,hsvk,True,False,True,False,False,a,con,False,none,False,False,False,False,False,False,False
455,it smells,,FullEventful,stative,,True,hsvk,hsvk,True,False,False,False,False,a,con,False,none,False,False,False,False,False,True,False
455,it smells,,FullEventful,stative,,True,hsvk,hsvk,True,False,True,False,False,a,con,False,none,False,False,False,False,False,True,False
455,it smells,,FullEventful,stative,,True,hsvk,hsvk,True,False,False,False,False,a,s_stem,False,none,False,False,False,False,False,False,False
455,it smells,,FullEventful,stative,,True,hsvk,hsvk,True,False,True,False,False,a,s_stem,False,none,False,False,False,False,False,False,False
455,it smells,,FullEventful,stative,,True,hsvk,hsvk,True,False,False,False,False,a,s_stem,False,none,False,False,False,False,False,True,False
455,it smells,,FullEventful,stative,,True,hsvk,hsvk,True,False,True,False,False,a,s_stem,False,none,False,False,False,False,False,True,False
455,it smells,,FullEventful,stative-k,,True,:hsv,:hsv,True,False,False,False,False,a,long,False,none,False,False,False,False,False,False,False
455,it smells,,FullEventful,stative-k,,True,:hsv,:hsv,True,False,True,False,False,a,long,False,none,False,False,False,False,False,False,False
455,it smells,,FullEventful,stative-k,,True,hsv,hsv,True,False,False,False,False,a,con,False,none,False,False,False,False,False,False,False
455,it smells,,FullEventful,stative-k,,True,hsv,hsv,True,False,True,False,False,a,con,False,none,False,False,False,False,False,False,False
455,it smells,,FullEventful,stative-k,,True,hsv,hsv,True,False,False,False,False,a,con,False,none,False,False,False,False,False,True,False
455,it smells,,FullEventful,stative-k,,True,hsv,hsv,True,False,True,False,False,a,con,False,none,False,False,False,False,False,True,False
455,it smells,,FullEventful,stative-k,,True,hsv,hsv,True,False,False,False,False,a,s_stem,False,none,False,False,False,False,False,False,False
455,it smells,,FullEventful,stative-k,,True,hsv,hsv,True,False,True,False,False,a,s_stem,False,none,False,False,False,False,False,False,False
455,it smells,,FullEventful,stative-k,,True,hsv,hsv,True,False,False,False,False,a,s_stem,False,none,False,False,False,False,False,True,False
455,it smells,,FullEventful,stative-k,,True,hsv,hsv,True,False,True,False,False,a,s_stem,False,none,False,False,False,False,False,True,False
458,he/she is touching him/her,,FullEventful,hih-hil,hitting[hil],False,ahs,ahs,False,False,False,False,False,a,vowel_a,False,none,False,False,False,False,False,True,False
458,he/she is touching him/her,,FullEventful,hih-hil,,False,ahsvn,ahsvn,False,False,False,False,False,a,vowel_a,False,none,False,False,False,False,False,True,False
459,he/she is drinking it up,,FullEventful,sk-h,,False,hsvhv,hsvhv,False,False,False,False,False,a,con,False,none,False,False,False,False,False,False,False
459,he/she is drinking it up,,FullEventful,sk-h,,False,hsvhv,hsvhv,False,False,False,False,False,a,con,False,none,False,False,False,False,False,True,False
459,he/she is drinking it up,,FullEventful,sk-h,,False,hsvhv,hsvhv,False,False,False,False,False,a,s_stem,False,none,False,False,False,False,False,False,False
459,he/she is drinking it up,,FullEventful,sk-h,,False,hsvhv,hsvhv,False,False,False,False,False,a,s_stem,False,none,False,False,False,False,False,True,False
459,he/she is drinking it up,,FullEventful,sk-h[imp2],,False,hsvhv,hsvhv,False,False,False,False,False,a,con,False,none,False,False,False,False,False,False,False
459,he/she is drinking it up,,FullEventful,sk-h[imp2],,False,hsvhv,hsvhv,False,False,False,False,False,a,con,False,none,False,False,False,False,False,True,False
459,he/she is drinking it up,,FullEventful,sk-h[imp2],,False,hsvhv,hsvhv,False,False,False,False,False,a,s_stem,False,none,False,False,False,False,False,False,False
459,he/she is drinking it up,,FullEventful,sk-h[imp2],,False,hsvhv,hsvhv,False,False,False,False,False,a,s_stem,False,none,False,False,False,False,False,True,False
459,he/she is drinking it up,,FullEventful,terminative-no-o,,False,hsv,hsv,False,False,False,False,False,a,con,False,none,False,False,False,False,False,False,False
459,he/she is drinking it up,,FullEventful,terminative-no-o,,False,hsv,hsv,False,False,False,False,False,a,con,False,none,False,False,False,False,False,True,False
459,he/she is drinking it up,,FullEventful,terminative-no-o,,False,hsv,hsv,False,False,False,False,False,a,s_stem,False,none,False,False,False,False,False,False,False
459,he/she is drinking it up,,FullEventful,terminative-no-o,,False,hsv,hsv,False,False,False,False,False,a,s_stem,False,none,False,False,False,False,False,True,False
463,he/she is holding his/her breath,,FullEventful,cause,,False,athawhohst,a'tawhohst,False,False,False,False,False,a,vowel_a,False,none,False,False,False,False,False,False,False
463,he/she is holding his/her breath,,FullEventful,cause[perf3],,False,athawhohst,a'tawhohst,False,False,False,False,False,a,vowel_a,False,none,False,False,False,False,False,False,False
463,he/she is holding his/her breath,,FullEventful,cause[pres2-perf3],,False,athawhohstih,a'tawhohstih,False,False,False,False,False,a,vowel_a,False,none,False,False,False,False,False,False,False
463,he/she is holding his/her breath,,FullEventful,cause[pres2],,False,athawhohstih,a'tawhohstih,False,False,False,False,False,a,vowel_a,False,none,False,False,False,False,False,False,False
464,he/she is mooring a boat,,FullEventful,i-a-i,long,False,thal,thal,False,False,False,False,False,a,aspirated,False,none,False,False,False,False,False,False,False
464,he/she is mooring a boat,,FullEventful,i-a-i,long,False,thal,thal,False,False,False,False,False,a,aspirated,False,none,False,False,False,False,False,True,False
464,he/she is mooring a boat,,FullEventful,i-a-i,long,False,thal,thal,False,False,False,False,False,a,con,False,none,False,False,False,False,False,False,False
464,he/she is mooring a boat,,FullEventful,i-a-i,long,False,thal,thal,False,False,False,False,False,a,con,False,none,False,False,False,False,False,True,False
464,he/she is mooring a boat,,FullEventful,i-a-i,long[no-a],False,thala,thala,False,False,False,False,False,a,aspirated,False,none,False,False,False,False,False,False,False
464,he/she is mooring a boat,,FullEventful,i-a-i,long[no-a],False,thala,thala,False,False,False,False,False,a,aspirated,False,none,False,False,False,False,False,True,False
464,he/she is mooring a boat,,FullEventful,i-a-i,long[no-a],False,thala,thala,False,False,False,False,False,a,con,False,none,False,False,False,False,False,False,False
464,he/she is mooring a boat,,FullEventful,i-a-i,long[no-a],False,thala,thala,False,False,False,False,False,a,con,False,none,False,False,False,False,False,True,False
464,he/she is mooring a boat,,FullEventful,i-a-i,,False,thalat,thalat,False,False,False,False,False,a,aspirated,False,none,False,False,False,False,False,False,False
464,he/she is mooring a boat,,FullEventful,i-a-i,,False,thalat,thalat,False,False,False,False,False,a,aspirated,False,none,False,False,False,False,False,True,False
464,he/she is mooring a boat,,FullEventful,i-a-i,,False,thalat,thalat,False,False,False,False,False,a,con,False,none,False,False,False,False,False,False,False
464,he/she is mooring a boat,,FullEventful,i-a-i,,False,thalat,thalat,False,False,False,False,False,a,con,False,none,False,False,False,False,False,True,False
465,he/she is drilling a hole,,FullEventful,sk-s-hst,,False,thale,thale,False,False,False,False,False,a,aspirated,False,none,False,False,False,False,False,False,False
465,he/she is drilling a hole,,FullEventful,sk-s-hst,,False,thale,thale,False,False,False,False,False,a,aspirated,False,none,False,False,False,False,False,True,False
465,he/she is drilling a hole,,FullEventful,sk-s-hst,,False,thale,thale,False,False,False,False,False,a,con,False,none,False,False,False,False,False,False,False
465,he/she is drilling a hole,,FullEventful,sk-s-hst,,False,thale,thale,False,False,False,False,False,a,con,False,none,False,False,False,False,False,True,False
467,it’s steaming,,FullEventful,go,,False,anhol,,False,False,False,False,False,a,vowel_a,False,at,True,False,False,False,False,False,False
467,it’s steaming,,FullEventful,go,,False,anhol,,False,False,True,False,False,a,vowel_a,False,at,True,False,False,False,False,False,False
467,it’s steaming,,FullEventful,go,,False,anhol,,False,False,False,False,False,a,vowel_a,False,at,True,False,False,False,False,True,False
467,it’s steaming,,FullEventful,go,,False,anhol,,False,False,True,False,False,a,vowel_a,False,at,True,False,False,False,False,True,False
467,it’s steaming,,FullEventful,go,,False,athanol,,False,False,False,False,False,a,vowel_a,False,none,False,False,False,False,False,False,False
467,it’s steaming,,FullEventful,go,,False,athanol,,False,False,True,False,False,a,vowel_a,False,none,False,False,False,False,False,False,False
467,it’s steaming,,FullEventful,go,,False,athanol,,False,False,False,False,False,a,vowel_a,False,none,False,False,False,False,False,True,False
467,it’s steaming,,FullEventful,go,,False,athanol,,False,False,True,False,False,a,vowel_a,False,none,False,False,False,False,False,True,False
467,it’s steaming,,FullEventful,go,,False,hanol,,False,False,False,False,False,a,vowel_a,False,at_pre_c,False,False,False,False,False,False,False
467,it’s steaming,,FullEventful,go,,False,hanol,,False,False,True,False,False,a,vowel_a,False,at_pre_c,False,False,False,False,False,False,False
467,it’s steaming,,FullEventful,go,,False,hanol,,False,False,False,False,False,a,vowel_a,False,at_pre_c,False,False,False,False,False,True,False
467,it’s steaming,,FullEventful,go,,False,hanol,,False,False,True,False,False,a,vowel_a,False,at_pre_c,False,False,False,False,False,True,False
467,it’s steaming,,FullEventful,go,,False,thanol,,False,False,False,False,False,a,aspirated,False,none,False,False,False,False,False,False,False
467,it’s steaming,,FullEventful,go,,False,thanol,,False,False,True,False,False,a,aspirated,False,none,False,False,False,False,False,False,False
467,it’s steaming,,FullEventful,go,,False,thanol,,False,False,False,False,False,a,aspirated,False,none,False,False,False,False,False,True,False
467,it’s steaming,,FullEventful,go,,False,thanol,,False,False,True,False,False,a,aspirated,False,none,False,False,False,False,False,True,False
467,it’s steaming,,FullEventful,go,,False,thanol,,False,False,False,False,False,a,con,False,none,False,False,False,False,False,False,False
467,it’s steaming,,FullEventful,go,,False,thanol,,False,False,True,False,False,a,con,False,none,False,False,False,False,False,False,False
467,it’s steaming,,FullEventful,go,,False,thanol,,False,False,False,False,False,a,con,False,none,False,False,False,False,False,True,False
467,it’s steaming,,FullEventful,go,,False,thanol,,False,False,True,False,False,a,con,False,none,False,False,False,False,False,True,False
467,it’s steaming,,FullEventful,go[pres2],,False,anholek,,False,False,False,False,False,a,vowel_a,False,at,True,False,False,False,False,False,False
467,it’s steaming,,FullEventful,go[pres2],,False,anholek,,False,False,True,False,False,a,vowel_a,False,at,True,False,False,False,False,False,False
467,it’s steaming,,FullEventful,go[pres2],,False,anholek,,False,False,False,False,False,a,vowel_a,False,at,True,False,False,False,False,True,False
467,it’s steaming,,FullEventful,go[pres2],,False,anholek,,False,False,True,False,False,a,vowel_a,False,at,True,False,False,False,False,True,False
467,it’s steaming,,FullEventful,go[pres2],,False,athanolek,,False,False,False,False,False,a,vowel_a,False,none,False,False,False,False,False,False,False
467,it’s steaming,,FullEventful,go[pres2],,False,athanolek,,False,False,True,False,False,a,vowel_a,False,none,False,False,False,False,False,False,False
467,it’s steaming,,FullEventful,go[pres2],,False,athanolek,,False,False,False,False,False,a,vowel_a,False,none,False,False,False,False,False,True,False
467,it’s steaming,,FullEventful,go[pres2],,False,athanolek,,False,False,True,False,False,a,vowel_a,False,none,False,False,False,False,False,True,False
467,it’s steaming,,FullEventful,go[pres2],,False,hanolek,,False,False,False,False,False,a,vowel_a,False,at_pre_c,False,False,False,False,False,False,False
467,it’s steaming,,FullEventful,go[pres2],,False,hanolek,,False,False,True,False,False,a,vowel_a,False,at_pre_c,False,False,False,False,False,False,False
467,it’s steaming,,FullEventful,go[pres2],,False,hanolek,,False,False,False,False,False,a,vowel_a,False,at_pre_c,False,False,False,False,False,True,False
467,it’s steaming,,FullEventful,go[pres2],,False,hanolek,,False,False,True,False,False,a,vowel_a,False,at_pre_c,False,False,False,False,False,True,False
467,it’s steaming,,FullEventful,go[pres2],,False,thanolek,,False,False,False,False,False,a,aspirated,False,none,False,False,False,False,False,False,False
467,it’s steaming,,FullEventful,go[pres2],,False,thanolek,,False,False,True,False,False,a,aspirated,False,none,False,False,False,False,False,False,False
467,it’s steaming,,FullEventful,go[pres2],,False,thanolek,,False,False,False,False,False,a,aspirated,False,none,False,False,False,False,False,True,False
467,it’s steaming,,FullEventful,go[pres2],,False,thanolek,,False,False,True,False,False,a,aspirated,False,none,False,False,False,False,False,True,False
467,it’s steaming,,FullEventful,go[pres2],,False,thanolek,,False,False,False,False,False,a,con,False,none,False,False,False,False,False,False,False
467,it’s steaming,,FullEventful,go[pres2],,False,thanolek,,False,False,True,False,False,a,con,False,none,False,False,False,False,False,False,False
467,it’s steaming,,FullEventful,go[pres2],,False,thanolek,,False,False,False,False,False,a,con,False,none,False,False,False,False,False,True,False
467,it’s steaming,,FullEventful,go[pres2],,False,thanolek,,False,False,True,False,False,a,con,False,none,False,False,False,False,False,True,False
469,it’s exploding,,FullEventful,rev-gi,,False,ahsh,,False,False,False,False,False,a,vowel_a,False,at,True,False,False,False,False,False,False
469,it’s exploding,,FullEventful,rev-gi,,False,athahs,,False,False,False,False,False,a,vowel_a,False,none,False,False,False,False,False,False,False
469,it’s exploding,,FullEventful,rev-gi,,False,hahs,,False,False,False,False,False,a,vowel_a,False,at_pre_c,False,False,False,False,False,False,False
469,it’s exploding,,FullEventful,rev-i,,False,ahskh,,False,False,False,False,False,a,vowel_a,False,at,True,False,False,False,False,False,False
469,it’s exploding,,FullEventful,rev-i,,False,athahsk,,False,False,False,False,False,a,vowel_a,False,none,False,False,False,False,False,False,False
469,it’s exploding,,FullEventful,rev-i,,False,hahsk,,False,False,False,False,False,a,vowel_a,False,at_pre_c,False,False,False,False,False,False,False
472,he/she is kissing him/her,,FullEventful,vsk-post-v,,False,thaweto,taweto,False,False,False,False,False,a,aspirated,False,none,False,False,False,False,False,True,False
472,he/she is kissing him/her,,FullEventful,vsk-post-v,,False,thaweto,taweto,False,False,False,False,False,a,con,False,none,False,False,False,False,False,True,False
473,he/she is combing someone’s hair,,FullEventful,o,,False,thaw,thaw,False,False,False,False,False,a,aspirated,False,none,False,False,False,False,False,False,False
473,he/she is combing someone’s hair,,FullEventful,o,,False,thaw,thaw,False,False,False,False,False,a,aspirated,False,none,False,False,False,False,False,True,False
473,he/she is combing someone’s hair,,FullEventful,o,,False,thaw,thaw,False,False,False,False,False,a,con,False,none,False,False,False,False,False,False,False
473,he/she is combing someone’s hair,,FullEventful,o,,False,thaw,thaw,False,False,False,False,False,a,con,False,none,False,False,False,False,False,True,False
474,he/she is asking for it,,FullEventful,hih-lh[imp2],,False,thayo,thayo,False,False,False,False,False,a,aspirated,False,none,False,False,False,False,False,False,False
474,he/she is asking for it,,FullEventful,hih-lh[imp2],,False,thayo,thayo,False,False,False,False,False,a,aspirated,False,none,False,False,False,False,False,True,False
474,he/she is asking for it,,FullEventful,hih-lh[imp2],,False,thayo,thayo,False,False,False,False,False,a,con,False,none,False,False,False,False,False,False,False
474,he/she is asking for it,,FullEventful,hih-lh[imp2],,False,thayo,thayo,False,False,False,False,False,a,con,False,none,False,False,False,False,False,True,False
477,he/she is shaking him/her,,FullEventful,episodic[imp2],,False,thel,thel,False,False,False,False,False,a,aspirated,False,none,False,False,False,False,False,False,False
477,he/she is shaking him/her,,FullEventful,episodic[imp2],,False,thel,thel,False,False,False,False,False,a,aspirated,False,none,False,False,False,False,False,True,False
477,he/she is shaking him/her,,FullEventful,episodic[imp2],,False,thel,thel,False,False,False,False,False,a,con,False,none,False,False,False,False,False,False,False
477,he/she is shaking him/her,,FullEventful,episodic[imp2],,False,thel,thel,False,False,False,False,False,a,con,False,none,False,False,False,False,False,True,False
477,he/she is shaking him/her,,FullEventful,vnh-vsk,,False,thelvh,thelvh,False,False,False,False,False,a,aspirated,False,none,False,False,False,False,False,False,False
477,he/she is shaking him/her,,FullEventful,vnh-vsk,,False,thelvh,thelvh,False,False,False,False,False,a,aspirated,False,none,False,False,False,False,False,True,False
477,he/she is shaking him/her,,FullEventful,vnh-vsk,,False,thelvh,thelvh,False,False,False,False,False,a,con,False,none,False,False,False,False,False,False,False
477,he/she is shaking him/her,,FullEventful,vnh-vsk,,False,thelvh,thelvh,False,False,False,False,False,a,con,False,none,False,False,False,False,False,True,False
479,he/she is leading him/her,,FullEventful,go[pres2],,False,athinh,athinh,False,False,False,False,False,a,vowel_a,False,none,False,False,False,False,False,True,False
479,he/she is leading him/her,,FullEventful,go[pres2],,False,hinh,hinh,False,False,False,False,False,a,vowel_a,False,at_pre_c,False,False,False,False,False,True,False
480,he/she is arguing,,FullEventful,hih-lh,,False,athiyo,a'tiyo,False,False,False,False,False,a,vowel_a,False,none,False,False,False,False,False,False,False
483,he/she is racing,,FullEventful,a,leaving,False,athohk,athohk,False,False,False,False,False,a,vowel_a,False,none,False,False,False,False,False,False,False
483,he/she is racing,,FullEventful,a,,False,athohkiy,athohkiy,False,False,False,False,False,a,vowel_a,False,none,False,False,False,False,False,False,False
483,he/she is racing,,FullEventful,a,leaving,False,hohk,hohk,False,False,False,False,False,a,vowel_a,False,at_pre_c,False,False,False,False,False,False,False
483,he/she is racing,,FullEventful,a,,False,hohkiy,hohkiy,False,False,False,False,False,a,vowel_a,False,at_pre_c,False,False,False,False,False,False,False
486,he/she is loaning it to him/her,,FullEventful,cause,,False,atholhst,atholhst,False,False,False,False,False,a,vowel_a,False,none,False,False,False,False,False,True,False
486,he/she is loaning it to him/her,,FullEventful,cause,,False,holhst,holhst,False,False,False,False,False,a,vowel_a,False,at_pre_c,False,False,False,False,False,True,False
486,he/she is loaning it to him/her,,FullEventful,cause[perf3],,False,atholhst,atholhst,False,False,False,False,False,a,vowel_a,False,none,False,False,False,False,False,True,False
486,he/she is loaning it to him/her,,FullEventful,cause[perf3],,False,holhst,holhst,False,False,False,False,False,a,vowel_a,False,at_pre_c,False,False,False,False,False,True,False
486,he/she is loaning it to him/her,,FullEventful,cause[pres2-perf3],,False,atholhstih,atholhstih,False,False,False,False,False,a,vowel_a,False,none,False,False,False,False,False,True,False
486,he/she is loaning it to him/her,,FullEventful,cause[pres2-perf3],,False,holhstih,holhstih,False,False,False,False,False,a,vowel_a,False,at_pre_c,False,False,False,False,False,True,False
486,he/she is loaning it to him/her,,FullEventful,cause[pres2],,False,atholhstih,atholhstih,False,False,False,False,False,a,vowel_a,False,none,False,False,False,False,False,True,False
486,he/she is loaning it to him/her,,FullEventful,cause[pres2],,False,holhstih,holhstih,False,False,False,False,False,a,vowel_a,False,at_pre_c,False,False,False,False,False,True,False
487,he/she is borrowing him/her,,FullEventful,sk-s-a,,False,athol,athol,False,False,False,False,False,a,vowel_a,False,none,False,False,False,False,False,True,False
487,he/she is borrowing him/her,,FullEventful,sk-s-a,,False,hol,hol,False,False,False,False,False,a,vowel_a,False,at_pre_c,False,False,False,False,False,True,False
488,it’s flashing (refers to reflected light),,FullEventful,sk-s-a[inf2],,False,athoyaw,,False,False,False,False,False,a,vowel_a,False,none,False,False,False,False,False,False,False
488,it’s flashing (refers to reflected light),,FullEventful,sk-s-a[inf2],,False,athoyaw,,False,False,True,False,False,a,vowel_a,False,none,False,False,False,False,False,False,False
488,it’s flashing (refers to reflected light),,FullEventful,sk-s-a[inf2],,False,athoyaw,,False,False,False,False,False,a,vowel_a,False,none,False,False,False,False,False,True,False
488,it’s flashing (refers to reflected light),,FullEventful,sk-s-a[inf2],,False,athoyaw,,False,False,True,False,False,a,vowel_a,False,none,False,False,False,False,False,True,False
488,it’s flashing (refers to reflected light),,FullEventful,sk-s-a[inf2],,False,hoyaw,,False,False,False,False,False,a,vowel_a,False,at_pre_c,False,False,False,False,False,False,False
488,it’s flashing (refers to reflected light),,FullEventful,sk-s-a[inf2],,False,hoyaw,,False,False,True,False,False,a,vowel_a,False,at_pre_c,False,False,False,False,False,False,False
488,it’s flashing (refers to reflected light),,FullEventful,sk-s-a[inf2],,False,hoyaw,,False,False,False,False,False,a,vowel_a,False,at_pre_c,False,False,False,False,False,True,False
488,it’s flashing (refers to reflected light),,FullEventful,sk-s-a[inf2],,False,hoyaw,,False,False,True,False,False,a,vowel_a,False,at_pre_c,False,False,False,False,False,True,False
488,it’s flashing (refers to reflected light),,FullEventful,sk-s-a[inf2],,False,oyhaw,,False,False,False,False,False,a,vowel_a,False,at,True,False,False,False,False,False,False
488,it’s flashing (refers to reflected light),,FullEventful,sk-s-a[inf2],,False,oyhaw,,False,False,True,False,False,a,vowel_a,False,at,True,False,False,False,False,False,False
488,it’s flashing (refers to reflected light),,FullEventful,sk-s-a[inf2],,False,oyhaw,,False,False,False,False,False,a,vowel_a,False,at,True,False,False,False,False,True,False
488,it’s flashing (refers to reflected light),,FullEventful,sk-s-a[inf2],,False,oyhaw,,False,False,True,False,False,a,vowel_a,False,at,True,False,False,False,False,True,False
488,it’s flashing (refers to reflected light),,FullEventful,sk-s-a[inf2],,False,thoyaw,,False,False,False,False,False,a,aspirated,False,none,False,False,False,False,False,False,False
488,it’s flashing (refers to reflected light),,FullEventful,sk-s-a[inf2],,False,thoyaw,,False,False,True,False,False,a,aspirated,False,none,False,False,False,False,False,False,False
488,it’s flashing (refers to reflected light),,FullEventful,sk-s-a[inf2],,False,thoyaw,,False,False,False,False,False,a,aspirated,False,none,False,False,False,False,False,True,False
488,it’s flashing (refers to reflected light),,FullEventful,sk-s-a[inf2],,False,thoyaw,,False,False,True,False,False,a,aspirated,False,none,False,False,False,False,False,True,False
488,it’s flashing (refers to reflected light),,FullEventful,sk-s-a[inf2],,False,thoyaw,,False,False,False,False,False,a,con,False,none,False,False,False,False,False,False,False
488,it’s flashing (refers to reflected light),,FullEventful,sk-s-a[inf2],,False,thoyaw,,False,False,True,False,False,a,con,False,none,False,False,False,False,False,False,False
488,it’s flashing (refers to reflected light),,FullEventful,sk-s-a[inf2],,False,thoyaw,,False,False,False,False,False,a,con,False,none,False,False,False,False,False,True,False
488,it’s flashing (refers to reflected light),,FullEventful,sk-s-a[inf2],,False,thoyaw,,False,False,True,False,False,a,con,False,none,False,False,False,False,False,True,False
489,he/she is taking a bite,,FullEventful,rev-e,,False,atst,atsihst,False,False,False,False,False,a,vowel_a,False,none,False,False,False,False,False,False,False
490,he/she is lying,,FullEventful,vsk-post-v,,False,atsko,atsihsko,False,False,False,False,False,a,vowel_a,False,none,False,False,False,False,False,False,False
491,he/she is taking a drink (refers to alcoholic beverage),,FullEventful,rev-gi,,False,athu,a'tu,False,False,False,False,False,a,vowel_a,False,none,False,False,False,False,False,False,False
491,he/she is taking a drink (refers to alcoholic beverage),,FullEventful,rev-i,,False,athuk,a'tuk,False,False,False,False,False,a,vowel_a,False,none,False,False,False,False,False,False,False
493,he/she is promising,,FullEventful,cause,,False,thu'ihst,thu'ihst,False,False,False,False,False,a,aspirated,False,none,False,False,False,False,False,False,False
493,he/she is promising,,FullEventful,cause,,False,thu'ihst,thu'ihst,False,False,False,False,False,a,aspirated,False,none,False,False,False,False,False,True,False
493,he/she is promising,,FullEventful,cause,,False,thu'ihst,thu'ihst,False,False,False,False,False,a,con,False,none,False,False,False,False,False,False,False
493,he/she is promising,,FullEventful,cause,,False,thu'ihst,thu'ihst,False,False,False,False,False,a,con,False,none,False,False,False,False,False,True,False
493,he/she is promising,,FullEventful,cause[perf3],,False,thu'ihst,thu'ihst,False,False,False,False,False,a,aspirated,False,none,False,False,False,False,False,False,False
493,he/she is promising,,FullEventful,cause[perf3],,False,thu'ihst,thu'ihst,False,False,False,False,False,a,aspirated,False,none,False,False,False,False,False,True,False
493,he/she is promising,,FullEventful,cause[perf3],,False,thu'ihst,thu'ihst,False,False,False,False,False,a,con,False,none,False,False,False,False,False,False,False
493,he/she is promising,,FullEventful,cause[perf3],,False,thu'ihst,thu'ihst,False,False,False,False,False,a,con,False,none,False,False,False,False,False,True,False
493,he/she is promising,,FullEventful,cause[pres2-perf3],,False,thu'ihstih,thu'ihstih,False,False,False,False,False,a,aspirated,False,none,False,False,False,False,False,False,False
493,he/she is promising,,FullEventful,cause[pres2-perf3],,False,thu'ihstih,thu'ihstih,False,False,False,False,False,a,aspirated,False,none,False,False,False,False,False,True,False
493,he/she is promising,,FullEventful,cause[pres2-perf3],,False,thu'ihstih,thu'ihstih,False,False,False,False,False,a,con,False,none,False,False,False,False,False,False,False
493,he/she is promising,,FullEventful,cause[pres2-perf3],,False,thu'ihstih,thu'ihstih,False,False,False,False,False,a,con,False,none,False,False,False,False,False,True,False
493,he/she is promising,,FullEventful,cause[pres2],,False,thu'ihstih,thu'ihstih,False,False,False,False,False,a,aspirated,False,none,False,False,False,False,False,False,False
493,he/she is promising,,FullEventful,cause[pres2],,False,thu'ihstih,thu'ihstih,False,False,False,False,False,a,aspirated,False,none,False,False,False,False,False,True,False
493,he/she is promising,,FullEventful,cause[pres2],,False,thu'ihstih,thu'ihstih,False,False,False,False,False,a,con,False,none,False,False,False,False,False,False,False
493,he/she is promising,,FullEventful,cause[pres2],,False,thu'ihstih,thu'ihstih,False,False,False,False,False,a,con,False,none,False,False,False,False,False,True,False
494,he/she is listening to him/her,,FullEventful,cause,,False,athvtahst,athvtahst,False,False,False,False,False,a,vowel_a,False,none,False,False,False,False,False,True,False
494,he/she is listening to him/her,,FullEventful,cause,,False,hvtahst,hvtahst,False,False,False,False,False,a,vowel_a,False,at_pre_c,False,False,False,False,False,True,False
494,he/she is listening to him/her,,FullEventful,cause[perf3],,False,athvtahst,athvtahst,False,False,False,False,False,a,vowel_a,False,none,False,False,False,False,False,True,False
494,he/she is listening to him/her,,FullEventful,cause[perf3],,False,hvtahst,hvtahst,False,False,False,False,False,a,vowel_a,False,at_pre_c,False,False,False,False,False,True,False
494,he/she is listening to him/her,,FullEventful,cause[pres2-perf3],,False,athvtahstih,athvtahstih,False,False,False,False,False,a,vowel_a,False,none,False,False,False,False,False,True,False
494,he/she is listening to him/her,,FullEventful,cause[pres2-perf3],,False,hvtahstih,hvtahstih,False,False,False,False,False,a,vowel_a,False,at_pre_c,False,False,False,False,False,True,False
494,he/she is listening to him/her,,FullEventful,cause[pres2],,False,athvtahstih,athvtahstih,False,False,False,False,False,a,vowel_a,False,none,False,False,False,False,False,True,False
494,he/she is listening to him/her,,FullEventful,cause[pres2],,False,hvtahstih,hvtahstih,False,False,False,False,False,a,vowel_a,False,at_pre_c,False,False,False,False,False,True,False
495,he/she is asking him/her a question,,FullEventful,episodic,,False,athvt,athvt,False,False,False,False,False,a,vowel_a,False,none,False,False,False,False,False,True,False
495,he/she is asking him/her a question,,FullEventful,episodic,,False,hvt,hvt,False,False,False,False,False,a,vowel_a,False,at_pre_c,False,False,False,False,False,True,False
495,he/she is asking him/her a question,,FullEventful,hvsk-nh[inf2],,False,athvtv,athvtv,False,False,False,False,False,a,vowel_a,False,none,False,False,False,False,False,True,False
495,he/she is asking him/her a question,,FullEventful,hvsk-nh[inf2],,False,hvtv,hvtv,False,False,False,False,False,a,vowel_a,False,at_pre_c,False,False,False,False,False,True,False
496,he/she hears him/her,,FullEventful,i-vka,,False,athvk,athvk,False,False,False,False,False,a,vowel_a,False,none,False,False,False,False,False,True,False
496,he/she hears him/her,,FullEventful,i-vka,,False,hvk,hvk,False,False,False,False,False,a,vowel_a,False,at_pre_c,False,False,False,False,False,True,False
497,he/she is raising him/her,,FullEventful,cause,,False,athvhihst,a'tvhihst,False,False,False,False,False,a,vowel_a,False,none,False,False,False,False,False,True,False
497,he/she is raising him/her,,FullEventful,cause[perf3],,False,athvhihst,a'tvhihst,False,False,False,False,False,a,vowel_a,False,none,False,False,False,False,False,True,False
497,he/she is raising him/her,,FullEventful,cause[pres2-perf3],,False,athvhihstih,a'tvhihstih,False,False,False,False,False,a,vowel_a,False,none,False,False,False,False,False,True,False
497,he/she is raising him/her,,FullEventful,cause[pres2],,False,athvhihstih,a'tvhihstih,False,False,False,False,False,a,vowel_a,False,none,False,False,False,False,False,True,False
498,he/she is growing,,FullEventful,sk-s-hi-hihst,,False,athv,a'tv,False,False,False,False,False,a,vowel_a,False,none,False,False,False,False,False,False,False
498,he/she is growing,,FullEventful,sk-s-hst,,False,athv,a'tv,False,False,False,False,False,a,vowel_a,False,none,False,False,False,False,False,False,False
498,he/she is growing,,FullEventful,sk-s-hst[imp2],,False,athv,a'tv,False,False,False,False,False,a,vowel_a,False,none,False,False,False,False,False,False,False
502,he/she is inside,,FullEventful,stative,,True,:ya',:ya',True,False,False,False,False,a,long,False,none,False,False,False,False,False,False,False
502,he/she is inside,,FullEventful,stative,,True,:ya',:ya',True,False,True,False,False,a,long,False,none,False,False,False,False,False,False,False
502,he/she is inside,,FullEventful,stative,,True,ya',ya',True,False,False,False,False,a,con,False,none,False,False,False,False,False,False,False
502,he/she is inside,,FullEventful,stative,,True,ya',ya',True,False,True,False,False,a,con,False,none,False,False,False,False,False,False,False
502,he/she is inside,,FullEventful,stative,,True,ya',ya',True,False,False,False,False,a,con,False,none,False,False,False,False,False,True,False
502,he/she is inside,,FullEventful,stative,,True,ya',ya',True,False,True,False,False,a,con,False,none,False,False,False,False,False,True,False
502,he/she is inside,,FullEventful,stative-a',,True,:y,:y,True,False,False,False,False,a,long,False,none,False,False,False,False,False,False,False
502,he/she is inside,,FullEventful,stative-a',,True,:y,:y,True,False,True,False,False,a,long,False,none,False,False,False,False,False,False,False
502,he/she is inside,,FullEventful,stative-a',,True,y,y,True,False,False,False,False,a,con,False,none,False,False,False,False,False,False,False
502,he/she is inside,,FullEventful,stative-a',,True,y,y,True,False,True,False,False,a,con,False,none,False,False,False,False,False,False,False
502,he/she is inside,,FullEventful,stative-a',,True,y,y,True,False,False,False,False,a,con,False,none,False,False,False,False,False,True,False
502,he/she is inside,,FullEventful,stative-a',,True,y,y,True,False,True,False,False,a,con,False,none,False,False,False,False,False,True,False
507,he/she is waking up,,FullEventful,become,,False,ye,ye,False,False,False,False,False,a,con,False,none,False,False,False,False,False,False,False
507,he/she is waking up,,FullEventful,become,,False,ye,ye,False,False,False,False,False,a,con,False,none,False,False,False,False,False,True,False
507,he/she is waking up,,FullEventful,become[inf2],,False,ye,ye,False,False,False,False,False,a,con,False,none,False,False,False,False,False,False,False
507,he/she is waking up,,FullEventful,become[inf2],,False,ye,ye,False,False,False,False,False,a,con,False,none,False,False,False,False,False,True,False
507,he/she is waking up,,FullEventful,become[inf4],,False,ye,ye,False,False,False,False,False,a,con,False,none,False,False,False,False,False,False,False
507,he/she is waking up,,FullEventful,become[inf4],,False,ye,ye,False,False,False,False,False,a,con,False,none,False,False,False,False,False,True,False
509,he/she is waking him/her up,,FullEventful,cause,,False,ye'ihst,ye'ihst,False,False,False,False,False,a,con,False,none,False,False,False,False,False,False,False
509,he/she is waking him/her up,,FullEventful,cause,,False,ye'ihst,ye'ihst,False,False,False,False,False,a,con,False,none,False,False,False,False,False,True,False
509,he/she is waking him/her up,,FullEventful,cause[perf3],,False,ye'ihst,ye'ihst,False,False,False,False,False,a,con,False,none,False,False,False,False,False,False,False
509,he/she is waking him/her up,,FullEventful,cause[perf3],,False,ye'ihst,ye'ihst,False,False,False,False,False,a,con,False,none,False,False,False,False,False,True,False
509,he/she is waking him/her up,,FullEventful,cause[pres2-perf3],,False,ye'ihstih,ye'ihstih,False,False,False,False,False,a,con,False,none,False,False,False,False,False,False,False
509,he/she is waking him/her up,,FullEventful,cause[pres2-perf3],,False,ye'ihstih,ye'ihstih,False,False,False,False,False,a,con,False,none,False,False,False,False,False,True,False
509,he/she is waking him/her up,,FullEventful,cause[pres2],,False,ye'ihstih,ye'ihstih,False,False,False,False,False,a,con,False,none,False,False,False,False,False,False,False
509,he/she is waking him/her up,,FullEventful,cause[pres2],,False,ye'ihstih,ye'ihstih,False,False,False,False,False,a,con,False,none,False,False,False,False,False,True,False
511,he/she is putting him/her inside (refers to somewhere large enough to move around in),,FullEventful,cause,,False,yht,yvt,False,False,False,False,False,a,aspirated,False,none,False,False,False,False,False,True,False
511,he/she is putting him/her inside (refers to somewhere large enough to move around in),,FullEventful,cause,,False,yht,yvt,False,False,False,False,False,a,con,False,none,False,False,False,False,False,True,False
511,he/she is putting him/her inside (refers to somewhere large enough to move around in),,FullEventful,cause[perf3],,False,yht,yvt,False,False,False,False,False,a,aspirated,False,none,False,False,False,False,False,True,False
511,he/she is putting him/her inside (refers to somewhere large enough to move around in),,FullEventful,cause[perf3],,False,yht,yvt,False,False,False,False,False,a,con,False,none,False,False,False,False,False,True,False
511,he/she is putting him/her inside (refers to somewhere large enough to move around in),,FullEventful,cause[pres2-perf3],,False,yhtih,yvtih,False,False,False,False,False,a,aspirated,False,none,False,False,False,False,False,True,False
511,he/she is putting him/her inside (refers to somewhere large enough to move around in),,FullEventful,cause[pres2-perf3],,False,yhtih,yvtih,False,False,False,False,False,a,con,False,none,False,False,False,False,False,True,False
511,he/she is putting him/her inside (refers to somewhere large enough to move around in),,FullEventful,cause[pres2],,False,yhtih,yvtih,False,False,False,False,False,a,aspirated,False,none,False,False,False,False,False,True,False
511,he/she is putting him/her inside (refers to somewhere large enough to move around in),,FullEventful,cause[pres2],,False,yhtih,yvtih,False,False,False,False,False,a,con,False,none,False,False,False,False,False,True,False
513,he/she is getting it (refers to a long object),,FullEventful,ih-vh,,False,y,y,False,False,False,False,False,a,con,False,none,False,False,False,False,False,False,False
513,he/she is getting it (refers to a long object),,FullEventful,ih-vh,,False,y,y,False,False,False,False,False,a,con,False,none,False,False,False,False,False,True,False
515,it’s breaking,,FullEventful,become,become-long[o],False,y,y,False,False,False,False,False,a,con,False,none,False,False,False,False,False,False,False
515,it’s breaking,,FullEventful,become,become-long[o],False,y,y,False,False,False,False,False,a,con,False,none,False,False,False,False,False,True,False
515,it’s breaking,,FullEventful,become,,False,yo,yo,False,False,False,False,False,a,con,False,none,False,False,False,False,False,False,False
515,it’s breaking,,FullEventful,become,,False,yo,yo,False,False,False,False,False,a,con,False,none,False,False,False,False,False,True,False
515,it’s breaking,,FullEventful,become[inf3],become-long[o],False,y,y,False,False,False,False,False,a,con,False,none,False,False,False,False,False,False,False
515,it’s breaking,,FullEventful,become[inf3],become-long[o],False,y,y,False,False,False,False,False,a,con,False,none,False,False,False,False,False,True,False
515,it’s breaking,,FullEventful,become[inf3],,False,yo,yo,False,False,False,False,False,a,con,False,none,False,False,False,False,False,False,False
515,it’s breaking,,FullEventful,become[inf3],,False,yo,yo,False,False,False,False,False,a,con,False,none,False,False,False,False,False,True,False
516,he/she is shooting him/her,,FullEventful,hih-lh[imp2],,False,yo,yo,False,False,False,False,False,a,con,False,none,False,False,False,False,False,False,False
516,he/she is shooting him/her,,FullEventful,hih-lh[imp2],,False,yo,yo,False,False,False,False,False,a,con,False,none,False,False,False,False,False,True,False
519,he/she is whittling it,,FullEventful,hvsk-han[inf2],,False,yol,yol,False,False,False,False,False,a,con,False,none,False,False,False,False,False,False,False
519,he/she is whittling it,,FullEventful,hvsk-han[inf2],,False,yol,yol,False,False,False,False,False,a,con,False,none,False,False,False,False,False,True,False
523,he/she is greeting him/her,,FullEventful,ih-il,,False,yol,yol,False,False,False,False,False,a,con,False,none,False,False,False,False,False,False,False
523,he/she is greeting him/her,,FullEventful,ih-il,,False,yol,yol,False,False,False,False,False,a,con,False,none,False,False,False,False,False,True,False
524,he/she is breaking it,,FullEventful,cause,,False,yohst,yohst,False,False,False,False,False,a,con,False,none,False,False,False,False,False,False,False
524,he/she is breaking it,,FullEventful,cause,,False,yohst,yohst,False,False,False,False,False,a,con,False,none,False,False,False,False,False,True,False
524,he/she is breaking it,,FullEventful,cause[perf3],,False,yohst,yohst,False,False,False,False,False,a,con,False,none,False,False,False,False,False,False,False
524,he/she is breaking it,,FullEventful,cause[perf3],,False,yohst,yohst,False,False,False,False,False,a,con,False,none,False,False,False,False,False,True,False
524,he/she is breaking it,,FullEventful,cause[pres2-perf3],,False,yohstih,yohstih,False,False,False,False,False,a,con,False,none,False,False,False,False,False,False,False
524,he/she is breaking it,,FullEventful,cause[pres2-perf3],,False,yohstih,yohstih,False,False,False,False,False,a,con,False,none,False,False,False,False,False,True,False
524,he/she is breaking it,,FullEventful,cause[pres2],,False,yohstih,yohstih,False,False,False,False,False,a,con,False,none,False,False,False,False,False,False,False
524,he/she is breaking it,,FullEventful,cause[pres2],,False,yohstih,yohstih,False,False,False,False,False,a,con,False,none,False,False,False,False,False,True,False
526,he/she is destroying it,,FullEventful,sk-h,,False,yohsthanohv,yohsthanohv,False,False,False,False,False,a,con,False,none,False,False,False,False,False,False,False
526,he/she is destroying it,,FullEventful,sk-h,,False,yohsthanohv,yohsthanohv,False,False,False,False,False,a,con,False,none,False,False,False,False,False,True,False
526,he/she is destroying it,,FullEventful,sk-h[imp2],,False,yohsthanohv,yohsthanohv,False,False,False,False,False,a,con,False,none,False,False,False,False,False,False,False
526,he/she is destroying it,,FullEventful,sk-h[imp2],,False,yohsthanohv,yohsthanohv,False,False,False,False,False,a,con,False,none,False,False,False,False,False,True,False
526,he/she is destroying it,,FullEventful,terminative,,False,yohsthan,yohsthan,False,False,False,False,False,a,con,False,none,False,False,False,False,False,False,False
526,he/she is destroying it,,FullEventful,terminative,,False,yohsthan,yohsthan,False,False,False,False,False,a,con,False,none,False,False,False,False,False,True,False
526,he/she is destroying it,,FullEventful,terminative-no-o,,False,yohsthano,yohsthano,False,False,False,False,False,a,con,False,none,False,False,False,False,False,False,False
526,he/she is destroying it,,FullEventful,terminative-no-o,,False,yohsthano,yohsthano,False,False,False,False,False,a,con,False,none,False,False,False,False,False,True,False
529,he/she is entering it,,FullEventful,hih-lh[imp2],,False,yv,yv,False,False,False,False,False,a,con,False,none,False,False,False,False,False,False,False
529,he/she is entering it,,FullEventful,hih-lh[imp2],,False,yv,yv,False,False,False,False,False,a,con,False,none,False,False,False,False,False,True,False
530,he/she is finding it (refers to a long object),,FullEventful,ih-vh,,False,yvwhahth,yvwahth,False,False,False,False,False,a,con,False,none,False,False,False,False,False,False,False
530,he/she is finding it (refers to a long object),,FullEventful,ih-vh,,False,yvwhahth,yvwahth,False,False,False,False,False,a,con,False,none,False,False,False,False,False,True,False
530,he/she is finding it (refers to a long object),,FullEventful,ih-vh[inf2],,False,yvwhahth,yvwahth,False,False,False,False,False,a,con,False,none,False,False,False,False,False,False,False
530,he/she is finding it (refers to a long object),,FullEventful,ih-vh[inf2],,False,yvwhahth,yvwahth,False,False,False,False,False,a,con,False,none,False,False,False,False,False,True,False
531,he/she is taking it somewhere (refers to a long object),,FullEventful,ih-vh,,False,yvwhit,yvwit,False,False,False,False,False,a,con,False,none,False,False,False,False,False,False,False
531,he/she is taking it somewhere (refers to a long object),,FullEventful,ih-vh,,False,yvwhit,yvwit,False,False,False,False,False,a,con,False,none,False,False,False,False,False,True,False
539,he/she is making an X,,FullEventful,cause,,False,:nhawhst,:nawhst,False,False,False,False,True,a,vowel_a,False,ata_:,False,False,False,False,False,False,False
539,he/she is making an X,,FullEventful,cause,,False,anhawhst,anawhst,False,False,False,False,True,a,vowel_a,False,at,False,False,False,False,False,False,False
539,he/she is making an X,,FullEventful,cause,,False,atanhawhst,atanawhst,False,False,False,False,True,a,vowel_a,False,none,False,False,False,False,False,False,False
539,he/she is making an X,,FullEventful,cause,,False,nhawhst,nawhst,False,False,False,False,True,a,vowel_a,False,ata,False,False,False,False,False,False,False
539,he/she is making an X,,FullEventful,cause[perf3],,False,:nhawhst,:nawhst,False,False,False,False,True,a,vowel_a,False,ata_:,False,False,False,False,False,False,False
539,he/she is making an X,,FullEventful,cause[perf3],,False,anhawhst,anawhst,False,False,False,False,True,a,vowel_a,False,at,False,False,False,False,False,False,False
539,he/she is making an X,,FullEventful,cause[perf3],,False,atanhawhst,atanawhst,False,False,False,False,True,a,vowel_a,False,none,False,False,False,False,False,False,False
539,he/she is making an X,,FullEventful,cause[perf3],,False,nhawhst,nawhst,False,False,False,False,True,a,vowel_a,False,ata,False,False,False,False,False,False,False
539,he/she is making an X,,FullEventful,cause[pres2-perf3],,False,:nhawhstih,:nawhstih,False,False,False,False,True,a,vowel_a,False,ata_:,False,False,False,False,False,False,False
539,he/she is making an X,,FullEventful,cause[pres2-perf3],,False,anhawhstih,anawhstih,False,False,False,False,True,a,vowel_a,False,at,False,False,False,False,False,False,False
539,he/she is making an X,,FullEventful,cause[pres2-perf3],,False,atanhawhstih,atanawhstih,False,False,False,False,True,a,vowel_a,False,none,False,False,False,False,False,False,False
539,he/she is making an X,,FullEventful,cause[pres2-perf3],,False,nhawhstih,nawhstih,False,False,False,False,True,a,vowel_a,False,ata,False,False,False,False,False,False,False
539,he/she is making an X,,FullEventful,cause[pres2],,False,:nhawhstih,:nawhstih,False,False,False,False,True,a,vowel_a,False,ata_:,False,False,False,False,False,False,False
539,he/she is making an X,,FullEventful,cause[pres2],,False,anhawhstih,anawhstih,False,False,False,False,True,a,vowel_a,False,at,False,False,False,False,False,False,False
539,he/she is making an X,,FullEventful,cause[pres2],,False,atanhawhstih,atanawhstih,False,False,False,False,True,a,vowel_a,False,none,False,False,False,False,False,False,False
539,he/she is making an X,,FullEventful,cause[pres2],,False,nhawhstih,nawhstih,False,False,False,False,True,a,vowel_a,False,ata,False,False,False,False,False,False,False
541,he/she is conjuring,,FullEventful,e-aka,,False,:nhehs,:nehs,False,False,False,False,True,a,vowel_a,False,ata_:,False,False,False,False,False,False,False
541,he/she is conjuring,,FullEventful,e-aka,,False,anhehs,anehs,False,False,False,False,True,a,vowel_a,False,at,False,False,False,False,False,False,False
541,he/she is conjuring,,FullEventful,e-aka,,False,atanhehs,atanehs,False,False,False,False,True,a,vowel_a,False,none,False,False,False,False,False,False,False
541,he/she is conjuring,,FullEventful,e-aka,,False,nhehs,nehs,False,False,False,False,True,a,vowel_a,False,ata,False,False,False,False,False,False,False
542,he/she is accepting him/her,,FullEventful,become,,False,:nilv,:nilv,False,False,False,False,True,a,vowel_a,False,ata_:,False,False,False,False,False,True,False
542,he/she is accepting him/her,,FullEventful,become,,False,anilv,anilv,False,False,False,False,True,a,vowel_a,False,at,False,False,False,False,False,True,False
542,he/she is accepting him/her,,FullEventful,become,,False,atanilv,atanilv,False,False,False,False,True,a,vowel_a,False,none,False,False,False,False,False,True,False
542,he/she is accepting him/her,,FullEventful,become,,False,nilv,nilv,False,False,False,False,True,a,vowel_a,False,ata,False,False,False,False,False,True,False
543,he/she is dodging,,FullEventful,cause,,False,:nvtihst,:nvtihst,False,False,False,False,True,a,vowel_a,False,ata_:,False,False,False,False,False,False,False
543,he/she is dodging,,FullEventful,cause,,False,anvtihst,anvtihst,False,False,False,False,True,a,vowel_a,False,at,False,False,False,False,False,False,False
543,he/she is dodging,,FullEventful,cause,,False,atanvtihst,atanvtihst,False,False,False,False,True,a,vowel_a,False,none,False,False,False,False,False,False,False
543,he/she is dodging,,FullEventful,cause,,False,nvtihst,nvtihst,False,False,False,False,True,a,vowel_a,False,ata,False,False,False,False,False,False,False
543,he/she is dodging,,FullEventful,cause[perf3],,False,:nvtihst,:nvtihst,False,False,False,False,True,a,vowel_a,False,ata_:,False,False,False,False,False,False,False
543,he/she is dodging,,FullEventful,cause[perf3],,False,anvtihst,anvtihst,False,False,False,False,True,a,vowel_a,False,at,False,False,False,False,False,False,False
543,he/she is dodging,,FullEventful,cause[perf3],,False,atanvtihst,atanvtihst,False,False,False,False,True,a,vowel_a,False,none,False,False,False,False,False,False,False
543,he/she is dodging,,FullEventful,cause[perf3],,False,nvtihst,nvtihst,False,False,False,False,True,a,vowel_a,False,ata,False,False,False,False,False,False,False
543,he/she is dodging,,FullEventful,cause[pres2-perf3],,False,:nvtihstih,:nvtihstih,False,False,False,False,True,a,vowel_a,False,ata_:,False,False,False,False,False,False,False
543,he/she is dodging,,FullEventful,cause[pres2-perf3],,False,anvtihstih,anvtihstih,False,False,False,False,True,a,vowel_a,False,at,False,False,False,False,False,False,False
543,he/she is dodging,,FullEventful,cause[pres2-perf3],,False,atanvtihstih,atanvtihstih,False,False,False,False,True,a,vowel_a,False,none,False,False,False,False,False,False,False
543,he/she is dodging,,FullEventful,cause[pres2-perf3],,False,nvtihstih,nvtihstih,False,False,False,False,True,a,vowel_a,False,ata,False,False,False,False,False,False,False
543,he/she is dodging,,FullEventful,cause[pres2],,False,:nvtihstih,:nvtihstih,False,False,False,False,True,a,vowel_a,False,ata_:,False,False,False,False,False,False,False
543,he/she is dodging,,FullEventful,cause[pres2],,False,anvtihstih,anvtihstih,False,False,False,False,True,a,vowel_a,False,at,False,False,False,False,False,False,False
543,he/she is dodging,,FullEventful,cause[pres2],,False,atanvtihstih,atanvtihstih,False,False,False,False,True,a,vowel_a,False,none,False,False,False,False,False,False,False
543,he/she is dodging,,FullEventful,cause[pres2],,False,nvtihstih,nvtihstih,False,False,False,False,True,a,vowel_a,False,ata,False,False,False,False,False,False,False
544,he/she is performing baptism,,FullEventful,o,,False,:w,:w,False,False,False,False,True,a,vowel_a,False,ata_:,False,False,False,False,False,False,False
544,he/she is performing baptism,,FullEventful,o,,False,ataw,ataw,False,False,False,False,True,a,vowel_a,False,none,False,False,False,False,False,False,False
544,he/she is performing baptism,,FullEventful,o,,False,aw,aw,False,False,False,False,True,a,vowel_a,False,at,False,False,False,False,False,False,False
544,he/she is performing baptism,,FullEventful,o,,False,w,w,False,False,False,False,True,a,vowel_a,False,ata,False,False,False,False,False,False,False
545,he/she is giving up,,FullEventful,sk-s-hi-hihst,,False,:yo,:yo,False,False,False,False,True,a,vowel_a,False,ata_:,False,False,False,False,False,False,False
545,he/she is giving up,,FullEventful,sk-s-hi-hihst,,False,atayo,atayo,False,False,False,False,True,a,vowel_a,False,none,False,False,False,False,False,False,False
545,he/she is giving up,,FullEventful,sk-s-hi-hihst,,False,ayo,ayo,False,False,False,False,True,a,vowel_a,False,at,False,False,False,False,False,False,False
545,he/she is giving up,,FullEventful,sk-s-hi-hihst,,False,yo,yo,False,False,False,False,True,a,vowel_a,False,ata,False,False,False,False,False,False,False
545,he/she is giving up,,FullEventful,sk-s-hst,,False,:yo,:yo,False,False,False,False,True,a,vowel_a,False,ata_:,False,False,False,False,False,False,False
545,he/she is giving up,,FullEventful,sk-s-hst,,False,atayo,atayo,False,False,False,False,True,a,vowel_a,False,none,False,False,False,False,False,False,False
545,he/she is giving up,,FullEventful,sk-s-hst,,False,ayo,ayo,False,False,False,False,True,a,vowel_a,False,at,False,False,False,False,False,False,False
545,he/she is giving up,,FullEventful,sk-s-hst,,False,yo,yo,False,False,False,False,True,a,vowel_a,False,ata,False,False,False,False,False,False,False
545,he/she is giving up,,FullEventful,sk-s-hst[imp2],,False,:yo,:yo,False,False,False,False,True,a,vowel_a,False,ata_:,False,False,False,False,False,False,False
545,he/she is giving up,,FullEventful,sk-s-hst[imp2],,False,atayo,atayo,False,False,False,False,True,a,vowel_a,False,none,False,False,False,False,False,False,False
545,he/she is giving up,,FullEventful,sk-s-hst[imp2],,False,ayo,ayo,False,False,False,False,True,a,vowel_a,False,at,False,False,False,False,False,False,False
545,he/she is giving up,,FullEventful,sk-s-hst[imp2],,False,yo,yo,False,False,False,False,True,a,vowel_a,False,ata,False,False,False,False,False,False,False
546,he/she is teaching,,FullEventful,hvsk-nh,,False,ateyho,ateyo,False,False,False,False,True,a,vowel_a,False,none,False,False,False,False,False,False,False
546,he/she is teaching,,FullEventful,hvsk-nh,,False,eyho,eyo,False,False,False,False,True,a,vowel_a,False,at,False,False,False,False,False,False,False
546,he/she is teaching,,FullEventful,hvsk-nh[inf2],,False,ateyho,ateyo,False,False,False,False,True,a,vowel_a,False,none,False,False,False,False,False,False,False
546,he/she is teaching,,FullEventful,hvsk-nh[inf2],,False,eyho,eyo,False,False,False,False,True,a,vowel_a,False,at,False,False,False,False,False,False,False
546,he/she is teaching,,FullEventful,hvsk-nh[inf4],,False,ateyho,ateyo,False,False,False,False,True,a,vowel_a,False,none,False,False,False,False,False,False,False
546,he/she is teaching,,FullEventful,hvsk-nh[inf4],,False,eyho,eyo,False,False,False,False,True,a,vowel_a,False,at,False,False,False,False,False,False,False
547,he/she is weeping,,FullEventful,hih-hil,,False,atloy,atloy,False,False,False,False,True,a,vowel_a,False,none,False,False,False,False,False,False,False
547,he/she is weeping,,FullEventful,hih-hil,,False,loy,loy,False,False,False,False,True,a,vowel_a,False,at_pre_c,False,False,False,False,False,False,False
550,he/she is setting a price,,FullEventful,cause,,False,kvwalht,kvwalot,False,False,False,False,True,a,con,False,none,False,False,False,False,False,False,False
550,he/she is setting a price,,FullEventful,cause,,False,kvwalht,kvwalot,False,False,False,False,True,a,con,False,none,False,False,False,False,False,True,False
550,he/she is setting a price,,FullEventful,cause[perf3],,False,kvwalht,kvwalot,False,False,False,False,True,a,con,False,none,False,False,False,False,False,False,False
550,he/she is setting a price,,FullEventful,cause[perf3],,False,kvwalht,kvwalot,False,False,False,False,True,a,con,False,none,False,False,False,False,False,True,False
550,he/she is setting a price,,FullEventful,cause[pres2-perf3],,False,kvwalhtih,kvwalotih,False,False,False,False,True,a,con,False,none,False,False,False,False,False,False,False
550,he/she is setting a price,,FullEventful,cause[pres2-perf3],,False,kvwalhtih,kvwalotih,False,False,False,False,True,a,con,False,none,False,False,False,False,False,True,False
550,he/she is setting a price,,FullEventful,cause[pres2],,False,kvwalhtih,kvwalotih,False,False,False,False,True,a,con,False,none,False,False,False,False,False,False,False
550,he/she is setting a price,,FullEventful,cause[pres2],,False,kvwalhtih,kvwalotih,False,False,False,False,True,a,con,False,none,False,False,False,False,False,True,False
552,he/she is rocking,,FullEventful,apl-active,,False,alhihk,alihk,False,False,False,False,True,a,vowel_a,False,none,False,False,False,False,False,False,False
552,he/she is rocking,,FullEventful,apl-active-a,,False,alhihk,alihk,False,False,False,False,True,a,vowel_a,False,none,False,False,False,False,False,False,False
553,he/she is drawing a picture of him/her,,FullEventful,cause,,False,alhilohst,atlilohst,False,False,False,False,True,a,vowel_a,False,none,False,False,False,False,False,True,False
553,he/she is drawing a picture of him/her,,FullEventful,cause[perf3],,False,alhilohst,atlilohst,False,False,False,False,True,a,vowel_a,False,none,False,False,False,False,False,True,False
553,he/she is drawing a picture of him/her,,FullEventful,cause[pres2-perf3],,False,alhilohstih,atlilohstih,False,False,False,False,True,a,vowel_a,False,none,False,False,False,False,False,True,False
553,he/she is drawing a picture of him/her,,FullEventful,cause[pres2],,False,alhilohstih,atlilohstih,False,False,False,False,True,a,vowel_a,False,none,False,False,False,False,False,True,False
554,he/she is conversing,,FullEventful,apl-active-h,,False,alhino,alino,False,False,False,False,True,a,vowel_a,False,none,False,False,False,False,False,False,False
554,he/she is conversing,,FullEventful,apl-active-h,,False,nho,no,False,False,False,False,True,a,vowel_a,False,ali,True,False,False,False,False,False,False
555,he/she is jumping,,FullEventful,go-in,,False,alhthat,alithat,False,False,False,False,True,a,vowel_a,False,none,False,False,False,False,False,False,False
555,he/she is jumping,,FullEventful,go-in,,False,hthat,that,False,False,False,False,True,a,vowel_a,False,al_ali,False,False,False,False,False,False,False
557,he/she is changing clothes,,FullEventful,v-vhs,change-out[flexible],False,anhaw,aniw,False,False,False,False,True,a,vowel_a,False,none,False,False,False,False,False,False,False
557,he/she is changing clothes,,FullEventful,v-vhs,change-out,False,anhawa',aniwa',False,False,False,False,True,a,vowel_a,False,none,False,False,False,False,False,False,False
557,he/she is changing clothes,,FullEventful,v-vhs,,False,anhawa'iy,aniwa'iy,False,False,False,False,True,a,vowel_a,False,none,False,False,False,False,False,False,False
558,he/she is undressing,,FullEventful,rev-e,,False,anhaw,aniw,False,False,False,False,True,a,vowel_a,False,none,False,False,False,False,False,False,False
559,he/she is putting on clothes,,FullEventful,o,,False,anhaw,aniw,False,False,False,False,True,a,vowel_a,False,none,False,False,False,False,False,False,False
561,he/she is putting fuel into a fire (refers to solid fuel),,FullEventful,hvsk-han,,False,hvt,'vt,False,False,False,False,True,a,con,False,none,False,False,False,False,False,False,False
562,he/she is tickling him/her,,FullEventful,i-a-i,,False,yhvk,yvk,False,False,False,False,True,a,aspirated,False,none,False,False,False,False,False,True,False
562,he/she is tickling him/her,,FullEventful,i-a-i,,False,yhvk,yvk,False,False,False,False,True,a,con,False,none,False,False,False,False,False,True,False
565,he/she is tying it,,FullEventful,hih-lh,,False,khane,kane,False,False,False,False,True,a,aspirated,False,none,False,False,False,False,False,False,False
565,he/she is tying it,,FullEventful,hih-lh,,False,khane,kane,False,False,False,False,True,a,con,False,none,False,False,False,False,False,False,False
566,he/she is untying it,,FullEventful,ih-vh,,False,khaneyh,kaneyh,False,False,False,False,True,a,aspirated,False,none,False,False,False,False,False,False,False
566,he/she is untying it,,FullEventful,ih-vh,,False,khaneyh,kaneyh,False,False,False,False,True,a,con,False,none,False,False,False,False,False,False,False
566,he/she is untying it,,FullEventful,ih-vh[inf2],,False,khaneyh,kaneyh,False,False,False,False,True,a,aspirated,False,none,False,False,False,False,False,False,False
566,he/she is untying it,,FullEventful,ih-vh[inf2],,False,khaneyh,kaneyh,False,False,False,False,True,a,con,False,none,False,False,False,False,False,False,False
567,he/she is looking after him/her,,FullEventful,be-at,be-at,False,khanowat,kanowat,False,False,False,False,True,a,aspirated,False,none,False,False,False,False,False,True,False
567,he/she is looking after him/her,,FullEventful,be-at,be-at,False,khanowat,kanowat,False,False,False,False,True,a,con,False,none,False,False,False,False,False,True,False
567,he/she is looking after him/her,,FullEventful,be-at,,False,khanowatit,kanowatit,False,False,False,False,True,a,aspirated,False,none,False,False,False,False,False,True,False
567,he/she is looking after him/her,,FullEventful,be-at,,False,khanowatit,kanowatit,False,False,False,False,True,a,con,False,none,False,False,False,False,False,True,False
568,he/she is becoming blind,,FullEventful,become,become-long[a],False,khew,'kew,False,False,False,False,True,a,aspirated,False,none,False,False,False,False,False,False,False
568,he/she is becoming blind,,FullEventful,become,become-long[a],False,khew,'kew,False,False,False,False,True,a,con,False,none,False,False,False,False,False,False,False
568,he/she is becoming blind,,FullEventful,become,,False,khewa,'kewa,False,False,False,False,True,a,aspirated,False,none,False,False,False,False,False,False,False
568,he/she is becoming blind,,FullEventful,become,,False,khewa,'kewa,False,False,False,False,True,a,con,False,none,False,False,False,False,False,False,False
568,he/she is becoming blind,,FullEventful,become[inf2],become-long[a],False,khew,'kew,False,False,False,False,True,a,aspirated,False,none,False,False,False,False,False,False,False
568,he/she is becoming blind,,FullEventful,become[inf2],become-long[a],False,khew,'kew,False,False,False,False,True,a,con,False,none,False,False,False,False,False,False,False
568,he/she is becoming blind,,FullEventful,become[inf2],,False,khewa,'kewa,False,False,False,False,True,a,aspirated,False,none,False,False,False,False,False,False,False
568,he/she is becoming blind,,FullEventful,become[inf2],,False,khewa,'kewa,False,False,False,False,True,a,con,False,none,False,False,False,False,False,False,False
568,he/she is becoming blind,,FullEventful,become[inf4],become-long[a],False,khew,'kew,False,False,False,False,True,a,aspirated,False,none,False,False,False,False,False,False,False
568,he/she is becoming blind,,FullEventful,become[inf4],become-long[a],False,khew,'kew,False,False,False,False,True,a,con,False,none,False,False,False,False,False,False,False
568,he/she is becoming blind,,FullEventful,become[inf4],,False,khewa,'kewa,False,False,False,False,True,a,aspirated,False,none,False,False,False,False,False,False,False
568,he/she is becoming blind,,FullEventful,become[inf4],,False,khewa,'kewa,False,False,False,False,True,a,con,False,none,False,False,False,False,False,False,False
571,he/she is making smoke,,FullEventful,cause,,False,khsvhst,kahsvhst,False,False,False,False,True,a,aspirated,False,none,False,False,False,False,False,False,False
571,he/she is making smoke,,FullEventful,cause,,False,khsvhst,kahsvhst,False,False,False,False,True,a,con,False,none,False,False,False,False,False,False,False
571,he/she is making smoke,,FullEventful,cause[perf3],,False,khsvhst,kahsvhst,False,False,False,False,True,a,aspirated,False,none,False,False,False,False,False,False,False
571,he/she is making smoke,,FullEventful,cause[perf3],,False,khsvhst,kahsvhst,False,False,False,False,True,a,con,False,none,False,False,False,False,False,False,False
571,he/she is making smoke,,FullEventful,cause[pres2-perf3],,False,khsvhstih,kahsvhstih,False,False,False,False,True,a,aspirated,False,none,False,False,False,False,False,False,False
571,he/she is making smoke,,FullEventful,cause[pres2-perf3],,False,khsvhstih,kahsvhstih,False,False,False,False,True,a,con,False,none,False,False,False,False,False,False,False
571,he/she is making smoke,,FullEventful,cause[pres2],,False,khsvhstih,kahsvhstih,False,False,False,False,True,a,aspirated,False,none,False,False,False,False,False,False,False
571,he/she is making smoke,,FullEventful,cause[pres2],,False,khsvhstih,kahsvhstih,False,False,False,False,True,a,con,False,none,False,False,False,False,False,False,False
572,he/she is blinking,,FullEventful,sk-s-a[inf2],,False,akhthanaw,akathanaw,False,False,False,False,True,a,vowel_a,False,none,False,False,False,False,False,False,False
573,he/she is closing his eyes,,FullEventful,cause,,False,akhthahst,akathahst,False,False,False,False,True,a,vowel_a,False,none,False,False,False,False,False,False,False
573,he/she is closing his eyes,,FullEventful,cause[perf3],,False,akhthahst,akathahst,False,False,False,False,True,a,vowel_a,False,none,False,False,False,False,False,False,False
573,he/she is closing his eyes,,FullEventful,cause[pres2-perf3],,False,akhthahstih,akathahstih,False,False,False,False,True,a,vowel_a,False,none,False,False,False,False,False,False,False
573,he/she is closing his eyes,,FullEventful,cause[pres2],,False,akhthahstih,akathahstih,False,False,False,False,True,a,vowel_a,False,none,False,False,False,False,False,False,False
574,he/she is attacking him/her,,FullEventful,go,,False,khthil,kathil,False,False,False,False,True,a,aspirated,False,none,False,False,False,False,False,True,False
574,he/she is attacking him/her,,FullEventful,go,,False,khthil,kathil,False,False,False,False,True,a,con,False,none,False,False,False,False,False,True,False
574,he/she is attacking him/her,,FullEventful,go[pres2],,False,khthilek,kathilek,False,False,False,False,True,a,aspirated,False,none,False,False,False,False,False,True,False
574,he/she is attacking him/her,,FullEventful,go[pres2],,False,khthilek,kathilek,False,False,False,False,True,a,con,False,none,False,False,False,False,False,True,False
575,he/she is taking off his/her glasses,,FullEventful,rev-e,,False,akhthinvt,akathinvt,False,False,False,False,True,a,vowel_a,False,none,False,False,False,False,False,False,False
576,he/she is putting on glasses,,FullEventful,hvsk-han,,False,akhthinvt,akathinvt,False,False,False,False,True,a,vowel_a,False,none,False,False,False,False,False,False,False
577,he/she is shelling corn,,FullEventful,ih-vh,,False,khtlh,katlh,False,False,False,False,True,a,aspirated,False,none,False,False,False,False,False,False,False
577,he/she is shelling corn,,FullEventful,ih-vh,,False,khtlh,katlh,False,False,False,False,True,a,con,False,none,False,False,False,False,False,False,False
577,he/she is shelling corn,,FullEventful,ih-vh[inf2],,False,khtlh,katlh,False,False,False,False,True,a,aspirated,False,none,False,False,False,False,False,False,False
577,he/she is shelling corn,,FullEventful,ih-vh[inf2],,False,khtlh,katlh,False,False,False,False,True,a,con,False,none,False,False,False,False,False,False,False
578,he/she is snoring,,FullEventful,rev-gi,,False,kwhala,kwhala,False,False,False,False,True,a,aspirated,False,none,False,False,False,False,False,False,False
578,he/she is snoring,,FullEventful,rev-gi,,False,kwhala,kwhala,False,False,False,False,True,a,aspirated,False,none,False,False,False,False,False,True,False
578,he/she is snoring,,FullEventful,rev-gi,,False,kwhala,kwhala,False,False,False,False,True,a,con,False,none,False,False,False,False,False,False,False
578,he/she is snoring,,FullEventful,rev-gi,,False,kwhala,kwhala,False,False,False,False,True,a,con,False,none,False,False,False,False,False,True,False
578,he/she is snoring,,FullEventful,rev-i,,False,kwhalak,kwhalak,False,False,False,False,True,a,aspirated,False,none,False,False,False,False,False,False,False
578,he/she is snoring,,FullEventful,rev-i,,False,kwhalak,kwhalak,False,False,False,False,True,a,aspirated,False,none,False,False,False,False,False,True,False
578,he/she is snoring,,FullEventful,rev-i,,False,kwhalak,kwhalak,False,False,False,False,True,a,con,False,none,False,False,False,False,False,False,False
578,he/she is snoring,,FullEventful,rev-i,,False,kwhalak,kwhalak,False,False,False,False,True,a,con,False,none,False,False,False,False,False,True,False
579,he/she is sprinkling it (with a liquid‚ powder‚ salt‚ etc.),,FullEventful,vsk-post-v,,False,kwhayo,kwhayo,False,False,False,False,True,a,aspirated,False,none,False,False,False,False,False,False,False
579,he/she is sprinkling it (with a liquid‚ powder‚ salt‚ etc.),,FullEventful,vsk-post-v,,False,kwhayo,kwhayo,False,False,False,False,True,a,aspirated,False,none,False,False,False,False,False,True,False
579,he/she is sprinkling it (with a liquid‚ powder‚ salt‚ etc.),,FullEventful,vsk-post-v,,False,kwhayo,kwhayo,False,False,False,False,True,a,con,False,none,False,False,False,False,False,False,False
579,he/she is sprinkling it (with a liquid‚ powder‚ salt‚ etc.),,FullEventful,vsk-post-v,,False,kwhayo,kwhayo,False,False,False,False,True,a,con,False,none,False,False,False,False,False,True,False
582,he/she is putting on shoes,,FullEventful,hvsk-han,,False,alahsul,alahsul,False,False,False,False,True,a,vowel_a,False,none,False,False,False,False,False,False,False
583,he/she is changing shoes,,FullEventful,v-vhs,change-out[flexible],False,alahsul,alahsul,False,False,False,False,True,a,vowel_a,False,none,False,False,False,False,False,False,False
583,he/she is changing shoes,,FullEventful,v-vhs,change-out,False,alahsula',alahsula',False,False,False,False,True,a,vowel_a,False,none,False,False,False,False,False,False,False
583,he/she is changing shoes,,FullEventful,v-vhs,,False,alahsula'iy,alahsula'iy,False,False,False,False,True,a,vowel_a,False,none,False,False,False,False,False,False,False
584,he/she is taking off his/her shoes,,FullEventful,rev-e,,False,alahsul,alahsul,False,False,False,False,True,a,vowel_a,False,none,False,False,False,False,False,False,False
585,he/she is helping him/her up,,FullEventful,cause,,False,aleht,alet,False,False,False,False,True,a,vowel_a,False,none,False,False,False,False,False,True,False
585,he/she is helping him/her up,,FullEventful,cause[perf3],,False,aleht,alet,False,False,False,False,True,a,vowel_a,False,none,False,False,False,False,False,True,False
585,he/she is helping him/her up,,FullEventful,cause[pres2-perf3],,False,alehtih,aletih,False,False,False,False,True,a,vowel_a,False,none,False,False,False,False,False,True,False
585,he/she is helping him/her up,,FullEventful,cause[pres2],,False,alehtih,aletih,False,False,False,False,True,a,vowel_a,False,none,False,False,False,False,False,True,False
586,he/she is recuperating,,FullEventful,cause[perf2],iterative,False,aleh,ale',False,False,False,False,True,a,vowel_a,False,none,False,False,False,False,False,False,False
586,he/she is recuperating,,FullEventful,cause[perf2],iterative[no-i],False,alehi,ale'i,False,False,False,False,True,a,vowel_a,False,none,False,False,False,False,False,False,False
586,he/she is recuperating,,FullEventful,cause[perf2],,False,alehihs,ale'ihs,False,False,False,False,True,a,vowel_a,False,none,False,False,False,False,False,False,False
586,he/she is recuperating,,FullEventful,cause[pres2-perf2],,False,alehihsih,ale'ihsih,False,False,False,False,True,a,vowel_a,False,none,False,False,False,False,False,False,False
587,he/she is getting up (from sitting or from involuntarily assumed prone position),,FullEventful,hvsk-nh,,False,ale,ale,False,False,False,False,True,a,vowel_a,False,none,False,False,False,False,False,False,False
587,he/she is getting up (from sitting or from involuntarily assumed prone position),,FullEventful,hvsk-nh[inf2],,False,ale,ale,False,False,False,False,True,a,vowel_a,False,none,False,False,False,False,False,False,False
589,he/she is taking off his/her gloves,,FullEventful,rev-e,,False,aliyehsul,aliyehsul,False,False,False,False,True,a,vowel_a,False,none,False,False,False,False,False,False,False
589,he/she is taking off his/her gloves,,FullEventful,rev-e,,False,yehsul,yehsul,False,False,False,False,True,a,vowel_a,False,ali,False,False,False,False,False,False,False
590,he/she is putting on his/her gloves,,FullEventful,i-vka,,False,aliyehsul,aliyehsul,False,False,False,False,True,a,vowel_a,False,none,False,False,False,False,False,False,False
590,he/she is putting on his/her gloves,,FullEventful,i-vka,,False,yehsul,yehsul,False,False,False,False,True,a,vowel_a,False,ali,False,False,False,False,False,False,False
591,he/she is taking off his/her socks,,FullEventful,rev-gi,,False,aliyo,aliyo,False,False,False,False,True,a,vowel_a,False,none,False,False,False,False,False,False,False
591,he/she is taking off his/her socks,,FullEventful,rev-gi,,False,yo,yo,False,False,False,False,True,a,vowel_a,False,ali,False,False,False,False,False,False,False
591,he/she is taking off his/her socks,,FullEventful,rev-i,,False,aliyok,aliyok,False,False,False,False,True,a,vowel_a,False,none,False,False,False,False,False,False,False
591,he/she is taking off his/her socks,,FullEventful,rev-i,,False,yok,yok,False,False,False,False,True,a,vowel_a,False,ali,False,False,False,False,False,False,False
592,he/she is putting on his/her socks,,FullEventful,hih-lh,,False,aliyo,aliyo,False,False,False,False,True,a,vowel_a,False,none,False,False,False,False,False,False,False
592,he/she is putting on his/her socks,,FullEventful,hih-lh,,False,yo,yo,False,False,False,False,True,a,vowel_a,False,ali,False,False,False,False,False,False,False
593,he/she is changing his/her socks,,FullEventful,ih-vh[imperf2-inf2],change-alt,False,aliyo,aliyo,False,False,False,False,True,a,vowel_a,False,none,False,False,False,False,False,False,False
593,he/she is changing his/her socks,,FullEventful,ih-vh[imperf2-inf2],,False,aliyohs,aliyohs,False,False,False,False,True,a,vowel_a,False,none,False,False,False,False,False,False,False
593,he/she is changing his/her socks,,FullEventful,ih-vh[imperf2-inf2],change-alt,False,yo,yo,False,False,False,False,True,a,vowel_a,False,ali,False,False,False,False,False,False,False
593,he/she is changing his/her socks,,FullEventful,ih-vh[imperf2-inf2],,False,yohs,yohs,False,False,False,False,True,a,vowel_a,False,ali,False,False,False,False,False,False,False
593,he/she is changing his/her socks,,FullEventful,ih-vh[imperf2],,False,aliyohs,aliyohs,False,False,False,False,True,a,vowel_a,False,none,False,False,False,False,False,False,False
593,he/she is changing his/her socks,,FullEventful,ih-vh[imperf2],,False,yohs,yohs,False,False,False,False,True,a,vowel_a,False,ali,False,False,False,False,False,False,False
594,he/she is aiming at him/her,,FullEventful,cause,,False,alhsohst,alihsohst,False,False,False,False,True,a,vowel_a,False,none,False,False,False,False,False,True,False
594,he/she is aiming at him/her,,FullEventful,cause,,False,hsohst,hsohst,False,False,False,False,True,a,vowel_a,False,al_ali,False,False,False,False,False,True,False
594,he/she is aiming at him/her,,FullEventful,cause[perf3],,False,alhsohst,alihsohst,False,False,False,False,True,a,vowel_a,False,none,False,False,False,False,False,True,False
594,he/she is aiming at him/her,,FullEventful,cause[perf3],,False,hsohst,hsohst,False,False,False,False,True,a,vowel_a,False,al_ali,False,False,False,False,False,True,False
594,he/she is aiming at him/her,,FullEventful,cause[pres2-perf3],,False,alhsohstih,alihsohstih,False,False,False,False,True,a,vowel_a,False,none,False,False,False,False,False,True,False
594,he/she is aiming at him/her,,FullEventful,cause[pres2-perf3],,False,hsohstih,hsohstih,False,False,False,False,True,a,vowel_a,False,al_ali,False,False,False,False,False,True,False
594,he/she is aiming at him/her,,FullEventful,cause[pres2],,False,alhsohstih,alihsohstih,False,False,False,False,True,a,vowel_a,False,none,False,False,False,False,False,True,False
594,he/she is aiming at him/her,,FullEventful,cause[pres2],,False,hsohstih,hsohstih,False,False,False,False,True,a,vowel_a,False,al_ali,False,False,False,False,False,True,False
599,he/she is playing with him/her,,FullEventful,cause,,False,anelht,anelht,False,False,False,False,True,a,vowel_a,False,none,False,False,False,False,False,True,False
599,he/she is playing with him/her,,FullEventful,cause[perf3],,False,anelht,anelht,False,False,False,False,True,a,vowel_a,False,none,False,False,False,False,False,True,False
599,he/she is playing with him/her,,FullEventful,cause[pres2-perf3],,False,anelhtih,anelhtih,False,False,False,False,True,a,vowel_a,False,none,False,False,False,False,False,True,False
599,he/she is playing with him/her,,FullEventful,cause[pres2],,False,anelhtih,anelhtih,False,False,False,False,True,a,vowel_a,False,none,False,False,False,False,False,True,False
600,he/she is playing,,FullEventful,hvsk-nh[inf2],,False,anelo,anelo,False,False,False,False,True,a,vowel_a,False,none,False,False,False,False,False,False,False
604,he/she is shooting at him/her,,FullEventful,hih-lh[imp2],,False,hstayo,hstayo,False,False,False,False,True,a,con,False,none,False,False,False,False,False,False,False
604,he/she is shooting at him/her,,FullEventful,hih-lh[imp2],,False,hstayo,hstayo,False,False,False,False,True,a,con,False,none,False,False,False,False,False,True,False
604,he/she is shooting at him/her,,FullEventful,hih-lh[imp2],,False,hstayo,hstayo,False,False,False,False,True,a,s_stem,False,none,False,False,False,False,False,False,False
604,he/she is shooting at him/her,,FullEventful,hih-lh[imp2],,False,hstayo,hstayo,False,False,False,False,True,a,s_stem,False,none,False,False,False,False,False,True,False
605,he/she is splitting it,,FullEventful,sk-h,,False,hstlu,hstlu,False,False,False,False,True,a,con,False,none,False,False,False,False,False,False,False
605,he/she is splitting it,,FullEventful,sk-h,,False,hstlu,hstlu,False,False,False,False,True,a,con,False,none,False,False,False,False,False,True,False
605,he/she is splitting it,,FullEventful,sk-h,,False,hstlu,hstlu,False,False,False,False,True,a,s_stem,False,none,False,False,False,False,False,False,False
605,he/she is splitting it,,FullEventful,sk-h,,False,hstlu,hstlu,False,False,False,False,True,a,s_stem,False,none,False,False,False,False,False,True,False
605,he/she is splitting it,,FullEventful,sk-h-yh,,False,hstlu,hstlu,False,False,False,False,True,a,con,False,none,False,False,False,False,False,False,False
605,he/she is splitting it,,FullEventful,sk-h-yh,,False,hstlu,hstlu,False,False,False,False,True,a,con,False,none,False,False,False,False,False,True,False
605,he/she is splitting it,,FullEventful,sk-h-yh,,False,hstlu,hstlu,False,False,False,False,True,a,s_stem,False,none,False,False,False,False,False,False,False
605,he/she is splitting it,,FullEventful,sk-h-yh,,False,hstlu,hstlu,False,False,False,False,True,a,s_stem,False,none,False,False,False,False,False,True,False
605,he/she is splitting it,,FullEventful,sk-h[imp2],,False,hstlu,hstlu,False,False,False,False,True,a,con,False,none,False,False,False,False,False,False,False
605,he/she is splitting it,,FullEventful,sk-h[imp2],,False,hstlu,hstlu,False,False,False,False,True,a,con,False,none,False,False,False,False,False,True,False
605,he/she is splitting it,,FullEventful,sk-h[imp2],,False,hstlu,hstlu,False,False,False,False,True,a,s_stem,False,none,False,False,False,False,False,False,False
605,he/she is splitting it,,FullEventful,sk-h[imp2],,False,hstlu,hstlu,False,False,False,False,True,a,s_stem,False,none,False,False,False,False,False,True,False
606,he/she is sprinkling it (with liquid),,FullEventful,i-a-i,,False,hstutl,hstutl,False,False,False,False,True,a,con,False,none,False,False,False,False,False,False,False
606,he/she is sprinkling it (with liquid),,FullEventful,i-a-i,,False,hstutl,hstutl,False,False,False,False,True,a,con,False,none,False,False,False,False,False,True,False
606,he/she is sprinkling it (with liquid),,FullEventful,i-a-i,,False,hstutl,hstutl,False,False,False,False,True,a,s_stem,False,none,False,False,False,False,False,False,False
606,he/she is sprinkling it (with liquid),,FullEventful,i-a-i,,False,hstutl,hstutl,False,False,False,False,True,a,s_stem,False,none,False,False,False,False,False,True,False
607,he/she is counting it,,FullEventful,hih-lh,,False,ahse,ahse,False,False,False,False,True,a,vowel_a,False,none,False,False,False,False,False,False,False
608,he/she is cursing him/her,,FullEventful,i-a-i,long,False,hskin,hskin,False,False,False,False,True,a,con,False,none,False,False,False,False,False,False,False
608,he/she is cursing him/her,,FullEventful,i-a-i,long,False,hskin,hskin,False,False,False,False,True,a,con,False,none,False,False,False,False,False,True,False
608,he/she is cursing him/her,,FullEventful,i-a-i,long,False,hskin,hskin,False,False,False,False,True,a,s_stem,False,none,False,False,False,False,False,False,False
608,he/she is cursing him/her,,FullEventful,i-a-i,long,False,hskin,hskin,False,False,False,False,True,a,s_stem,False,none,False,False,False,False,False,True,False
608,he/she is cursing him/her,,FullEventful,i-a-i,long[no-a],False,hskina,hskina,False,False,False,False,True,a,con,False,none,False,False,False,False,False,False,False
608,he/she is cursing him/her,,FullEventful,i-a-i,long[no-a],False,hskina,hskina,False,False,False,False,True,a,con,False,none,False,False,False,False,False,True,False
608,he/she is cursing him/her,,FullEventful,i-a-i,long[no-a],False,hskina,hskina,False,False,False,False,True,a,s_stem,False,none,False,False,False,False,False,False,False
608,he/she is cursing him/her,,FullEventful,i-a-i,long[no-a],False,hskina,hskina,False,False,False,False,True,a,s_stem,False,none,False,False,False,False,False,True,False
608,he/she is cursing him/her,,FullEventful,i-a-i,,False,hskinat,hskinat,False,False,False,False,True,a,con,False,none,False,False,False,False,False,False,False
608,he/she is cursing him/her,,FullEventful,i-a-i,,False,hskinat,hskinat,False,False,False,False,True,a,con,False,none,False,False,False,False,False,True,False
608,he/she is cursing him/her,,FullEventful,i-a-i,,False,hskinat,hskinat,False,False,False,False,True,a,s_stem,False,none,False,False,False,False,False,False,False
608,he/she is cursing him/her,,FullEventful,i-a-i,,False,hskinat,hskinat,False,False,False,False,True,a,s_stem,False,none,False,False,False,False,False,True,False
609,he/she is clapping his/her hands,,FullEventful,ih-il,hitting[il],False,ahsihth,ahsihth,False,False,False,False,True,a,vowel_a,False,none,False,False,False,False,False,False,False
609,he/she is clapping his/her hands,,FullEventful,ih-il,,False,ahsihthvn,ahsihthvn,False,False,False,False,True,a,vowel_a,False,none,False,False,False,False,False,False,False
610,he/she is getting exhausted,,FullEventful,sk-s-hi-hihst,,False,ahsthaye,ahsthaye,False,False,False,False,True,a,vowel_a,False,none,False,False,False,False,False,False,False
610,he/she is getting exhausted,,FullEventful,sk-s-hst,,False,ahsthaye,ahsthaye,False,False,False,False,True,a,vowel_a,False,none,False,False,False,False,False,False,False
610,he/she is getting exhausted,,FullEventful,sk-s-hst[imp2],,False,ahsthaye,ahsthaye,False,False,False,False,True,a,vowel_a,False,none,False,False,False,False,False,False,False
611,it’s barking,,FullEventful,i-a-ihsk,,False,ahsuwh,ahsuwh,False,False,False,False,True,a,vowel_a,False,none,False,False,False,False,False,False,False
611,it’s barking,,FullEventful,sk-s-hst,,False,ahsuwhi,ahsuwhi,False,False,False,False,True,a,vowel_a,False,none,False,False,False,False,False,False,False
612,he/she is scheduling a time,,FullEventful,cause,,False,hsvhst,hsvhst,False,False,False,False,True,a,con,False,none,False,False,False,False,False,False,False
612,he/she is scheduling a time,,FullEventful,cause,,False,hsvhst,hsvhst,False,False,False,False,True,a,con,False,none,False,False,False,False,False,True,False
612,he/she is scheduling a time,,FullEventful,cause,,False,hsvhst,hsvhst,False,False,False,False,True,a,s_stem,False,none,False,False,False,False,False,False,False
612,he/she is scheduling a time,,FullEventful,cause,,False,hsvhst,hsvhst,False,False,False,False,True,a,s_stem,False,none,False,False,False,False,False,True,False
612,he/she is scheduling a time,,FullEventful,cause[perf3],,False,hsvhst,hsvhst,False,False,False,False,True,a,con,False,none,False,False,False,False,False,False,False
612,he/she is scheduling a time,,FullEventful,cause[perf3],,False,hsvhst,hsvhst,False,False,False,False,True,a,con,False,none,False,False,False,False,False,True,False
612,he/she is scheduling a time,,FullEventful,cause[perf3],,False,hsvhst,hsvhst,False,False,False,False,True,a,s_stem,False,none,False,False,False,False,False,False,False
612,he/she is scheduling a time,,FullEventful,cause[perf3],,False,hsvhst,hsvhst,False,False,False,False,True,a,s_stem,False,none,False,False,False,False,False,True,False
612,he/she is scheduling a time,,FullEventful,cause[pres2-perf3],,False,hsvhstih,hsvhstih,False,False,False,False,True,a,con,False,none,False,False,False,False,False,False,False
612,he/she is scheduling a time,,FullEventful,cause[pres2-perf3],,False,hsvhstih,hsvhstih,False,False,False,False,True,a,con,False,none,False,False,False,False,False,True,False
612,he/she is scheduling a time,,FullEventful,cause[pres2-perf3],,False,hsvhstih,hsvhstih,False,False,False,False,True,a,s_stem,False,none,False,False,False,False,False,False,False
612,he/she is scheduling a time,,FullEventful,cause[pres2-perf3],,False,hsvhstih,hsvhstih,False,False,False,False,True,a,s_stem,False,none,False,False,False,False,False,True,False
612,he/she is scheduling a time,,FullEventful,cause[pres2],,False,hsvhstih,hsvhstih,False,False,False,False,True,a,con,False,none,False,False,False,False,False,False,False
612,he/she is scheduling a time,,FullEventful,cause[pres2],,False,hsvhstih,hsvhstih,False,False,False,False,True,a,con,False,none,False,False,False,False,False,True,False
612,he/she is scheduling a time,,FullEventful,cause[pres2],,False,hsvhstih,hsvhstih,False,False,False,False,True,a,s_stem,False,none,False,False,False,False,False,False,False
612,he/she is scheduling a time,,FullEventful,cause[pres2],,False,hsvhstih,hsvhstih,False,False,False,False,True,a,s_stem,False,none,False,False,False,False,False,True,False
618,he/she is releasing him/her,,FullEventful,sk-s-hi-hihst,,False,yo,yo,False,False,False,False,True,a,con,False,none,False,False,False,False,False,False,False
618,he/she is releasing him/her,,FullEventful,sk-s-hi-hihst,,False,yo,yo,False,False,False,False,True,a,con,False,none,False,False,False,False,False,True,False
618,he/she is releasing him/her,,FullEventful,sk-s-hst,,False,yo,yo,False,False,False,False,True,a,con,False,none,False,False,False,False,False,False,False
618,he/she is releasing him/her,,FullEventful,sk-s-hst,,False,yo,yo,False,False,False,False,True,a,con,False,none,False,False,False,False,False,True,False
618,he/she is releasing him/her,,FullEventful,sk-s-hst[imp2],,False,yo,yo,False,False,False,False,True,a,con,False,none,False,False,False,False,False,False,False
618,he/she is releasing him/her,,FullEventful,sk-s-hst[imp2],,False,yo,yo,False,False,False,False,True,a,con,False,none,False,False,False,False,False,True,False
620,he/she is slamming him/her,,FullEventful,cause,,False,lvtvnihst,lvtvnihst,False,False,False,False,True,a,con,False,none,False,False,True,False,False,False,False
620,he/she is slamming him/her,,FullEventful,cause,,False,lvtvnihst,lvtvnihst,False,False,False,False,True,a,con,False,none,False,False,True,False,False,True,False
620,he/she is slamming him/her,,FullEventful,cause[perf3],,False,lvtvnihst,lvtvnihst,False,False,False,False,True,a,con,False,none,False,False,True,False,False,False,False
620,he/she is slamming him/her,,FullEventful,cause[perf3],,False,lvtvnihst,lvtvnihst,False,False,False,False,True,a,con,False,none,False,False,True,False,False,True,False
620,he/she is slamming him/her,,FullEventful,cause[pres2-perf3],,False,lvtvnihstih,lvtvnihstih,False,False,False,False,True,a,con,False,none,False,False,True,False,False,False,False
620,he/she is slamming him/her,,FullEventful,cause[pres2-perf3],,False,lvtvnihstih,lvtvnihstih,False,False,False,False,True,a,con,False,none,False,False,True,False,False,True,False
620,he/she is slamming him/her,,FullEventful,cause[pres2],,False,lvtvnihstih,lvtvnihstih,False,False,False,False,True,a,con,False,none,False,False,True,False,False,False,False
620,he/she is slamming him/her,,FullEventful,cause[pres2],,False,lvtvnihstih,lvtvnihstih,False,False,False,False,True,a,con,False,none,False,False,True,False,False,True,False
621,he/she is crossing (refers to a road‚ bridge‚ etc.),,FullEventful,sk-s-hi-hihst,,False,natiw,natiw,False,False,False,False,True,a,con,False,none,False,False,True,False,False,False,False
621,he/she is crossing (refers to a road‚ bridge‚ etc.),,FullEventful,sk-s-hi-hihst,,False,natiw,natiw,False,False,False,False,True,a,con,False,none,False,False,True,False,False,True,False
622,he/she is advertising it,,FullEventful,hvsk-han,,False,notsal,notsal,False,False,False,False,True,a,con,False,none,False,False,True,False,False,False,False
622,he/she is advertising it,,FullEventful,hvsk-han,,False,notsal,notsal,False,False,False,False,True,a,con,False,none,False,False,True,False,False,True,False
623,he/she is crossing it (refers to a body of water),,FullEventful,become,,False,:hsoh,:hsoh,False,False,False,False,True,a,long,False,none,False,False,True,False,False,False,False
623,he/she is crossing it (refers to a body of water),,FullEventful,become[inf4],,False,:hsoh,:hsoh,False,False,False,False,True,a,long,False,none,False,False,True,False,False,False,False
625,he/she is explaining it (refers to a Biblical text),,FullEventful,cause[perf2],iterative,False,ohs,ohs,False,False,False,False,True,a,vowel_o,False,none,False,False,True,False,False,False,False
625,he/she is explaining it (refers to a Biblical text),,FullEventful,cause[perf2],iterative[no-i],False,ohsi,ohsi,False,False,False,False,True,a,vowel_o,False,none,False,False,True,False,False,False,False
625,he/she is explaining it (refers to a Biblical text),,FullEventful,cause[perf2],,False,ohsihs,ohsihs,False,False,False,False,True,a,vowel_o,False,none,False,False,True,False,False,False,False
625,he/she is explaining it (refers to a Biblical text),,FullEventful,cause[pres2-perf2],,False,ohsihsih,ohsihsih,False,False,False,False,True,a,vowel_o,False,none,False,False,True,False,False,False,False
626,he/she is deciding,,FullEventful,cause,,False,ukht,ukot,False,False,False,False,True,a,vowel_u,False,none,False,False,True,False,False,False,False
626,he/she is deciding,,FullEventful,cause[perf3],,False,ukht,ukot,False,False,False,False,True,a,vowel_u,False,none,False,False,True,False,False,False,False
626,he/she is deciding,,FullEventful,cause[pres2-perf3],,False,ukhtih,ukotih,False,False,False,False,True,a,vowel_u,False,none,False,False,True,False,False,False,False
626,he/she is deciding,,FullEventful,cause[pres2],,False,ukhtih,ukotih,False,False,False,False,True,a,vowel_u,False,none,False,False,True,False,False,False,False
627,he/she is washing (refers to dishes),,FullEventful,e-a,,False,vtiy,vtiy,False,False,False,False,True,a,vowel_v,False,none,False,False,True,False,True,False,False
628,he/she is shelling (refers to peas‚ nut meats‚ etc),,FullEventful,rev-i,,False,vthoh,vthoh,False,False,False,False,True,a,vowel_v,False,none,False,False,True,False,False,False,False
630,he/she is turning him/her over,,FullEventful,go-in,,False,lhihkwat,lihkwat,False,False,False,False,True,a,aspirated,True,none,False,False,True,False,False,True,True
630,he/she is turning him/her over,,FullEventful,go-in,,False,lhihkwat,lihkwat,False,False,False,False,True,a,con,True,none,False,False,True,False,False,True,True
631,he/she is singing,,FullEventful,rev-gi,,False,nho,no,False,False,False,False,True,a,aspirated,True,none,False,False,True,False,False,False,True
631,he/she is singing,,FullEventful,rev-gi,,False,nho,no,False,False,False,False,True,a,con,True,none,False,False,True,False,False,False,True
631,he/she is singing,,FullEventful,rev-i,,False,nhok,nok,False,False,False,False,True,a,aspirated,True,none,False,False,True,False,False,False,True
631,he/she is singing,,FullEventful,rev-i,,False,nhok,nok,False,False,False,False,True,a,con,True,none,False,False,True,False,False,False,True
632,he/she is clawing him/her,,FullEventful,sk-s-hst,,False,nhuko,nuko,False,False,False,False,True,a,aspirated,True,none,False,False,True,False,False,True,True
632,he/she is clawing him/her,,FullEventful,sk-s-hst,,False,nhuko,nuko,False,False,False,False,True,a,con,True,none,False,False,True,False,False,True,True
632,he/she is clawing him/her,,FullEventful,sk-s-la,,False,nhuko,nuko,False,False,False,False,True,a,aspirated,True,none,False,False,True,False,False,True,True
632,he/she is clawing him/her,,FullEventful,sk-s-la,,False,nhuko,nuko,False,False,False,False,True,a,con,True,none,False,False,True,False,False,True,True
722,he/she is confronted with it,,FullEventful,sk-s-hi-hihst,,False,atlo,,False,False,False,False,True,b,vowel_a,False,none,False,False,False,False,False,False,False
722,he/she is confronted with it,,FullEventful,sk-s-hi-hihst,,False,lo,,False,False,False,False,True,b,vowel_a,False,at_pre_c,False,False,False,False,False,False,False
722,he/she is confronted with it,,FullEventful,sk-s-hst,,False,atlo,,False,False,False,False,True,b,vowel_a,False,none,False,False,False,False,False,False,False
722,he/she is confronted with it,,FullEventful,sk-s-hst,,False,lo,,False,False,False,False,True,b,vowel_a,False,at_pre_c,False,False,False,False,False,False,False
722,he/she is confronted with it,,FullEventful,sk-s-hst[imp2],,False,atlo,,False,False,False,False,True,b,vowel_a,False,none,False,False,False,False,False,False,False
722,he/she is confronted with it,,FullEventful,sk-s-hst[imp2],,False,lo,,False,False,False,False,True,b,vowel_a,False,at_pre_c,False,False,False,False,False,False,False
724,he/she is staggering,,FullEventful,cause,,False,atokht,,False,False,False,False,True,b,vowel_a,False,none,False,False,False,False,False,False,False
724,he/she is staggering,,FullEventful,cause,,False,okht,,False,False,False,False,True,b,vowel_a,False,at,False,False,False,False,False,False,False
724,he/she is staggering,,FullEventful,cause[perf3],,False,atokht,,False,False,False,False,True,b,vowel_a,False,none,False,False,False,False,False,False,False
724,he/she is staggering,,FullEventful,cause[perf3],,False,okht,,False,False,False,False,True,b,vowel_a,False,at,False,False,False,False,False,False,False
724,he/she is staggering,,FullEventful,cause[pres2-perf3],,False,atokhtih,,False,False,False,False,True,b,vowel_a,False,none,False,False,False,False,False,False,False
724,he/she is staggering,,FullEventful,cause[pres2-perf3],,False,okhtih,,False,False,False,False,True,b,vowel_a,False,at,False,False,False,False,False,False,False
724,he/she is staggering,,FullEventful,cause[pres2],,False,atokhtih,,False,False,False,False,True,b,vowel_a,False,none,False,False,False,False,False,False,False
724,he/she is staggering,,FullEventful,cause[pres2],,False,okhtih,,False,False,False,False,True,b,vowel_a,False,at,False,False,False,False,False,False,False
725,he/she is getting a rash,,FullEventful,sk-s-hi-hihst,,False,kwenothi,,False,False,False,False,True,b,con,False,none,False,False,False,True,False,False,False
725,he/she is getting a rash,,FullEventful,sk-s-hst,,False,kwenothi,,False,False,False,False,True,b,con,False,none,False,False,False,True,False,False,False
725,he/she is getting a rash,,FullEventful,sk-s-hst[imp2],,False,kwenothi,,False,False,False,False,True,b,con,False,none,False,False,False,True,False,False,False
726,he/she has horns,,FullEventful,stative,,True,lhk,,True,False,False,False,True,b,con,False,none,False,False,False,True,False,False,False
726,he/she has horns,,FullEventful,stative-k,,True,lh,,True,False,False,False,True,b,con,False,none,False,False,False,True,False,False,False
727,he/she is sneezing,,FullEventful,sk-h,,False,yhvhstoy,,False,False,False,False,True,b,con,True,none,False,False,False,True,False,False,True
727,he/she is sneezing,,FullEventful,sk-h[imp2],,False,yhvhstoy,,False,False,False,False,True,b,con,True,none,False,False,False,True,False,False,True
728,he/she is vomiting,,FullEventful,cause,,False,khst,,False,False,False,False,True,b,con,False,none,False,False,False,True,False,False,False
728,he/she is vomiting,,FullEventful,cause[perf3],,False,khst,,False,False,False,False,True,b,con,False,none,False,False,False,True,False,False,False
728,he/she is vomiting,,FullEventful,cause[pres2-perf3],,False,khstih,,False,False,False,False,True,b,con,False,none,False,False,False,True,False,False,False
728,he/she is vomiting,,FullEventful,cause[pres2],,False,khstih,,False,False,False,False,True,b,con,False,none,False,False,False,True,False,False,False
729,he/she is wearing glasses,,FullEventful,stative,,True,akhthinvth,,True,False,False,False,True,b,vowel_a,False,none,False,False,False,False,False,False,False
729,he/she is wearing glasses,,FullEventful,stative-h,,True,akhthinvt,,True,False,False,False,True,b,vowel_a,False,none,False,False,False,False,False,False,False
730,he/she is wearing shoes,,FullEventful,stative,,True,alahsulh,,True,False,False,False,True,b,vowel_a,False,none,False,False,False,False,False,False,False
730,he/she is wearing shoes,,FullEventful,stative-h,,True,alahsul,,True,False,False,False,True,b,vowel_a,False,none,False,False,False,False,False,False,False
733,he/she is wearing socks,,FullEventful,stative,,True,aliyoh,,True,False,False,False,True,b,vowel_a,False,none,False,False,False,False,False,False,False
733,he/she is wearing socks,,FullEventful,stative,,True,yoh,,True,False,False,False,True,b,vowel_a,False,ali,False,False,False,False,False,False,False
733,he/she is wearing socks,,FullEventful,stative-h,,True,aliyo,,True,False,False,False,True,b,vowel_a,False,none,False,False,False,False,False,False,False
733,he/she is wearing socks,,FullEventful,stative-h,,True,yo,,True,False,False,False,True,b,vowel_a,False,ali,False,False,False,False,False,False,False
735,he/she is working,,FullEventful,apl,,False,lvwhihstan,,False,False,False,False,True,b,con,False,none,False,False,False,True,False,False,False
735,he/she is working,,FullEventful,apl[imp2],,False,lvwhihstan,,False,False,False,False,True,b,con,False,none,False,False,False,True,False,False,False
738,he/she is releasing it (refers to involuntarily releasing),,FullEventful,cause,,False,ahskalehst,,False,False,False,False,True,b,vowel_a,False,none,False,False,False,False,False,False,False
738,he/she is releasing it (refers to involuntarily releasing),,FullEventful,cause[perf3],,False,ahskalehst,,False,False,False,False,True,b,vowel_a,False,none,False,False,False,False,False,False,False
738,he/she is releasing it (refers to involuntarily releasing),,FullEventful,cause[pres2-perf3],,False,ahskalehstih,,False,False,False,False,True,b,vowel_a,False,none,False,False,False,False,False,False,False
738,he/she is releasing it (refers to involuntarily releasing),,FullEventful,cause[pres2],,False,ahskalehstih,,False,False,False,False,True,b,vowel_a,False,none,False,False,False,False,False,False,False
739,he/she is tired,,FullEventful,become,,False,yawe,,False,False,False,False,True,b,con,False,none,False,False,False,True,False,False,False
740,he/she is releasing it (refers to voluntarily releasing),,FullEventful,sk-s-hi-hihst,,False,yo,,False,False,False,False,True,b,con,False,none,False,False,False,True,False,False,False
740,he/she is releasing it (refers to voluntarily releasing),,FullEventful,sk-s-hst,,False,yo,,False,False,False,False,True,b,con,False,none,False,False,False,True,False,False,False
740,he/she is releasing it (refers to voluntarily releasing),,FullEventful,sk-s-hst[imp2],,False,yo,,False,False,False,False,True,b,con,False,none,False,False,False,True,False,False,False
742,he/she is walking around,,FullEventful,be-at,,False,et,et,False,False,False,False,False,a,vowel_e,False,none,False,False,False,False,False,False,False
746,he/she lives,,FullEventful,stative,,True,eh,e',True,False,False,False,False,a,vowel_e,False,none,False,False,False,False,False,False,False
746,he/she lives,,FullEventful,stative-eh,,True,,,True,False,False,False,False,a,vowel_e,False,none,False,False,False,False,False,False,False
746,he/she lives,,FullEventful,stative-eh,,True,,,True,False,False,False,False,a,vowel_o,False,none,False,False,False,False,False,False,False
746,he/she lives,,FullEventful,stative-eh,,True,,,True,False,False,False,False,a,vowel_u,False,none,False,False,False,False,False,False,False
746,he/she lives,,FullEventful,stative-eh,,True,,,True,False,False,False,False,a,vowel_v,False,none,False,False,False,False,False,False,False
746,he/she lives,,FullEventful,stative-h,,True,e,e,True,False,False,False,False,a,vowel_e,False,none,False,False,False,False,False,False,False
752,he/she thinks so,,FullEventful,i-a-i,,False,el,el,False,False,False,False,False,a,vowel_e,False,none,False,False,False,False,False,False,False
752,he/she thinks so,,FullEventful,i-a-i[perf2],,False,el,el,False,False,False,False,False,a,vowel_e,False,none,False,False,False,False,False,False,False
757,he/she is straightening it,,FullEventful,cause[perf2],iterative[no-i],False,:tshino,:tshino,False,False,False,False,False,a,long,False,none,False,False,True,False,False,False,False
757,he/she is straightening it,,FullEventful,cause[perf2],,False,:tshinohs,:tshinohs,False,False,False,False,False,a,long,False,none,False,False,True,False,False,False,False
757,he/she is straightening it,,FullEventful,cause[pres2-perf2],,False,:tshinohsih,:tshinohsih,False,False,False,False,False,a,long,False,none,False,False,True,False,False,False,False
759,it is hanging (refers to flexible object),,FullEventful,stative,,True,',',True,False,False,False,False,a,vowel_a,False,ata,False,False,True,False,False,False,False
759,it is hanging (refers to flexible object),,FullEventful,stative,,True,a',a',True,False,False,False,False,a,vowel_a,False,at,False,False,True,False,False,False,False
759,it is hanging (refers to flexible object),,FullEventful,stative,,True,ata',ata',True,False,False,False,False,a,vowel_a,False,none,False,False,True,False,False,False,False
759,it is hanging (refers to flexible object),,FullEventful,stative-a',,True,,,True,False,False,False,False,a,vowel_a,False,at,False,False,True,False,False,False,False
759,it is hanging (refers to flexible object),,FullEventful,stative-a',,True,,,True,False,False,False,False,a,vowel_a,False,at_pre_c,False,False,True,False,False,False,False
759,it is hanging (refers to flexible object),,FullEventful,stative-a',,True,at,at,True,False,False,False,False,a,vowel_a,False,none,False,False,True,False,False,False,False
764,he/she is plowing it,,FullEventful,i-vka,,False,:taluk,:taluk,False,False,False,False,False,a,long,False,none,False,False,True,False,False,False,False
766,he/she is removing it from a hanging position (refers to solid or flexible object),,FullEventful,rev-e,,False,,,False,False,False,False,False,a,vowel_a,False,at,False,False,True,False,False,False,False
766,he/she is removing it from a hanging position (refers to solid or flexible object),,FullEventful,rev-e,,False,,,False,False,False,False,False,a,vowel_a,False,at_pre_c,False,False,True,False,False,False,False
766,he/she is removing it from a hanging position (refers to solid or flexible object),,FullEventful,rev-e,,False,at,at,False,False,False,False,False,a,vowel_a,False,none,False,False,True,False,False,False,False
767,he/she is turning it,,FullEventful,cause,,False,:teyhst,:teyahst,False,False,False,False,False,a,long,False,none,False,False,True,False,False,False,False
767,he/she is turning it,,FullEventful,cause[perf3],,False,:teyhst,:teyahst,False,False,False,False,False,a,long,False,none,False,False,True,False,False,False,False
767,he/she is turning it,,FullEventful,cause[pres2-perf3],,False,:teyhstih,:teyahstih,False,False,False,False,False,a,long,False,none,False,False,True,False,False,False,False
767,he/she is turning it,,FullEventful,cause[pres2],,False,:teyhstih,:teyahstih,False,False,False,False,False,a,long,False,none,False,False,True,False,False,False,False
769,he/she is spinning it,,FullEventful,cause,,False,:tikwalvteyhst,:tikwalvteyhst,False,False,False,False,False,a,long,False,none,False,False,True,False,False,False,False
769,he/she is spinning it,,FullEventful,cause[perf3],,False,:tikwalvteyhst,:tikwalvteyhst,False,False,False,False,False,a,long,False,none,False,False,True,False,False,False,False
769,he/she is spinning it,,FullEventful,cause[pres2-perf3],,False,:tikwalvteyhstih,:tikwalvteyhstih,False,False,False,False,False,a,long,False,none,False,False,True,False,False,False,False
769,he/she is spinning it,,FullEventful,cause[pres2],,False,:tikwalvteyhstih,:tikwalvteyhstih,False,False,False,False,False,a,long,False,none,False,False,True,False,False,False,False
770,he/she is strapping it,,FullEventful,hih-lh,,False,:tlo,:tlo,False,False,False,False,False,a,long,False,none,False,False,True,False,False,False,False
772,he/she is standing,,FullEventful,stative,,True,:tok,:tok,True,False,False,False,False,a,long,False,none,False,False,True,False,False,False,False
772,he/she is standing,,FullEventful,stative,,True,tok,tok,True,False,False,False,False,a,con,False,none,False,False,True,False,False,False,False
772,he/she is standing,,FullEventful,stative,,True,tok,tok,True,False,False,False,False,a,con,False,none,False,False,True,False,False,True,False
772,he/she is standing,,FullEventful,stative-k,,True,:to,:to,True,False,False,False,False,a,long,False,none,False,False,True,False,False,False,False
772,he/she is standing,,FullEventful,stative-k,,True,to,to,True,False,False,False,False,a,con,False,none,False,False,True,False,False,False,False
772,he/she is standing,,FullEventful,stative-k,,True,to,to,True,False,False,False,False,a,con,False,none,False,False,True,False,False,True,False
775,he/she is pitying him/her,,FullEventful,become,become-long[i],False,:tol,:tol,False,False,False,False,False,a,long,False,none,False,False,True,False,False,True,False
775,he/she is pitying him/her,,FullEventful,become,,False,:toli,:toli,False,False,False,False,False,a,long,False,none,False,False,True,False,False,True,False
775,he/she is pitying him/her,,FullEventful,become[inf4],become-long[i],False,:tol,:tol,False,False,False,False,False,a,long,False,none,False,False,True,False,False,True,False
775,he/she is pitying him/her,,FullEventful,become[inf4],,False,:toli,:toli,False,False,False,False,False,a,long,False,none,False,False,True,False,False,True,False
776,he/she is dropping him/her (refers to flexible object),,FullEventful,cause,,False,atonht,atonht,False,False,False,False,False,a,vowel_a,False,none,False,False,True,False,False,True,False
776,he/she is dropping him/her (refers to flexible object),,FullEventful,cause,,False,onht,onht,False,False,False,False,False,a,vowel_a,False,at,False,False,True,False,False,True,False
776,he/she is dropping him/her (refers to flexible object),,FullEventful,cause[perf3],,False,atonht,atonht,False,False,False,False,False,a,vowel_a,False,none,False,False,True,False,False,True,False
776,he/she is dropping him/her (refers to flexible object),,FullEventful,cause[perf3],,False,onht,onht,False,False,False,False,False,a,vowel_a,False,at,False,False,True,False,False,True,False
776,he/she is dropping him/her (refers to flexible object),,FullEventful,cause[pres2-perf3],,False,atonhtih,atonhtih,False,False,False,False,False,a,vowel_a,False,none,False,False,True,False,False,True,False
776,he/she is dropping him/her (refers to flexible object),,FullEventful,cause[pres2-perf3],,False,onhtih,onhtih,False,False,False,False,False,a,vowel_a,False,at,False,False,True,False,False,True,False
776,he/she is dropping him/her (refers to flexible object),,FullEventful,cause[pres2],,False,atonhtih,atonhtih,False,False,False,False,False,a,vowel_a,False,none,False,False,True,False,False,True,False
776,he/she is dropping him/her (refers to flexible object),,FullEventful,cause[pres2],,False,onhtih,onhtih,False,False,False,False,False,a,vowel_a,False,at,False,False,True,False,False,True,False
777,it is falling from a hanging position (refers to flexible object),,FullEventful,sk-s-hi-hihst,,False,ato,ato,False,False,False,False,False,a,vowel_a,False,none,False,False,True,False,False,False,False
777,it is falling from a hanging position (refers to flexible object),,FullEventful,sk-s-hi-hihst,,False,o,o,False,False,False,False,False,a,vowel_a,False,at,False,False,True,False,False,False,False
777,it is falling from a hanging position (refers to flexible object),,FullEventful,sk-s-hst,,False,ato,ato,False,False,False,False,False,a,vowel_a,False,none,False,False,True,False,False,False,False
777,it is falling from a hanging position (refers to flexible object),,FullEventful,sk-s-hst,,False,o,o,False,False,False,False,False,a,vowel_a,False,at,False,False,True,False,False,False,False
777,it is falling from a hanging position (refers to flexible object),,FullEventful,sk-s-hst[imp2],,False,ato,ato,False,False,False,False,False,a,vowel_a,False,none,False,False,True,False,False,False,False
777,it is falling from a hanging position (refers to flexible object),,FullEventful,sk-s-hst[imp2],,False,o,o,False,False,False,False,False,a,vowel_a,False,at,False,False,True,False,False,False,False
784,he/she is baking it,,FullEventful,hvsk-nh[inf2],,False,:tu,:tu,False,False,False,False,False,a,long,False,none,False,False,True,False,False,False,False
791,he/she is rowing,,FullEventful,sk-s-hst,,False,:kawe,:kawe,False,False,False,False,False,a,long,False,none,False,False,True,False,False,False,False
791,he/she is rowing,,FullEventful,sk-s-hst[imp2],,False,:kawe,:kawe,False,False,False,False,False,a,long,False,none,False,False,True,False,False,False,False
796,he/she is pecking it,,FullEventful,hih-lh[imp2],,False,:kwayo,:kwayo,False,False,False,False,False,a,long,False,none,False,False,True,False,False,True,False
798,he/she is putting it into a container,,FullEventful,cause,,False,lht,lot,False,False,False,False,False,a,aspirated,False,none,False,False,True,False,False,False,False
798,he/she is putting it into a container,,FullEventful,cause,,False,lht,lot,False,False,False,False,False,a,con,False,none,False,False,True,False,False,False,False
798,he/she is putting it into a container,,FullEventful,cause[perf3],,False,lht,lot,False,False,False,False,False,a,aspirated,False,none,False,False,True,False,False,False,False
798,he/she is putting it into a container,,FullEventful,cause[perf3],,False,lht,lot,False,False,False,False,False,a,con,False,none,False,False,True,False,False,False,False
798,he/she is putting it into a container,,FullEventful,cause[pres2-perf3],,False,lhtih,lotih,False,False,False,False,False,a,aspirated,False,none,False,False,True,False,False,False,False
798,he/she is putting it into a container,,FullEventful,cause[pres2-perf3],,False,lhtih,lotih,False,False,False,False,False,a,con,False,none,False,False,True,False,False,False,False
798,he/she is putting it into a container,,FullEventful,cause[pres2],,False,lhtih,lotih,False,False,False,False,False,a,aspirated,False,none,False,False,True,False,False,False,False
798,he/she is putting it into a container,,FullEventful,cause[pres2],,False,lhtih,lotih,False,False,False,False,False,a,con,False,none,False,False,True,False,False,False,False
803,he/she is sleeping,,FullEventful,ih-vh[imperf2],,False,lh,'l,False,False,False,False,False,a,aspirated,False,none,False,False,True,False,False,False,False
803,he/she is sleeping,,FullEventful,ih-vh[imperf2],,False,lh,'l,False,False,False,False,False,a,con,False,none,False,False,True,False,False,False,False
804,he/she is gathering it,,FullEventful,cause[perf2],iterative,False,:lh,:lh,False,False,False,False,False,a,long,False,none,False,False,True,False,False,False,False
804,he/she is gathering it,,FullEventful,cause[perf2],iterative[no-i],False,:lhi,:lhi,False,False,False,False,False,a,long,False,none,False,False,True,False,False,False,False
804,he/she is gathering it,,FullEventful,cause[perf2],,False,:lhihs,:lhihs,False,False,False,False,False,a,long,False,none,False,False,True,False,False,False,False
804,he/she is gathering it,,FullEventful,cause[pres2-perf2],,False,:lhihsih,:lhihsih,False,False,False,False,False,a,long,False,none,False,False,True,False,False,False,False
809,he/she is piling it up,,FullEventful,husk,,False,:l,:l,False,False,False,False,False,a,long,False,none,False,False,True,False,False,False,False
811,he/she is putting it in a hole or a container,,FullEventful,hvsk-han,,False,l,l,False,False,False,False,False,a,con,False,none,False,False,True,False,False,False,False
811,he/she is putting it in a hole or a container,,FullEventful,hvsk-han,,False,l,l,False,False,False,False,False,a,con,False,none,False,False,True,False,False,True,False
812,he/she is sleepy,,FullEventful,vnh-vsk,,False,lh,'l,False,False,False,False,False,a,aspirated,False,none,False,False,True,False,False,False,False
812,he/she is sleepy,,FullEventful,vnh-vsk,,False,lh,'l,False,False,False,False,False,a,con,False,none,False,False,True,False,False,False,False
812,he/she is sleepy,,FullEventful,vnh-vsk[inf3],,False,lh,'l,False,False,False,False,False,a,aspirated,False,none,False,False,True,False,False,False,False
812,he/she is sleepy,,FullEventful,vnh-vsk[inf3],,False,lh,'l,False,False,False,False,False,a,con,False,none,False,False,True,False,False,False,False
813,he/she is taking it somewhere by hand (refers to a flexible object),,FullEventful,go,,False,nh,'n,False,False,False,False,False,a,aspirated,False,none,False,False,True,False,False,False,False
813,he/she is taking it somewhere by hand (refers to a flexible object),,FullEventful,go,,False,nh,'n,False,False,False,False,False,a,con,False,none,False,False,True,False,False,False,False
813,he/she is taking it somewhere by hand (refers to a flexible object),,FullEventful,go[pres2],,False,nhek,'nek,False,False,False,False,False,a,aspirated,False,none,False,False,True,False,False,False,False
813,he/she is taking it somewhere by hand (refers to a flexible object),,FullEventful,go[pres2],,False,nhek,'nek,False,False,False,False,False,a,con,False,none,False,False,True,False,False,False,False
814,he/she is holding it (refers to a flexible object),,FullEventful,stative,,True,nheh,'neh,True,False,False,False,False,a,aspirated,False,none,False,False,True,False,False,False,False
814,he/she is holding it (refers to a flexible object),,FullEventful,stative,,True,nheh,'neh,True,False,False,False,False,a,con,False,none,False,False,True,False,False,False,False
814,he/she is holding it (refers to a flexible object),,FullEventful,stative-eh,,True,nh,'n,True,False,False,False,False,a,aspirated,False,none,False,False,True,False,False,False,False
814,he/she is holding it (refers to a flexible object),,FullEventful,stative-eh,,True,nh,'n,True,False,False,False,False,a,con,False,none,False,False,True,False,False,False,False
814,he/she is holding it (refers to a flexible object),,FullEventful,stative-h,,True,nhe,'ne,True,False,False,False,False,a,aspirated,False,none,False,False,True,False,False,False,False
814,he/she is holding it (refers to a flexible object),,FullEventful,stative-h,,True,nhe,'ne,True,False,False,False,False,a,con,False,none,False,False,True,False,False,False,False
815,he/she is handling it (refers to a flexible object),,FullEventful,be-at,be-at,False,nh,'n,False,False,False,False,False,a,aspirated,False,none,False,False,True,False,False,False,False
815,he/she is handling it (refers to a flexible object),,FullEventful,be-at,be-at,False,nh,'n,False,False,False,False,False,a,con,False,none,False,False,True,False,False,False,False
815,he/she is handling it (refers to a flexible object),,FullEventful,be-at,,False,nhit,'nit,False,False,False,False,False,a,aspirated,False,none,False,False,True,False,False,False,False
815,he/she is handling it (refers to a flexible object),,FullEventful,be-at,,False,nhit,'nit,False,False,False,False,False,a,con,False,none,False,False,True,False,False,False,False
818,he/she is eating it (refers to a flexible object),,FullEventful,e-aka,,False,:yh,:y,False,False,False,False,False,a,long,False,none,False,False,True,False,False,True,False
820,he/she is ripping it,,FullEventful,ih-vh,,False,:tsakal,:tsakal,False,False,False,False,False,a,long,False,none,False,False,True,False,False,False,False
821,he/she is scratching him/her,,FullEventful,sk-s-hst,,False,:tsaliko,:tsaliko,False,False,False,False,False,a,long,False,none,False,False,True,False,False,True,False
821,he/she is scratching him/her,,FullEventful,sk-s-la,,False,:tsaliko,:tsaliko,False,False,False,False,False,a,long,False,none,False,False,True,False,False,True,False
823,he/she is pricking him/her,,FullEventful,hih-lh[imp2],,False,:tsayo,:tsayo,False,False,False,False,False,a,long,False,none,False,False,True,False,False,True,False
824,he/she is wringing it out,,FullEventful,cause,,False,:tsvwahst,:tsvwahst,False,False,False,False,False,a,long,False,none,False,False,True,False,False,False,False
824,he/she is wringing it out,,FullEventful,cause[perf3],,False,:tsvwahst,:tsvwahst,False,False,False,False,False,a,long,False,none,False,False,True,False,False,False,False
824,he/she is wringing it out,,FullEventful,cause[pres2-perf3],,False,:tsvwahstih,:tsvwahstih,False,False,False,False,False,a,long,False,none,False,False,True,False,False,False,False
824,he/she is wringing it out,,FullEventful,cause[pres2],,False,:tsvwahstih,:tsvwahstih,False,False,False,False,False,a,long,False,none,False,False,True,False,False,False,False
825,he/she is stinging it,,FullEventful,sk-h,,False,:tsvy,:tsvy,False,False,False,False,False,a,long,False,none,False,False,True,False,False,True,False
825,he/she is stinging it,,FullEventful,sk-h[imp2],,False,:tsvy,:tsvy,False,False,False,False,False,a,long,False,none,False,False,True,False,False,True,False
826,he/she is leaving a living thing behind,,FullEventful,a,leaving,False,:khah,:khah,False,False,False,False,False,a,long,False,none,False,False,True,False,False,True,False
826,he/she is leaving a living thing behind,,FullEventful,a,,False,:khahiy,:khahiy,False,False,False,False,False,a,long,False,none,False,False,True,False,False,True,False
827,he/she is giving him/her a living thing,,FullEventful,apl,,False,:khan,:khan,False,False,False,False,False,a,long,False,none,False,False,True,False,False,True,False
827,he/she is giving him/her a living thing,,FullEventful,apl[imp2],,False,:khan,:khan,False,False,False,False,False,a,long,False,none,False,False,True,False,False,True,False
829,he/she is wrapping him/her,,FullEventful,vnh-vsk,,False,:kwhen,:kwhen,False,False,False,False,False,a,long,False,none,False,False,True,False,False,True,False
829,he/she is wrapping him/her,,FullEventful,vnh-vsk[inf2],,False,:kwhen,:kwhen,False,False,False,False,False,a,long,False,none,False,False,True,False,False,True,False
830,he/she is putting it in a container (refers to a long object),,FullEventful,i-a-i,long,False,l,l,False,False,False,False,False,a,con,False,none,False,False,True,False,False,False,False
830,he/she is putting it in a container (refers to a long object),,FullEventful,i-a-i,long,False,l,l,False,False,False,False,False,a,con,False,none,False,False,True,False,False,True,False
830,he/she is putting it in a container (refers to a long object),,FullEventful,i-a-i,long[no-a],False,la,la,False,False,False,False,False,a,con,False,none,False,False,True,False,False,False,False
830,he/she is putting it in a container (refers to a long object),,FullEventful,i-a-i,long[no-a],False,la,la,False,False,False,False,False,a,con,False,none,False,False,True,False,False,True,False
830,he/she is putting it in a container (refers to a long object),,FullEventful,i-a-i,,False,lat,lat,False,False,False,False,False,a,con,False,none,False,False,True,False,False,False,False
830,he/she is putting it in a container (refers to a long object),,FullEventful,i-a-i,,False,lat,lat,False,False,False,False,False,a,con,False,none,False,False,True,False,False,True,False
833,he/she is taking it out of a container (refers to a solid or flexible object),,FullEventful,rev-e,,False,l,l,False,False,False,False,False,a,con,False,none,False,False,True,False,False,False,False
833,he/she is taking it out of a container (refers to a solid or flexible object),,FullEventful,rev-e,,False,l,l,False,False,False,False,False,a,con,False,none,False,False,True,False,False,True,False
834,he/she is climbing it,,FullEventful,go,,False,'l,'l,False,False,False,False,False,a,glottal,False,none,False,False,True,False,False,False,False
834,he/she is climbing it,,FullEventful,go[pres2],,False,'lek,'lek,False,False,False,False,False,a,glottal,False,none,False,False,True,False,False,False,False
837,he/she is burning,,FullEventful,sk-s-hi-hihst,,False,leyv,leyv,False,False,False,False,False,a,con,False,none,False,False,True,False,False,False,False
837,he/she is burning,,FullEventful,sk-s-hi-hihst,,False,leyv,leyv,False,False,False,False,False,a,con,False,none,False,False,True,False,False,True,False
837,he/she is burning,,FullEventful,sk-s-hst,,False,leyv,leyv,False,False,False,False,False,a,con,False,none,False,False,True,False,False,False,False
837,he/she is burning,,FullEventful,sk-s-hst,,False,leyv,leyv,False,False,False,False,False,a,con,False,none,False,False,True,False,False,True,False
837,he/she is burning,,FullEventful,sk-s-hst[imp2],,False,leyv,leyv,False,False,False,False,False,a,con,False,none,False,False,True,False,False,False,False
837,he/she is burning,,FullEventful,sk-s-hst[imp2],,False,leyv,leyv,False,False,False,False,False,a,con,False,none,False,False,True,False,False,True,False
838,it is falling from an upright position (refers to a long object eg tree‚ pole),,FullEventful,sk-s-hi-hihst,,False,leyv,leyv,False,False,False,False,False,a,con,False,none,False,False,True,False,False,False,False
838,it is falling from an upright position (refers to a long object eg tree‚ pole),,FullEventful,sk-s-hi-hihst,,False,leyv,leyv,False,False,False,False,False,a,con,False,none,False,False,True,False,False,True,False
838,it is falling from an upright position (refers to a long object eg tree‚ pole),,FullEventful,sk-s-hst,,False,leyv,leyv,False,False,False,False,False,a,con,False,none,False,False,True,False,False,False,False
838,it is falling from an upright position (refers to a long object eg tree‚ pole),,FullEventful,sk-s-hst,,False,leyv,leyv,False,False,False,False,False,a,con,False,none,False,False,True,False,False,True,False
838,it is falling from an upright position (refers to a long object eg tree‚ pole),,FullEventful,sk-s-hst[imp2],,False,leyv,leyv,False,False,False,False,False,a,con,False,none,False,False,True,False,False,False,False
838,it is falling from an upright position (refers to a long object eg tree‚ pole),,FullEventful,sk-s-hst[imp2],,False,leyv,leyv,False,False,False,False,False,a,con,False,none,False,False,True,False,False,True,False
839,he/she is climbing around,,FullEventful,be-at,be-at,False,'l,'l,False,False,False,False,False,a,glottal,False,none,False,False,True,False,False,False,False
839,he/she is climbing around,,FullEventful,be-at,,False,'lit,'lit,False,False,False,False,False,a,glottal,False,none,False,False,True,False,False,False,False
840,it is burning (refers to forest or grass),,FullEventful,become,,False,,,False,False,False,False,False,a,vowel_a,False,ali,False,False,True,False,False,False,False
840,it is burning (refers to forest or grass),,FullEventful,become,,False,,,False,False,True,False,False,a,vowel_a,False,ali,False,False,True,False,False,False,False
840,it is burning (refers to forest or grass),,FullEventful,become,,False,,,False,False,False,False,False,a,vowel_a,False,ali,False,False,True,False,False,True,False
840,it is burning (refers to forest or grass),,FullEventful,become,,False,,,False,False,True,False,False,a,vowel_a,False,ali,False,False,True,False,False,True,False
840,it is burning (refers to forest or grass),,FullEventful,become,become-long[i],False,al,,False,False,False,False,False,a,vowel_a,False,none,False,False,True,False,False,False,False
840,it is burning (refers to forest or grass),,FullEventful,become,become-long[i],False,al,,False,False,True,False,False,a,vowel_a,False,none,False,False,True,False,False,False,False
840,it is burning (refers to forest or grass),,FullEventful,become,become-long[i],False,al,,False,False,False,False,False,a,vowel_a,False,none,False,False,True,False,False,True,False
840,it is burning (refers to forest or grass),,FullEventful,become,become-long[i],False,al,,False,False,True,False,False,a,vowel_a,False,none,False,False,True,False,False,True,False
840,it is burning (refers to forest or grass),,FullEventful,become,,False,ali,,False,False,False,False,False,a,vowel_a,False,none,False,False,True,False,False,False,False
840,it is burning (refers to forest or grass),,FullEventful,become,,False,ali,,False,False,True,False,False,a,vowel_a,False,none,False,False,True,False,False,False,False
840,it is burning (refers to forest or grass),,FullEventful,become,,False,ali,,False,False,False,False,False,a,vowel_a,False,none,False,False,True,False,False,True,False
840,it is burning (refers to forest or grass),,FullEventful,become,,False,ali,,False,False,True,False,False,a,vowel_a,False,none,False,False,True,False,False,True,False
840,it is burning (refers to forest or grass),,FullEventful,become,become-long[i],False,l,,False,False,False,False,False,a,con,False,none,False,False,True,False,False,False,False
840,it is burning (refers to forest or grass),,FullEventful,become,become-long[i],False,l,,False,False,True,False,False,a,con,False,none,False,False,True,False,False,False,False
840,it is burning (refers to forest or grass),,FullEventful,become,become-long[i],False,l,,False,False,False,False,False,a,con,False,none,False,False,True,False,False,True,False
840,it is burning (refers to forest or grass),,FullEventful,become,become-long[i],False,l,,False,False,True,False,False,a,con,False,none,False,False,True,False,False,True,False
840,it is burning (refers to forest or grass),,FullEventful,become,,False,li,,False,False,False,False,False,a,con,False,none,False,False,True,False,False,False,False
840,it is burning (refers to forest or grass),,FullEventful,become,,False,li,,False,False,True,False,False,a,con,False,none,False,False,True,False,False,False,False
840,it is burning (refers to forest or grass),,FullEventful,become,,False,li,,False,False,False,False,False,a,con,False,none,False,False,True,False,False,True,False
840,it is burning (refers to forest or grass),,FullEventful,become,,False,li,,False,False,True,False,False,a,con,False,none,False,False,True,False,False,True,False
842,it is dying (refers to an animal or plant),,FullEventful,become,become-long[o],False,liwh,liw,False,False,False,False,False,a,con,False,none,False,False,True,False,False,False,False
842,it is dying (refers to an animal or plant),,FullEventful,become,become-long[o],False,liwh,liw,False,False,False,False,False,a,con,False,none,False,False,True,False,False,True,False
842,it is dying (refers to an animal or plant),,FullEventful,become,,False,liwho,liwo,False,False,False,False,False,a,con,False,none,False,False,True,False,False,False,False
842,it is dying (refers to an animal or plant),,FullEventful,become,,False,liwho,liwo,False,False,False,False,False,a,con,False,none,False,False,True,False,False,True,False
845,he/she is hoeing it,,FullEventful,i-vka,,False,lok,lok,False,False,False,False,False,a,con,False,none,False,False,True,False,False,False,False
845,he/she is hoeing it,,FullEventful,i-vka,,False,lok,lok,False,False,False,False,False,a,con,False,none,False,False,True,False,False,True,False
848,he/she is stopping by (where on the way somewhere),,FullEventful,cause,,False,lohihst,lo'ihst,False,False,False,False,False,a,con,False,none,False,False,True,False,False,False,False
848,he/she is stopping by (where on the way somewhere),,FullEventful,cause[perf3],,False,lohihst,lo'ihst,False,False,False,False,False,a,con,False,none,False,False,True,False,False,False,False
848,he/she is stopping by (where on the way somewhere),,FullEventful,cause[pres2-perf3],,False,lohihstih,lo'ihstih,False,False,False,False,False,a,con,False,none,False,False,True,False,False,False,False
848,he/she is stopping by (where on the way somewhere),,FullEventful,cause[pres2],,False,lohihstih,lo'ihstih,False,False,False,False,False,a,con,False,none,False,False,True,False,False,False,False
850,he/she is overtaking him/her,,FullEventful,apl,,False,lohihs,lo'ihs,False,False,False,False,False,a,con,False,none,False,False,True,False,False,True,False
850,he/she is overtaking him/her,,FullEventful,apl[imp2],,False,lohihs,lo'ihs,False,False,False,False,False,a,con,False,none,False,False,True,False,False,True,False
850,he/she is overtaking him/her,,FullEventful,apl[imp3],,False,lohihs,lo'ihs,False,False,False,False,False,a,con,False,none,False,False,True,False,False,True,False
852,he/she is bluffing him/her,,FullEventful,cause,,False,lonahst,lonahst,False,False,False,False,False,a,con,False,none,False,False,True,False,False,False,False
852,he/she is bluffing him/her,,FullEventful,cause,,False,lonahst,lonahst,False,False,False,False,False,a,con,False,none,False,False,True,False,False,True,False
852,he/she is bluffing him/her,,FullEventful,cause[perf3],,False,lonahst,lonahst,False,False,False,False,False,a,con,False,none,False,False,True,False,False,False,False
852,he/she is bluffing him/her,,FullEventful,cause[perf3],,False,lonahst,lonahst,False,False,False,False,False,a,con,False,none,False,False,True,False,False,True,False
852,he/she is bluffing him/her,,FullEventful,cause[pres2-perf3],,False,lonahstih,lonahstih,False,False,False,False,False,a,con,False,none,False,False,True,False,False,False,False
852,he/she is bluffing him/her,,FullEventful,cause[pres2-perf3],,False,lonahstih,lonahstih,False,False,False,False,False,a,con,False,none,False,False,True,False,False,True,False
852,he/she is bluffing him/her,,FullEventful,cause[pres2],,False,lonahstih,lonahstih,False,False,False,False,False,a,con,False,none,False,False,True,False,False,False,False
852,he/she is bluffing him/her,,FullEventful,cause[pres2],,False,lonahstih,lonahstih,False,False,False,False,False,a,con,False,none,False,False,True,False,False,True,False
853,he/she is oiling it,,FullEventful,e-a,,False,lon,lon,False,False,False,False,False,a,con,False,none,False,False,True,False,False,False,False
853,he/she is oiling it,,FullEventful,e-a,,False,lon,lon,False,False,False,False,False,a,con,False,none,False,False,True,False,False,True,False
854,he/she is making him/her fall from an elevated position,,FullEventful,cause,,False,lonht,lonht,False,False,False,False,False,a,con,False,none,False,False,True,False,False,False,False
854,he/she is making him/her fall from an elevated position,,FullEventful,cause,,False,lonht,lonht,False,False,False,False,False,a,con,False,none,False,False,True,False,False,True,False
854,he/she is making him/her fall from an elevated position,,FullEventful,cause[perf3],,False,lonht,lonht,False,False,False,False,False,a,con,False,none,False,False,True,False,False,False,False
854,he/she is making him/her fall from an elevated position,,FullEventful,cause[perf3],,False,lonht,lonht,False,False,False,False,False,a,con,False,none,False,False,True,False,False,True,False
854,he/she is making him/her fall from an elevated position,,FullEventful,cause[pres2-perf3],,False,lonhtih,lonhtih,False,False,False,False,False,a,con,False,none,False,False,True,False,False,False,False
854,he/she is making him/her fall from an elevated position,,FullEventful,cause[pres2-perf3],,False,lonhtih,lonhtih,False,False,False,False,False,a,con,False,none,False,False,True,False,False,True,False
854,he/she is making him/her fall from an elevated position,,FullEventful,cause[pres2],,False,lonhtih,lonhtih,False,False,False,False,False,a,con,False,none,False,False,True,False,False,False,False
854,he/she is making him/her fall from an elevated position,,FullEventful,cause[pres2],,False,lonhtih,lonhtih,False,False,False,False,False,a,con,False,none,False,False,True,False,False,True,False
855,he/she is cheating,,FullEventful,apl-active-h,,False,lonu,lonu,False,False,False,False,False,a,con,False,none,False,False,True,False,False,False,False
855,he/she is cheating,,FullEventful,apl-active-h,,False,lonu,lonu,False,False,False,False,False,a,con,False,none,False,False,True,False,False,True,False
856,he/she is passing by without stopping,,FullEventful,sk-s-hi-hihst,,False,lo,lo,False,False,False,False,False,a,con,False,none,False,False,True,False,False,False,False
856,he/she is passing by without stopping,,FullEventful,sk-s-hi-hihst,,False,lo,lo,False,False,False,False,False,a,con,False,none,False,False,True,False,False,True,False
856,he/she is passing by without stopping,,FullEventful,sk-s-hst,,False,lo,lo,False,False,False,False,False,a,con,False,none,False,False,True,False,False,False,False
856,he/she is passing by without stopping,,FullEventful,sk-s-hst,,False,lo,lo,False,False,False,False,False,a,con,False,none,False,False,True,False,False,True,False
856,he/she is passing by without stopping,,FullEventful,sk-s-hst[imp2],,False,lo,lo,False,False,False,False,False,a,con,False,none,False,False,True,False,False,False,False
856,he/she is passing by without stopping,,FullEventful,sk-s-hst[imp2],,False,lo,lo,False,False,False,False,False,a,con,False,none,False,False,True,False,False,True,False
857,he/she is falling from an elevated position,,FullEventful,sk-s-hi-hihst,,False,lo,lo,False,False,False,False,False,a,con,False,none,False,False,True,False,False,False,False
857,he/she is falling from an elevated position,,FullEventful,sk-s-hi-hihst,,False,lo,lo,False,False,False,False,False,a,con,False,none,False,False,True,False,False,True,False
857,he/she is falling from an elevated position,,FullEventful,sk-s-hst,,False,lo,lo,False,False,False,False,False,a,con,False,none,False,False,True,False,False,False,False
857,he/she is falling from an elevated position,,FullEventful,sk-s-hst,,False,lo,lo,False,False,False,False,False,a,con,False,none,False,False,True,False,False,True,False
857,he/she is falling from an elevated position,,FullEventful,sk-s-hst[imp2],,False,lo,lo,False,False,False,False,False,a,con,False,none,False,False,True,False,False,False,False
857,he/she is falling from an elevated position,,FullEventful,sk-s-hst[imp2],,False,lo,lo,False,False,False,False,False,a,con,False,none,False,False,True,False,False,True,False
858,he/she is arriving,,FullEventful,become,,False,'luh,'luh,False,False,False,False,False,a,glottal,False,none,False,False,True,False,False,False,False
858,he/she is arriving,,FullEventful,become[inf4],,False,'luh,'luh,False,False,False,False,False,a,glottal,False,none,False,False,True,False,False,False,False
859,it’s lacking,,FullEventful,become,become-long[o],False,lul,lul,False,False,False,False,False,a,con,False,none,False,False,True,False,False,False,False
859,it’s lacking,,FullEventful,become,become-long[o],False,lul,lul,False,False,False,False,False,a,con,False,none,False,False,True,False,False,True,False
859,it’s lacking,,FullEventful,become,,False,lulo,lulo,False,False,False,False,False,a,con,False,none,False,False,True,False,False,False,False
859,it’s lacking,,FullEventful,become,,False,lulo,lulo,False,False,False,False,False,a,con,False,none,False,False,True,False,False,True,False
862,he/she is chopping it,,FullEventful,sk-h,,False,luy,luy,False,False,False,False,False,a,con,False,none,False,False,True,False,False,False,False
862,he/she is chopping it,,FullEventful,sk-h,,False,luy,luy,False,False,False,False,False,a,con,False,none,False,False,True,False,False,True,False
862,he/she is chopping it,,FullEventful,sk-h[imp2],,False,luy,luy,False,False,False,False,False,a,con,False,none,False,False,True,False,False,False,False
862,he/she is chopping it,,FullEventful,sk-h[imp2],,False,luy,luy,False,False,False,False,False,a,con,False,none,False,False,True,False,False,True,False
864,he/she is beating him/her up,,FullEventful,hih-hil,hitting[hil],False,l,l,False,False,False,False,False,a,con,False,none,False,False,True,False,False,False,False
864,he/she is beating him/her up,,FullEventful,hih-hil,hitting[hil],False,l,l,False,False,False,False,False,a,con,False,none,False,False,True,False,False,True,False
864,he/she is beating him/her up,,FullEventful,hih-hil,,False,lvn,lvn,False,False,False,False,False,a,con,False,none,False,False,True,False,False,False,False
864,he/she is beating him/her up,,FullEventful,hih-hil,,False,lvn,lvn,False,False,False,False,False,a,con,False,none,False,False,True,False,False,True,False
870,he/she is putting it in a hole or a container (refers to a flexible object),,FullEventful,vsk,,False,l,l,False,False,False,False,False,a,con,False,none,False,False,True,False,False,False,False
870,he/she is putting it in a hole or a container (refers to a flexible object),,FullEventful,vsk,,False,l,l,False,False,False,False,False,a,con,False,none,False,False,True,False,False,True,False
870,he/she is putting it in a hole or a container (refers to a flexible object),,FullEventful,vsk[imp2],,False,l,l,False,False,False,False,False,a,con,False,none,False,False,True,False,False,False,False
870,he/she is putting it in a hole or a container (refers to a flexible object),,FullEventful,vsk[imp2],,False,l,l,False,False,False,False,False,a,con,False,none,False,False,True,False,False,True,False
871,he/she is selling it,,FullEventful,go-in,,False,nat,nat,False,False,False,False,False,a,con,False,none,False,False,True,False,False,False,False
871,he/she is selling it,,FullEventful,go-in,,False,nat,nat,False,False,False,False,False,a,con,False,none,False,False,True,False,False,True,False
873,he/she is hiring him/her,,FullEventful,vsk,,False,nalh,nalh,False,False,False,False,False,a,con,False,none,False,False,True,False,False,False,False
873,he/she is hiring him/her,,FullEventful,vsk,,False,nalh,nalh,False,False,False,False,False,a,con,False,none,False,False,True,False,False,True,False
873,he/she is hiring him/her,,FullEventful,vsk[imp2],,False,nalh,nalh,False,False,False,False,False,a,con,False,none,False,False,True,False,False,False,False
873,he/she is hiring him/her,,FullEventful,vsk[imp2],,False,nalh,nalh,False,False,False,False,False,a,con,False,none,False,False,True,False,False,True,False
876,he/she is finding it (refers to a flexible object),,FullEventful,ih-vh,,False,nawhth,nawhth,False,False,False,False,False,a,con,False,none,False,False,True,False,False,False,False
876,he/she is finding it (refers to a flexible object),,FullEventful,ih-vh,,False,nawhth,nawhth,False,False,False,False,False,a,con,False,none,False,False,True,False,False,True,False
876,he/she is finding it (refers to a flexible object),,FullEventful,ih-vh[inf2],,False,nawhth,nawhth,False,False,False,False,False,a,con,False,none,False,False,True,False,False,False,False
876,he/she is finding it (refers to a flexible object),,FullEventful,ih-vh[inf2],,False,nawhth,nawhth,False,False,False,False,False,a,con,False,none,False,False,True,False,False,True,False
877,he/she is taking it somewhere (refers to an animal‚ flexible object),,FullEventful,ih-vh,,False,nawit,nawit,False,False,False,False,False,a,con,False,none,False,False,True,False,False,False,False
877,he/she is taking it somewhere (refers to an animal‚ flexible object),,FullEventful,ih-vh,,False,nawit,nawit,False,False,False,False,False,a,con,False,none,False,False,True,False,False,True,False
879,he/she is getting it (refers to a flexible object),,FullEventful,rev-e,,False,n,n,False,False,False,False,False,a,con,False,none,False,False,True,False,False,False,False
879,he/she is getting it (refers to a flexible object),,FullEventful,rev-e,,False,n,n,False,False,False,False,False,a,con,False,none,False,False,True,False,False,True,False
880,he/she is changing it,,FullEventful,v-vhs,change-out,False,netl,netl,False,False,False,False,False,a,con,False,none,False,False,True,False,False,False,False
880,he/she is changing it,,FullEventful,v-vhs,change-out,False,netl,netl,False,False,False,False,False,a,con,False,none,False,False,True,False,False,True,False
880,he/she is changing it,,FullEventful,v-vhs,,False,netliy,netliy,False,False,False,False,False,a,con,False,none,False,False,True,False,False,False,False
880,he/she is changing it,,FullEventful,v-vhs,,False,netliy,netliy,False,False,False,False,False,a,con,False,none,False,False,True,False,False,True,False
882,he/she is taking it somewhere by hand (refers to a long object),,FullEventful,go,,False,:n,:n,False,False,False,False,False,a,long,False,none,False,False,True,False,False,False,False
882,he/she is taking it somewhere by hand (refers to a long object),,FullEventful,go[pres2],,False,:nek,:nek,False,False,False,False,False,a,long,False,none,False,False,True,False,False,False,False
883,he/she is peeling him/her,,FullEventful,ih-vh,,False,nekal,nekal,False,False,False,False,False,a,con,False,none,False,False,True,False,False,False,False
883,he/she is peeling him/her,,FullEventful,ih-vh,,False,nekal,nekal,False,False,False,False,False,a,con,False,none,False,False,True,False,False,True,False
884,he/she is getting some liquid,,FullEventful,rev-gi,,False,ne,ne,False,False,False,False,False,a,con,False,none,False,False,True,False,False,False,False
884,he/she is getting some liquid,,FullEventful,rev-gi,,False,ne,ne,False,False,False,False,False,a,con,False,none,False,False,True,False,False,True,False
884,he/she is getting some liquid,,FullEventful,rev-i,,False,nek,nek,False,False,False,False,False,a,con,False,none,False,False,True,False,False,False,False
884,he/she is getting some liquid,,FullEventful,rev-i,,False,nek,nek,False,False,False,False,False,a,con,False,none,False,False,True,False,False,True,False
885,he/she is taking liquid from him/her,,FullEventful,apl,,False,neki',neki',False,False,False,False,False,a,con,False,none,False,False,True,False,False,False,False
885,he/she is taking liquid from him/her,,FullEventful,apl,,False,neki',neki',False,False,False,False,False,a,con,False,none,False,False,True,False,False,True,False
885,he/she is taking liquid from him/her,,FullEventful,apl[imp2],,False,neki',neki',False,False,False,False,False,a,con,False,none,False,False,True,False,False,False,False
885,he/she is taking liquid from him/her,,FullEventful,apl[imp2],,False,neki',neki',False,False,False,False,False,a,con,False,none,False,False,True,False,False,True,False
885,he/she is taking liquid from him/her,,FullEventful,apl[imp3],,False,neki',neki',False,False,False,False,False,a,con,False,none,False,False,True,False,False,False,False
885,he/she is taking liquid from him/her,,FullEventful,apl[imp3],,False,neki',neki',False,False,False,False,False,a,con,False,none,False,False,True,False,False,True,False
886,he/she is bewitching him/her,,FullEventful,i-a-i,long[no-a],False,neku,neku,False,False,False,False,False,a,con,False,none,False,False,True,False,False,False,False
886,he/she is bewitching him/her,,FullEventful,i-a-i,long[no-a],False,neku,neku,False,False,False,False,False,a,con,False,none,False,False,True,False,False,True,False
886,he/she is bewitching him/her,,FullEventful,i-a-i,,False,nekut,nekut,False,False,False,False,False,a,con,False,none,False,False,True,False,False,False,False
886,he/she is bewitching him/her,,FullEventful,i-a-i,,False,nekut,nekut,False,False,False,False,False,a,con,False,none,False,False,True,False,False,True,False
887,he/she is holding it in his/her hand (refers to a long object),,FullEventful,stative,,True,:neh,:neh,True,False,False,False,False,a,long,False,none,False,False,True,False,False,False,False
887,he/she is holding it in his/her hand (refers to a long object),,FullEventful,stative,,True,neh,neh,True,False,False,False,False,a,con,False,none,False,False,True,False,False,False,False
887,he/she is holding it in his/her hand (refers to a long object),,FullEventful,stative,,True,neh,neh,True,False,False,False,False,a,con,False,none,False,False,True,False,False,True,False
887,he/she is holding it in his/her hand (refers to a long object),,FullEventful,stative-eh,,True,:n,:n,True,False,False,False,False,a,long,False,none,False,False,True,False,False,False,False
887,he/she is holding it in his/her hand (refers to a long object),,FullEventful,stative-eh,,True,n,n,True,False,False,False,False,a,con,False,none,False,False,True,False,False,False,False
887,he/she is holding it in his/her hand (refers to a long object),,FullEventful,stative-eh,,True,n,n,True,False,False,False,False,a,con,False,none,False,False,True,False,False,True,False
887,he/she is holding it in his/her hand (refers to a long object),,FullEventful,stative-h,,True,:ne,:ne,True,False,False,False,False,a,long,False,none,False,False,True,False,False,False,False
887,he/she is holding it in his/her hand (refers to a long object),,FullEventful,stative-h,,True,ne,ne,True,False,False,False,False,a,con,False,none,False,False,True,False,False,False,False
887,he/she is holding it in his/her hand (refers to a long object),,FullEventful,stative-h,,True,ne,ne,True,False,False,False,False,a,con,False,none,False,False,True,False,False,True,False
888,he/she is leaving some liquid,,FullEventful,a,leaving,False,neh,ne',False,False,False,False,False,a,con,False,none,False,False,True,False,False,False,False
888,he/she is leaving some liquid,,FullEventful,a,,False,nehiy,ne'iy,False,False,False,False,False,a,con,False,none,False,False,True,False,False,False,False
890,he/she is finding some liquid,,FullEventful,ih-vh,,False,newhahth,newahth,False,False,False,False,False,a,con,False,none,False,False,True,False,False,False,False
890,he/she is finding some liquid,,FullEventful,ih-vh,,False,newhahth,newahth,False,False,False,False,False,a,con,False,none,False,False,True,False,False,True,False
890,he/she is finding some liquid,,FullEventful,ih-vh[inf2],,False,newhahth,newahth,False,False,False,False,False,a,con,False,none,False,False,True,False,False,False,False
890,he/she is finding some liquid,,FullEventful,ih-vh[inf2],,False,newhahth,newahth,False,False,False,False,False,a,con,False,none,False,False,True,False,False,True,False
891,he/she is taking some liquid somewhere,,FullEventful,ih-vh,,False,newhit,newit,False,False,False,False,False,a,con,False,none,False,False,True,False,False,False,False
891,he/she is taking some liquid somewhere,,FullEventful,ih-vh,,False,newhit,newit,False,False,False,False,False,a,con,False,none,False,False,True,False,False,True,False
893,he/she lives (in sense of resides now),,FullEventful,stative,,True,:nel,:nel,True,False,False,False,False,a,long,False,none,False,False,True,False,False,False,False
893,he/she lives (in sense of resides now),,FullEventful,stative,,True,nel,nel,True,False,False,False,False,a,con,False,none,False,False,True,False,False,False,False
893,he/she lives (in sense of resides now),,FullEventful,stative,,True,nel,nel,True,False,False,False,False,a,con,False,none,False,False,True,False,False,True,False
895,it’s freezing,,FullEventful,i-a-i,long,False,nehstal,nehstal,False,False,False,False,False,a,con,False,none,False,False,True,False,False,False,False
895,it’s freezing,,FullEventful,i-a-i,long,False,nehstal,nehstal,False,False,False,False,False,a,con,False,none,False,False,True,False,False,True,False
895,it’s freezing,,FullEventful,i-a-i,long[no-a],False,nehstala,nehstala,False,False,False,False,False,a,con,False,none,False,False,True,False,False,False,False
895,it’s freezing,,FullEventful,i-a-i,long[no-a],False,nehstala,nehstala,False,False,False,False,False,a,con,False,none,False,False,True,False,False,True,False
895,it’s freezing,,FullEventful,i-a-i,,False,nehstalat,nehstalat,False,False,False,False,False,a,con,False,none,False,False,True,False,False,False,False
895,it’s freezing,,FullEventful,i-a-i,,False,nehstalat,nehstalat,False,False,False,False,False,a,con,False,none,False,False,True,False,False,True,False
896,it’s hailing,,FullEventful,sk-s-a[inf2],,False,anehsoy,,False,False,False,False,False,a,vowel_a,False,none,False,False,True,False,False,False,False
896,it’s hailing,,FullEventful,sk-s-a[inf2],,False,anehsoy,,False,False,True,False,False,a,vowel_a,False,none,False,False,True,False,False,False,False
896,it’s hailing,,FullEventful,sk-s-a[inf2],,False,anehsoy,,False,False,False,False,False,a,vowel_a,False,none,False,False,True,False,False,True,False
896,it’s hailing,,FullEventful,sk-s-a[inf2],,False,anehsoy,,False,False,True,False,False,a,vowel_a,False,none,False,False,True,False,False,True,False
896,it’s hailing,,FullEventful,sk-s-a[inf2],,False,nehsoy,,False,False,False,False,False,a,con,False,none,False,False,True,False,False,False,False
896,it’s hailing,,FullEventful,sk-s-a[inf2],,False,nehsoy,,False,False,True,False,False,a,con,False,none,False,False,True,False,False,False,False
896,it’s hailing,,FullEventful,sk-s-a[inf2],,False,nehsoy,,False,False,False,False,False,a,con,False,none,False,False,True,False,False,True,False
896,it’s hailing,,FullEventful,sk-s-a[inf2],,False,nehsoy,,False,False,True,False,False,a,con,False,none,False,False,True,False,False,True,False
899,he/she is lying down,,FullEventful,stative,,True,:nhk,:nvk,True,False,False,False,False,a,long,False,none,False,False,True,False,False,False,False
899,he/she is lying down,,FullEventful,stative,,True,nhk,nvk,True,False,False,False,False,a,aspirated,False,none,False,False,True,False,False,False,False
899,he/she is lying down,,FullEventful,stative,,True,nhk,nvk,True,False,False,False,False,a,con,False,none,False,False,True,False,False,False,False
899,he/she is lying down,,FullEventful,stative-k,,True,:nh,:nv,True,False,False,False,False,a,long,False,none,False,False,True,False,False,False,False
899,he/she is lying down,,FullEventful,stative-k,,True,nh,nv,True,False,False,False,False,a,aspirated,False,none,False,False,True,False,False,False,False
899,he/she is lying down,,FullEventful,stative-k,,True,nh,nv,True,False,False,False,False,a,con,False,none,False,False,True,False,False,False,False
901,he/she is agitating liquid,,FullEventful,apl-active,,False,nhkwa',nhkwa',False,False,False,False,False,a,aspirated,False,none,False,False,True,False,False,False,False
901,he/she is agitating liquid,,FullEventful,apl-active,,False,nhkwa',nhkwa',False,False,False,False,False,a,aspirated,False,none,False,False,True,False,False,True,False
901,he/she is agitating liquid,,FullEventful,apl-active,,False,nhkwa',nhkwa',False,False,False,False,False,a,con,False,none,False,False,True,False,False,False,False
901,he/she is agitating liquid,,FullEventful,apl-active,,False,nhkwa',nhkwa',False,False,False,False,False,a,con,False,none,False,False,True,False,False,True,False
901,he/she is agitating liquid,,FullEventful,apl-active-a,,False,nhkwa',nhkwa',False,False,False,False,False,a,aspirated,False,none,False,False,True,False,False,False,False
901,he/she is agitating liquid,,FullEventful,apl-active-a,,False,nhkwa',nhkwa',False,False,False,False,False,a,aspirated,False,none,False,False,True,False,False,True,False
901,he/she is agitating liquid,,FullEventful,apl-active-a,,False,nhkwa',nhkwa',False,False,False,False,False,a,con,False,none,False,False,True,False,False,False,False
901,he/she is agitating liquid,,FullEventful,apl-active-a,,False,nhkwa',nhkwa',False,False,False,False,False,a,con,False,none,False,False,True,False,False,True,False
902,he/she is taking a liquid somewhere by hand,,FullEventful,go,,False,nhts,nvts,False,False,False,False,False,a,aspirated,False,none,False,False,True,False,False,False,False
902,he/she is taking a liquid somewhere by hand,,FullEventful,go,,False,nhts,nvts,False,False,False,False,False,a,con,False,none,False,False,True,False,False,False,False
902,he/she is taking a liquid somewhere by hand,,FullEventful,go[pres2],,False,nhtsek,nvtsek,False,False,False,False,False,a,aspirated,False,none,False,False,True,False,False,False,False
902,he/she is taking a liquid somewhere by hand,,FullEventful,go[pres2],,False,nhtsek,nvtsek,False,False,False,False,False,a,con,False,none,False,False,True,False,False,False,False
903,he/she is holding some liquid,,FullEventful,stative,,True,:nhtseh,:nvtseh,True,False,False,False,False,a,long,False,none,False,False,True,False,False,False,False
903,he/she is holding some liquid,,FullEventful,stative,,True,nhtseh,nvtseh,True,False,False,False,False,a,aspirated,False,none,False,False,True,False,False,False,False
903,he/she is holding some liquid,,FullEventful,stative,,True,nhtseh,nvtseh,True,False,False,False,False,a,con,False,none,False,False,True,False,False,False,False
903,he/she is holding some liquid,,FullEventful,stative-eh,,True,:nhts,:nvts,True,False,False,False,False,a,long,False,none,False,False,True,False,False,False,False
903,he/she is holding some liquid,,FullEventful,stative-eh,,True,nhts,nvts,True,False,False,False,False,a,aspirated,False,none,False,False,True,False,False,False,False
903,he/she is holding some liquid,,FullEventful,stative-eh,,True,nhts,nvts,True,False,False,False,False,a,con,False,none,False,False,True,False,False,False,False
903,he/she is holding some liquid,,FullEventful,stative-h,,True,:nhtse,:nvtse,True,False,False,False,False,a,long,False,none,False,False,True,False,False,False,False
903,he/she is holding some liquid,,FullEventful,stative-h,,True,nhtse,nvtse,True,False,False,False,False,a,aspirated,False,none,False,False,True,False,False,False,False
903,he/she is holding some liquid,,FullEventful,stative-h,,True,nhtse,nvtse,True,False,False,False,False,a,con,False,none,False,False,True,False,False,False,False
904,he/she is handling some liquid,,FullEventful,be-at,be-at,False,nhts,nvts,False,False,False,False,False,a,aspirated,False,none,False,False,True,False,False,False,False
904,he/she is handling some liquid,,FullEventful,be-at,be-at,False,nhts,nvts,False,False,False,False,False,a,con,False,none,False,False,True,False,False,False,False
904,he/she is handling some liquid,,FullEventful,be-at,,False,nhtsit,nvtsit,False,False,False,False,False,a,aspirated,False,none,False,False,True,False,False,False,False
904,he/she is handling some liquid,,FullEventful,be-at,,False,nhtsit,nvtsit,False,False,False,False,False,a,con,False,none,False,False,True,False,False,False,False
908,he/she is handling it (refers to a long object),,FullEventful,be-at,be-at,False,:n,:n,False,False,False,False,False,a,long,False,none,False,False,True,False,False,False,False
908,he/she is handling it (refers to a long object),,FullEventful,be-at,,False,:nit,:nit,False,False,False,False,False,a,long,False,none,False,False,True,False,False,False,False
909,he/she hates him/her,,FullEventful,hih-hilh,,False,nikwat,nikwat,False,False,False,False,False,a,con,False,none,False,False,True,False,False,False,False
909,he/she hates him/her,,FullEventful,hih-hilh,,False,nikwat,nikwat,False,False,False,False,False,a,con,False,none,False,False,True,False,False,True,False
910,he/she is setting up a bed,,FullEventful,i-a-i,long,False,nilh,nilh,False,False,False,False,False,a,con,False,none,False,False,True,False,False,False,False
910,he/she is setting up a bed,,FullEventful,i-a-i,long,False,nilh,nilh,False,False,False,False,False,a,con,False,none,False,False,True,False,False,True,False
910,he/she is setting up a bed,,FullEventful,i-a-i,long[no-a],False,nilha,nilha,False,False,False,False,False,a,con,False,none,False,False,True,False,False,False,False
910,he/she is setting up a bed,,FullEventful,i-a-i,long[no-a],False,nilha,nilha,False,False,False,False,False,a,con,False,none,False,False,True,False,False,True,False
910,he/she is setting up a bed,,FullEventful,i-a-i,,False,nilhat,nilhat,False,False,False,False,False,a,con,False,none,False,False,True,False,False,False,False
910,he/she is setting up a bed,,FullEventful,i-a-i,,False,nilhat,nilhat,False,False,False,False,False,a,con,False,none,False,False,True,False,False,True,False
913,he/she is pleading,,FullEventful,i-a-i,long,False,nil,nil,False,False,False,False,False,a,con,False,none,False,False,True,False,False,False,False
913,he/she is pleading,,FullEventful,i-a-i,long,False,nil,nil,False,False,False,False,False,a,con,False,none,False,False,True,False,False,True,False
913,he/she is pleading,,FullEventful,i-a-i,long[no-a],False,nila,nila,False,False,False,False,False,a,con,False,none,False,False,True,False,False,False,False
913,he/she is pleading,,FullEventful,i-a-i,long[no-a],False,nila,nila,False,False,False,False,False,a,con,False,none,False,False,True,False,False,True,False
913,he/she is pleading,,FullEventful,i-a-i,,False,nilat,nilat,False,False,False,False,False,a,con,False,none,False,False,True,False,False,False,False
913,he/she is pleading,,FullEventful,i-a-i,,False,nilat,nilat,False,False,False,False,False,a,con,False,none,False,False,True,False,False,True,False
914,he/she is burying him/her,,FullEventful,cause[perf2],iterative,False,'n,'n,False,False,False,False,False,a,glottal,False,none,False,False,True,False,False,True,False
914,he/she is burying him/her,,FullEventful,cause[perf2],iterative[no-i],False,'ni,'ni,False,False,False,False,False,a,glottal,False,none,False,False,True,False,False,True,False
914,he/she is burying him/her,,FullEventful,cause[perf2],,False,'nihs,'nihs,False,False,False,False,False,a,glottal,False,none,False,False,True,False,False,True,False
914,he/she is burying him/her,,FullEventful,cause[pres2-perf2],,False,'nihsih,'nihsih,False,False,False,False,False,a,glottal,False,none,False,False,True,False,False,True,False
918,he/she is hunting,,FullEventful,be-at,be-at,False,nohal,no'al,False,False,False,False,False,a,con,False,none,False,False,True,False,False,False,False
918,he/she is hunting,,FullEventful,be-at,,False,nohalit,no'alit,False,False,False,False,False,a,con,False,none,False,False,True,False,False,False,False
920,he/she is flying,,FullEventful,stative,,True,:nohil,:no'il,True,False,False,False,False,a,long,False,none,False,False,True,False,False,False,False
920,he/she is flying,,FullEventful,stative,,True,nohil,no'il,True,False,False,False,False,a,con,False,none,False,False,True,False,False,False,False
921,it’s flooding,,FullEventful,i-vka,,False,anohuk,,False,False,False,False,False,a,vowel_a,False,none,False,False,True,False,False,False,False
921,it’s flooding,,FullEventful,i-vka,,False,anohuk,,False,False,True,False,False,a,vowel_a,False,none,False,False,True,False,False,False,False
921,it’s flooding,,FullEventful,i-vka,,False,anohuk,,False,False,False,False,False,a,vowel_a,False,none,False,False,True,False,False,True,False
921,it’s flooding,,FullEventful,i-vka,,False,anohuk,,False,False,True,False,False,a,vowel_a,False,none,False,False,True,False,False,True,False
921,it’s flooding,,FullEventful,i-vka,,False,nohuk,,False,False,False,False,False,a,con,False,none,False,False,True,False,False,False,False
921,it’s flooding,,FullEventful,i-vka,,False,nohuk,,False,False,True,False,False,a,con,False,none,False,False,True,False,False,False,False
921,it’s flooding,,FullEventful,i-vka,,False,nohuk,,False,False,False,False,False,a,con,False,none,False,False,True,False,False,True,False
921,it’s flooding,,FullEventful,i-vka,,False,nohuk,,False,False,True,False,False,a,con,False,none,False,False,True,False,False,True,False
924,it is blowing (refers to wind),,FullEventful,vsk,,False,anolv',,False,False,False,False,False,a,vowel_a,False,none,False,False,True,False,False,False,False
924,it is blowing (refers to wind),,FullEventful,vsk,,False,anolv',,False,False,True,False,False,a,vowel_a,False,none,False,False,True,False,False,False,False
924,it is blowing (refers to wind),,FullEventful,vsk,,False,anolv',,False,False,False,False,False,a,vowel_a,False,none,False,False,True,False,False,True,False
924,it is blowing (refers to wind),,FullEventful,vsk,,False,anolv',,False,False,True,False,False,a,vowel_a,False,none,False,False,True,False,False,True,False
924,it is blowing (refers to wind),,FullEventful,vsk,,False,nolv',,False,False,False,False,False,a,con,False,none,False,False,True,False,False,False,False
924,it is blowing (refers to wind),,FullEventful,vsk,,False,nolv',,False,False,True,False,False,a,con,False,none,False,False,True,False,False,False,False
924,it is blowing (refers to wind),,FullEventful,vsk,,False,nolv',,False,False,False,False,False,a,con,False,none,False,False,True,False,False,True,False
924,it is blowing (refers to wind),,FullEventful,vsk,,False,nolv',,False,False,True,False,False,a,con,False,none,False,False,True,False,False,True,False
924,it is blowing (refers to wind),,FullEventful,vsk-long,,False,anol,,False,False,False,False,False,a,vowel_a,False,none,False,False,True,False,False,False,False
924,it is blowing (refers to wind),,FullEventful,vsk-long,,False,anol,,False,False,True,False,False,a,vowel_a,False,none,False,False,True,False,False,False,False
924,it is blowing (refers to wind),,FullEventful,vsk-long,,False,anol,,False,False,False,False,False,a,vowel_a,False,none,False,False,True,False,False,True,False
924,it is blowing (refers to wind),,FullEventful,vsk-long,,False,anol,,False,False,True,False,False,a,vowel_a,False,none,False,False,True,False,False,True,False
924,it is blowing (refers to wind),,FullEventful,vsk-long,,False,nol,,False,False,False,False,False,a,con,False,none,False,False,True,False,False,False,False
924,it is blowing (refers to wind),,FullEventful,vsk-long,,False,nol,,False,False,True,False,False,a,con,False,none,False,False,True,False,False,False,False
924,it is blowing (refers to wind),,FullEventful,vsk-long,,False,nol,,False,False,False,False,False,a,con,False,none,False,False,True,False,False,True,False
924,it is blowing (refers to wind),,FullEventful,vsk-long,,False,nol,,False,False,True,False,False,a,con,False,none,False,False,True,False,False,True,False
924,it is blowing (refers to wind),,FullEventful,vsk-post-v,,False,anolv,,False,False,False,False,False,a,vowel_a,False,none,False,False,True,False,False,False,False
924,it is blowing (refers to wind),,FullEventful,vsk-post-v,,False,anolv,,False,False,True,False,False,a,vowel_a,False,none,False,False,True,False,False,False,False
924,it is blowing (refers to wind),,FullEventful,vsk-post-v,,False,anolv,,False,False,False,False,False,a,vowel_a,False,none,False,False,True,False,False,True,False
924,it is blowing (refers to wind),,FullEventful,vsk-post-v,,False,anolv,,False,False,True,False,False,a,vowel_a,False,none,False,False,True,False,False,True,False
924,it is blowing (refers to wind),,FullEventful,vsk-post-v,,False,nolv,,False,False,False,False,False,a,con,False,none,False,False,True,False,False,False,False
924,it is blowing (refers to wind),,FullEventful,vsk-post-v,,False,nolv,,False,False,True,False,False,a,con,False,none,False,False,True,False,False,False,False
924,it is blowing (refers to wind),,FullEventful,vsk-post-v,,False,nolv,,False,False,False,False,False,a,con,False,none,False,False,True,False,False,True,False
924,it is blowing (refers to wind),,FullEventful,vsk-post-v,,False,nolv,,False,False,True,False,False,a,con,False,none,False,False,True,False,False,True,False
925,he/she is stealing it,,FullEventful,rev-gi,,False,nohs,nohs,False,False,False,False,False,a,con,False,none,False,False,True,False,False,False,False
925,he/she is stealing it,,FullEventful,rev-gi,,False,nohs,nohs,False,False,False,False,False,a,con,False,none,False,False,True,False,False,True,False
925,he/she is stealing it,,FullEventful,rev-i,,False,nohsk,nohsk,False,False,False,False,False,a,con,False,none,False,False,True,False,False,False,False
925,he/she is stealing it,,FullEventful,rev-i,,False,nohsk,nohsk,False,False,False,False,False,a,con,False,none,False,False,True,False,False,True,False
928,he/she is sinking,,FullEventful,become,,False,noyv,noyv,False,False,False,False,False,a,con,False,none,False,False,True,False,False,False,False
928,he/she is sinking,,FullEventful,become,,False,noyv,noyv,False,False,False,False,False,a,con,False,none,False,False,True,False,False,True,False
928,he/she is sinking,,FullEventful,become[inf2],,False,noyv,noyv,False,False,False,False,False,a,con,False,none,False,False,True,False,False,False,False
928,he/she is sinking,,FullEventful,become[inf2],,False,noyv,noyv,False,False,False,False,False,a,con,False,none,False,False,True,False,False,True,False
928,he/she is sinking,,FullEventful,become[inf4],,False,noyv,noyv,False,False,False,False,False,a,con,False,none,False,False,True,False,False,False,False
928,he/she is sinking,,FullEventful,become[inf4],,False,noyv,noyv,False,False,False,False,False,a,con,False,none,False,False,True,False,False,True,False
929,he/she is pulling him/her,,FullEventful,rev-e,,False,nhsan,nahsan,False,False,False,False,False,a,aspirated,False,none,False,False,True,False,False,True,False
929,he/she is pulling him/her,,FullEventful,rev-e,,False,nhsan,nahsan,False,False,False,False,False,a,con,False,none,False,False,True,False,False,True,False
931,he/she is dragging him/her,,FullEventful,go,in,False,nhs,nahs,False,False,False,False,False,a,aspirated,False,none,False,False,True,False,False,True,False
931,he/she is dragging him/her,,FullEventful,go,in,False,nhs,nahs,False,False,False,False,False,a,con,False,none,False,False,True,False,False,True,False
931,he/she is dragging him/her,,FullEventful,go,,False,nhsin,nahsin,False,False,False,False,False,a,aspirated,False,none,False,False,True,False,False,True,False
931,he/she is dragging him/her,,FullEventful,go,,False,nhsin,nahsin,False,False,False,False,False,a,con,False,none,False,False,True,False,False,True,False
931,he/she is dragging him/her,,FullEventful,go[pres2],,False,nhsinek,nahsinek,False,False,False,False,False,a,aspirated,False,none,False,False,True,False,False,True,False
931,he/she is dragging him/her,,FullEventful,go[pres2],,False,nhsinek,nahsinek,False,False,False,False,False,a,con,False,none,False,False,True,False,False,True,False
932,he/she is exiting,,FullEventful,ko-kots,,False,nu,nu,False,False,False,False,False,a,con,False,none,False,False,True,False,False,False,False
932,he/she is exiting,,FullEventful,ko-kots,,False,nu,nu,False,False,False,False,False,a,con,False,none,False,False,True,False,False,True,False
937,he/she is twisting him/her,,FullEventful,be-at,,False,nuthey,nuthey,False,False,False,False,False,a,con,False,none,False,False,True,False,False,False,False
937,he/she is twisting him/her,,FullEventful,be-at,,False,nuthey,nuthey,False,False,False,False,False,a,con,False,none,False,False,True,False,False,True,False
937,he/she is twisting him/her,,FullEventful,oh-ol[inf2],,False,nuthey,nuthey,False,False,False,False,False,a,con,False,none,False,False,True,False,False,False,False
937,he/she is twisting him/her,,FullEventful,oh-ol[inf2],,False,nuthey,nuthey,False,False,False,False,False,a,con,False,none,False,False,True,False,False,True,False
937,he/she is twisting him/her,,FullEventful,oh-ol[inf3],,False,nuthey,nuthey,False,False,False,False,False,a,con,False,none,False,False,True,False,False,False,False
937,he/she is twisting him/her,,FullEventful,oh-ol[inf3],,False,nuthey,nuthey,False,False,False,False,False,a,con,False,none,False,False,True,False,False,True,False
938,he/she is missing him/her (refers to as a target),,FullEventful,i-a-i,long[no-a],False,nv,nv,False,False,False,False,False,a,con,False,none,False,False,True,False,False,False,False
938,he/she is missing him/her (refers to as a target),,FullEventful,i-a-i,long[no-a],False,nv,nv,False,False,False,False,False,a,con,False,none,False,False,True,False,False,True,False
938,he/she is missing him/her (refers to as a target),,FullEventful,i-a-i,,False,nvt,nvt,False,False,False,False,False,a,con,False,none,False,False,True,False,False,False,False
938,he/she is missing him/her (refers to as a target),,FullEventful,i-a-i,,False,nvt,nvt,False,False,False,False,False,a,con,False,none,False,False,True,False,False,True,False
940,he/she is falling from an upright position,,FullEventful,become,,False,nv,nv,False,False,False,False,False,a,con,False,none,False,False,True,False,False,False,False
940,he/she is falling from an upright position,,FullEventful,become,,False,nv,nv,False,False,False,False,False,a,con,False,none,False,False,True,False,False,True,False
940,he/she is falling from an upright position,,FullEventful,become[inf2],,False,nv,nv,False,False,False,False,False,a,con,False,none,False,False,True,False,False,False,False
940,he/she is falling from an upright position,,FullEventful,become[inf2],,False,nv,nv,False,False,False,False,False,a,con,False,none,False,False,True,False,False,True,False
940,he/she is falling from an upright position,,FullEventful,become[inf4],,False,nv,nv,False,False,False,False,False,a,con,False,none,False,False,True,False,False,False,False
940,he/she is falling from an upright position,,FullEventful,become[inf4],,False,nv,nv,False,False,False,False,False,a,con,False,none,False,False,True,False,False,True,False
941,he/she is cleaning him/her,,FullEventful,ih-vh,,False,nvkal,nvkal,False,False,False,False,False,a,con,False,none,False,False,True,False,False,False,False
941,he/she is cleaning him/her,,FullEventful,ih-vh,,False,nvkal,nvkal,False,False,False,False,False,a,con,False,none,False,False,True,False,False,True,False
942,he/she is hammering it,,FullEventful,o,,False,nvkwal,nvkwal,False,False,False,False,False,a,con,False,none,False,False,True,False,False,False,False
942,he/she is hammering it,,FullEventful,o,,False,nvkwal,nvkwal,False,False,False,False,False,a,con,False,none,False,False,True,False,False,True,False
946,he/she is tying up a leg,,FullEventful,hih-lh,,False,nvlho,nvlho,False,False,False,False,False,a,con,False,none,False,False,True,False,False,False,False
946,he/she is tying up a leg,,FullEventful,hih-lh,,False,nvlho,nvlho,False,False,False,False,False,a,con,False,none,False,False,True,False,False,True,False
949,he/she is tossing about,,FullEventful,be-at,be-at,False,nvts,nvts,False,False,False,False,False,a,con,False,none,False,False,True,False,False,False,False
949,he/she is tossing about,,FullEventful,be-at,be-at,False,nvts,nvts,False,False,False,False,False,a,con,False,none,False,False,True,False,False,True,False
949,he/she is tossing about,,FullEventful,be-at,,False,nvtsit,nvtsit,False,False,False,False,False,a,con,False,none,False,False,True,False,False,False,False
949,he/she is tossing about,,FullEventful,be-at,,False,nvtsit,nvtsit,False,False,False,False,False,a,con,False,none,False,False,True,False,False,True,False
950,he/she is giving him/her an object (refers to a flexible object),,FullEventful,apl,,False,nvn,nvn,False,False,False,False,False,a,con,False,none,False,False,True,False,False,False,False
950,he/she is giving him/her an object (refers to a flexible object),,FullEventful,apl,,False,nvn,nvn,False,False,False,False,False,a,con,False,none,False,False,True,False,False,True,False
950,he/she is giving him/her an object (refers to a flexible object),,FullEventful,apl[imp2],,False,nvn,nvn,False,False,False,False,False,a,con,False,none,False,False,True,False,False,False,False
950,he/she is giving him/her an object (refers to a flexible object),,FullEventful,apl[imp2],,False,nvn,nvn,False,False,False,False,False,a,con,False,none,False,False,True,False,False,True,False
955,he/she is pushing him/her,,FullEventful,sk-h,,False,:hsato,:hsato,False,False,False,False,False,a,long,False,none,False,False,True,False,False,True,False
955,he/she is pushing him/her,,FullEventful,sk-h-yh,,False,:hsato,:hsato,False,False,False,False,False,a,long,False,none,False,False,True,False,False,True,False
955,he/she is pushing him/her,,FullEventful,sk-h[imp2],,False,:hsato,:hsato,False,False,False,False,False,a,long,False,none,False,False,True,False,False,True,False
956,he/she is rolling him/her,,FullEventful,hih-lh,,False,:hsakwale,:hsakwale,False,False,False,False,False,a,long,False,none,False,False,True,False,False,True,False
960,he/she is attaching the object behind it (refers to a flexible object),,FullEventful,vsk,,False,:hsanenat,:hsanenat,False,False,False,False,False,a,long,False,none,False,False,True,False,False,False,False
968,he/she is whistling,,FullEventful,become,,False,:hsvnh,:hsvnh,False,False,False,False,False,a,long,False,none,False,False,True,False,False,False,False
969,he/she is piling it up,,FullEventful,hvsk-han,,False,:hsvt,:hsvt,False,False,False,False,False,a,long,False,none,False,False,True,False,False,False,False
970,it’s hanging,,FullEventful,stative,,True,,,True,False,False,False,False,a,vowel_a,False,at,True,False,True,False,False,False,False
970,it’s hanging,,FullEventful,stative,,True,ath,,True,False,False,False,False,a,vowel_a,False,none,False,False,True,False,False,False,False
970,it’s hanging,,FullEventful,stative,,True,h,,True,False,False,False,False,a,vowel_a,False,at_pre_c,False,False,True,False,False,False,False
970,it’s hanging,,FullEventful,stative-h,,True,,,True,False,False,False,False,a,vowel_a,False,at,False,False,True,False,False,False,False
970,it’s hanging,,FullEventful,stative-h,,True,,,True,False,False,False,False,a,vowel_a,False,at_pre_c,False,False,True,False,False,False,False
970,it’s hanging,,FullEventful,stative-h,,True,at,,True,False,False,False,False,a,vowel_a,False,none,False,False,True,False,False,False,False
973,he/she is stabbing him/her,,FullEventful,hih-hilh,,False,:t,:t,False,False,False,False,False,a,long,False,none,False,False,True,False,False,True,False
976,he/she is hanging it up,,FullEventful,hvsk-han,,False,,,False,False,False,False,False,a,vowel_a,False,at,False,False,True,False,False,False,False
976,he/she is hanging it up,,FullEventful,hvsk-han,,False,,,False,False,False,False,False,a,vowel_a,False,at_pre_c,False,False,True,False,False,False,False
976,he/she is hanging it up,,FullEventful,hvsk-han,,False,at,at,False,False,False,False,False,a,vowel_a,False,none,False,False,True,False,False,False,False
977,he/she is joking,,FullEventful,vnh-ih-a,,False,welh,welh,False,False,False,False,False,a,con,False,none,False,False,True,False,False,False,False
977,he/she is joking,,FullEventful,vnh-ih-a,,False,welh,welh,False,False,False,False,False,a,con,False,none,False,False,True,False,False,True,False
979,he/she is bathing him/her,,FullEventful,o,,False,aw,aw,False,False,False,False,False,a,vowel_a,False,none,False,False,True,False,False,True,False
980,he/she is replying,,FullEventful,v-vhs,change-out,False,awohil,awo'il,False,False,False,False,False,a,vowel_a,False,none,False,False,True,False,False,False,False
980,he/she is replying,,FullEventful,v-vhs,,False,awohiliy,awo'iliy,False,False,False,False,False,a,vowel_a,False,none,False,False,True,False,False,False,False
981,he/she is lecturing him/her,,FullEventful,cause,,False,wonht,wonht,False,False,False,False,False,a,con,False,none,False,False,True,False,False,False,False
981,he/she is lecturing him/her,,FullEventful,cause,,False,wonht,wonht,False,False,False,False,False,a,con,False,none,False,False,True,False,False,True,False
981,he/she is lecturing him/her,,FullEventful,cause[perf3],,False,wonht,wonht,False,False,False,False,False,a,con,False,none,False,False,True,False,False,False,False
981,he/she is lecturing him/her,,FullEventful,cause[perf3],,False,wonht,wonht,False,False,False,False,False,a,con,False,none,False,False,True,False,False,True,False
981,he/she is lecturing him/her,,FullEventful,cause[pres2-perf3],,False,wonhtih,wonhtih,False,False,False,False,False,a,con,False,none,False,False,True,False,False,False,False
981,he/she is lecturing him/her,,FullEventful,cause[pres2-perf3],,False,wonhtih,wonhtih,False,False,False,False,False,a,con,False,none,False,False,True,False,False,True,False
981,he/she is lecturing him/her,,FullEventful,cause[pres2],,False,wonhtih,wonhtih,False,False,False,False,False,a,con,False,none,False,False,True,False,False,False,False
981,he/she is lecturing him/her,,FullEventful,cause[pres2],,False,wonhtih,wonhtih,False,False,False,False,False,a,con,False,none,False,False,True,False,False,True,False
983,he/she is speaking,,FullEventful,ih-ihi,,False,won,won,False,False,False,False,False,a,con,False,none,False,False,True,False,False,False,False
983,he/she is speaking,,FullEventful,ih-ihi,,False,won,won,False,False,False,False,False,a,con,False,none,False,False,True,False,False,True,False
986,he/she is sewing it,,FullEventful,sk-s-a[inf2],,False,:yew,:yewi,False,False,False,False,False,a,long,False,none,False,False,True,False,False,False,False
992,he/she is feeding him/her,,FullEventful,oh-al,,False,el,el,False,False,False,False,False,a,vowel_e,False,none,False,False,True,False,False,True,False
993,he/she is howling,,FullEventful,hvsk-nh[inf3],,False,elhu,elu,False,False,False,False,False,a,vowel_e,False,none,False,False,True,False,False,False,False
993,he/she is howling,,FullEventful,sk-h,,False,elhuhv,eluhv,False,False,False,False,False,a,vowel_e,False,none,False,False,True,False,False,False,False
993,he/she is howling,,FullEventful,sk-h[imp2],,False,elhuhv,eluhv,False,False,False,False,False,a,vowel_e,False,none,False,False,True,False,False,False,False
997,he/she is leading it by a leash,,FullEventful,stative-eh,,True,elihsin,elihsin,True,False,False,False,False,a,vowel_e,False,none,False,False,True,False,False,True,False
1014,he/she is leading him/her by the hand,,FullEventful,go,in,False,oh,o',False,False,False,False,False,a,vowel_o,False,none,False,False,True,False,False,True,False
1014,he/she is leading him/her by the hand,,FullEventful,go,,False,ohin,o'in,False,False,False,False,False,a,vowel_o,False,none,False,False,True,False,False,True,False
1014,he/she is leading him/her by the hand,,FullEventful,go[pres2],,False,ohinek,o'inek,False,False,False,False,False,a,vowel_o,False,none,False,False,True,False,False,True,False
1015,he/she is agreeing with him/her,,FullEventful,apl,,False,ohiyhtan,o'iyhtan,False,False,False,False,False,a,vowel_o,False,none,False,False,True,False,False,True,False
1015,he/she is agreeing with him/her,,FullEventful,apl[imp2],,False,ohiyhtan,o'iyhtan,False,False,False,False,False,a,vowel_o,False,none,False,False,True,False,False,True,False
1017,he/she is recognizing him/her,,FullEventful,become,,False,olh,oli,False,False,False,False,False,a,vowel_o,False,none,False,False,True,False,False,True,False
1017,he/she is recognizing him/her,,FullEventful,become[inf4],,False,olh,oli,False,False,False,False,False,a,vowel_o,False,none,False,False,True,False,False,True,False
1018,he/she understands it,,FullEventful,become,,False,olh,oli,False,False,False,False,False,a,vowel_o,False,none,False,False,True,False,False,False,False
1018,he/she understands it,,FullEventful,become[inf4],,False,olh,oli,False,False,False,False,False,a,vowel_o,False,none,False,False,True,False,False,False,False
1021,he/she is getting full,,FullEventful,sk-s-hi-hihst,,False,olhv,olv,False,False,False,False,False,a,vowel_o,False,none,False,False,True,False,False,False,False
1021,he/she is getting full,,FullEventful,sk-s-hst,,False,olhv,olv,False,False,False,False,False,a,vowel_o,False,none,False,False,True,False,False,False,False
1021,he/she is getting full,,FullEventful,sk-s-hst[imp2],,False,olhv,olv,False,False,False,False,False,a,vowel_o,False,none,False,False,True,False,False,False,False
1022,he/she is making it,,FullEventful,vnh-vsk,,False,olh,olh,False,False,False,False,False,a,vowel_o,False,none,False,False,True,False,False,False,False
1022,he/she is making it,,FullEventful,vnh-vsk[inf3],,False,olh,olh,False,False,False,False,False,a,vowel_o,False,none,False,False,True,False,False,False,False
1023,he/she is making it fall (refers to a round‚ long object),,FullEventful,cause,,False,ohonht,o'onht,False,False,False,False,False,a,vowel_o,False,none,False,False,True,False,False,False,False
1023,he/she is making it fall (refers to a round‚ long object),,FullEventful,cause[perf3],,False,ohonht,o'onht,False,False,False,False,False,a,vowel_o,False,none,False,False,True,False,False,False,False
1023,he/she is making it fall (refers to a round‚ long object),,FullEventful,cause[pres2-perf3],,False,ohonhtih,o'onhtih,False,False,False,False,False,a,vowel_o,False,none,False,False,True,False,False,False,False
1023,he/she is making it fall (refers to a round‚ long object),,FullEventful,cause[pres2],,False,ohonhtih,o'onhtih,False,False,False,False,False,a,vowel_o,False,none,False,False,True,False,False,False,False
1024,it’s falling (refers to a round‚ long object),,FullEventful,sk-s-hi-hihst,,False,oho,o'o,False,False,False,False,False,a,vowel_o,False,none,False,False,True,False,False,False,False
1024,it’s falling (refers to a round‚ long object),,FullEventful,sk-s-hst,,False,oho,o'o,False,False,False,False,False,a,vowel_o,False,none,False,False,True,False,False,False,False
1024,it’s falling (refers to a round‚ long object),,FullEventful,sk-s-hst[imp2],,False,oho,o'o,False,False,False,False,False,a,vowel_o,False,none,False,False,True,False,False,False,False
1027,he/she is writing it,,FullEventful,i-vka,,False,owhel,owel,False,False,False,False,False,a,vowel_o,False,none,False,False,True,False,False,False,False
1030,he/she is pulling a trigger,,FullEventful,rev-e,,False,otsan,otsan,False,False,False,False,False,a,vowel_o,False,none,False,False,True,False,False,False,False
1038,he/she is batting it,,FullEventful,ih-il,hitting[il],False,ohst,ohst,False,False,False,False,False,a,vowel_o,False,none,False,False,True,False,False,False,False
1038,he/she is batting it,,FullEventful,ih-il,,False,ohstvn,ohstvn,False,False,False,False,False,a,vowel_o,False,none,False,False,True,False,False,False,False
1040,he/she is saying to him/her,,FullEventful,apl,,False,ohs,ohs,False,False,False,False,False,a,vowel_o,False,none,False,False,True,False,False,True,False
1040,he/she is saying to him/her,,FullEventful,apl[imp2],,False,ohs,ohs,False,False,False,False,False,a,vowel_o,False,none,False,False,True,False,False,True,False
1041,it’s swelling,,FullEventful,sk-s-hi-hihst,,False,othi,othi,False,False,False,False,False,a,vowel_o,False,none,False,False,True,False,False,False,False
1041,it’s swelling,,FullEventful,sk-s-hst,,False,othi,othi,False,False,False,False,False,a,vowel_o,False,none,False,False,True,False,False,False,False
1041,it’s swelling,,FullEventful,sk-s-hst[imp2],,False,othi,othi,False,False,False,False,False,a,vowel_o,False,none,False,False,True,False,False,False,False
1043,he/she is building a fire,,FullEventful,hvsk-han,,False,ot,ot,False,False,False,False,False,a,vowel_o,False,none,False,False,True,False,False,False,False
1044,he/she is unhitching him/her,,FullEventful,rev-e,,False,utal,utal,False,False,False,False,False,a,vowel_u,False,none,False,False,True,False,False,True,False
1045,he/she is hitching him/her up,,FullEventful,vsk,,False,utal,utal,False,False,False,False,False,a,vowel_u,False,none,False,False,True,False,False,True,False
1045,he/she is hitching him/her up,,FullEventful,vsk[imp2],,False,utal,utal,False,False,False,False,False,a,vowel_u,False,none,False,False,True,False,False,True,False
1050,he/she is putting a handle on a tool,,FullEventful,hvsk-han,,False,uhal,u'al,False,False,False,False,False,a,vowel_u,False,none,False,False,True,False,False,False,False
1052,he/she is washing it,,FullEventful,o,repetitive,False,uh,u',False,False,False,False,False,a,vowel_u,False,none,False,False,True,False,False,False,False
1052,he/she is washing it,,FullEventful,o,,False,uhil,u'il,False,False,False,False,False,a,vowel_u,False,none,False,False,True,False,False,False,False
1053,he/she is accusing him/her,,FullEventful,cause,,False,uhihst,u'ihst,False,False,False,False,False,a,vowel_u,False,none,False,False,True,False,False,True,False
1053,he/she is accusing him/her,,FullEventful,cause[perf3],,False,uhihst,u'ihst,False,False,False,False,False,a,vowel_u,False,none,False,False,True,False,False,True,False
1053,he/she is accusing him/her,,FullEventful,cause[pres2-perf3],,False,uhihstih,u'ihstih,False,False,False,False,False,a,vowel_u,False,none,False,False,True,False,False,True,False
1053,he/she is accusing him/her,,FullEventful,cause[pres2],,False,uhihstih,u'ihstih,False,False,False,False,False,a,vowel_u,False,none,False,False,True,False,False,True,False
1055,he/she is covering it,,FullEventful,vsk,,False,ulh,ulh,False,False,False,False,False,a,vowel_u,False,none,False,False,True,False,False,False,False
1055,he/she is covering it,,FullEventful,vsk[imp2],,False,ulh,ulh,False,False,False,False,False,a,vowel_u,False,none,False,False,True,False,False,False,False
1056,he/she is putting it in water,,FullEventful,hvsk-nh,,False,u,u,False,False,False,False,False,a,vowel_u,False,none,False,False,True,False,False,False,False
1056,he/she is putting it in water,,FullEventful,hvsk-nh[inf2],,False,u,u,False,False,False,False,False,a,vowel_u,False,none,False,False,True,False,False,False,False
1060,he/she is picking him/her up,,FullEventful,rev-e,,False,uth,uth,False,False,False,False,False,a,vowel_u,False,none,False,False,True,False,False,True,False
1061,it’s snowing,,FullEventful,cause[perf2],,False,uth,,False,False,False,False,False,a,vowel_u,False,none,False,False,True,False,False,False,False
1061,it’s snowing,,FullEventful,cause[perf2],,False,uth,,False,False,True,False,False,a,vowel_u,False,none,False,False,True,False,False,False,False
1061,it’s snowing,,FullEventful,cause[perf2],,False,uth,,False,False,False,False,False,a,vowel_u,False,none,False,False,True,False,False,True,False
1061,it’s snowing,,FullEventful,cause[perf2],,False,uth,,False,False,True,False,False,a,vowel_u,False,none,False,False,True,False,False,True,False
1061,it’s snowing,,FullEventful,cause[pres2-perf2],,False,uthih,,False,False,False,False,False,a,vowel_u,False,none,False,False,True,False,False,False,False
1061,it’s snowing,,FullEventful,cause[pres2-perf2],,False,uthih,,False,False,True,False,False,a,vowel_u,False,none,False,False,True,False,False,False,False
1061,it’s snowing,,FullEventful,cause[pres2-perf2],,False,uthih,,False,False,False,False,False,a,vowel_u,False,none,False,False,True,False,False,True,False
1061,it’s snowing,,FullEventful,cause[pres2-perf2],,False,uthih,,False,False,True,False,False,a,vowel_u,False,none,False,False,True,False,False,True,False
1063,he/she is sifting it,,FullEventful,cause,,False,vkuhst,vkuhst,False,False,False,False,False,a,vowel_v,False,none,False,False,True,False,True,False,False
1063,he/she is sifting it,,FullEventful,cause[perf3],,False,vkuhst,vkuhst,False,False,False,False,False,a,vowel_v,False,none,False,False,True,False,True,False,False
1063,he/she is sifting it,,FullEventful,cause[pres2-perf3],,False,vkuhstih,vkuhstih,False,False,False,False,False,a,vowel_v,False,none,False,False,True,False,True,False,False
1063,he/she is sifting it,,FullEventful,cause[pres2],,False,vkuhstih,vkuhstih,False,False,False,False,False,a,vowel_v,False,none,False,False,True,False,True,False,False
1064,it’s leaking,,FullEventful,sk-s-hst,,False,vku,,False,False,False,False,False,a,vowel_v,False,none,False,False,True,False,True,False,False
1064,it’s leaking,,FullEventful,sk-s-hst,,False,vku,,False,False,True,False,False,a,vowel_v,False,none,False,False,True,False,True,False,False
1064,it’s leaking,,FullEventful,sk-s-hst,,False,vku,,False,False,False,False,False,a,vowel_v,False,none,False,False,True,False,True,True,False
1064,it’s leaking,,FullEventful,sk-s-hst,,False,vku,,False,False,True,False,False,a,vowel_v,False,none,False,False,True,False,True,True,False
1067,he/she is alive,,FullEventful,stative,,True,vnh,vn,True,False,False,False,False,a,vowel_v,False,none,False,False,True,False,False,False,False
1067,he/she is alive,,FullEventful,stative-h,,True,vn,vn,True,False,False,False,False,a,vowel_v,False,none,False,False,True,False,False,False,False
1070,he/she is hitting him/her,,FullEventful,hih-hil[imp2],hitting[hil],False,,,False,False,False,False,False,a,vowel_v,False,none,False,False,True,False,True,True,False
1070,he/she is hitting him/her,,FullEventful,hih-hil[imp2],,False,vn,vn,False,False,False,False,False,a,vowel_v,False,none,False,False,True,False,True,True,False
1071,he/she is cooking it (refers to a specific food),,FullEventful,cause,,False,vnhihst,vnihst,False,False,False,False,False,a,vowel_v,False,none,False,False,True,False,True,False,False
1071,he/she is cooking it (refers to a specific food),,FullEventful,cause[perf3],,False,vnhihst,vnihst,False,False,False,False,False,a,vowel_v,False,none,False,False,True,False,True,False,False
1071,he/she is cooking it (refers to a specific food),,FullEventful,cause[pres2-perf3],,False,vnhihstih,vnihstih,False,False,False,False,False,a,vowel_v,False,none,False,False,True,False,True,False,False
1071,he/she is cooking it (refers to a specific food),,FullEventful,cause[pres2],,False,vnhihstih,vnihstih,False,False,False,False,False,a,vowel_v,False,none,False,False,True,False,True,False,False
1076,he/she is frying it,,FullEventful,hvsk-han,,False,vtsal,vtsal,False,False,False,False,False,a,vowel_v,False,none,False,False,True,False,False,False,False
1078,he/she is melting it,,FullEventful,cause,,False,vnawht,vnawot,False,False,False,False,False,a,vowel_v,False,none,False,False,True,False,True,False,False
1078,he/she is melting it,,FullEventful,cause[perf3],,False,vnawht,vnawot,False,False,False,False,False,a,vowel_v,False,none,False,False,True,False,True,False,False
1078,he/she is melting it,,FullEventful,cause[pres2-perf3],,False,vnawhtih,vnawotih,False,False,False,False,False,a,vowel_v,False,none,False,False,True,False,True,False,False
1078,he/she is melting it,,FullEventful,cause[pres2],,False,vnawhtih,vnawotih,False,False,False,False,False,a,vowel_v,False,none,False,False,True,False,True,False,False
1079,it’s melting,,FullEventful,sk-s-hi-hihst,,False,vnawo,vnawo,False,False,False,False,False,a,vowel_v,False,none,False,False,True,False,True,False,False
1079,it’s melting,,FullEventful,sk-s-hst,,False,vnawo,vnawo,False,False,False,False,False,a,vowel_v,False,none,False,False,True,False,True,False,False
1079,it’s melting,,FullEventful,sk-s-hst[imp2],,False,vnawo,vnawo,False,False,False,False,False,a,vowel_v,False,none,False,False,True,False,True,False,False
1081,he/she is sweeping it,,FullEventful,sk-h,,False,vnohsa,vnohsa,False,False,False,False,False,a,vowel_v,False,none,False,False,True,False,True,False,False
1081,he/she is sweeping it,,FullEventful,sk-h[imp2],,False,vnohsa,vnohsa,False,False,False,False,False,a,vowel_v,False,none,False,False,True,False,True,False,False
1082,it’s becoming done (refers to by cooking),,FullEventful,sk-s-hi-hihst,,False,vn,,False,False,False,False,False,a,vowel_v,False,none,False,False,True,False,True,False,False
1083,he/she is hiding it,,FullEventful,hvsk-han,,False,vhskal,vhskal,False,False,False,False,False,a,vowel_v,False,none,False,False,True,False,True,False,False
1084,he/she is hiding it (refers to a long object),,FullEventful,i-a-i,long,False,vhskal,vhskal,False,False,False,False,False,a,vowel_v,False,none,False,False,True,False,True,False,False
1084,he/she is hiding it (refers to a long object),,FullEventful,i-a-i,long[no-a],False,vhskala,vhskala,False,False,False,False,False,a,vowel_v,False,none,False,False,True,False,True,False,False
1084,he/she is hiding it (refers to a long object),,FullEventful,i-a-i,,False,vhskalat,vhskalat,False,False,False,False,False,a,vowel_v,False,none,False,False,True,False,True,False,False
1085,he/she is hiding him/her (refers to a flexible object),,FullEventful,vsk,,False,vhskal,vhskal,False,False,False,False,False,a,vowel_v,False,none,False,False,True,False,True,True,False
1085,he/she is hiding him/her (refers to a flexible object),,FullEventful,vsk[imp2],,False,vhskal,vhskal,False,False,False,False,False,a,vowel_v,False,none,False,False,True,False,True,True,False
1086,he/she is cracking it,,FullEventful,o,,False,vhskwal,vhskwal,False,False,False,False,False,a,vowel_v,False,none,False,False,True,False,True,False,False
1087,he/she is putting it into a fire,,FullEventful,hvsk-han,,False,vt,vt,False,False,False,False,False,a,vowel_v,False,none,False,False,True,False,False,False,False
1088,he/she is soaking it (refers to a flexible object),,FullEventful,hvsk-han,,False,vwal,vwal,False,False,False,False,False,a,vowel_v,False,none,False,False,True,False,False,False,False
1221,he/she is ascending an incline,,FullEventful,sk-s-hi-hihst,,False,nhalu,nalu,False,False,False,False,False,a,aspirated,True,none,False,False,True,False,False,False,True
1221,he/she is ascending an incline,,FullEventful,sk-s-hi-hihst,,False,nhalu,nalu,False,False,False,False,False,a,con,True,none,False,False,True,False,False,False,True
1221,he/she is ascending an incline,,FullEventful,sk-s-hst,,False,nhalu,nalu,False,False,False,False,False,a,aspirated,True,none,False,False,True,False,False,False,True
1221,he/she is ascending an incline,,FullEventful,sk-s-hst,,False,nhalu,nalu,False,False,False,False,False,a,con,True,none,False,False,True,False,False,False,True
1221,he/she is ascending an incline,,FullEventful,sk-s-hst[imp2],,False,nhalu,nalu,False,False,False,False,False,a,aspirated,True,none,False,False,True,False,False,False,True
1221,he/she is ascending an incline,,FullEventful,sk-s-hst[imp2],,False,nhalu,nalu,False,False,False,False,False,a,con,True,none,False,False,True,False,False,False,True
1224,he/she is making him/her angry,,FullEventful,cause,,False,nhalvhst,nalvhst,False,False,False,False,False,a,aspirated,True,none,False,False,True,False,False,True,True
1224,he/she is making him/her angry,,FullEventful,cause,,False,nhalvhst,nalvhst,False,False,False,False,False,a,con,True,none,False,False,True,False,False,True,True
1224,he/she is making him/her angry,,FullEventful,cause[perf3],,False,nhalvhst,nalvhst,False,False,False,False,False,a,aspirated,True,none,False,False,True,False,False,True,True
1224,he/she is making him/her angry,,FullEventful,cause[perf3],,False,nhalvhst,nalvhst,False,False,False,False,False,a,con,True,none,False,False,True,False,False,True,True
1224,he/she is making him/her angry,,FullEventful,cause[pres2-perf3],,False,nhalvhstih,nalvhstih,False,False,False,False,False,a,aspirated,True,none,False,False,True,False,False,True,True
1224,he/she is making him/her angry,,FullEventful,cause[pres2-perf3],,False,nhalvhstih,nalvhstih,False,False,False,False,False,a,con,True,none,False,False,True,False,False,True,True
1224,he/she is making him/her angry,,FullEventful,cause[pres2],,False,nhalvhstih,nalvhstih,False,False,False,False,False,a,aspirated,True,none,False,False,True,False,False,True,True
1224,he/she is making him/her angry,,FullEventful,cause[pres2],,False,nhalvhstih,nalvhstih,False,False,False,False,False,a,con,True,none,False,False,True,False,False,True,True
1227,he/she is rooting it out,,FullEventful,ih-vh,,False,nhahstetl,nahstetl,False,False,False,False,False,a,aspirated,True,none,False,False,True,False,False,False,True
1227,he/she is rooting it out,,FullEventful,ih-vh,,False,nhahstetl,nahstetl,False,False,False,False,False,a,con,True,none,False,False,True,False,False,False,True
1229,he/she is cold,,FullEventful,become,become-long[o],False,nhaw,naw,False,False,False,False,False,a,aspirated,True,none,False,False,True,False,False,False,True
1229,he/she is cold,,FullEventful,become,become-long[o],False,nhaw,naw,False,False,False,False,False,a,con,True,none,False,False,True,False,False,False,True
1229,he/she is cold,,FullEventful,become,,False,nhawo,nawo,False,False,False,False,False,a,aspirated,True,none,False,False,True,False,False,False,True
1229,he/she is cold,,FullEventful,become,,False,nhawo,nawo,False,False,False,False,False,a,con,True,none,False,False,True,False,False,False,True
1230,he/she is speaking,,FullEventful,become,,False,nhe,ne,False,False,False,False,False,a,aspirated,True,none,False,False,True,False,False,False,True
1230,he/she is speaking,,FullEventful,become,,False,nhe,ne,False,False,False,False,False,a,con,True,none,False,False,True,False,False,False,True
1231,he/she is prying it,,FullEventful,ih-vh,,False,nhekwat,nekwat,False,False,False,False,False,a,aspirated,True,none,False,False,True,False,False,False,True
1231,he/she is prying it,,FullEventful,ih-vh,,False,nhekwat,nekwat,False,False,False,False,False,a,con,True,none,False,False,True,False,False,False,True
1232,he/she is accumulating it,,FullEventful,o,,False,nhehkw,nehkw,False,False,False,False,False,a,aspirated,True,none,False,False,True,False,False,False,True
1232,he/she is accumulating it,,FullEventful,o,,False,nhehkw,nehkw,False,False,False,False,False,a,con,True,none,False,False,True,False,False,False,True
1233,it’s accumulating,,FullEventful,become,become-long[o],False,nhehkw,,False,False,False,False,False,a,aspirated,True,none,False,False,True,False,False,False,True
1233,it’s accumulating,,FullEventful,become,become-long[o],False,nhehkw,,False,False,False,False,False,a,aspirated,True,none,False,False,True,False,False,True,True
1233,it’s accumulating,,FullEventful,become,become-long[o],False,nhehkw,,False,False,False,False,False,a,con,True,none,False,False,True,False,False,False,True
1233,it’s accumulating,,FullEventful,become,become-long[o],False,nhehkw,,False,False,False,False,False,a,con,True,none,False,False,True,False,False,True,True
1233,it’s accumulating,,FullEventful,become,,False,nhehkwo,,False,False,False,False,False,a,aspirated,True,none,False,False,True,False,False,False,True
1233,it’s accumulating,,FullEventful,become,,False,nhehkwo,,False,False,False,False,False,a,aspirated,True,none,False,False,True,False,False,True,True
1233,it’s accumulating,,FullEventful,become,,False,nhehkwo,,False,False,False,False,False,a,con,True,none,False,False,True,False,False,False,True
1233,it’s accumulating,,FullEventful,become,,False,nhehkwo,,False,False,False,False,False,a,con,True,none,False,False,True,False,False,True,True
1233,it’s accumulating,,FullEventful,become[inf2],become-long[o],False,nhehkw,,False,False,False,False,False,a,aspirated,True,none,False,False,True,False,False,False,True
1233,it’s accumulating,,FullEventful,become[inf2],become-long[o],False,nhehkw,,False,False,False,False,False,a,aspirated,True,none,False,False,True,False,False,True,True
1233,it’s accumulating,,FullEventful,become[inf2],become-long[o],False,nhehkw,,False,False,False,False,False,a,con,True,none,False,False,True,False,False,False,True
1233,it’s accumulating,,FullEventful,become[inf2],become-long[o],False,nhehkw,,False,False,False,False,False,a,con,True,none,False,False,True,False,False,True,True
1233,it’s accumulating,,FullEventful,become[inf2],,False,nhehkwo,,False,False,False,False,False,a,aspirated,True,none,False,False,True,False,False,False,True
1233,it’s accumulating,,FullEventful,become[inf2],,False,nhehkwo,,False,False,False,False,False,a,aspirated,True,none,False,False,True,False,False,True,True
1233,it’s accumulating,,FullEventful,become[inf2],,False,nhehkwo,,False,False,False,False,False,a,con,True,none,False,False,True,False,False,False,True
1233,it’s accumulating,,FullEventful,become[inf2],,False,nhehkwo,,False,False,False,False,False,a,con,True,none,False,False,True,False,False,True,True
1233,it’s accumulating,,FullEventful,become[inf4],become-long[o],False,nhehkw,,False,False,False,False,False,a,aspirated,True,none,False,False,True,False,False,False,True
1233,it’s accumulating,,FullEventful,become[inf4],become-long[o],False,nhehkw,,False,False,False,False,False,a,aspirated,True,none,False,False,True,False,False,True,True
1233,it’s accumulating,,FullEventful,become[inf4],become-long[o],False,nhehkw,,False,False,False,False,False,a,con,True,none,False,False,True,False,False,False,True
1233,it’s accumulating,,FullEventful,become[inf4],become-long[o],False,nhehkw,,False,False,False,False,False,a,con,True,none,False,False,True,False,False,True,True
1233,it’s accumulating,,FullEventful,become[inf4],,False,nhehkwo,,False,False,False,False,False,a,aspirated,True,none,False,False,True,False,False,False,True
1233,it’s accumulating,,FullEventful,become[inf4],,False,nhehkwo,,False,False,False,False,False,a,aspirated,True,none,False,False,True,False,False,True,True
1233,it’s accumulating,,FullEventful,become[inf4],,False,nhehkwo,,False,False,False,False,False,a,con,True,none,False,False,True,False,False,False,True
1233,it’s accumulating,,FullEventful,become[inf4],,False,nhehkwo,,False,False,False,False,False,a,con,True,none,False,False,True,False,False,True,True
1234,he/she is mentioning it,,FullEventful,cause,,False,nhe'ihst,ne'ihst,False,False,False,False,False,a,aspirated,True,none,False,False,True,False,False,False,True
1234,he/she is mentioning it,,FullEventful,cause,,False,nhe'ihst,ne'ihst,False,False,False,False,False,a,con,True,none,False,False,True,False,False,False,True
1234,he/she is mentioning it,,FullEventful,cause[perf3],,False,nhe'ihst,ne'ihst,False,False,False,False,False,a,aspirated,True,none,False,False,True,False,False,False,True
1234,he/she is mentioning it,,FullEventful,cause[perf3],,False,nhe'ihst,ne'ihst,False,False,False,False,False,a,con,True,none,False,False,True,False,False,False,True
1234,he/she is mentioning it,,FullEventful,cause[pres2-perf3],,False,nhe'ihstih,ne'ihstih,False,False,False,False,False,a,aspirated,True,none,False,False,True,False,False,False,True
1234,he/she is mentioning it,,FullEventful,cause[pres2-perf3],,False,nhe'ihstih,ne'ihstih,False,False,False,False,False,a,con,True,none,False,False,True,False,False,False,True
1234,he/she is mentioning it,,FullEventful,cause[pres2],,False,nhe'ihstih,ne'ihstih,False,False,False,False,False,a,aspirated,True,none,False,False,True,False,False,False,True
1234,he/she is mentioning it,,FullEventful,cause[pres2],,False,nhe'ihstih,ne'ihstih,False,False,False,False,False,a,con,True,none,False,False,True,False,False,False,True
1235,it’s contaminated (refers to contaminated by visible foreign matter),,FullEventful,stative,,True,anhehsalh,,True,False,False,False,False,a,vowel_a,True,none,False,False,True,False,False,False,True
1235,it’s contaminated (refers to contaminated by visible foreign matter),,FullEventful,stative,,True,anhehsalh,,True,False,True,False,False,a,vowel_a,True,none,False,False,True,False,False,False,True
1235,it’s contaminated (refers to contaminated by visible foreign matter),,FullEventful,stative,,True,anhehsalh,,True,False,False,False,False,a,vowel_a,True,none,False,False,True,False,False,True,True
1235,it’s contaminated (refers to contaminated by visible foreign matter),,FullEventful,stative,,True,anhehsalh,,True,False,True,False,False,a,vowel_a,True,none,False,False,True,False,False,True,True
1235,it’s contaminated (refers to contaminated by visible foreign matter),,FullEventful,stative,,True,nhehsalh,,True,False,False,False,False,a,aspirated,True,none,False,False,True,False,False,False,True
1235,it’s contaminated (refers to contaminated by visible foreign matter),,FullEventful,stative,,True,nhehsalh,,True,False,True,False,False,a,aspirated,True,none,False,False,True,False,False,False,True
1235,it’s contaminated (refers to contaminated by visible foreign matter),,FullEventful,stative,,True,nhehsalh,,True,False,False,False,False,a,aspirated,True,none,False,False,True,False,False,True,True
1235,it’s contaminated (refers to contaminated by visible foreign matter),,FullEventful,stative,,True,nhehsalh,,True,False,True,False,False,a,aspirated,True,none,False,False,True,False,False,True,True
1235,it’s contaminated (refers to contaminated by visible foreign matter),,FullEventful,stative,,True,nhehsalh,,True,False,False,False,False,a,con,True,none,False,False,True,False,False,False,True
1235,it’s contaminated (refers to contaminated by visible foreign matter),,FullEventful,stative,,True,nhehsalh,,True,False,True,False,False,a,con,True,none,False,False,True,False,False,False,True
1235,it’s contaminated (refers to contaminated by visible foreign matter),,FullEventful,stative,,True,nhehsalh,,True,False,False,False,False,a,con,True,none,False,False,True,False,False,True,True
1235,it’s contaminated (refers to contaminated by visible foreign matter),,FullEventful,stative,,True,nhehsalh,,True,False,True,False,False,a,con,True,none,False,False,True,False,False,True,True
1235,it’s contaminated (refers to contaminated by visible foreign matter),,FullEventful,stative-h,,True,anhehsal,,True,False,False,False,False,a,vowel_a,True,none,False,False,True,False,False,False,True
1235,it’s contaminated (refers to contaminated by visible foreign matter),,FullEventful,stative-h,,True,anhehsal,,True,False,True,False,False,a,vowel_a,True,none,False,False,True,False,False,False,True
1235,it’s contaminated (refers to contaminated by visible foreign matter),,FullEventful,stative-h,,True,anhehsal,,True,False,False,False,False,a,vowel_a,True,none,False,False,True,False,False,True,True
1235,it’s contaminated (refers to contaminated by visible foreign matter),,FullEventful,stative-h,,True,anhehsal,,True,False,True,False,False,a,vowel_a,True,none,False,False,True,False,False,True,True
1235,it’s contaminated (refers to contaminated by visible foreign matter),,FullEventful,stative-h,,True,nhehsal,,True,False,False,False,False,a,aspirated,True,none,False,False,True,False,False,False,True
1235,it’s contaminated (refers to contaminated by visible foreign matter),,FullEventful,stative-h,,True,nhehsal,,True,False,True,False,False,a,aspirated,True,none,False,False,True,False,False,False,True
1235,it’s contaminated (refers to contaminated by visible foreign matter),,FullEventful,stative-h,,True,nhehsal,,True,False,False,False,False,a,aspirated,True,none,False,False,True,False,False,True,True
1235,it’s contaminated (refers to contaminated by visible foreign matter),,FullEventful,stative-h,,True,nhehsal,,True,False,True,False,False,a,aspirated,True,none,False,False,True,False,False,True,True
1235,it’s contaminated (refers to contaminated by visible foreign matter),,FullEventful,stative-h,,True,nhehsal,,True,False,False,False,False,a,con,True,none,False,False,True,False,False,False,True
1235,it’s contaminated (refers to contaminated by visible foreign matter),,FullEventful,stative-h,,True,nhehsal,,True,False,True,False,False,a,con,True,none,False,False,True,False,False,False,True
1235,it’s contaminated (refers to contaminated by visible foreign matter),,FullEventful,stative-h,,True,nhehsal,,True,False,False,False,False,a,con,True,none,False,False,True,False,False,True,True
1235,it’s contaminated (refers to contaminated by visible foreign matter),,FullEventful,stative-h,,True,nhehsal,,True,False,True,False,False,a,con,True,none,False,False,True,False,False,True,True
1236,he/she is contaminating it (refers to contaminated by visible foreign matter),,FullEventful,hvsk-han,,False,nhehsal,nehsal,False,False,False,False,False,a,aspirated,True,none,False,False,True,False,False,False,True
1236,he/she is contaminating it (refers to contaminated by visible foreign matter),,FullEventful,hvsk-han,,False,nhehsal,nehsal,False,False,False,False,False,a,con,True,none,False,False,True,False,False,False,True
1241,he/she is collecting from him/her,,FullEventful,hvsk-han,,False,nhil,nil,False,False,False,False,False,a,aspirated,True,none,False,False,True,False,False,True,True
1241,he/she is collecting from him/her,,FullEventful,hvsk-han,,False,nhil,nil,False,False,False,False,False,a,con,True,none,False,False,True,False,False,True,True
1246,he/she is telling it,,FullEventful,apl-active-h,,False,nho,no,False,False,False,False,False,a,aspirated,True,none,False,False,True,False,False,False,True
1246,he/she is telling it,,FullEventful,apl-active-h,,False,nho,no,False,False,False,False,False,a,con,True,none,False,False,True,False,False,False,True
1247,he/she is omitting him/her,,FullEventful,a,leaving,False,nhoh,noh,False,False,False,False,False,a,aspirated,True,none,False,False,True,False,False,True,True
1247,he/she is omitting him/her,,FullEventful,a,leaving,False,nhoh,noh,False,False,False,False,False,a,con,True,none,False,False,True,False,False,True,True
1247,he/she is omitting him/her,,FullEventful,a,,False,nhohiy,nohiy,False,False,False,False,False,a,aspirated,True,none,False,False,True,False,False,True,True
1247,he/she is omitting him/her,,FullEventful,a,,False,nhohiy,nohiy,False,False,False,False,False,a,con,True,none,False,False,True,False,False,True,True
1249,he/she is fanning him/her,,FullEventful,apl-active,,False,nhoy,noy,False,False,False,False,False,a,aspirated,True,none,False,False,True,False,False,True,True
1249,he/she is fanning him/her,,FullEventful,apl-active,,False,nhoy,noy,False,False,False,False,False,a,con,True,none,False,False,True,False,False,True,True
1249,he/she is fanning him/her,,FullEventful,apl-active-a,,False,nhoy,noy,False,False,False,False,False,a,aspirated,True,none,False,False,True,False,False,True,True
1249,he/she is fanning him/her,,FullEventful,apl-active-a,,False,nhoy,noy,False,False,False,False,False,a,con,True,none,False,False,True,False,False,True,True
1253,it’s misting,,FullEventful,i-a-i,long,False,anhuyol,,False,False,False,False,False,a,vowel_a,True,none,False,False,True,False,False,False,True
1253,it’s misting,,FullEventful,i-a-i,long,False,anhuyol,,False,False,True,False,False,a,vowel_a,True,none,False,False,True,False,False,False,True
1253,it’s misting,,FullEventful,i-a-i,long,False,anhuyol,,False,False,False,False,False,a,vowel_a,True,none,False,False,True,False,False,True,True
1253,it’s misting,,FullEventful,i-a-i,long,False,anhuyol,,False,False,True,False,False,a,vowel_a,True,none,False,False,True,False,False,True,True
1253,it’s misting,,FullEventful,i-a-i,long[no-a],False,anhuyola,,False,False,False,False,False,a,vowel_a,True,none,False,False,True,False,False,False,True
1253,it’s misting,,FullEventful,i-a-i,long[no-a],False,anhuyola,,False,False,True,False,False,a,vowel_a,True,none,False,False,True,False,False,False,True
1253,it’s misting,,FullEventful,i-a-i,long[no-a],False,anhuyola,,False,False,False,False,False,a,vowel_a,True,none,False,False,True,False,False,True,True
1253,it’s misting,,FullEventful,i-a-i,long[no-a],False,anhuyola,,False,False,True,False,False,a,vowel_a,True,none,False,False,True,False,False,True,True
1253,it’s misting,,FullEventful,i-a-i,,False,anhuyolat,,False,False,False,False,False,a,vowel_a,True,none,False,False,True,False,False,False,True
1253,it’s misting,,FullEventful,i-a-i,,False,anhuyolat,,False,False,True,False,False,a,vowel_a,True,none,False,False,True,False,False,False,True
1253,it’s misting,,FullEventful,i-a-i,,False,anhuyolat,,False,False,False,False,False,a,vowel_a,True,none,False,False,True,False,False,True,True
1253,it’s misting,,FullEventful,i-a-i,,False,anhuyolat,,False,False,True,False,False,a,vowel_a,True,none,False,False,True,False,False,True,True
1253,it’s misting,,FullEventful,i-a-i,long,False,nhuyol,,False,False,False,False,False,a,aspirated,True,none,False,False,True,False,False,False,True
1253,it’s misting,,FullEventful,i-a-i,long,False,nhuyol,,False,False,True,False,False,a,aspirated,True,none,False,False,True,False,False,False,True
1253,it’s misting,,FullEventful,i-a-i,long,False,nhuyol,,False,False,False,False,False,a,aspirated,True,none,False,False,True,False,False,True,True
1253,it’s misting,,FullEventful,i-a-i,long,False,nhuyol,,False,False,True,False,False,a,aspirated,True,none,False,False,True,False,False,True,True
1253,it’s misting,,FullEventful,i-a-i,long,False,nhuyol,,False,False,False,False,False,a,con,True,none,False,False,True,False,False,False,True
1253,it’s misting,,FullEventful,i-a-i,long,False,nhuyol,,False,False,True,False,False,a,con,True,none,False,False,True,False,False,False,True
1253,it’s misting,,FullEventful,i-a-i,long,False,nhuyol,,False,False,False,False,False,a,con,True,none,False,False,True,False,False,True,True
1253,it’s misting,,FullEventful,i-a-i,long,False,nhuyol,,False,False,True,False,False,a,con,True,none,False,False,True,False,False,True,True
1253,it’s misting,,FullEventful,i-a-i,long[no-a],False,nhuyola,,False,False,False,False,False,a,aspirated,True,none,False,False,True,False,False,False,True
1253,it’s misting,,FullEventful,i-a-i,long[no-a],False,nhuyola,,False,False,True,False,False,a,aspirated,True,none,False,False,True,False,False,False,True
1253,it’s misting,,FullEventful,i-a-i,long[no-a],False,nhuyola,,False,False,False,False,False,a,aspirated,True,none,False,False,True,False,False,True,True
1253,it’s misting,,FullEventful,i-a-i,long[no-a],False,nhuyola,,False,False,True,False,False,a,aspirated,True,none,False,False,True,False,False,True,True
1253,it’s misting,,FullEventful,i-a-i,long[no-a],False,nhuyola,,False,False,False,False,False,a,con,True,none,False,False,True,False,False,False,True
1253,it’s misting,,FullEventful,i-a-i,long[no-a],False,nhuyola,,False,False,True,False,False,a,con,True,none,False,False,True,False,False,False,True
1253,it’s misting,,FullEventful,i-a-i,long[no-a],False,nhuyola,,False,False,False,False,False,a,con,True,none,False,False,True,False,False,True,True
1253,it’s misting,,FullEventful,i-a-i,long[no-a],False,nhuyola,,False,False,True,False,False,a,con,True,none,False,False,True,False,False,True,True
1253,it’s misting,,FullEventful,i-a-i,,False,nhuyolat,,False,False,False,False,False,a,aspirated,True,none,False,False,True,False,False,False,True
1253,it’s misting,,FullEventful,i-a-i,,False,nhuyolat,,False,False,True,False,False,a,aspirated,True,none,False,False,True,False,False,False,True
1253,it’s misting,,FullEventful,i-a-i,,False,nhuyolat,,False,False,False,False,False,a,aspirated,True,none,False,False,True,False,False,True,True
1253,it’s misting,,FullEventful,i-a-i,,False,nhuyolat,,False,False,True,False,False,a,aspirated,True,none,False,False,True,False,False,True,True
1253,it’s misting,,FullEventful,i-a-i,,False,nhuyolat,,False,False,False,False,False,a,con,True,none,False,False,True,False,False,False,True
1253,it’s misting,,FullEventful,i-a-i,,False,nhuyolat,,False,False,True,False,False,a,con,True,none,False,False,True,False,False,False,True
1253,it’s misting,,FullEventful,i-a-i,,False,nhuyolat,,False,False,False,False,False,a,con,True,none,False,False,True,False,False,True,True
1253,it’s misting,,FullEventful,i-a-i,,False,nhuyolat,,False,False,True,False,False,a,con,True,none,False,False,True,False,False,True,True
1254,he/she is straining it,,FullEventful,cause,,False,nhvhsolvhst,nvhsolvhst,False,False,False,False,False,a,aspirated,True,none,False,False,True,False,False,False,True
1254,he/she is straining it,,FullEventful,cause,,False,nhvhsolvhst,nvhsolvhst,False,False,False,False,False,a,con,True,none,False,False,True,False,False,False,True
1254,he/she is straining it,,FullEventful,cause[perf3],,False,nhvhsolvhst,nvhsolvhst,False,False,False,False,False,a,aspirated,True,none,False,False,True,False,False,False,True
1254,he/she is straining it,,FullEventful,cause[perf3],,False,nhvhsolvhst,nvhsolvhst,False,False,False,False,False,a,con,True,none,False,False,True,False,False,False,True
1254,he/she is straining it,,FullEventful,cause[pres2-perf3],,False,nhvhsolvhstih,nvhsolvhstih,False,False,False,False,False,a,aspirated,True,none,False,False,True,False,False,False,True
1254,he/she is straining it,,FullEventful,cause[pres2-perf3],,False,nhvhsolvhstih,nvhsolvhstih,False,False,False,False,False,a,con,True,none,False,False,True,False,False,False,True
1254,he/she is straining it,,FullEventful,cause[pres2],,False,nhvhsolvhstih,nvhsolvhstih,False,False,False,False,False,a,aspirated,True,none,False,False,True,False,False,False,True
1254,he/she is straining it,,FullEventful,cause[pres2],,False,nhvhsolvhstih,nvhsolvhstih,False,False,False,False,False,a,con,True,none,False,False,True,False,False,False,True
1256,he/she is curing him/her,,FullEventful,i-vka,,False,nhvw,nvw,False,False,False,False,False,a,aspirated,True,none,False,False,True,False,False,True,True
1256,he/she is curing him/her,,FullEventful,i-vka,,False,nhvw,nvw,False,False,False,False,False,a,con,True,none,False,False,True,False,False,True,True
1258,he/she is breathing,,FullEventful,rev-e,,False,awholat,a'wolat,False,False,False,False,False,a,vowel_a,True,none,False,False,True,False,False,False,True
1308,he/she is taking it off,,FullEventful,rev-e,,False,vnht,vnht,False,False,False,True,False,a,vowel_v,False,none,False,False,True,False,True,False,False
1309,he/she is putting it on,,FullEventful,cause,,False,vnht,vnht,False,False,False,True,False,a,vowel_v,False,none,False,False,True,False,True,False,False
1309,he/she is putting it on,,FullEventful,cause[perf3],,False,vnht,vnht,False,False,False,True,False,a,vowel_v,False,none,False,False,True,False,True,False,False
1309,he/she is putting it on,,FullEventful,cause[pres2-perf3],,False,vnhtih,vnhtih,False,False,False,True,False,a,vowel_v,False,none,False,False,True,False,True,False,False
1309,he/she is putting it on,,FullEventful,cause[pres2],,False,vnhtih,vnhtih,False,False,False,True,False,a,vowel_v,False,none,False,False,True,False,True,False,False
1323,he/she has something on (refers to objects),,FullEventful,stative,,True,vnht,,True,False,False,True,False,b,vowel_v,False,none,False,False,False,False,True,False,False
1450,he/she is in prayer,,FullEventful,stative,,True,:tolihst,,True,False,False,False,False,b,vowel_a,False,ata_:,False,False,False,False,False,False,False
1450,he/she is in prayer,,FullEventful,stative,,True,atatolihst,,True,False,False,False,False,b,vowel_a,False,none,False,False,False,False,False,False,False
1450,he/she is in prayer,,FullEventful,stative,,True,atolihst,,True,False,False,False,False,b,vowel_a,False,at,False,False,False,False,False,False,False
1450,he/she is in prayer,,FullEventful,stative,,True,olihst,,True,False,False,False,False,b,vowel_a,False,atat,False,False,False,False,False,False,False
1450,he/she is in prayer,,FullEventful,stative,,True,tolihst,,True,False,False,False,False,b,vowel_a,False,ata,False,False,False,False,False,False,False
1450,he/she is in prayer,,FullEventful,stative[inf2],,True,:tolihst,,True,False,False,False,False,b,vowel_a,False,ata_:,False,False,False,False,False,False,False
1450,he/she is in prayer,,FullEventful,stative[inf2],,True,atatolihst,,True,False,False,False,False,b,vowel_a,False,none,False,False,False,False,False,False,False
1450,he/she is in prayer,,FullEventful,stative[inf2],,True,atolihst,,True,False,False,False,False,b,vowel_a,False,at,False,False,False,False,False,False,False
1450,he/she is in prayer,,FullEventful,stative[inf2],,True,olihst,,True,False,False,False,False,b,vowel_a,False,atat,False,False,False,False,False,False,False
1450,he/she is in prayer,,FullEventful,stative[inf2],,True,tolihst,,True,False,False,False,False,b,vowel_a,False,ata,False,False,False,False,False,False,False
1451,he/she loves,,FullEventful,stative,,True,:keyuh,,True,False,False,False,False,b,vowel_a,False,ata_:,False,False,False,False,False,False,False
1451,he/she loves,,FullEventful,stative,,True,akeyuh,,True,False,False,False,False,b,vowel_a,False,at,False,False,False,False,False,False,False
1451,he/she loves,,FullEventful,stative,,True,atakeyuh,,True,False,False,False,False,b,vowel_a,False,none,False,False,False,False,False,False,False
1451,he/she loves,,FullEventful,stative,,True,keyuh,,True,False,False,False,False,b,vowel_a,False,ata,False,False,False,False,False,False,False
1451,he/she loves,,FullEventful,stative-s,,True,:keyu,,True,False,False,False,False,b,vowel_a,False,ata_:,False,False,False,False,False,False,False
1451,he/she loves,,FullEventful,stative-s,,True,akeyu,,True,False,False,False,False,b,vowel_a,False,at,False,False,False,False,False,False,False
1451,he/she loves,,FullEventful,stative-s,,True,atakeyu,,True,False,False,False,False,b,vowel_a,False,none,False,False,False,False,False,False,False
1451,he/she loves,,FullEventful,stative-s,,True,keyu,,True,False,False,False,False,b,vowel_a,False,ata,False,False,False,False,False,False,False
1459,it’s wrinkled,,FullEventful,stative,,True,:nekoyuh,,True,False,False,False,False,b,vowel_a,False,ata_:,False,False,False,False,False,False,False
1459,it’s wrinkled,,FullEventful,stative,,True,anekoyuh,,True,False,False,False,False,b,vowel_a,False,at,False,False,False,False,False,False,False
1459,it’s wrinkled,,FullEventful,stative,,True,atanekoyuh,,True,False,False,False,False,b,vowel_a,False,none,False,False,False,False,False,False,False
1459,it’s wrinkled,,FullEventful,stative,,True,nekoyuh,,True,False,False,False,False,b,vowel_a,False,ata,False,False,False,False,False,False,False
1459,it’s wrinkled,,FullEventful,stative-s,,True,:nekoyu,,True,False,False,False,False,b,vowel_a,False,ata_:,False,False,False,False,False,False,False
1459,it’s wrinkled,,FullEventful,stative-s,,True,anekoyu,,True,False,False,False,False,b,vowel_a,False,at,False,False,False,False,False,False,False
1459,it’s wrinkled,,FullEventful,stative-s,,True,atanekoyu,,True,False,False,False,False,b,vowel_a,False,none,False,False,False,False,False,False,False
1459,it’s wrinkled,,FullEventful,stative-s,,True,nekoyu,,True,False,False,False,False,b,vowel_a,False,ata,False,False,False,False,False,False,False
1470,it’s in view,,FullEventful,stative,,True,:yvlath,,True,False,False,False,False,b,vowel_a,False,ata_:,False,False,False,False,False,False,False
1470,it’s in view,,FullEventful,stative,,True,atayvlath,,True,False,False,False,False,b,vowel_a,False,none,False,False,False,False,False,False,False
1470,it’s in view,,FullEventful,stative,,True,ayvlath,,True,False,False,False,False,b,vowel_a,False,at,False,False,False,False,False,False,False
1470,it’s in view,,FullEventful,stative,,True,yvlath,,True,False,False,False,False,b,vowel_a,False,ata,False,False,False,False,False,False,False
1470,it’s in view,,FullEventful,stative-h,,True,:yvlat,,True,False,False,False,False,b,vowel_a,False,ata_:,False,False,False,False,False,False,False
1470,it’s in view,,FullEventful,stative-h,,True,atayvlat,,True,False,False,False,False,b,vowel_a,False,none,False,False,False,False,False,False,False
1470,it’s in view,,FullEventful,stative-h,,True,ayvlat,,True,False,False,False,False,b,vowel_a,False,at,False,False,False,False,False,False,False
1470,it’s in view,,FullEventful,stative-h,,True,yvlat,,True,False,False,False,False,b,vowel_a,False,ata,False,False,False,False,False,False,False
1471,he/she is throwing it,,FullEventful,go-in,,False,,,False,False,False,False,False,b,vowel_a,False,at,False,False,False,False,False,False,False
1471,he/she is throwing it,,FullEventful,go-in,,False,,,False,False,False,False,False,b,vowel_a,False,at_pre_c,False,False,False,False,False,False,False
1471,he/she is throwing it,,FullEventful,go-in,,False,at,,False,False,False,False,False,b,vowel_a,False,none,False,False,False,False,False,False,False
1476,he/she is having a birthday,,FullEventful,ih-vh,,False,atethiy,,False,False,False,False,False,b,vowel_a,False,none,False,False,False,False,False,False,False
1476,he/she is having a birthday,,FullEventful,ih-vh,,False,ethiy,,False,False,False,False,False,b,vowel_a,False,at,False,False,False,False,False,False,False
1478,it’s hot,,FullEventful,stative,,True,:lhehk,,True,False,False,False,False,b,vowel_a,False,ati_:,False,False,False,False,False,False,False
1478,it’s hot,,FullEventful,stative,,True,atilhehk,,True,False,False,False,False,b,vowel_a,False,none,False,False,False,False,False,False,False
1478,it’s hot,,FullEventful,stative,,True,ilhehk,,True,False,False,False,False,b,vowel_a,False,at,False,False,False,False,False,False,False
1478,it’s hot,,FullEventful,stative,,True,lhehk,,True,False,False,False,False,b,vowel_a,False,ati,False,False,False,False,False,False,False
1478,it’s hot,,FullEventful,stative,,True,tilhehk,,True,False,False,False,False,b,con,False,none,False,False,False,False,False,False,False
1478,it’s hot,,FullEventful,stative,,True,vlhehk,,True,False,False,False,False,b,vowel_a,False,ati_v,False,False,False,False,False,False,False
1478,it’s hot,,FullEventful,stative-k,,True,:lheh,,True,False,False,False,False,b,vowel_a,False,ati_:,False,False,False,False,False,False,False
1478,it’s hot,,FullEventful,stative-k,,True,atilheh,,True,False,False,False,False,b,vowel_a,False,none,False,False,False,False,False,False,False
1478,it’s hot,,FullEventful,stative-k,,True,ilheh,,True,False,False,False,False,b,vowel_a,False,at,False,False,False,False,False,False,False
1478,it’s hot,,FullEventful,stative-k,,True,lheh,,True,False,False,False,False,b,vowel_a,False,ati,False,False,False,False,False,False,False
1478,it’s hot,,FullEventful,stative-k,,True,tilheh,,True,False,False,False,False,b,con,False,none,False,False,False,False,False,False,False
1478,it’s hot,,FullEventful,stative-k,,True,vlheh,,True,False,False,False,False,b,vowel_a,False,ati_v,False,False,False,False,False,False,False
1480,he/she is in hiding,,FullEventful,stative,,True,:hskalh,,True,False,False,False,False,b,vowel_a,False,ati_:,False,False,False,False,False,False,False
1480,he/she is in hiding,,FullEventful,stative,,True,atihskalh,,True,False,False,False,False,b,vowel_a,False,none,False,False,False,False,False,False,False
1480,he/she is in hiding,,FullEventful,stative,,True,hskalh,,True,False,False,False,False,b,vowel_a,False,ati,False,False,False,False,False,False,False
1480,he/she is in hiding,,FullEventful,stative,,True,ihskalh,,True,False,False,False,False,b,vowel_a,False,at,False,False,False,False,False,False,False
1480,he/she is in hiding,,FullEventful,stative,,True,vhskalh,,True,False,False,False,False,b,vowel_a,False,ati_v,False,False,False,False,False,False,False
1480,he/she is in hiding,,FullEventful,stative-h,,True,:hskal,,True,False,False,False,False,b,vowel_a,False,ati_:,False,False,False,False,False,False,False
1480,he/she is in hiding,,FullEventful,stative-h,,True,atihskal,,True,False,False,False,False,b,vowel_a,False,none,False,False,False,False,False,False,False
1480,he/she is in hiding,,FullEventful,stative-h,,True,hskal,,True,False,False,False,False,b,vowel_a,False,ati,False,False,False,False,False,False,False
1480,he/she is in hiding,,FullEventful,stative-h,,True,ihskal,,True,False,False,False,False,b,vowel_a,False,at,False,False,False,False,False,False,False
1480,he/she is in hiding,,FullEventful,stative-h,,True,vhskal,,True,False,False,False,False,b,vowel_a,False,ati_v,False,False,False,False,False,False,False
1481,he/she is getting well,,FullEventful,sk-s-hi-hihst,,False,:w,,False,False,False,False,False,b,vowel_a,False,ati_:,False,False,False,False,False,False,False
1481,he/she is getting well,,FullEventful,sk-s-hi-hihst,,False,atiw,,False,False,False,False,False,b,vowel_a,False,none,False,False,False,False,False,False,False
1481,he/she is getting well,,FullEventful,sk-s-hi-hihst,,False,iw,,False,False,False,False,False,b,vowel_a,False,at,False,False,False,False,False,False,False
1481,he/she is getting well,,FullEventful,sk-s-hi-hihst,,False,vw,,False,False,False,False,False,b,vowel_a,False,ati_v,False,False,False,False,False,False,False
1481,he/she is getting well,,FullEventful,sk-s-hi-hihst,,False,w,,False,False,False,False,False,b,vowel_a,False,ati,False,False,False,False,False,False,False
1483,there’s an opening,,FullEventful,stative,,True,'tlanvt,,True,False,False,False,False,b,glottal,False,none,False,False,False,False,False,False,False
1483,there’s an opening,,FullEventful,stative,,True,'tlanvt,,True,False,True,False,False,b,glottal,False,none,False,False,False,False,False,False,False
1483,there’s an opening,,FullEventful,stative,,True,'tlanvt,,True,False,False,False,False,b,glottal,False,none,False,False,False,False,False,True,False
1483,there’s an opening,,FullEventful,stative,,True,'tlanvt,,True,False,True,False,False,b,glottal,False,none,False,False,False,False,False,True,False
1483,there’s an opening,,FullEventful,stative,,True,atlanvt,,True,False,False,False,False,b,vowel_a,False,none,False,False,False,False,False,False,False
1483,there’s an opening,,FullEventful,stative,,True,atlanvt,,True,False,True,False,False,b,vowel_a,False,none,False,False,False,False,False,False,False
1483,there’s an opening,,FullEventful,stative,,True,atlanvt,,True,False,False,False,False,b,vowel_a,False,none,False,False,False,False,False,True,False
1483,there’s an opening,,FullEventful,stative,,True,atlanvt,,True,False,True,False,False,b,vowel_a,False,none,False,False,False,False,False,True,False
1483,there’s an opening,,FullEventful,stative,,True,lanvt,,True,False,False,False,False,b,vowel_a,False,at_pre_c,False,False,False,False,False,False,False
1483,there’s an opening,,FullEventful,stative,,True,lanvt,,True,False,True,False,False,b,vowel_a,False,at_pre_c,False,False,False,False,False,False,False
1483,there’s an opening,,FullEventful,stative,,True,lanvt,,True,False,False,False,False,b,vowel_a,False,at_pre_c,False,False,False,False,False,True,False
1483,there’s an opening,,FullEventful,stative,,True,lanvt,,True,False,True,False,False,b,vowel_a,False,at_pre_c,False,False,False,False,False,True,False
1483,there’s an opening,,FullEventful,stative,,True,tlanvt,,True,False,False,False,False,b,con,False,none,False,False,False,False,False,False,False
1483,there’s an opening,,FullEventful,stative,,True,tlanvt,,True,False,True,False,False,b,con,False,none,False,False,False,False,False,False,False
1483,there’s an opening,,FullEventful,stative,,True,tlanvt,,True,False,False,False,False,b,con,False,none,False,False,False,False,False,True,False
1483,there’s an opening,,FullEventful,stative,,True,tlanvt,,True,False,True,False,False,b,con,False,none,False,False,False,False,False,True,False
1484,he/she has time,,FullEventful,apl,,False,atlanvta't,,False,False,False,False,False,b,vowel_a,False,none,False,False,False,False,False,False,False
1484,he/she has time,,FullEventful,apl,,False,lanvta't,,False,False,False,False,False,b,vowel_a,False,at_pre_c,False,False,False,False,False,False,False
1484,he/she has time,,FullEventful,apl[imp2],,False,atlanvta't,,False,False,False,False,False,b,vowel_a,False,none,False,False,False,False,False,False,False
1484,he/she has time,,FullEventful,apl[imp2],,False,lanvta't,,False,False,False,False,False,b,vowel_a,False,at_pre_c,False,False,False,False,False,False,False
1484,he/she has time,,FullEventful,apl[imp3],,False,atlanvta't,,False,False,False,False,False,b,vowel_a,False,none,False,False,False,False,False,False,False
1484,he/she has time,,FullEventful,apl[imp3],,False,lanvta't,,False,False,False,False,False,b,vowel_a,False,at_pre_c,False,False,False,False,False,False,False
1485,he/she is disbelieving,,FullEventful,apl,,False,atlahsithv',,False,False,False,False,False,b,vowel_a,False,none,False,False,False,False,False,False,False
1485,he/she is disbelieving,,FullEventful,apl,,False,lahsithv',,False,False,False,False,False,b,vowel_a,False,at_pre_c,False,False,False,False,False,False,False
1485,he/she is disbelieving,,FullEventful,apl[imp2],,False,atlahsithv',,False,False,False,False,False,b,vowel_a,False,none,False,False,False,False,False,False,False
1485,he/she is disbelieving,,FullEventful,apl[imp2],,False,lahsithv',,False,False,False,False,False,b,vowel_a,False,at_pre_c,False,False,False,False,False,False,False
1487,he/she is taking revenge,,FullEventful,become,,False,atle,,False,False,False,False,False,b,vowel_a,False,none,False,False,False,False,False,False,False
1487,he/she is taking revenge,,FullEventful,become,,False,le,,False,False,False,False,False,b,vowel_a,False,at_pre_c,False,False,False,False,False,False,False
1487,he/she is taking revenge,,FullEventful,become[inf2],,False,atle,,False,False,False,False,False,b,vowel_a,False,none,False,False,False,False,False,False,False
1487,he/she is taking revenge,,FullEventful,become[inf2],,False,le,,False,False,False,False,False,b,vowel_a,False,at_pre_c,False,False,False,False,False,False,False
1487,he/she is taking revenge,,FullEventful,become[inf4],,False,atle,,False,False,False,False,False,b,vowel_a,False,none,False,False,False,False,False,False,False
1487,he/she is taking revenge,,FullEventful,become[inf4],,False,le,,False,False,False,False,False,b,vowel_a,False,at_pre_c,False,False,False,False,False,False,False
1489,he/she is wearing an earring,,FullEventful,stative,,True,atli'at,,True,False,False,False,False,b,vowel_a,False,none,False,False,False,False,False,False,False
1489,he/she is wearing an earring,,FullEventful,stative,,True,li'at,,True,False,False,False,False,b,vowel_a,False,at_pre_c,False,False,False,False,False,False,False
1505,he/she is standing in liquid,,FullEventful,stative,,True,atuh,,True,False,False,False,False,b,vowel_a,False,none,False,False,False,False,False,False,False
1505,he/she is standing in liquid,,FullEventful,stative,,True,uh,,True,False,False,False,False,b,vowel_a,False,at,False,False,False,False,False,False,False
1505,he/she is standing in liquid,,FullEventful,stative-s,,True,atu,,True,False,False,False,False,b,vowel_a,False,none,False,False,False,False,False,False,False
1505,he/she is standing in liquid,,FullEventful,stative-s,,True,u,,True,False,False,False,False,b,vowel_a,False,at,False,False,False,False,False,False,False
1507,he/she wants it,,FullEventful,ih-vh,,False,atul,,False,False,False,False,False,b,vowel_a,False,none,False,False,False,False,False,False,False
1507,he/she wants it,,FullEventful,ih-vh,,False,ul,,False,False,False,False,False,b,vowel_a,False,at,False,False,False,False,False,False,False
1508,he/she is willing,,FullEventful,stative,,True,atvnv'ihst,,True,False,False,False,False,b,vowel_a,False,none,False,False,False,False,False,False,False
1508,he/she is willing,,FullEventful,stative,,True,vnv'ihst,,True,False,False,False,False,b,vowel_a,False,at,False,False,False,False,False,False,False
1514,he/she is becoming warm,,FullEventful,sk-s-hi-hihst,,False,kanawo,,False,False,False,False,False,b,con,False,none,False,False,False,True,False,False,False
1514,he/she is becoming warm,,FullEventful,sk-s-hst,,False,kanawo,,False,False,False,False,False,b,con,False,none,False,False,False,True,False,False,False
1514,he/she is becoming warm,,FullEventful,sk-s-hst[imp2],,False,kanawo,,False,False,False,False,False,b,con,False,none,False,False,False,True,False,False,False
1516,he/she is possessive of him/her,,FullEventful,stative,,True,'keyuh,'keyu',True,False,False,False,False,b,glottal,False,none,False,False,False,False,False,True,False
1516,he/she is possessive of him/her,,FullEventful,stative,,True,keyuh,keyu',True,False,False,False,False,b,con,False,none,False,False,False,False,False,True,False
1516,he/she is possessive of him/her,,FullEventful,stative-s,,True,'keyu,'keyu,True,False,False,False,False,b,glottal,False,none,False,False,False,False,False,True,False
1516,he/she is possessive of him/her,,FullEventful,stative-s,,True,keyu,keyu,True,False,False,False,False,b,con,False,none,False,False,False,False,False,True,False
1523,he/she is late,,FullEventful,become,become-long[o],False,konhiy,,False,False,False,False,False,b,con,False,none,False,False,False,True,False,False,False
1523,he/she is late,,FullEventful,become,,False,konhiyo,,False,False,False,False,False,b,con,False,none,False,False,False,True,False,False,False
1524,it’s decaying,,FullEventful,sk-s-hi-hihst,,False,ko,,False,False,False,False,False,b,con,False,none,False,False,False,True,False,False,False
1524,it’s decaying,,FullEventful,sk-s-hst,,False,ko,,False,False,False,False,False,b,con,False,none,False,False,False,True,False,False,False
1524,it’s decaying,,FullEventful,sk-s-hst[imp2],,False,ko,,False,False,False,False,False,b,con,False,none,False,False,False,True,False,False,False
1530,he/she has an object (refers to a solid object),,FullEventful,stative,,True,h,,True,False,False,False,False,b,con,False,none,False,False,False,True,False,False,False
1530,he/she has an object (refers to a solid object),,FullEventful,stative-h,,True,,,True,False,False,False,False,b,con,False,none,False,False,False,True,False,False,False
1530,he/she has an object (refers to a solid object),,FullEventful,stative-h,,True,',,True,False,False,False,False,b,glottal,False,none,False,False,False,True,False,False,False
1531,he/she is yawning,,FullEventful,apl-active,,False,halhok,,False,False,False,False,False,b,con,False,none,False,False,False,False,False,False,False
1531,he/she is yawning,,FullEventful,apl-active-a,,False,halhok,,False,False,False,False,False,b,con,False,none,False,False,False,False,False,False,False
1534,he/she is having trouble breathing,,FullEventful,cause,,False,hawohst,,False,False,False,False,False,b,con,False,none,False,False,False,True,False,False,False
1534,he/she is having trouble breathing,,FullEventful,cause[perf3],,False,hawohst,,False,False,False,False,False,b,con,False,none,False,False,False,True,False,False,False
1534,he/she is having trouble breathing,,FullEventful,cause[pres2-perf3],,False,hawohstih,,False,False,False,False,False,b,con,False,none,False,False,False,True,False,False,False
1534,he/she is having trouble breathing,,FullEventful,cause[pres2],,False,hawohstih,,False,False,False,False,False,b,con,False,none,False,False,False,True,False,False,False
1535,there is dew,,FullEventful,stative,,True,hihsath,,True,False,False,False,False,b,con,False,none,False,False,False,True,False,False,False
1535,there is dew,,FullEventful,stative-h,,True,hihsat,,True,False,False,False,False,b,con,False,none,False,False,False,True,False,False,False
1536,he/she is lonesome,,FullEventful,apl,,False,hihsohtan,,False,False,False,False,False,b,con,False,none,False,False,False,True,False,False,False
1536,he/she is lonesome,,FullEventful,apl[imp2],,False,hihsohtan,,False,False,False,False,False,b,con,False,none,False,False,False,True,False,False,False
1537,it’s lonesome,,FullEventful,stative,,True,'hihsoht,,True,False,False,False,False,b,glottal,False,none,False,False,False,False,False,False,False
1537,it’s lonesome,,FullEventful,stative,,True,'hihsoht,,True,False,True,False,False,b,glottal,False,none,False,False,False,False,False,False,False
1537,it’s lonesome,,FullEventful,stative,,True,'hihsoht,,True,False,False,False,False,b,glottal,False,none,False,False,False,False,False,True,False
1537,it’s lonesome,,FullEventful,stative,,True,'hihsoht,,True,False,True,False,False,b,glottal,False,none,False,False,False,False,False,True,False
1537,it’s lonesome,,FullEventful,stative,,True,ahihsoht,,True,False,False,False,False,b,vowel_a,False,none,False,False,False,False,False,False,False
1537,it’s lonesome,,FullEventful,stative,,True,ahihsoht,,True,False,True,False,False,b,vowel_a,False,none,False,False,False,False,False,False,False
1537,it’s lonesome,,FullEventful,stative,,True,ahihsoht,,True,False,False,False,False,b,vowel_a,False,none,False,False,False,False,False,True,False
1537,it’s lonesome,,FullEventful,stative,,True,ahihsoht,,True,False,True,False,False,b,vowel_a,False,none,False,False,False,False,False,True,False
1537,it’s lonesome,,FullEventful,stative,,True,hihsoht,,True,False,False,False,False,b,con,False,none,False,False,False,False,False,False,False
1537,it’s lonesome,,FullEventful,stative,,True,hihsoht,,True,False,True,False,False,b,con,False,none,False,False,False,False,False,False,False
1537,it’s lonesome,,FullEventful,stative,,True,hihsoht,,True,False,False,False,False,b,con,False,none,False,False,False,False,False,True,False
1537,it’s lonesome,,FullEventful,stative,,True,hihsoht,,True,False,True,False,False,b,con,False,none,False,False,False,False,False,True,False
1544,he/she is becoming angry,,FullEventful,become,,False,nhalv,,False,False,False,False,False,b,con,True,none,False,False,False,True,False,False,True
1544,he/she is becoming angry,,FullEventful,become[inf2],,False,nhalv,,False,False,False,False,False,b,con,True,none,False,False,False,True,False,False,True
1544,he/she is becoming angry,,FullEventful,become[inf4],,False,nhalv,,False,False,False,False,False,b,con,True,none,False,False,False,True,False,False,True
1545,he/she is angry,,FullEventful,stative,,True,nhalvh,,True,False,False,False,False,b,con,True,none,False,False,False,True,False,False,True
1545,he/she is angry,,FullEventful,stative-s,,True,nhalv,,True,False,False,False,False,b,con,True,none,False,False,False,True,False,False,True
1548,he/she is stubbing his/her toe,,FullEventful,o,,False,nhahskwal,,False,False,False,False,False,b,con,True,none,False,False,False,True,False,False,True
1551,he/she has a chill,,FullEventful,cause,,False,nhawahst,,False,False,False,False,False,b,con,True,none,False,False,False,True,False,False,True
1551,he/she has a chill,,FullEventful,cause[perf3],,False,nhawahst,,False,False,False,False,False,b,con,True,none,False,False,False,True,False,False,True
1551,he/she has a chill,,FullEventful,cause[pres2-perf3],,False,nhawahstih,,False,False,False,False,False,b,con,True,none,False,False,False,True,False,False,True
1551,he/she has a chill,,FullEventful,cause[pres2],,False,nhawahstih,,False,False,False,False,False,b,con,True,none,False,False,False,True,False,False,True
1554,he/she is in bed,,FullEventful,stative,,True,anhih,,True,False,False,False,False,b,vowel_a,False,none,False,False,False,False,False,False,False
1554,he/she is in bed,,FullEventful,stative-h,,True,anhi,,True,False,False,False,False,b,vowel_a,False,none,False,False,False,False,False,False,False
1557,he/she is wearing a shirt,,FullEventful,stative,,True,anhuw,,True,False,False,False,False,b,vowel_a,False,none,False,False,False,False,False,False,False
1561,he/she is buying it,,FullEventful,sk-s-hi-hihst,,False,wha,,False,False,False,False,False,b,con,True,none,False,False,False,True,False,False,True
1561,he/she is buying it,,FullEventful,sk-s-hst,,False,wha,,False,False,False,False,False,b,con,True,none,False,False,False,True,False,False,True
1561,he/she is buying it,,FullEventful,sk-s-hst[imp2],,False,wha,,False,False,False,False,False,b,con,True,none,False,False,False,True,False,False,True
1563,he/she is looking for it,,FullEventful,oh-al,,False,y,,False,False,False,False,False,b,con,False,none,False,False,False,True,False,False,False
1569,it is cold (refers to weather),,FullEventful,stative,,True,'yhvtl,,True,False,False,False,False,b,glottal,False,none,False,False,False,False,False,False,False
1569,it is cold (refers to weather),,FullEventful,stative,,True,'yhvtl,,True,False,True,False,False,b,glottal,False,none,False,False,False,False,False,False,False
1569,it is cold (refers to weather),,FullEventful,stative,,True,'yhvtl,,True,False,False,False,False,b,glottal,False,none,False,False,False,False,False,True,False
1569,it is cold (refers to weather),,FullEventful,stative,,True,'yhvtl,,True,False,True,False,False,b,glottal,False,none,False,False,False,False,False,True,False
1569,it is cold (refers to weather),,FullEventful,stative,,True,ayhvtl,,True,False,False,False,False,b,vowel_a,False,none,False,False,False,False,False,False,False
1569,it is cold (refers to weather),,FullEventful,stative,,True,ayhvtl,,True,False,True,False,False,b,vowel_a,False,none,False,False,False,False,False,False,False
1569,it is cold (refers to weather),,FullEventful,stative,,True,ayhvtl,,True,False,False,False,False,b,vowel_a,False,none,False,False,False,False,False,True,False
1569,it is cold (refers to weather),,FullEventful,stative,,True,ayhvtl,,True,False,True,False,False,b,vowel_a,False,none,False,False,False,False,False,True,False
1569,it is cold (refers to weather),,FullEventful,stative,,True,yhvtl,,True,False,False,False,False,b,aspirated,False,none,False,False,False,False,False,False,False
1569,it is cold (refers to weather),,FullEventful,stative,,True,yhvtl,,True,False,True,False,False,b,aspirated,False,none,False,False,False,False,False,False,False
1569,it is cold (refers to weather),,FullEventful,stative,,True,yhvtl,,True,False,False,False,False,b,aspirated,False,none,False,False,False,False,False,True,False
1569,it is cold (refers to weather),,FullEventful,stative,,True,yhvtl,,True,False,True,False,False,b,aspirated,False,none,False,False,False,False,False,True,False
1569,it is cold (refers to weather),,FullEventful,stative,,True,yhvtl,,True,False,False,False,False,b,con,False,none,False,False,False,False,False,False,False
1569,it is cold (refers to weather),,FullEventful,stative,,True,yhvtl,,True,False,True,False,False,b,con,False,none,False,False,False,False,False,False,False
1569,it is cold (refers to weather),,FullEventful,stative,,True,yhvtl,,True,False,False,False,False,b,con,False,none,False,False,False,False,False,True,False
1569,it is cold (refers to weather),,FullEventful,stative,,True,yhvtl,,True,False,True,False,False,b,con,False,none,False,False,False,False,False,True,False
1572,he/she is getting drunk,,FullEventful,e-aka,,False,yhvhst,,False,False,False,False,False,b,con,True,none,False,False,False,True,False,False,True
1576,he/she is inside it,,FullEventful,stative,,True,atsa',,True,False,False,False,False,b,vowel_a,False,none,False,False,False,False,False,False,False
1576,he/she is inside it,,FullEventful,stative-a',,True,ats,,True,False,False,False,False,b,vowel_a,False,none,False,False,False,False,False,False,False
1592,it’s sticking out,,FullEventful,stative,,True,akhsath,,True,False,False,False,False,b,vowel_a,False,none,False,False,False,False,False,False,False
1592,it’s sticking out,,FullEventful,stative-h,,True,akhsat,,True,False,False,False,False,b,vowel_a,False,none,False,False,False,False,False,False,False
1593,he/she is watching him/her,,FullEventful,stative,,True,akhsehst,akahsehst,True,False,False,False,False,b,vowel_a,False,none,False,False,False,False,False,True,False
1593,he/she is watching him/her,,FullEventful,stative[inf2],,True,akhsehst,akahsehst,True,False,False,False,False,b,vowel_a,False,none,False,False,False,False,False,True,False
1597,it’s foggy,,FullEventful,stative,,True,khvhat,,True,False,False,False,False,b,con,False,none,False,False,False,True,False,False,False
1599,he/she is not having luck at hunting,,FullEventful,go,,False,kwhol,,False,False,False,False,False,b,con,False,none,False,False,False,True,False,False,False
1599,he/she is not having luck at hunting,,FullEventful,go[pres2],,False,kwholek,,False,False,False,False,False,b,con,False,none,False,False,False,True,False,False,False
1602,he/she is losing his/her way,,FullEventful,hih-lh,,False,alena,,False,False,False,False,False,b,vowel_a,False,none,False,False,False,False,False,False,False
1604,he/she is making a mistake,,FullEventful,cause,,False,litahst,,False,False,False,False,False,b,con,False,none,False,False,False,True,False,False,False
1604,he/she is making a mistake,,FullEventful,cause[perf3],,False,litahst,,False,False,False,False,False,b,con,False,none,False,False,False,True,False,False,False
1604,he/she is making a mistake,,FullEventful,cause[pres2-perf3],,False,litahstih,,False,False,False,False,False,b,con,False,none,False,False,False,True,False,False,False
1604,he/she is making a mistake,,FullEventful,cause[pres2],,False,litahstih,,False,False,False,False,False,b,con,False,none,False,False,False,True,False,False,False
1612,he/she is whining,,FullEventful,cause,,False,liyet,,False,False,False,False,False,b,con,False,none,False,False,False,True,False,False,False
1612,he/she is whining,,FullEventful,cause[perf3],,False,liyet,,False,False,False,False,False,b,con,False,none,False,False,False,True,False,False,False
1612,he/she is whining,,FullEventful,cause[pres2-perf3],,False,liyetih,,False,False,False,False,False,b,con,False,none,False,False,False,True,False,False,False
1612,he/she is whining,,FullEventful,cause[pres2],,False,liyetih,,False,False,False,False,False,b,con,False,none,False,False,False,True,False,False,False
1613,he/she is wearing a ring,,FullEventful,stative,,True,aliyehsuhsthk,,True,False,False,False,False,b,vowel_a,False,none,False,False,False,False,False,False,False
1613,he/she is wearing a ring,,FullEventful,stative,,True,yehsuhsthk,,True,False,False,False,False,b,vowel_a,False,ali,False,False,False,False,False,False,False
1613,he/she is wearing a ring,,FullEventful,stative-k,,True,aliyehsuhsth,,True,False,False,False,False,b,vowel_a,False,none,False,False,False,False,False,False,False
1613,he/she is wearing a ring,,FullEventful,stative-k,,True,yehsuhsth,,True,False,False,False,False,b,vowel_a,False,ali,False,False,False,False,False,False,False
1614,it’s cloudy,,FullEventful,stative,,True,'lokil,,True,False,False,False,False,b,glottal,False,none,False,False,False,False,False,False,False
1614,it’s cloudy,,FullEventful,stative,,True,'lokil,,True,False,True,False,False,b,glottal,False,none,False,False,False,False,False,False,False
1614,it’s cloudy,,FullEventful,stative,,True,'lokil,,True,False,False,False,False,b,glottal,False,none,False,False,False,False,False,True,False
1614,it’s cloudy,,FullEventful,stative,,True,'lokil,,True,False,True,False,False,b,glottal,False,none,False,False,False,False,False,True,False
1614,it’s cloudy,,FullEventful,stative,,True,alokil,,True,False,False,False,False,b,vowel_a,False,none,False,False,False,False,False,False,False
1614,it’s cloudy,,FullEventful,stative,,True,alokil,,True,False,True,False,False,b,vowel_a,False,none,False,False,False,False,False,False,False
1614,it’s cloudy,,FullEventful,stative,,True,alokil,,True,False,False,False,False,b,vowel_a,False,none,False,False,False,False,False,True,False
1614,it’s cloudy,,FullEventful,stative,,True,alokil,,True,False,True,False,False,b,vowel_a,False,none,False,False,False,False,False,True,False
1614,it’s cloudy,,FullEventful,stative,,True,lokil,,True,False,False,False,False,b,con,False,none,False,False,False,False,False,False,False
1614,it’s cloudy,,FullEventful,stative,,True,lokil,,True,False,True,False,False,b,con,False,none,False,False,False,False,False,False,False
1614,it’s cloudy,,FullEventful,stative,,True,lokil,,True,False,False,False,False,b,con,False,none,False,False,False,False,False,True,False
1614,it’s cloudy,,FullEventful,stative,,True,lokil,,True,False,True,False,False,b,con,False,none,False,False,False,False,False,True,False
1616,it’s happening to him,,FullEventful,apl,,False,alhstanh,,False,False,False,False,False,b,vowel_a,False,none,False,False,False,False,False,False,False
1616,it’s happening to him,,FullEventful,apl,,False,hstanh,,False,False,False,False,False,b,vowel_a,False,al_ali,False,False,False,False,False,False,False
1616,it’s happening to him,,FullEventful,apl[imp2],,False,alhstanh,,False,False,False,False,False,b,vowel_a,False,none,False,False,False,False,False,False,False
1616,it’s happening to him,,FullEventful,apl[imp2],,False,hstanh,,False,False,False,False,False,b,vowel_a,False,al_ali,False,False,False,False,False,False,False
1618,he/she is wearing a cap,,FullEventful,stative,,True,alhstul,,True,False,False,False,False,b,vowel_a,False,none,False,False,False,False,False,False,False
1618,he/she is wearing a cap,,FullEventful,stative,,True,hstul,,True,False,False,False,False,b,vowel_a,False,al_ali,False,False,False,False,False,False,False
1621,he/she is sticking his/her head out,,FullEventful,stative,,True,alhskwalut,,True,False,False,False,False,b,vowel_a,False,none,False,False,False,False,False,False,False
1621,he/she is sticking his/her head out,,FullEventful,stative,,True,hskwalut,,True,False,False,False,False,b,vowel_a,False,al_ali,False,False,False,False,False,False,False
1622,he/she is wearing a hat,,FullEventful,stative,,True,alhskwethuhk,,True,False,False,False,False,b,vowel_a,False,none,False,False,False,False,False,False,False
1622,he/she is wearing a hat,,FullEventful,stative,,True,hskwethuhk,,True,False,False,False,False,b,vowel_a,False,al_ali,False,False,False,False,False,False,False
1622,he/she is wearing a hat,,FullEventful,stative-k,,True,alhskwethuh,,True,False,False,False,False,b,vowel_a,False,none,False,False,False,False,False,False,False
1622,he/she is wearing a hat,,FullEventful,stative-k,,True,hskwethuh,,True,False,False,False,False,b,vowel_a,False,al_ali,False,False,False,False,False,False,False
1623,it’s dark,,FullEventful,stative,,True,alhsihk,,True,False,False,False,False,b,vowel_a,False,none,False,False,False,False,False,False,False
1623,it’s dark,,FullEventful,stative,,True,hsihk,,True,False,False,False,False,b,vowel_a,False,al_ali,False,False,False,False,False,False,False
1623,it’s dark,,FullEventful,stative,,True,lhsihk,,True,False,False,False,False,b,con,False,none,False,False,False,False,False,False,False
1623,it’s dark,,FullEventful,stative-k,,True,alhsih,,True,False,False,False,False,b,vowel_a,False,none,False,False,False,False,False,False,False
1623,it’s dark,,FullEventful,stative-k,,True,hsih,,True,False,False,False,False,b,vowel_a,False,al_ali,False,False,False,False,False,False,False
1623,it’s dark,,FullEventful,stative-k,,True,lhsih,,True,False,False,False,False,b,con,False,none,False,False,False,False,False,False,False
1629,he/she has an object (refers to a flexible object),,FullEventful,stative,,True,na',,True,False,False,False,False,b,con,False,none,False,False,False,True,False,False,False
1629,he/she has an object (refers to a flexible object),,FullEventful,stative-a',,True,n,,True,False,False,False,False,b,con,False,none,False,False,False,True,False,False,False
1639,he/she is being mean,,FullEventful,stative,,True,nekuts,,True,False,False,False,False,b,con,False,none,False,False,False,True,False,False,False
1642,he/she has a liquid,,FullEventful,stative,,True,neh,,True,False,False,False,False,b,con,False,none,False,False,False,True,False,False,False
1642,he/she has a liquid,,FullEventful,stative-eh,,True,n,,True,False,False,False,False,b,con,False,none,False,False,False,True,False,False,False
1642,he/she has a liquid,,FullEventful,stative-h,,True,ne,,True,False,False,False,False,b,con,False,none,False,False,False,True,False,False,False
1646,he/she knows it,,FullEventful,stative,,True,anhth,,True,False,False,False,False,b,vowel_a,False,none,False,False,False,False,False,False,False
1646,he/she knows it,,FullEventful,stative-h,,True,anht,,True,False,False,False,False,b,vowel_a,False,none,False,False,False,False,False,False,False
1677,he/she is wearing pants,,FullEventful,stative,,True,ahsul,,True,False,False,False,False,b,vowel_a,False,none,False,False,False,False,False,False,False
1683,he/she is thirsty,,FullEventful,i-vka,,False,thatek,,False,False,False,False,False,b,aspirated,False,none,False,False,False,False,False,False,False
1684,he/she is becoming enraged,,FullEventful,sk-s-hi-hihst,,False,thalhawo,,False,False,False,False,False,b,aspirated,False,none,False,False,False,False,False,False,False
1684,he/she is becoming enraged,,FullEventful,sk-s-hst,,False,thalhawo,,False,False,False,False,False,b,aspirated,False,none,False,False,False,False,False,False,False
1684,he/she is becoming enraged,,FullEventful,sk-s-hst[imp2],,False,thalhawo,,False,False,False,False,False,b,aspirated,False,none,False,False,False,False,False,False,False
1693,he/she is listening to him/her,,FullEventful,stative,,True,athvtahst,athvtahst,True,False,False,False,False,b,vowel_a,False,none,False,False,False,False,False,True,False
1693,he/she is listening to him/her,,FullEventful,stative,,True,hvtahst,hvtahst,True,False,False,False,False,b,vowel_a,False,at_pre_c,False,False,False,False,False,True,False
1693,he/she is listening to him/her,,FullEventful,stative[inf2],,True,athvtahst,athvtahst,True,False,False,False,False,b,vowel_a,False,none,False,False,False,False,False,True,False
1693,he/she is listening to him/her,,FullEventful,stative[inf2],,True,hvtahst,hvtahst,True,False,False,False,False,b,vowel_a,False,at_pre_c,False,False,False,False,False,True,False
1698,he/she is forgetting it,,FullEventful,sk-s-a,,False,vkhew,,False,False,True,False,False,b,vowel_v,False,none,False,False,False,False,True,False,False
1699,he/she is belching,,FullEventful,become,,False,:khule,,False,False,False,False,False,b,long,False,none,False,False,False,True,False,False,False
1699,he/she is belching,,FullEventful,become[inf2],,False,:khule,,False,False,False,False,False,b,long,False,none,False,False,False,True,False,False,False
1699,he/she is belching,,FullEventful,become[inf4],,False,:khule,,False,False,False,False,False,b,long,False,none,False,False,False,True,False,False,False
1700,he/she is shivering,,FullEventful,i-a-i,,False,:naw,,False,False,False,False,False,b,long,False,none,False,False,False,True,False,False,False
1708,he/she smells it,,FullEventful,become,,False,:whsv,,False,False,False,False,False,b,long,False,none,False,False,False,True,False,False,False
1709,he/she has an object (refers to a long object),,FullEventful,stative,,True,vy,,True,False,False,False,False,b,vowel_v,False,none,False,False,False,False,True,False,False
1710,he/she is aching,,FullEventful,apl,,False,ehihstan,,False,False,False,False,False,b,vowel_e,False,none,False,False,False,False,False,False,False
1710,he/she is aching,,FullEventful,apl[imp2],,False,ehihstan,,False,False,False,False,False,b,vowel_e,False,none,False,False,False,False,False,False,False
1729,he/she is confident,,FullEventful,stative,,True,ohiyuh,,True,False,False,False,False,b,vowel_o,False,none,False,False,False,False,False,False,False
1729,he/she is confident,,FullEventful,stative-s,,True,ohiyu,,True,False,False,False,False,b,vowel_o,False,none,False,False,False,False,False,False,False
1730,he/she is sitting,,FullEventful,stative,,True,olh,,True,False,False,False,False,b,vowel_o,False,none,False,False,False,False,False,False,False
1730,he/she is sitting,,FullEventful,stative-h,,True,ol,,True,False,False,False,False,b,vowel_o,False,none,False,False,False,False,False,False,False
1741,he/she is losing it,,FullEventful,apl,,False,yohuhs,,False,False,False,False,False,b,con,False,none,False,False,False,True,False,False,False
1741,he/she is losing it,,FullEventful,apl[imp2],,False,yohuhs,,False,False,False,False,False,b,con,False,none,False,False,False,True,False,False,False
1754,he/she is sending on object (refers to a long object),,FullEventful,i-a-i,long[no-a],False,,,False,True,False,False,False,a,con,False,none,False,False,False,False,False,False,False
1754,he/she is sending on object (refers to a long object),,FullEventful,i-a-i,long[no-a],False,,,False,True,False,False,False,a,con,False,none,False,False,False,False,False,True,False
1754,he/she is sending on object (refers to a long object),,FullEventful,i-a-i,,False,t,t,False,True,False,False,False,a,con,False,none,False,False,False,False,False,False,False
1754,he/she is sending on object (refers to a long object),,FullEventful,i-a-i,,False,t,t,False,True,False,False,False,a,con,False,none,False,False,False,False,False,True,False
1761,he/she is sending it,,FullEventful,hvsk-nh,,False,,,False,True,False,False,False,a,aspirated,False,none,False,False,False,False,False,False,False
1761,he/she is sending it,,FullEventful,hvsk-nh,,False,,,False,True,False,False,False,a,aspirated,False,none,False,False,False,False,False,True,False
1761,he/she is sending it,,FullEventful,hvsk-nh,,False,,,False,True,False,False,False,a,con,False,none,False,False,False,False,False,False,False
1761,he/she is sending it,,FullEventful,hvsk-nh,,False,,,False,True,False,False,False,a,con,False,none,False,False,False,False,False,True,False
1761,he/she is sending it,,FullEventful,hvsk-nh,,False,,,False,True,False,False,False,a,glottal,False,none,False,False,False,False,False,False,False
1761,he/she is sending it,,FullEventful,hvsk-nh,,False,,,False,True,False,False,False,a,s_stem,False,none,False,False,False,False,False,False,False
1761,he/she is sending it,,FullEventful,hvsk-nh,,False,,,False,True,False,False,False,a,s_stem,False,none,False,False,False,False,False,True,False
1761,he/she is sending it,,FullEventful,hvsk-nh[inf2],,False,,,False,True,False,False,False,a,aspirated,False,none,False,False,False,False,False,False,False
1761,he/she is sending it,,FullEventful,hvsk-nh[inf2],,False,,,False,True,False,False,False,a,aspirated,False,none,False,False,False,False,False,True,False
1761,he/she is sending it,,FullEventful,hvsk-nh[inf2],,False,,,False,True,False,False,False,a,con,False,none,False,False,False,False,False,False,False
1761,he/she is sending it,,FullEventful,hvsk-nh[inf2],,False,,,False,True,False,False,False,a,con,False,none,False,False,False,False,False,True,False
1761,he/she is sending it,,FullEventful,hvsk-nh[inf2],,False,,,False,True,False,False,False,a,glottal,False,none,False,False,False,False,False,False,False
1761,he/she is sending it,,FullEventful,hvsk-nh[inf2],,False,,,False,True,False,False,False,a,s_stem,False,none,False,False,False,False,False,False,False
1761,he/she is sending it,,FullEventful,hvsk-nh[inf2],,False,,,False,True,False,False,False,a,s_stem,False,none,False,False,False,False,False,True,False
1765,he/she is heading in the direction of,,FullEventful,stative,,True,:khth,:kath,True,True,False,False,False,a,long,False,none,False,False,False,False,False,False,False
1765,he/she is heading in the direction of,,FullEventful,stative,,True,khth,kath,True,True,False,False,False,a,aspirated,False,none,False,False,False,False,False,False,False
1765,he/she is heading in the direction of,,FullEventful,stative,,True,khth,kath,True,True,False,False,False,a,con,False,none,False,False,False,False,False,False,False
1765,he/she is heading in the direction of,,FullEventful,stative-h,,True,:kht,:kat,True,True,False,False,False,a,long,False,none,False,False,False,False,False,False,False
1765,he/she is heading in the direction of,,FullEventful,stative-h,,True,kht,kat,True,True,False,False,False,a,aspirated,False,none,False,False,False,False,False,False,False
1765,he/she is heading in the direction of,,FullEventful,stative-h,,True,kht,kat,True,True,False,False,False,a,con,False,none,False,False,False,False,False,False,False
1774,he/she is sending it,,FullEventful,hvsk-n,,False,:kha,:kha,False,True,False,False,False,a,long,False,none,False,False,True,False,False,True,False
1775,he/she is sending it (refers to something liquid),,FullEventful,hvsk-nh,,False,ne,ne,False,True,False,False,False,a,con,False,none,False,False,True,False,False,False,False
1775,he/she is sending it (refers to something liquid),,FullEventful,hvsk-nh,,False,ne,ne,False,True,False,False,False,a,con,False,none,False,False,True,False,False,True,False
1775,he/she is sending it (refers to something liquid),,FullEventful,hvsk-nh[inf2],,False,ne,ne,False,True,False,False,False,a,con,False,none,False,False,True,False,False,False,False
1775,he/she is sending it (refers to something liquid),,FullEventful,hvsk-nh[inf2],,False,ne,ne,False,True,False,False,False,a,con,False,none,False,False,True,False,False,True,False
1776,he/she is sending it (refers to a flexible object),,FullEventful,vsk,,False,nv',nv',False,True,False,False,False,a,con,False,none,False,False,True,False,False,False,False
1776,he/she is sending it (refers to a flexible object),,FullEventful,vsk,,False,nv',nv',False,True,False,False,False,a,con,False,none,False,False,True,False,False,True,False
1776,he/she is sending it (refers to a flexible object),,FullEventful,vsk-long,,False,n,n,False,True,False,False,False,a,con,False,none,False,False,True,False,False,False,False
1776,he/she is sending it (refers to a flexible object),,FullEventful,vsk-long,,False,n,n,False,True,False,False,False,a,con,False,none,False,False,True,False,False,True,False
1776,he/she is sending it (refers to a flexible object),,FullEventful,vsk-long[imp2],,False,n,n,False,True,False,False,False,a,con,False,none,False,False,True,False,False,False,False
1776,he/she is sending it (refers to a flexible object),,FullEventful,vsk-long[imp2],,False,n,n,False,True,False,False,False,a,con,False,none,False,False,True,False,False,True,False
1776,he/she is sending it (refers to a flexible object),,FullEventful,vsk-post-v,,False,nv,nv,False,True,False,False,False,a,con,False,none,False,False,True,False,False,False,False
1776,he/she is sending it (refers to a flexible object),,FullEventful,vsk-post-v,,False,nv,nv,False,True,False,False,False,a,con,False,none,False,False,True,False,False,True,False
1776,he/she is sending it (refers to a flexible object),,FullEventful,vsk[imp2],,False,nv',nv',False,True,False,False,False,a,con,False,none,False,False,True,False,False,False,False
1776,he/she is sending it (refers to a flexible object),,FullEventful,vsk[imp2],,False,nv',nv',False,True,False,False,False,a,con,False,none,False,False,True,False,False,True,False
1778,he/she is going out of sight,,FullEventful,become,become-long[i],False,atel,,False,True,False,False,False,b,vowel_a,False,none,False,False,False,False,False,False,False
1778,he/she is going out of sight,,FullEventful,become,,False,ateli,,False,True,False,False,False,b,vowel_a,False,none,False,False,False,False,False,False,False
1778,he/she is going out of sight,,FullEventful,become,become-long[i],False,el,,False,True,False,False,False,b,vowel_a,False,at,False,False,False,False,False,False,False
1778,he/she is going out of sight,,FullEventful,become,,False,eli,,False,True,False,False,False,b,vowel_a,False,at,False,False,False,False,False,False,False
1778,he/she is going out of sight,,FullEventful,become[inf4],become-long[i],False,atel,,False,True,False,False,False,b,vowel_a,False,none,False,False,False,False,False,False,False
1778,he/she is going out of sight,,FullEventful,become[inf4],,False,ateli,,False,True,False,False,False,b,vowel_a,False,none,False,False,False,False,False,False,False
1778,he/she is going out of sight,,FullEventful,become[inf4],become-long[i],False,el,,False,True,False,False,False,b,vowel_a,False,at,False,False,False,False,False,False,False
1778,he/she is going out of sight,,FullEventful,become[inf4],,False,eli,,False,True,False,False,False,b,vowel_a,False,at,False,False,False,False,False,False,False
