corpus_id,entry_no,definition,prediction,class,post_root_morpheme,stative,present,present_1sg,imperfective,perfective,imperative,infinitive
4,8,it’s bouncing,FullEventful,go-in,,False,atat,katat,atat,utat,hatat,utat
5,9,he/she is limping,FullEventful,go-in[perf2],,False,atat,katat,atat,utat,hatat,utat
6,10,he/she is bouncing it,FullEventful,cause,,False,atatinvt,katatinvt,atatinvt,utatinvt,hatatinvt,utatinvt
6,10,he/she is bouncing it,FullEventful,cause[perf3],,False,atatinvt,katatinvt,atatinvt,utatinvth,hatatinvt,utatinvt
6,10,he/she is bouncing it,FullEventful,cause[pres2],,False,atatinvtih,katatinvtih,atatinvt,utatinvt,hatatinvt,utatinvt
6,10,he/she is bouncing it,FullEventful,cause[pres2-perf3],,False,atatinvtih,katatinvtih,atatinvt,utatinvth,hatatinvt,utatinvt
7,11,he/she is putting on a belt,FullEventful,hih-lh,,False,atatlo,katatlo,atatlo,utatlo,hatatlo,utatlo
10,14,he/she is praying,FullEventful,cause,,False,atatolihst,katatolihst,atatolihst,utatolihst,hatatolihst,utatolihst
10,14,he/she is praying,FullEventful,cause[perf3],,False,atatolihst,katatolihst,atatolihst,utatolihsth,hatatolihst,utatolihst
10,14,he/she is praying,FullEventful,cause[pres2],,False,atatolihstih,katatolihstih,atatolihst,utatolihst,hatatolihst,utatolihst
10,14,he/she is praying,FullEventful,cause[pres2-perf3],,False,atatolihstih,katatolihstih,atatolihst,utatolihsth,hatatolihst,utatolihst
16,20,he/she is fanning himself/herself,FullEventful,apl-active,,False,atanhoy,katanoy,atanhoy,utanhoy,hatanhoy,utanhoy
16,20,he/she is fanning himself/herself,FullEventful,apl-active-a,,False,atanhoy,katanoy,atanhoy,utanhoy,hatanhoyvl,utanhoye
18,22,he/she is visiting,FullEventful,be-at,,False,atawhahthvhit,katawahthvhit,atawhahthvhit,utawhahthvhit,hatawhahthvhit,utawhahthvhit
19,23,he/she is stretching,FullEventful,cause,,False,atayhahst,katayahst,atayhahst,utayhahst,hatayhahst,utayhahst
19,23,he/she is stretching,FullEventful,cause[perf3],,False,atayhahst,katayahst,atayhahst,utayhahsth,hatayhahst,utayhahst
19,23,he/she is stretching,FullEventful,cause[pres2],,False,atayhahstih,katayahstih,atayhahst,utayhahst,hatayhahst,utayhahst
19,23,he/she is stretching,FullEventful,cause[pres2-perf3],,False,atayhahstih,katayahstih,atayhahst,utayhahsth,hatayhahst,utayhahst
21,25,he/she is denying him/her,FullEventful,hih-hil[imp2],,False,atay,tsiyatay,atay,utay,hiyatay,utay
22,26,he/she is committing adultery,FullEventful,apl[imp4],,False,atayhon,katayon,atayhon,utayhon,hatayhon,utayhon
25,29,it’s ripping,FullEventful,ih-vh,,False,atatsakal,katatsakal,atatsakal,utatsakal,hatatsakal,utatsakal
27,31,he/she is looking at himself/herself in a mirror,FullEventful,apl-active,,False,atakh,katakh,atakh,utakh,hatakh,utakh
27,31,he/she is looking at himself/herself in a mirror,FullEventful,apl-active-a,,False,atakh,katakh,atakh,utakh,hatakhvl,utakhe
29,33,it’s beginning,FullEventful,ih-vh,,False,atalen,,atalen,utalen,,utalen
29,33,it’s beginning,FullEventful,stative,,True,atalenih,,atalenihsk,utalenvh,,utalen
30,34,he/she is shopping,FullEventful,sk-h,,False,atananehsvhv,katananehsvhv,atananehsvhv,utananehsvn,hatananehsvhvk,utananehsvhv
30,34,he/she is shopping,FullEventful,sk-h[imp2],,False,atananehsvhv,katananehsvhv,atananehsvhv,utananehsvn,hatananehsvhvka,utananehsvhv
30,34,he/she is shopping,FullEventful,hvsk-nh[inf3],,False,atananehsv,katananehsv,atananehsv,utananehsv,hatananehsv,utananehsv
30,34,he/she is shopping,FullEventful,episodic[inf2],,False,atananehs,katananehs,atananehs,utananehs,hatananehs,utananehs
32,36,he/she is taking off running,FullEventful,cause,,False,atanawhst,katanawhst,atanawhst,utanawhst,hatanawhst,utanawhst
32,36,he/she is taking off running,FullEventful,cause[perf3],,False,atanawhst,katanawhst,atanawhst,utanawhsth,hatanawhst,utanawhst
32,36,he/she is taking off running,FullEventful,cause[pres2],,False,atanawhstih,katanawhstih,atanawhst,utanawhst,hatanawhst,utanawhst
32,36,he/she is taking off running,FullEventful,cause[pres2-perf3],,False,atanawhstih,katanawhstih,atanawhst,utanawhsth,hatanawhst,utanawhst
33,37,he/she is changing,FullEventful,v-vhs,,False,atanetliy,katanetliy,atanetliy,utanetliy,hatanetliy,utanetliy
34,38,he/she is taking turns with him/her,FullEventful,cause,,False,atanetliyvhst,katanetliyvhst,atanetliyvhst,utanetliyvhst,hatanetliyvhst,utanetliyvhst
34,38,he/she is taking turns with him/her,FullEventful,cause[perf3],,False,atanetliyvhst,katanetliyvhst,atanetliyvhst,utanetliyvhsth,hatanetliyvhst,utanetliyvhst
34,38,he/she is taking turns with him/her,FullEventful,cause[pres2],,False,atanetliyvhstih,katanetliyvhstih,atanetliyvhst,utanetliyvhst,hatanetliyvhst,utanetliyvhst
34,38,he/she is taking turns with him/her,FullEventful,cause[pres2-perf3],,False,atanetliyvhstih,katanetliyvhstih,atanetliyvhst,utanetliyvhsth,hatanetliyvhst,utanetliyvhst
39,43,he/she is thinking,FullEventful,apl-active-h,,False,atanht,katanvt,atanht,utanht,hatanht,utanht
41,45,he/she is pondering,FullEventful,o,,False,atanhthehil,katanvthehil,atanhthehil,utanhthehil,hatanhthehil,utanhthehil
42,46,he/she is making noise,FullEventful,cause,,False,atanoyhvlhihst,katanoyvlihst,atanoyhvlhihst,utanoyhvlhihst,hatanoyhvlhihst,utanoyhvlhihst
42,46,he/she is making noise,FullEventful,cause[perf3],,False,atanoyhvlhihst,katanoyvlihst,atanoyhvlhihst,utanoyhvlhihsth,hatanoyhvlhihst,utanoyhvlhihst
42,46,he/she is making noise,FullEventful,cause[pres2],,False,atanoyhvlhihstih,katanoyvlihstih,atanoyhvlhihst,utanoyhvlhihst,hatanoyhvlhihst,utanoyhvlhihst
42,46,he/she is making noise,FullEventful,cause[pres2-perf3],,False,atanoyhvlhihstih,katanoyvlihstih,atanoyhvlhihst,utanoyhvlhihsth,hatanoyhvlhihst,utanoyhvlhihst
43,47,he/she is crawling,FullEventful,go[pres2],,False,atanhsin,katanahsin,atanhsin,utanhsin,hatanhsin,utanhsin
44,48,it’s twisting,FullEventful,oh-ol,,False,atanuthey,katanuthey,atanuthey,utanuthey,hatanuthey,utanuthey
45,49,he/she is moving from one place to another,FullEventful,v-vhs,,False,atan,kata'n,ata'n,uta'n,hata'n,uta'n
46,50,he/she is ordering it,FullEventful,sk-s-la,,False,atanv,katanv,atanv,utanv,hatanv,utanv
46,50,he/she is ordering it,FullEventful,sk-s-hst,,False,atanv,katanv,atanv,utanv,hatanvla,utanv
48,52,he/she is cooking a meal,FullEventful,hvsk-nh[inf2],,False,atahstayv,katahstayv,atahstayv,utahstayv,hatahstayv,utahstay
48,52,he/she is cooking a meal,FullEventful,episodic,,False,atahstay,katahstay,atahstay,utahstay,hatahstay,utahstay
51,55,it’s burning (refers to flames),FullEventful,i-a-i,,False,atawelak,katawelak,atawelak,utawelak,hatawelak,utawelak
54,58,he/she is resting,FullEventful,cause,,False,atawehsolvhst,katawehsolvhst,atawehsolvhst,utawehsolvhst,hatawehsolvhst,utawehsolvhst
54,58,he/she is resting,FullEventful,cause[perf3],,False,atawehsolvhst,katawehsolvhst,atawehsolvhst,utawehsolvhsth,hatawehsolvhst,utawehsolvhst
54,58,he/she is resting,FullEventful,cause[pres2],,False,atawehsolvhstih,katawehsolvhstih,atawehsolvhst,utawehsolvhst,hatawehsolvhst,utawehsolvhst
54,58,he/she is resting,FullEventful,cause[pres2-perf3],,False,atawehsolvhstih,katawehsolvhstih,atawehsolvhst,utawehsolvhsth,hatawehsolvhst,utawehsolvhst
56,60,he/she is bathing,FullEventful,o,,False,ataw,kataw,ataw,utaw,hataw,utaw
59,63,he/she is giving him/her it (refers to a long object),FullEventful,apl,,False,at,tsit,at,ut,hiti,ut
59,63,he/she is giving him/her it (refers to a long object),FullEventful,apl[imp2],,False,at,tsit,at,ut,hiti,ut
59,63,he/she is giving him/her it (refers to a long object),FullEventful,apl[imp3],,False,at,tsit,at,ut,hit,ut
60,64,he/she is learning,FullEventful,a,,False,atelhohkw,katelohkw,atelhohkw,utelhohkwa',hatelhohkw,utelhohkw
61,65,he/she is embarrassing him/her,FullEventful,cause,,False,atehohihst,tsiyate'ohihst,atehohihst,utehohihst,hiyate'ohihst,utehohihst
61,65,he/she is embarrassing him/her,FullEventful,cause[perf3],,False,atehohihst,tsiyate'ohihst,atehohihst,utehohihsth,hiyate'ohihst,utehohihst
61,65,he/she is embarrassing him/her,FullEventful,cause[pres2],,False,atehohihstih,tsiyate'ohihstih,atehohihst,utehohihst,hiyate'ohihst,utehohihst
61,65,he/she is embarrassing him/her,FullEventful,cause[pres2-perf3],,False,atehohihstih,tsiyate'ohihstih,atehohihst,utehohihsth,hiyate'ohihst,utehohihst
62,66,he/she is embarrassed,FullEventful,sk-s-hi-hihst,,False,ateho,kate'o,ateho,uteho,hateho,uteho
62,66,he/she is embarrassed,FullEventful,sk-s-hst[imp2],,False,ateho,kate'o,ateho,uteho,hateho,utehohi
62,66,he/she is embarrassed,FullEventful,sk-s-hst,,False,ateho,kate'o,ateho,uteho,hatehohi,utehohi
63,67,he/she is being born,FullEventful,hvsk-nh,,False,ate,kate,ate,ute,hate,ute
63,67,he/she is being born,FullEventful,hvsk-nh[inf2],,False,ate,kate,ate,ute,hate,ute
67,71,he/she is finding it out,FullEventful,sk-s-hi-hihst,,False,ateloho,katelo'o,ateloho,uteloho,hateloho,uteloho
67,71,he/she is finding it out,FullEventful,sk-s-hst[imp2],,False,ateloho,katelo'o,ateloho,uteloho,hateloho,utelohohi
67,71,he/she is finding it out,FullEventful,sk-s-hst,,False,ateloho,katelo'o,ateloho,uteloho,hatelohohi,utelohohi
70,74,he/she is going around a curve,FullEventful,oh-ol[inf2],,False,atey,katey,atey,utey,hatey,utey
72,76,he/she is laying it down (refers to a long object),FullEventful,i-a-i,,False,at,tsit,at,ut,hit,ut
73,77,he/she is rising (from a prone position),FullEventful,ih-vh,,False,atit,katit,atit,utit,hatit,utit
74,78,he/she is scattering it,FullEventful,a,,False,atikaley,katikaley,atikaley,utikaley,hatikaley,utikaley
75,79,it’s scattering,FullEventful,become,,False,atikaleyo,,atikaleyo,utikaleyo,,utikaleyoy
75,79,it’s scattering,FullEventful,become[inf3],,False,atikaleyo,,atikaleyo,utikaleyo,,utikaleyo
76,80,he/she is spinning,FullEventful,oh-ol[inf2],,False,atikwalvtey,katikwalvtey,atikwalvtey,utikwalvtey,hatikwalvtey,utikwalvtey
77,81,he/she is saying it,FullEventful,vnh-ih-a,,False,at,kat,at,ut,hat,ut
78,82,he/she is running over him/her,FullEventful,cause,,False,atinvt,tsiyatinvt,atinvt,utinvt,hiyatinvt,utinvt
78,82,he/she is running over him/her,FullEventful,cause[perf3],,False,atinvt,tsiyatinvt,atinvt,utinvth,hiyatinvt,utinvt
78,82,he/she is running over him/her,FullEventful,cause[pres2],,False,atinvtih,tsiyatinvtih,atinvt,utinvt,hiyatinvt,utinvt
78,82,he/she is running over him/her,FullEventful,cause[pres2-perf3],,False,atinvtih,tsiyatinvtih,atinvt,utinvth,hiyatinvt,utinvt
79,83,he/she is hiding,FullEventful,hvsk-han,,False,atihskal,katihskal,atihskal,utihskal,hatihskal,utihskal
80,84,he/she is leaving it behind (refers to a long object),FullEventful,a,,False,atihsiy,tsitihsiy,atihsiy,utihsiy,hitihsiy,utihsiy
82,86,he/she is drinking it,FullEventful,sk-h,,False,atitha,katitha,atitha,utitha,hatit,utitha
82,86,he/she is drinking it,FullEventful,sk-h[imp2],,False,atitha,katitha,atitha,utitha,hatitha,utitha
85,89,he/she is scratching,FullEventful,sk-s-la,,False,atlako,katlako,atlako,utlako,hatlako,utlako
85,89,he/she is scratching,FullEventful,sk-s-hst,,False,atlako,katlako,atlako,utlako,hatlakola,utlako
87,91,he/she is turning off the road,FullEventful,rev-e,,False,atl,katl,atl,utl,hatl,utl
88,92,he/she is taking revenge against him/her,FullEventful,apl,,False,atletsh,tsiyatletsh,atletsh,utletsh,hiyatletshi,utletsh
88,92,he/she is taking revenge against him/her,FullEventful,apl[imp2],,False,atletsh,tsiyatletsh,atletsh,utletsh,hiyatletshi,utletsh
88,92,he/she is taking revenge against him/her,FullEventful,apl[imp3],,False,atletsh,tsiyatletsh,atletsh,utletsh,hiyatletsh,utletsh
92,96,he/she is pouring liquid into a container,FullEventful,i-a-i,,False,atl,tsitl,atl,utl,hitlik,utl
94,98,it’s pouring into a container (refers to liquid),FullEventful,become,,False,atli,,atli,utli,,utliy
94,98,it’s pouring into a container (refers to liquid),FullEventful,become[inf3],,False,atli,,atli,utli,,utli
95,99,he/she is drawing a liquid out of a container,FullEventful,ih-vh,,False,atl,tsitl,atl,utl,hitl,utlv
95,99,he/she is drawing a liquid out of a container,FullEventful,ih-vh[inf2],,False,atl,tsitl,atl,utl,hitl,utl
96,100,he/she is pouring a liquid into a container,FullEventful,cause,,False,atlihst,tsitlihst,atlihst,utlihst,hitlihst,utlihst
96,100,he/she is pouring a liquid into a container,FullEventful,cause[perf3],,False,atlihst,tsitlihst,atlihst,utlihsth,hitlihst,utlihst
96,100,he/she is pouring a liquid into a container,FullEventful,cause[pres2],,False,atlihstih,tsitlihstih,atlihst,utlihst,hitlihst,utlihst
96,100,he/she is pouring a liquid into a container,FullEventful,cause[pres2-perf3],,False,atlihstih,tsitlihstih,atlihst,utlihsth,hitlihst,utlihst
98,102,he/she is crying,FullEventful,hih-hil,,False,atloy,katloy,atloy,utloy,hatloy,utloy
99,103,he/she is getting off,FullEventful,sk-s-hi-hihst,,False,atloy,katloy,atloy,utloy,hatlo,utlo
100,104,he/she is bragging,FullEventful,sk-s-a,,False,atlvkw,katlvkwa,atlvkw,utlvkw,hatlvkwh,utlvkw
101,105,he/she is catching up with him/her,FullEventful,sk-h,,False,atlvtha,tsiyatlvtha,atlvtha,utlvtha,hiyatlvt,utlvtha
101,105,he/she is catching up with him/her,FullEventful,sk-h[imp2],,False,atlvtha,tsiyatlvtha,atlvtha,utlvtha,hiyatlvtha,utlvtha
107,111,he/she is acting silly,FullEventful,vnh-ih-a,,False,atvnel,katvnel,atvnel,utvnel,hatvnel,utvnel
109,113,he/she is preparing it,FullEventful,cause,,False,atvnv'ihst,katvnv'ihst,atvnv'ihst,utvnv'ihst,hatvnv'ihst,utvnv'ihst
109,113,he/she is preparing it,FullEventful,cause[perf3],,False,atvnv'ihst,katvnv'ihst,atvnv'ihst,utvnv'ihsth,hatvnv'ihst,utvnv'ihst
109,113,he/she is preparing it,FullEventful,cause[pres2],,False,atvnv'ihstih,katvnv'ihstih,atvnv'ihst,utvnv'ihst,hatvnv'ihst,utvnv'ihst
109,113,he/she is preparing it,FullEventful,cause[pres2-perf3],,False,atvnv'ihstih,katvnv'ihstih,atvnv'ihst,utvnv'ihsth,hatvnv'ihst,utvnv'ihst
112,116,it is shining (refers to sun or moon),FullEventful,ih-ihi,,False,akal,,akal,ukal,,ukal
113,117,he/she is breaking it (refers to a flexible object),FullEventful,sk-s-a[inf2],,False,akal,tsikal,akal,ukal,hika'l,ukal
115,119,he/she is licking it,FullEventful,i-a-i,,False,akanat,tsikanat,akanat,ukanat,hikanat,ukanat
117,121,he/she is warming it,FullEventful,cause,,False,akanawht,tsikanawot,akanawht,ukanawht,hikanawht,ukanawht
117,121,he/she is warming it,FullEventful,cause[perf3],,False,akanawht,tsikanawot,akanawht,ukanawhth,hikanawht,ukanawht
117,121,he/she is warming it,FullEventful,cause[pres2],,False,akanawhtih,tsikanawotih,akanawht,ukanawht,hikanawht,ukanawht
117,121,he/she is warming it,FullEventful,cause[pres2-perf3],,False,akanawhtih,tsikanawotih,akanawht,ukanawhth,hikanawht,ukanawht
118,122,it’s getting warm,FullEventful,sk-s-hi-hihst,,False,akanawo,,akanawo,ukanawo,,ukanawo
118,122,it’s getting warm,FullEventful,sk-s-hst,,False,akanawo,,akanawo,ukanawo,,ukanawohi
119,123,it’s raining,FullEventful,stative,,True,akahsk,,akahsk,ukanhan,,ukan
127,132,he/she is eating it (refers to a single solid food),FullEventful,i-a-i,,False,ak,tsik,ak,uk,hik,uk
128,133,he/she is picking it up,FullEventful,rev-gi,,False,a,tsi,a,u,hi,u
128,133,he/she is picking it up,FullEventful,rev-i,,False,ak,tsik,ak,uk,hik,uk
130,135,he/she is in agony,FullEventful,become,,False,akilhiyo,tsikiliyo,akilhiyo,ukilhiyo,hikilhiyo,ukilhiyo
133,138,he/she is chewing it,FullEventful,o,,False,akihst,tsikihst,akihst,ukihst,hikihst,ukihst
135,140,he/she is burning him/her,FullEventful,cause,,False,akohvhst,tsiyakohvhst,akohvhst,ukohvhst,hiyakohvhst,ukohvhst
135,140,he/she is burning him/her,FullEventful,cause[perf3],,False,akohvhst,tsiyakohvhst,akohvhst,ukohvhsth,hiyakohvhst,ukohvhst
135,140,he/she is burning him/her,FullEventful,cause[pres2],,False,akohvhstih,tsiyakohvhstih,akohvhst,ukohvhst,hiyakohvhst,ukohvhst
135,140,he/she is burning him/her,FullEventful,cause[pres2-perf3],,False,akohvhstih,tsiyakohvhstih,akohvhst,ukohvhsth,hiyakohvhst,ukohvhst
136,141,it’s burning,FullEventful,sk-h,,False,akohv,kakohv,akohv,ukon,hakon,ukohv
136,141,it’s burning,FullEventful,sk-h[imp2],,False,akohv,kakohv,akohv,ukon,hakonha,ukohv
136,141,it’s burning,FullEventful,terminative,,False,ak,kak,ak,uk,hak,uk
136,141,it’s burning,FullEventful,terminative-no-o,,False,ako,kako,ako,uko,hako,uko
138,143,he/she is reading,FullEventful,e-a,,False,akoliy,tsikoliy,akoliy,ukoliy,hikoliy,ukoliy
140,145,he/she is target practicing,FullEventful,ih-vh,,False,akon,kakon,akon,ukon,hakon,ukon
145,150,he/she is showing it to him/her,FullEventful,cause,,False,akowhthvht,tsikowhthvht,akowhthvht,ukowhthvht,hikowhthvht,ukowhthvht
145,150,he/she is showing it to him/her,FullEventful,cause[perf3],,False,akowhthvht,tsikowhthvht,akowhthvht,ukowhthvhth,hikowhthvht,ukowhthvht
145,150,he/she is showing it to him/her,FullEventful,cause[pres2],,False,akowhthvhtih,tsikowhthvhtih,akowhthvht,ukowhthvht,hikowhthvht,ukowhthvht
145,150,he/she is showing it to him/her,FullEventful,cause[pres2-perf3],,False,akowhthvhtih,tsikowhthvhtih,akowhthvht,ukowhthvhth,hikowhthvht,ukowhthvht
148,153,he/she is cutting it,FullEventful,ih-vh,,False,akvhal,tsikv'al,akvhal,ukvhal,hikvhal,ukvhal
149,154,he/she is chopping it up,FullEventful,sk-h,,False,akvhaluy,tsikv'aluy,akvhaluy,ukvhaluy,hikvhaluy,ukvhaluy
149,154,he/she is chopping it up,FullEventful,sk-h[imp2],,False,akvhaluy,tsikv'aluy,akvhaluy,ukvhaluy,hikvhaluyha,ukvhaluy
152,157,he/she is scolding him/her,FullEventful,vsk,,False,akvhskol,tsikvhskol,akvhskol,ukvhskol,hikvhskolv',ukvhskol
152,157,he/she is scolding him/her,FullEventful,vsk[imp2],,False,akvhskol,tsikvhskol,akvhskol,ukvhskol,hikvhskol,ukvhskol
153,158,he/she is washing his face,FullEventful,o,,False,akvhskw,kakvhskw,akvhskw,ukvhskw,hakvhskw,ukvhskw
155,161,he/she is diverting him/her,FullEventful,rev-gi,,False,ahalu,tsi'alu,ahalu,uhalu,hi'alu,uhalu
155,161,he/she is diverting him/her,FullEventful,rev-i,,False,ahaluk,tsi'aluk,ahaluk,uhaluk,hi'aluk,uhaluk
158,164,he/she is smothering him/her,FullEventful,cause,,False,ahawohst,tsi'awohst,ahawohst,uhawohst,hi'awohst,uhawohst
158,164,he/she is smothering him/her,FullEventful,cause[perf3],,False,ahawohst,tsi'awohst,ahawohst,uhawohsth,hi'awohst,uhawohst
158,164,he/she is smothering him/her,FullEventful,cause[pres2],,False,ahawohstih,tsi'awohstih,ahawohst,uhawohst,hi'awohst,uhawohst
158,164,he/she is smothering him/her,FullEventful,cause[pres2-perf3],,False,ahawohstih,tsi'awohstih,ahawohst,uhawohsth,hi'awohst,uhawohst
160,166,he/she is handling it,FullEventful,be-at,,False,ahit,tsi'it,ahit,uhit,hihit,uhit
161,167,he/she is killing him/her,FullEventful,hih-lh,,False,a,tsi,a,u,hilu,uhi
162,168,he/she has possession of a vehicle,FullEventful,stative-eh,,True,ahi'l,tsi'il,ahi'l,,,uhi'lvhst
165,171,he/she is leaving it behind,FullEventful,a,,False,ahiy,tsi'iy,ahiy,uhiy,hihiy,uhiy
166,172,he/she is placing it on something,FullEventful,hvsk-nh,,False,alha,tsilha,alha,ulha,hilha,ulho
166,172,he/she is placing it on something,FullEventful,hvsk-nh[inf2],,False,alha,tsilha,alha,ulha,hilha,ulho
166,172,he/she is placing it on something,FullEventful,hvsk-nh[inf4],,False,alha,tsilha,alha,ulha,hilha,ulh
167,173,he/she is taking off flying,FullEventful,ih-vh,,False,alhawit,katlawit,alhawit,ulhawit,halhawit,ulhawit
169,175,he/she is making him/her fly,FullEventful,cause[perf3],,False,alhawitht,tsiyatlawitht,alhawitht,ulhawitht,hiyatlawitht,ulhawitht
169,175,he/she is making him/her fly,FullEventful,cause[pres2-perf3],,False,alhawithtih,tsiyatlawithtih,alhawitht,ulhawitht,hiyatlawitht,ulhawitht
171,177,he/she is having a nightmare,FullEventful,rev-gi,,False,alhi,katli,alhi,ulhi,halhi,ulhi
171,177,he/she is having a nightmare,FullEventful,rev-i,,False,alhik,katlik,alhik,ulhik,halhik,ulhik
172,178,it’s taking time,FullEventful,be-at,,False,alhi'ilit,,alhi'ilit,ulhi'ilit,,ulhi'ilit
172,178,it’s taking time,FullEventful,oh-ol[inf2],,False,alhi'ilit,,alhi'ilit,ulhi'ilit,,ulhi'ilita
172,178,it’s taking time,FullEventful,oh-ol[inf3],,False,alhi'ilit,,alhi'ilit,ulhi'ilit,,ulhi'ilit
173,179,he/she is measuring it,FullEventful,o,,False,alhil,katlil,alhil,ulhil,halhil,ulhil
175,181,it’s bending,FullEventful,vsk,,False,alhiyvhkwit,,alhiyvhkwit,ulhiyvhkwit,,ulhiyvhkwit
176,182,he/she is snorting,FullEventful,cause,,False,alhiyvhsanawhst,kaliyvhsanawhst,alhiyvhsanawhst,ulhiyvhsanawhst,halhiyvhsanawhst,ulhiyvhsanawhst
176,182,he/she is snorting,FullEventful,cause[perf3],,False,alhiyvhsanawhst,kaliyvhsanawhst,alhiyvhsanawhst,ulhiyvhsanawhsth,halhiyvhsanawhst,ulhiyvhsanawhst
176,182,he/she is snorting,FullEventful,cause[pres2],,False,alhiyvhsanawhstih,kaliyvhsanawhstih,alhiyvhsanawhst,ulhiyvhsanawhst,halhiyvhsanawhst,ulhiyvhsanawhst
176,182,he/she is snorting,FullEventful,cause[pres2-perf3],,False,alhiyvhsanawhstih,kaliyvhsanawhstih,alhiyvhsanawhst,ulhiyvhsanawhsth,halhiyvhsanawhst,ulhiyvhsanawhst
177,183,he/she is preaching,FullEventful,hvsk-nh[inf2],,False,alhtsato,kalitsato,alhtsato,ulhtsato,halhtsato,ulhtsat
179,185,it’s shattering,FullEventful,sk-h[imp2],,False,alhkhotv,,alhkhotv,ulhkhotvn,,
179,185,it’s shattering,FullEventful,vnh-vsk,,False,alhkhot,,alhkhot,ulhkhot,,
179,185,it’s shattering,FullEventful,stative,,True,alhkhotvhsk,,alhkhotvhsk,ulhkhotvnh,,
180,186,he/she is shattering it,FullEventful,cause,,False,alhkhotht,kalikhotht,alhkhotht,ulhkhotht,halhkhotht,ulhkhotht
180,186,he/she is shattering it,FullEventful,cause[perf3],,False,alhkhotht,kalikhotht,alhkhotht,ulhkhothth,halhkhotht,ulhkhotht
180,186,he/she is shattering it,FullEventful,cause[pres2],,False,alhkhothtih,kalikhothtih,alhkhotht,ulhkhotht,halhkhotht,ulhkhotht
180,186,he/she is shattering it,FullEventful,cause[pres2-perf3],,False,alhkhothtih,kalikhothtih,alhkhotht,ulhkhothth,halhkhotht,ulhkhotht
182,188,he/she is beating him/her at a game,FullEventful,sk-s-hi-hihst,,False,alho,tsilho,alho,ulho,hilho,ulho
182,188,he/she is beating him/her at a game,FullEventful,sk-s-hst[imp2],,False,alho,tsilho,alho,ulho,hilho,ulhohi
182,188,he/she is beating him/her at a game,FullEventful,sk-s-hst,,False,alho,tsilho,alho,ulho,hilhohi,ulhohi
183,189,he/she is combing his/her hair,FullEventful,o,,False,alhthaw,kalithaw,alhthaw,ulhthaw,halhthaw,ulhthaw
185,191,he/she is moving (without changing location),FullEventful,hvsk-nh[inf2],,False,alhthelv,kalithelv,alhthelv,ulhthelv,halhthelv,ulhthel
185,191,he/she is moving (without changing location),FullEventful,episodic,,False,alhthel,kalithel,alhthel,ulhthel,halhthel,ulhthel
186,192,he/she is changing his/her shirt,FullEventful,v-vhs,,False,anhawa'iy,kaniwa'iy,anhawa'iy,unhawa'iy,hanhawa'iy,unhawa'iy
187,193,he/she is taking his/her shirt off,FullEventful,rev-e,,False,anhaw,kaniw,anhaw,unhaw,hanhaw,unhaw
189,195,he/she is putting on a shirt,FullEventful,o,,False,anhaw,kaniw,anhaw,unhaw,hanhaw,unhaw
190,196,he/she is giving it to him/her,FullEventful,apl,,False,anh,tsin,anh,unh,hi'v,unh
190,196,he/she is giving it to him/her,FullEventful,apl[imp2],,False,anh,tsin,anh,unh,hi'v,unh
191,197,he/she is wrestling,FullEventful,hih-lh,,False,anhe,kanhe,anhe,unhe,hanhe,unhe
192,198,he/she is interpreting it,FullEventful,cause,,False,anhelht,kanelht,anhelht,unhelht,hanhelht,unhelht
192,198,he/she is interpreting it,FullEventful,cause[perf3],,False,anhelht,kanelht,anhelht,unhelhth,hanhelht,unhelht
192,198,he/she is interpreting it,FullEventful,cause[pres2],,False,anhelhtih,kanelhtih,anhelht,unhelht,hanhelht,unhelht
192,198,he/she is interpreting it,FullEventful,cause[pres2-perf3],,False,anhelhtih,kanelhtih,anhelht,unhelhth,hanhelht,unhelht
195,201,he/she is building a house,FullEventful,apl-active,,False,anhehsk,kanehsk,anhehsk,unhehsk,hanhehsk,unhehsk
195,201,he/she is building a house,FullEventful,apl-active-a,,False,anhehsk,kanehsk,anhehsk,unhehsk,hanhehskvl,unhehske
196,202,he/she is leaving,FullEventful,rev-gi,,False,anhi,kani,anhi,unhi,hanhi,unhi
196,202,he/she is leaving,FullEventful,rev-i,,False,anhik,kanik,anhik,unhik,hanhik,unhik
197,203,he/she is starting it,FullEventful,cause,,False,anhikihst,kanikihst,anhikihst,unhikihst,hanhikihst,unhikihst
197,203,he/she is starting it,FullEventful,cause[perf3],,False,anhikihst,kanikihst,anhikihst,unhikihsth,hanhikihst,unhikihst
197,203,he/she is starting it,FullEventful,cause[pres2],,False,anhikihstih,kanikihstih,anhikihst,unhikihst,hanhikihst,unhikihst
197,203,he/she is starting it,FullEventful,cause[pres2-perf3],,False,anhikihstih,kanikihstih,anhikihst,unhikihsth,hanhikihst,unhikihst
198,204,he/she is carrying it on his/her shoulder (refers to a long object),FullEventful,go,,False,anholhin,kanolhin,anholhin,unholhin,hanholhin,unholhin
198,204,he/she is carrying it on his/her shoulder (refers to a long object),FullEventful,go[pres2],,False,anholhinek,kanolhinek,anholhin,unholhin,hanholhin,unholhin
200,206,he/she is putting it in liquid (refers to a long object),FullEventful,i-a-i,,False,ahut,tsi'ut,ahut,uhut,hihut,uhut
204,210,he/she is hitting him/her on the mouth,FullEventful,ih-il,,False,ahulvn,tsi'ulvn,ahulvn,uhulvn,hi'ulvn,uhulvn
205,211,he/she is moving it from one place to another,FullEventful,v-vhs,,False,ah,tsi',ah,uh,hih,uh
206,212,he/she is setting it down,FullEventful,hvsk-nh,,False,a,tsi,a,u,hi,u
206,212,he/she is setting it down,FullEventful,hvsk-nh[inf2],,False,a,tsi,a,u,hi,u
207,213,he/she is finding him/her,FullEventful,ih-vh,,False,awhahth,tsiwahth,awhahth,uwhahth,hiwahth,uwhahthv
207,213,he/she is finding him/her,FullEventful,ih-vh[inf2],,False,awhahth,tsiwahth,awhahth,uwhahth,hiwahth,uwhahth
208,214,he/she is visiting him/her,FullEventful,be-at,,False,awhahthvhit,tsiwahthvhit,awhahthvhit,uwhahthvhit,hiwahthvhit,uwhahthvhit
209,215,he/she is taking it somewhere,FullEventful,ih-vh,,False,awhit,tsiwit,awhit,uwhit,hiwhit,uwit
210,216,he/she is planting it,FullEventful,sk-s-hi-hihst,,False,awhi,tsiwi,awhi,uwhi,hiw,uw
210,216,he/she is planting it,FullEventful,sk-s-hst,,False,awhi,tsiwi,awhi,uwhi,hiwhi,uwhi
214,220,it’s becoming frosty (refers to the ground),FullEventful,hvsk-nh[inf2],,False,ayhahthv,,ayhahthv,uyhahthv,,uyhahthvt
214,220,it’s becoming frosty (refers to the ground),FullEventful,episodic,,False,ayhahth,,ayhahth,uyhahth,,uyhahthvt
214,220,it’s becoming frosty (refers to the ground),FullEventful,vnh-vsk,,False,ayhahthvh,,ayhahthvh,uyhahth,,uyhahthvt
214,220,it’s becoming frosty (refers to the ground),FullEventful,stative,,True,ayhahthvhvhsk,,ayhahthvhvhsk,uyhahthvnh,,uyhahthvt
215,221,he/she is calling him/her,FullEventful,ih-vh,,False,ayhan,tsiyan,ayhan,uyhan,hiyan,uyhan
216,222,he/she is taking it somewhere by hand,FullEventful,go,,False,ayh,tsiy,ayh,uyh,hiyh,uyh
216,222,he/she is taking it somewhere by hand,FullEventful,go[pres2],,False,ayhek,tsiyek,ayh,uyh,hiyh,uyh
217,223,he/she is holding it in his/her hand,FullEventful,stative-h,,True,ayhe,tsiye,ayhe,ayhe,,
217,223,he/she is holding it in his/her hand,FullEventful,stative-eh,,True,ayh,tsiy,ayh,ayh,,
217,223,he/she is holding it in his/her hand,FullEventful,stative,,True,ayheh,tsiyeh,ayheh,ayheh,,
218,224,he/she is quilting it,FullEventful,hvsk-han,,False,ayhehkal,tsiyehkal,ayhehkal,uyhehkal,hiyhehkal,uyhehkal
219,225,he/she is making an incision,FullEventful,oh-al,,False,ayhel,tsiyel,ayhel,uyhel,hiyela,uyhel
219,225,he/she is making an incision,FullEventful,oh-al[imp2],,False,ayhel,tsiyel,ayhel,uyhel,hiyel,uyhel
220,226,he/she is imitating him/her,FullEventful,i-a-i[perf2],,False,ayhel,tsiyel,ayhel,uyhel,hiyel,uyhel
220,226,he/she is imitating him/her,FullEventful,i-a-i,,False,ayhel,tsiyel,ayhel,uyhelihs,hiyel,uyhel
222,228,he/she is looking for him/her,FullEventful,oh-al,,False,ay,tsiy,ay,uy,hiy,uy
223,229,he/she is swimming (refers to propelling oneself through the water),FullEventful,go,,False,ayhu'in,kayu'in,ayhu'in,uyhu'in,hayhu'in,uyhu'in
223,229,he/she is swimming (refers to propelling oneself through the water),FullEventful,go[pres2],,False,ayhu'inek,kayu'inek,ayhu'in,uyhu'in,hayhu'in,uyhu'in
224,230,it’s thundering,FullEventful,o,,False,ayhvtakwal,,ayhvtakwal,uyhvtakwal,,uyhvtakwal
228,234,he/she is bending it,FullEventful,vsk,,False,ayhvhkwit,tsiyvhkwit,ayhvhkwit,uyhvhkwit,hiyhvhkwitv',uyhvhkwit
228,234,he/she is bending it,FullEventful,vsk[imp2],,False,ayhvhkwit,tsiyvhkwit,ayhvhkwit,uyhvhkwit,hiyhvhkwit,uyhvhkwit
230,236,he/she is kicking him/her,FullEventful,rev-e,,False,ayhvhth,tsiyayvhth,ayhvhth,uyhvhth,hiyayhth,uyhvhth
232,238,he/she is capturing him/her,FullEventful,i-a-i,,False,ayhvkhit,tsiyvkhit,ayhvkhit,uyhvkhit,hiyvkhit,uyhvkhit
233,239,he/she is hitting him/her on the nose,FullEventful,hvsk-nh,,False,ayhvhstelu,tsiyvhstelu,ayhvhstelu,uyhvhstelu,hiyvhstelu,uyhvhstelu
233,239,he/she is hitting him/her on the nose,FullEventful,hvsk-nh[inf2],,False,ayhvhstelu,tsiyvhstelu,ayhvhstelu,uyhvhstelu,hiyvhstelu,uyhvhstelu
234,240,he/she is choking him/her,FullEventful,ih-vh,,False,ayhvhskiy,tsiyvhskiy,ayhvhskiy,uyhvhskiy,hiyvhskiy,uyhvhskiy
235,241,he/she is walking,FullEventful,stative,,True,a',ka',a'ihs,a'ihs,,
238,244,it’s hatching,FullEventful,rev-i,,False,atsa',katsa',atsa',utsa',hatsa',utsa'
238,244,it’s hatching,FullEventful,rev-'i,,False,atsa,katsa,atsa,utsa,hatsa,utsa
239,245,he/she is dressing up,FullEventful,vnh-vsk,,False,atsan,katsan,atsan,utsan,hatsan,utsanv
239,245,he/she is dressing up,FullEventful,vnh-vsk[inf2],,False,atsan,katsan,atsan,utsan,hatsan,utsan
240,246,he/she is getting in (in a car‚ box‚ etc),FullEventful,vsk-post-v,,False,atsa,katsa,atsa,utsa,hatsa,utso
242,248,he/she is acting like him/her,FullEventful,vnh-vsk,,False,atsel,katsel,atsel,utsel,hatsel,utsel
250,256,it’s blooming,FullEventful,vnh-vsk,,False,atsil,,atsil,utsil,,utsil
250,256,it’s blooming,FullEventful,stative,,True,atsilvhsk,,atsilvhsk,utsilvnh,,utsil
253,259,he/she is lighting a fire,FullEventful,hvsk-han[inf2],,False,atsihsl,tsitsihsl,atsihsl,utsihsl,hitsihsl,utsihsl
254,260,he/she is blowing,FullEventful,sk-h,,False,atsotha,katsotha,atsotha,utsotha,hatsot,utsotha
254,260,he/she is blowing,FullEventful,sk-h[imp2],,False,atsotha,katsotha,atsotha,utsotha,hatsotha,utsotha
255,261,he/she is turning on a light,FullEventful,hvsk-han[inf2],,False,atsvhst,tsitsvhst,atsvhst,utsvhst,hitsvhst,utsvhst
259,266,he/she is chasing him/her,FullEventful,go,,False,akheh,tsikheh,akheh,ukheh,hikheh,ukheh
259,266,he/she is chasing him/her,FullEventful,go[pres2],,False,akhehek,tsikhehek,akheh,ukheh,hikheh,ukheh
261,268,he/she is riding it (refers to anything that can be straddled),FullEventful,cause,,False,akhilvt,tsiyakhilvt,akhilvt,ukhilvt,hiyakhilvt,ukhilvt
261,268,he/she is riding it (refers to anything that can be straddled),FullEventful,cause[perf3],,False,akhilvt,tsiyakhilvt,akhilvt,ukhilvth,hiyakhilvt,ukhilvt
261,268,he/she is riding it (refers to anything that can be straddled),FullEventful,cause[pres2],,False,akhilvtih,tsiyakhilvtih,akhilvt,ukhilvt,hiyakhilvt,ukhilvt
261,268,he/she is riding it (refers to anything that can be straddled),FullEventful,cause[pres2-perf3],,False,akhilvtih,tsiyakhilvtih,akhilvt,ukhilvth,hiyakhilvt,ukhilvt
263,270,he/she is swallowing it,FullEventful,sk-s-hi-hihst,,False,akhi,tsi'ki,akhi,ukhi,hikhi,ukhi
263,270,he/she is swallowing it,FullEventful,sk-s-hst[imp2],,False,akhi,tsi'ki,akhi,ukhi,hikhi,ukhihi
263,270,he/she is swallowing it,FullEventful,sk-s-hst,,False,akhi,tsi'ki,akhi,ukhi,hikhihi,ukhihi
266,273,he/she is shovelling it,FullEventful,rev-e,,False,akhot,tsikhot,akhot,ukhot,hikhot,ukhot
270,277,he/she is going down-hill,FullEventful,sk-s-hi-hihst,,False,akhso,tsikahso,akhso,ukhso,hikhso,ukhso
270,277,he/she is going down-hill,FullEventful,sk-s-hst[imp2],,False,akhso,tsikahso,akhso,ukhso,hikhso,ukhsohi
270,277,he/she is going down-hill,FullEventful,sk-s-hst,,False,akhso,tsikahso,akhso,ukhso,hikhsohi,ukhsohi
273,280,he/she knows how,FullEventful,stative-h,,True,akhtha,tsikatha,akhtha,,,
273,280,he/she knows how,FullEventful,stative,,True,akhthah,tsikathah,akhthah,,,
276,283,he/she is turning back,FullEventful,v-vhs,,False,akhthah,kakathah,akhthah,ukhthah,hakhthah,ukhthah
277,284,he/she is winking,FullEventful,cause,,False,akhthahst,kakathahst,akhthahst,ukhthahst,hakhthahst,ukhthahst
277,284,he/she is winking,FullEventful,cause[perf3],,False,akhthahst,kakathahst,akhthahst,ukhthahsth,hakhthahst,ukhthahst
277,284,he/she is winking,FullEventful,cause[pres2],,False,akhthahstih,kakathahstih,akhthahst,ukhthahst,hakhthahst,ukhthahst
277,284,he/she is winking,FullEventful,cause[pres2-perf3],,False,akhthahstih,kakathahstih,akhthahst,ukhthahsth,hakhthahst,ukhthahst
278,285,he/she is hitting him/her on the eye,FullEventful,hvsk-nh,,False,akhthelu,tsikathelu,akhthelu,ukhthelu,hikathelu,ukhthelu
278,285,he/she is hitting him/her on the eye,FullEventful,hvsk-nh[inf2],,False,akhthelu,tsikathelu,akhthelu,ukhthelu,hikathelu,ukhthelu
280,287,he/she is looking around,FullEventful,be-at,,False,akhthen,tsikathen,akhthen,ukhthen,hikhthenak,ukhthen
280,287,he/she is looking around,FullEventful,oh-ol[inf2],,False,akhthen,tsikathen,akhthen,ukhthen,hikhthen,ukhthena
280,287,he/she is looking around,FullEventful,oh-ol[inf3],,False,akhthen,tsikathen,akhthen,ukhthen,hikhthen,ukhthen
281,288,he/she is peeking through,FullEventful,cause[perf2],,False,akhth,kakath,akhth,ukhth,hakhth,ukhth
281,288,he/she is peeking through,FullEventful,cause[pres2-perf2],,False,akhthih,kakathih,akhth,ukhth,hakhth,ukhth
286,293,he/she is becoming wise,FullEventful,sk-s-hi-hihst,,False,akhthohv,tsikathohv,akhthohv,ukhthohv,hikhtho'v,ukhtho'v
286,293,he/she is becoming wise,FullEventful,sk-s-hst[imp2],,False,akhthohv,tsikathohv,akhthohv,ukhthohv,hikhtho'v,ukhtho'vhi
286,293,he/she is becoming wise,FullEventful,sk-s-hst,,False,akhthohv,tsikathohv,akhthohv,ukhthohv,hikhtho'vhi,ukhtho'vhi
288,295,he/she is looking at him/her,FullEventful,cause[pres2],,False,akhthohst,tsiyakathohst,akhthohst,ukhthohst,hiyakathohst,ukhthohst
288,295,he/she is looking at him/her,FullEventful,cause[pres2-perf3],,False,akhthohst,tsiyakathohst,akhthohst,ukhthohsth,hiyakathohst,ukhthohst
290,297,he/she is going through it,FullEventful,sk-s-hi-hihst,,False,akhthvle,tsikathvle,akhthvle,ukhthvle,hikhthvle,ukhthvle
290,297,he/she is going through it,FullEventful,sk-s-hst[imp2],,False,akhthvle,tsikathvle,akhthvle,ukhthvle,hikhthvle,ukhthvlehi
290,297,he/she is going through it,FullEventful,sk-s-hst,,False,akhthvle,tsikathvle,akhthvle,ukhthvle,hikhthvlehi,ukhthvlehi
291,298,he/she is dipping liquid,FullEventful,rev-gi,,False,akhu,tsi'ku,akhu,ukhu,hikhu,ukhu
291,298,he/she is dipping liquid,FullEventful,rev-i,,False,akhuk,tsi'kuk,akhuk,ukhuk,hikhuk,ukhuk
293,300,he/she is paying it,FullEventful,ih-vh,,False,akwhiy,kakwiy,akwhiy,ukwhiy,hakwhiy,ukwhiy
294,301,he/she is paying him/her,FullEventful,apl,,False,akwhiyv',tsiyakwiyv',akwhiyv',ukwhiyv',hiyakwiyv,ukwhiyv'
294,301,he/she is paying him/her,FullEventful,apl[imp2],,False,akwhiyv',tsiyakwiyv',akwhiyv',ukwhiyv',hiyakwiyv,ukwhiyv'
296,303,he/she is tromping on him/her,FullEventful,apl-active-',,False,alahsta',tsiyalahsta',alahsta',ulahsta',hiyalahsta',ulahsta'
297,304,he/she is stepping on him/her,FullEventful,vsk,,False,alahst,tsiyalahst,alahst,ulahst,hiyalahstv',ulahst
297,304,he/she is stepping on him/her,FullEventful,vsk[imp2],,False,alahst,tsiyalahst,alahst,ulahst,hiyalahst,ulahst
298,305,he/she is playing ball,FullEventful,ih-vh,,False,alahskal,kalahskal,alahskal,ulahskal,halahskal,ulahskal
300,307,he/she is taking a step,FullEventful,v-vhs,,False,alahsk,kalahsk,alahsk,ulahsk,halahsk,ulahsk
305,312,he/she is placing it in an upright position (refers to a long object),FullEventful,cause,,False,aleht,kalet,aleht,uleht,haleht,uleht
305,312,he/she is placing it in an upright position (refers to a long object),FullEventful,cause[perf3],,False,aleht,kalet,aleht,ulehth,haleht,uleht
305,312,he/she is placing it in an upright position (refers to a long object),FullEventful,cause[pres2],,False,alehtih,kaletih,aleht,uleht,haleht,uleht
305,312,he/she is placing it in an upright position (refers to a long object),FullEventful,cause[pres2-perf3],,False,alehtih,kaletih,aleht,ulehth,haleht,uleht
306,313,he/she is standing in a certain spot,FullEventful,hvsk-nh,,False,ale,kale,ale,ule,hale,ule
306,313,he/she is standing in a certain spot,FullEventful,hvsk-nh[inf2],,False,ale,kale,ale,ule,hale,ule
307,314,he/she is stopping,FullEventful,cause,,False,alewhihst,kalewihst,alewhihst,ulewhihst,halewhihst,ulewhihst
307,314,he/she is stopping,FullEventful,cause[perf3],,False,alewhihst,kalewihst,alewhihst,ulewhihsth,halewhihst,ulewhihst
307,314,he/she is stopping,FullEventful,cause[pres2],,False,alewhihstih,kalewihstih,alewhihst,ulewhihst,halewhihst,ulewhihst
307,314,he/she is stopping,FullEventful,cause[pres2-perf3],,False,alewhihstih,kalewihstih,alewhihst,ulewhihsth,halewhihst,ulewhihst
308,315,he/she is stopping him/her,FullEventful,cause,,False,alewhihstoht,tsiyalewihstoht,alewhihstoht,ulewhihstoht,hiyalewihstoht,ulewhihstoht
308,315,he/she is stopping him/her,FullEventful,cause[perf3],,False,alewhihstoht,tsiyalewihstoht,alewhihstoht,ulewhihstohth,hiyalewihstoht,ulewhihstoht
308,315,he/she is stopping him/her,FullEventful,cause[pres2],,False,alewhihstohtih,tsiyalewihstohtih,alewhihstoht,ulewhihstoht,hiyalewihstoht,ulewhihstoht
308,315,he/she is stopping him/her,FullEventful,cause[pres2-perf3],,False,alewhihstohtih,tsiyalewihstohtih,alewhihstoht,ulewhihstohth,hiyalewihstoht,ulewhihstoht
309,316,he/she is starting,FullEventful,ih-vh,,False,alen,kalen,alen,ulen,halen,ulen
311,318,it’s boiling,FullEventful,ih-vh,,False,alitl,,alitl,ulitl,,ulil
311,318,it’s boiling,FullEventful,stative,,True,alitlih,,alitlihsk,ulitlvh,,ulil
314,321,he/she is thanking him/her,FullEventful,apl,,False,alihelitsh,tsiyali'elitsh,alihelitsh,ulihelitsh,hiyali'elitshi,ulihelitsh
314,321,he/she is thanking him/her,FullEventful,apl[imp2],,False,alihelitsh,tsiyali'elitsh,alihelitsh,ulihelitsh,hiyali'elitshi,ulihelitsh
314,321,he/she is thanking him/her,FullEventful,apl[imp3],,False,alihelitsh,tsiyali'elitsh,alihelitsh,ulihelitsh,hiyali'elitsh,ulihelitsh
315,322,he/she is happy,FullEventful,become,,False,aliheli,kali'eli,aliheli,uliheli,haliheli,uliheli
315,322,he/she is happy,FullEventful,become[inf4],,False,aliheli,kali'eli,aliheli,uliheli,haliheli,ulihel
317,324,he/she is exchanging it,FullEventful,i-a-i,,False,ali'it,kali'it,ali'it,uli'it,hali'it,uli'it
318,325,he/she is running away,FullEventful,rev-i,,False,alith,kalith,alith,ulith,halith,ulith
320,327,he/she is taking his/her ring off,FullEventful,rev-gi,,False,aliyehsuhsth,kaliyehsuhsth,aliyehsuhsth,uliyehsuhsth,haliyehsuhsth,uliyehsuhsth
320,327,he/she is taking his/her ring off,FullEventful,rev-i,,False,aliyehsuhsthk,kaliyehsuhsthk,aliyehsuhsthk,uliyehsuhsthk,haliyehsuhsthk,uliyehsuhsthk
322,329,he/she is putting a ring on his/her finger,FullEventful,hvsk-han[inf2],,False,aliyehsuhst,kaliyehsuhst,aliyehsuhst,uliyehsuhst,haliyehsuhst,uliyehsuhst
324,331,he/she is spitting,FullEventful,sk-h,,False,altsikw,kaltsikw,altsikw,ultsikw,haltsikw,ultsikw
324,331,he/she is spitting,FullEventful,sk-h[imp2],,False,altsikw,kaltsikw,altsikw,ultsikw,haltsikwha,ultsikw
325,332,he/she is ascending,FullEventful,i-vka,,False,alhsalat,kalihsalat,alhsalat,ulhsalat,halhsalat,ulhsalat
327,334,he/she is eating a meal,FullEventful,hvsk-nh[inf2],,False,alhstayv,kalihstayv,alhstayv,ulhstayv,halhstayv,ulhstay
327,334,he/she is eating a meal,FullEventful,episodic,,False,alhstay,kalihstay,alhstay,ulhstay,halhstay,ulhstay
329,336,he/she is helping,FullEventful,ih-vh,,False,alhstel,kalihstel,alhstel,ulhstel,halhstel,ulhstel
330,337,he/she is taking off his/her cap,FullEventful,rev-e,,False,alhstul,kalihstul,alhstul,ulhstul,halhstul,ulhstul
331,338,he/she is washing his/her hair,FullEventful,apl-active-a,,False,alhstul,kalihstul,alhstul,ulhstul,halhstul,ulhstul
332,339,he/she is putting on a cap,FullEventful,i-vka,,False,alhstul,kalihstul,alhstul,ulhstul,halhstul,ulhstul
334,341,he/she is taking a seat,FullEventful,husk,,False,alhstvl,kalihstvl,alhstvl,ulhstvl,halhstvl,ulhstvl
336,343,he/she is dancing,FullEventful,rev-gi,,False,alhs,kalihs,alhs,ulhs,halhs,ulhs
336,343,he/she is dancing,FullEventful,rev-i,,False,alhsk,kalihsk,alhsk,ulhsk,halhsk,ulhsk
337,344,he/she is permitting him/her,FullEventful,apl,,False,alhskolhtan,tsiyalihskolhtan,alhskolhtan,ulhskolhtan,hiyalihskolhta,ulhskolhtan
337,344,he/she is permitting him/her,FullEventful,apl[imp2],,False,alhskolhtan,tsiyalihskolhtan,alhskolhtan,ulhskolhtan,hiyalihskolhta,ulhskolhtan
338,345,he/she is nodding his/her head,FullEventful,sk-h,,False,alhsku,kalihsku,alhsku,ulhskuy,halhskuy,ulhsku
338,345,he/she is nodding his/her head,FullEventful,sk-h-yh,,False,alhsku,kalihsku,alhsku,ulhsku,halhsku,ulhsku
338,345,he/she is nodding his/her head,FullEventful,sk-h[imp2],,False,alhsku,kalihsku,alhsku,ulhskuy,halhskuyha,ulhsku
339,346,it’s ending,FullEventful,i-a-i,,False,alhskwat,,alhskwat,ulhskwat,,ulhskwat
340,347,he/she is sticking his/her head out,FullEventful,i-vka,,False,alhskwalut,kalihskwalut,alhskwalut,ulhskwalut,halhskwalut,ulhskwalut
341,348,he/she is taking his/her hat off,FullEventful,rev-gi,,False,alhskwethuh,kalihskwethuh,alhskwethuh,ulhskwethuh,halhskwethuh,ulhskwethuh
341,348,he/she is taking his/her hat off,FullEventful,rev-i,,False,alhskwethuhk,kalihskwethuhk,alhskwethuhk,ulhskwethuhk,halhskwethuhk,ulhskwethuhk
342,349,he/she is putting his/her hat on,FullEventful,sk-h,,False,alhskwethuhv,kalihskwethuhv,alhskwethuhv,ulhskwethun,halhskwethuhvk,ulhskwethu
342,349,he/she is putting his/her hat on,FullEventful,sk-h[imp2],,False,alhskwethuhv,kalihskwethuhv,alhskwethuhv,ulhskwethun,halhskwethuhvka,ulhskwethu
344,351,he/she is setting a goal,FullEventful,cause,,False,alhsohst,kalihsohst,alhsohst,ulhsohst,halhsohst,ulhsohst
344,351,he/she is setting a goal,FullEventful,cause[perf3],,False,alhsohst,kalihsohst,alhsohst,ulhsohsth,halhsohst,ulhsohst
344,351,he/she is setting a goal,FullEventful,cause[pres2],,False,alhsohstih,kalihsohstih,alhsohst,ulhsohst,halhsohst,ulhsohst
344,351,he/she is setting a goal,FullEventful,cause[pres2-perf3],,False,alhsohstih,kalihsohstih,alhsohst,ulhsohsth,halhsohst,ulhsohst
345,352,he/she is smelling it (refers to sniffing),FullEventful,cause,,False,alhsvhst,kalihsvhst,alhsvhst,ulhsvhst,halhsvhst,ulhsvhst
345,352,he/she is smelling it (refers to sniffing),FullEventful,cause[perf3],,False,alhsvhst,kalihsvhst,alhsvhst,ulhsvhsth,halhsvhst,ulhsvhst
345,352,he/she is smelling it (refers to sniffing),FullEventful,cause[pres2],,False,alhsvhstih,kalihsvhstih,alhsvhst,ulhsvhst,halhsvhst,ulhsvhst
345,352,he/she is smelling it (refers to sniffing),FullEventful,cause[pres2-perf3],,False,alhsvhstih,kalihsvhstih,alhsvhst,ulhsvhsth,halhsvhst,ulhsvhst
355,362,they are gathering,FullEventful,cause[perf2],,False,anatalhihs,otsatalhihs,anatalhihs,unatalhihs,itsatalhihs,unatalhihs
355,362,they are gathering,FullEventful,cause[pres2-perf2],,False,anatalhihsih,otsatalhihsih,anatalhihs,unatalhihs,itsatalhihs,unatalhihs
356,363,it’s lightning,FullEventful,ih-vh,,False,anakal,,anakal,unakal,,
356,363,it’s lightning,FullEventful,stative,,True,anakalih,,anakalihsk,unakalvh,,
359,366,they are getting together,FullEventful,hvsk-nh[inf2],,False,analiko,otsaliko,analiko,unaliko,itsaliko,unalik
361,368,he/she is attempting it,FullEventful,cause,,False,anelht,kanelht,anelht,unelht,hanelht,unelht
361,368,he/she is attempting it,FullEventful,cause[perf3],,False,anelht,kanelht,anelht,unelhth,hanelht,unelht
361,368,he/she is attempting it,FullEventful,cause[pres2],,False,anelhtih,kanelhtih,anelht,unelht,hanelht,unelht
361,368,he/she is attempting it,FullEventful,cause[pres2-perf3],,False,anelhtih,kanelhtih,anelht,unelhth,hanelht,unelht
362,369,he is getting married,FullEventful,i-a-i,,False,anelat,kanelat,anelat,unelat,hanelat,unelat
363,370,he/she is remembering him/her,FullEventful,i-a-i,,False,anhtat,tsiyanvtat,anhtat,unhtat,hiyanvtat,unhtat
365,372,they are standing (refers to a congregation),FullEventful,stative-a',,True,aniton,otsiton,aniton,aniton,,
365,372,they are standing (refers to a congregation),FullEventful,stative,,True,anitona',otsitona',anitona',anitona',,
366,373,they are asleep (refers to more than two),FullEventful,stative,,True,anilhin,otsilhin,anilhin,,,
367,374,they are sitting (refers to a congregation),FullEventful,stative,,True,ani'n,otsi'n,ani'n,ani'n,,
373,380,he/she is setting a trap,FullEventful,vsk,,False,ahsat,tsihsat,ahsat,uhsat,hihsatv',uhsat
373,380,he/she is setting a trap,FullEventful,vsk[imp2],,False,ahsat,tsihsat,ahsat,uhsat,hihsat,uhsat
374,381,he/she is lifting him/her,FullEventful,i-vka,,False,ahsalat,tsihsalat,ahsalat,uhsalat,hihsalat,uhsalat
377,384,he/she is making it crisp,FullEventful,cause,,False,ahstakayht,tsihstakayht,ahstakayht,uhstakayht,hihstakayht,uhstakayht
377,384,he/she is making it crisp,FullEventful,cause[perf3],,False,ahstakayht,tsihstakayht,ahstakayht,uhstakayhth,hihstakayht,uhstakayht
377,384,he/she is making it crisp,FullEventful,cause[pres2],,False,ahstakayhtih,tsihstakayhtih,ahstakayht,uhstakayht,hihstakayht,uhstakayht
377,384,he/she is making it crisp,FullEventful,cause[pres2-perf3],,False,ahstakayhtih,tsihstakayhtih,ahstakayht,uhstakayhth,hihstakayht,uhstakayht
378,385,it’s becoming crisp,FullEventful,hih-lh,,False,ahstakayv,,ahstakayv,uhstakayv,,
378,385,it’s becoming crisp,FullEventful,stative-h,,True,ahstakayvhi,,ahstakayvhi,uhstakayvl,,
378,385,it’s becoming crisp,FullEventful,stative,,True,ahstakayvhih,,ahstakayvhih,uhstakayvlh,,
380,387,he/she is drawing a line,FullEventful,hvsk-han,,False,ahstanvn,tsihstanvn,ahstanvn,uhstanvn,hihstanvn,uhstanvn
381,388,he/she is following him/her,FullEventful,go,,False,ahstawat,tsihstawat,ahstawat,uhstawat,hihstawat,uhstawat
381,388,he/she is following him/her,FullEventful,go[pres2],,False,ahstawatek,tsihstawatek,ahstawat,uhstawat,hihstawat,uhstawat
382,389,he/she is helping him/her,FullEventful,ih-vh,,False,ahstel,tsihstel,ahstel,uhstel,hihstel,uhstel
383,390,he/she is braiding it,FullEventful,oh-ol,,False,ahstey,tsihstey,ahstey,uhstey,hihstey,uhstey
384,391,he/she is eating it (refers to a long object),FullEventful,i-a-i,,False,ahstik,tsihstik,ahstik,uhstik,hihstik,uhstik
386,393,he/she is crushing it,FullEventful,o,,False,ahst,tsihst,ahst,uhst,hihst,uhst
388,395,he/she is trimming it (refers to hair‚ grass‚ hedge; but not paper‚ cloth),FullEventful,apl-active-a,,False,ahstoy,tsihstoy,ahstoy,uhstoy,hihstoy,uhstoy
390,397,he/she is opening it,FullEventful,rev-i,,False,ahstu',tsihstu',ahstu',uhstu',hihstu',uhstu'
390,397,he/she is opening it,FullEventful,rev-'i,,False,ahstu,tsihstu,ahstu,uhstu,hihstu,uhstu
392,399,he/she is sandwiching it,FullEventful,hvsk-han,,False,ahstvhal,tsihstvhal,ahstvhal,uhstvhal,hihstvhal,uhstvhal
395,402,he/she is showing him/her,FullEventful,apl,,False,ahseh,tsiyahseh,ahseh,uhseh,hiyahsehi,uhsh
395,402,he/she is showing him/her,FullEventful,apl[imp2],,False,ahseh,tsiyahseh,ahseh,uhseh,hiyahsehi,uhsh
395,402,he/she is showing him/her,FullEventful,apl[imp3],,False,ahseh,tsiyahseh,ahseh,uhseh,hiyahseh,uhsh
397,404,he/she is including him/her (refers to in counting),FullEventful,cause,,False,ahsehst,tsiyahsehst,ahsehst,uhsehst,hiyahsehst,uhsehst
397,404,he/she is including him/her (refers to in counting),FullEventful,cause[perf3],,False,ahsehst,tsiyahsehst,ahsehst,uhsehsth,hiyahsehst,uhsehst
397,404,he/she is including him/her (refers to in counting),FullEventful,cause[pres2],,False,ahsehstih,tsiyahsehstih,ahsehst,uhsehst,hiyahsehst,uhsehst
397,404,he/she is including him/her (refers to in counting),FullEventful,cause[pres2-perf3],,False,ahsehstih,tsiyahsehstih,ahsehst,uhsehsth,hiyahsehst,uhsehst
398,405,he/she is withdrawing (refers to a motion),FullEventful,ih-vh,,False,ahsehs,kahsehs,ahsehs,uhsehs,hahsehs,uhsehsv
398,405,he/she is withdrawing (refers to a motion),FullEventful,ih-vh[inf2],,False,ahsehs,kahsehs,ahsehs,uhsehs,hahsehs,uhsehs
400,407,he/she is reprimanding him/her,FullEventful,become,,False,ahska,tsihska,ahska,uhska,hihska,uhskay
400,407,he/she is reprimanding him/her,FullEventful,become[inf3],,False,ahska,tsihska,ahska,uhska,hihska,uhska
405,412,he/she is committing a crime,FullEventful,become,,False,ahskanv,tsihskanv,ahskanv,uhskanv,hihskanv,uhskanvy
405,412,he/she is committing a crime,FullEventful,become[inf3],,False,ahskanv,tsihskanv,ahskanv,uhskanv,hihskanv,uhskanv
411,418,he/she is gnawing it,FullEventful,i-a-i,,False,ahskok,tsihskok,ahskok,uhskok,hihskok,uhskok
412,419,he/she is mourning for him/her,FullEventful,hih-hil,,False,ahskon,tsihskon,ahskon,uhskon,hihskon,uhskon
413,420,he/she is rubbing him/her,FullEventful,e-a,,False,ahskoliy,tsiyahskoliy,ahskoliy,uhskoliy,hiyahskoliy,uhskoliy
414,421,he/she is erasing it,FullEventful,i-a-i,,False,ahskolvt,tsihskolvt,ahskolvt,uhskolvti'i,hihskolvt,uhskolvt
416,423,it’s fading,FullEventful,become,,False,ahskolv,,ahskolv,uhskolv,,uhskolvy
416,423,it’s fading,FullEventful,become[inf3],,False,ahskolv,,ahskolv,uhskolv,,uhskolv
417,424,he/she is digging it,FullEventful,sk-s-la,,False,ahsko,kahsko,ahsko,uhsko,hahsko,uhsko
417,424,he/she is digging it,FullEventful,sk-s-hst,,False,ahsko,kahsko,ahsko,uhsko,hahskola,uhsko
419,426,he/she is finishing it,FullEventful,i-a-i,,False,ahskwat,tsihskwat,ahskwat,uhskwat,hihskwat,uhskwat
421,428,he/she is catching him/her (refers to a falling person or object),FullEventful,rev-e,,False,ahskwalh,tsihskwalh,ahskwalh,uhskwalh,hihskwalh,uhskwalh
423,430,it’s getting shorter,FullEventful,become,,False,ahskwalo,tsihskwalo,ahskwalo,uhskwalo,hihskwalo,uhskwaloy
423,430,it’s getting shorter,FullEventful,become[inf3],,False,ahskwalo,tsihskwalo,ahskwalo,uhskwalo,hihskwalo,uhskwalo
424,431,he/she is breaking it (refers to a long object),FullEventful,sk-s-a[inf2],,False,ahskwal,tsihskwal,ahskwal,uhskwal,hihskwal,uhskwal
425,432,he/she is hitting him/her on the head with it (refers to a long object),FullEventful,ih-il,,False,ahskwalvn,tsihskwalvn,ahskwalvn,uhskwalvn,hihskwalvn,uhskwalvn
427,434,he/she is amazed,FullEventful,sk-s-hi-hihst,,False,ahskwaniko,tsihskwaniko,ahskwaniko,uhskwaniko,hihskwaniko,uhskwaniko
427,434,he/she is amazed,FullEventful,sk-s-hst[imp2],,False,ahskwaniko,tsihskwaniko,ahskwaniko,uhskwaniko,hihskwaniko,uhskwanikohi
427,434,he/she is amazed,FullEventful,sk-s-hst,,False,ahskwaniko,tsihskwaniko,ahskwaniko,uhskwaniko,hihskwanikohi,uhskwanikohi
429,436,he/she is hitting him/her on the abdomen with it (refers to a long object),FullEventful,ih-il,,False,ahskwohalvn,tsihskwohalvn,ahskwohalvn,uhskwohalvn,hihskwohalvn,uhskwohalvn
430,437,he/she is placing his/her hand on him/her,FullEventful,i-a-i,,False,ahsihthat,tsiyahsihthat,ahsihthat,uhsihthat,hiyahsihthat,uhsihthat
431,438,he/she is slapping him/her,FullEventful,ih-il,,False,ahsihthvn,tsiyahsihthvn,ahsihthvn,uhsihthvn,hiyahsihthvn,uhsihthvn
432,439,he/she is backing up,FullEventful,go,,False,ahsin,kahsin,ahsin,uhsin,hahsin,uhsin
432,439,he/she is backing up,FullEventful,go[pres2],,False,ahsinek,kahsinek,ahsin,uhsin,hahsin,uhsin
436,443,he/she is roping him/her,FullEventful,i-a-i,,False,ahslhat,tsihslhat,ahslhat,uhslhat,hihslhat,uhslhat
437,444,he/she is building a fence,FullEventful,oh-al,,False,ahsoy,kahsoy,ahsoy,uhsoy,hahsoy,uhsoy
439,446,he/she is waving his/her hand,FullEventful,rev-gi,,False,ahsolvta,kahsolvta,ahsolvta,uhsolvta,hahsolvta,uhsolvta
439,446,he/she is waving his/her hand,FullEventful,rev-i,,False,ahsolvtak,kahsolvtak,ahsolvtak,uhsolvtak,hahsolvtak,uhsolvtak
440,447,he/she is pressing down on him/her,FullEventful,cause,,False,ahsonhst,tsiyahsonhst,ahsonhst,uhsonhst,hiyahsonhst,uhsonhst
440,447,he/she is pressing down on him/her,FullEventful,cause[perf3],,False,ahsonhst,tsiyahsonhst,ahsonhst,uhsonhsth,hiyahsonhst,uhsonhst
440,447,he/she is pressing down on him/her,FullEventful,cause[pres2],,False,ahsonhstih,tsiyahsonhstih,ahsonhst,uhsonhst,hiyahsonhst,uhsonhst
440,447,he/she is pressing down on him/her,FullEventful,cause[pres2-perf3],,False,ahsonhstih,tsiyahsonhstih,ahsonhst,uhsonhsth,hiyahsonhst,uhsonhst
441,448,he/she is wounding him/her,FullEventful,sk-h,,False,ahsonv,tsihsonv,ahsonv,uhsonvn,hihsonvn,uhsonv
441,448,he/she is wounding him/her,FullEventful,sk-h[imp2],,False,ahsonv,tsihsonv,ahsonv,uhsonvn,hihsonvna,uhsonv
441,448,he/she is wounding him/her,FullEventful,vnh-vsk[inf4],,False,ahson,tsihson,ahson,uhson,hihson,uhson
444,451,he/she is fishing,FullEventful,hvsk-nh,,False,ahsu,kahsu,ahsu,uhsu,hahsu,uhsu
444,451,he/she is fishing,FullEventful,hvsk-nh[inf2],,False,ahsu,kahsu,ahsu,uhsu,hahsu,uhsu
445,452,he/she is painting it,FullEventful,sk-s-hst,,False,ahsuwhi,tsihsuwhi,ahsuwhi,uhsuwhi,hihsuwha,uhsuwhi
445,452,he/she is painting it,FullEventful,i-a-ihsk,,False,ahsuwh,tsihsuwh,ahsuwh,uhsuwh,hihsuwh,uhsuwh
446,453,he/she is changing his/her pants,FullEventful,v-vhs,,False,ahsula'iy,kahsula'iy,ahsula'iy,uhsula'iy,hahsula'iy,uhsula'iy
447,454,he/she is taking his/her pants off,FullEventful,rev-e,,False,ahsul,kahsul,ahsul,uhsul,hahsul,uhsul
448,455,he/she is putting his/her pants on,FullEventful,i-vka,,False,ahsul,kahsul,ahsul,uhsul,hahsul,uhsul
449,456,he/she is quitting,FullEventful,ko-kots,,False,ahsuli,tsihsuli,ahsuli,uhsuli,hihsuli,uhsuli
452,459,he/she is choosing him/her,FullEventful,rev-e,,False,ahsuy,tsiyahsuy,ahsuy,uhsuy,hiyahsuy,uhsuy
453,460,he/she is stirring it,FullEventful,apl-active,,False,ahsuy,kahsuy,ahsuy,uhsuy,hahsuy,uhsuy
453,460,he/she is stirring it,FullEventful,apl-active-a,,False,ahsuy,kahsuy,ahsuy,uhsuy,hahsuyvl,uhsuye
454,461,he/she is mixing it in,FullEventful,vsk,,False,ahsuy,kahsuy,ahsuy,uhsuy,hahsuyv',uhsuy
454,461,he/she is mixing it in,FullEventful,vsk[imp2],,False,ahsuy,kahsuy,ahsuy,uhsuy,hahsuy,uhsuy
455,462,it smells,FullEventful,become,,False,ahsv,tsihsv,ahsv,,,
455,462,it smells,FullEventful,stative-k,,True,ahsv,tsihsv,ahsv,,,
455,462,it smells,FullEventful,stative,,True,ahsvk,tsihsvk,ahsvk,,,
458,465,he/she is touching him/her,FullEventful,hih-hil,,False,ahsvn,tsiyahsvn,ahsvn,uhsvn,hiyahsvn,uhsvn
459,466,he/she is drinking it up,FullEventful,sk-h,,False,ahsvhv,tsihsvhv,ahsvhv,uhsvn,hihsvn,uhsvhv
459,466,he/she is drinking it up,FullEventful,sk-h[imp2],,False,ahsvhv,tsihsvhv,ahsvhv,uhsvn,hihsvnha,uhsvhv
459,466,he/she is drinking it up,FullEventful,terminative-no-o,,False,ahsv,tsihsv,ahsv,uhsv,hihsv,uhsv
463,470,he/she is holding his/her breath,FullEventful,cause,,False,athawhohst,ka'tawhohst,athawhohst,uthawhohst,hathawhohst,uthawhohst
463,470,he/she is holding his/her breath,FullEventful,cause[perf3],,False,athawhohst,ka'tawhohst,athawhohst,uthawhohsth,hathawhohst,uthawhohst
463,470,he/she is holding his/her breath,FullEventful,cause[pres2],,False,athawhohstih,ka'tawhohstih,athawhohst,uthawhohst,hathawhohst,uthawhohst
463,470,he/she is holding his/her breath,FullEventful,cause[pres2-perf3],,False,athawhohstih,ka'tawhohstih,athawhohst,uthawhohsth,hathawhohst,uthawhohst
464,471,he/she is mooring a boat,FullEventful,i-a-i,,False,athalat,tsithalat,athalat,uthalat,hithalat,uthalat
465,472,he/she is drilling a hole,FullEventful,sk-s-hst,,False,athale,tsithale,athale,uthale,hithalaka,uthale
467,474,it’s steaming,FullEventful,go,,False,athanol,,athanol,uthanol,,uthanol
467,474,it’s steaming,FullEventful,go[pres2],,False,athanolek,,athanol,uthanol,,uthanol
469,476,it’s exploding,FullEventful,rev-gi,,False,athahs,,athahs,uthahs,hathahs,uthahs
469,476,it’s exploding,FullEventful,rev-i,,False,athahsk,,athahsk,uthahsk,hathahsk,uthahsk
470,477,he/she is exploding it,FullEventful,cause,,False,athahskihst,tsithahskihst,athahskihst,uthahskihst,hathahskihst,uthahskihst
470,477,he/she is exploding it,FullEventful,cause[perf3],,False,athahskihst,tsithahskihst,athahskihst,uthahskihsth,hathahskihst,uthahskihst
470,477,he/she is exploding it,FullEventful,cause[pres2],,False,athahskihstih,tsithahskihstih,athahskihst,uthahskihst,hathahskihst,uthahskihst
470,477,he/she is exploding it,FullEventful,cause[pres2-perf3],,False,athahskihstih,tsithahskihstih,athahskihst,uthahskihsth,hathahskihst,uthahskihst
472,479,he/she is kissing him/her,FullEventful,vsk-post-v,,False,athaweto,tsitaweto,athaweto,uthaweto,hitaweto,uthaweto
473,480,he/she is combing someone’s hair,FullEventful,o,,False,athaw,tsithaw,athaw,uthaw,hithaw,uthahs
474,481,he/she is asking for it,FullEventful,hih-lh[imp2],,False,athayo,tsithayo,athayo,uthayo,hithayo,uthayo
475,482,he/she is joining,FullEventful,i-a-i,,False,athelat,kate'lat,athelat,uthelat,hathelat,uthelat
477,484,he/she is shaking him/her,FullEventful,episodic[imp2],,False,athel,tsithel,athel,uthel,hithel,uthel
477,484,he/she is shaking him/her,FullEventful,vnh-vsk,,False,athelvh,tsithelvh,athelvh,uthel,hithel,uthel
479,486,he/she is leading him/her,FullEventful,go[pres2],,False,athinh,tsiyathinh,athinh,uthinh,hiyathinh,uthinh
480,487,he/she is arguing,FullEventful,hih-lh,,False,athiyo,ka'tiyo,athiyo,uthiyo,hathiyo,uthiyo
482,489,he/she is running,FullEventful,stative-s,,True,atl,katitl,atlhi,,,
482,489,he/she is running,FullEventful,stative,,True,atlh,katitlh,atlhihs,,,
483,490,he/she is racing,FullEventful,a,,False,athohkiy,kathohkiy,athohkiy,uthohkiy,hathohkiy,uthohkiy
486,493,he/she is loaning it to him/her,FullEventful,cause,,False,atholhst,tsiyatholhst,atholhst,utholhst,hiyatholhst,utholhst
486,493,he/she is loaning it to him/her,FullEventful,cause[perf3],,False,atholhst,tsiyatholhst,atholhst,utholhsth,hiyatholhst,utholhst
486,493,he/she is loaning it to him/her,FullEventful,cause[pres2],,False,atholhstih,tsiyatholhstih,atholhst,utholhst,hiyatholhst,utholhst
486,493,he/she is loaning it to him/her,FullEventful,cause[pres2-perf3],,False,atholhstih,tsiyatholhstih,atholhst,utholhsth,hiyatholhst,utholhst
487,494,he/she is borrowing him/her,FullEventful,sk-s-a,,False,athol,tsiyathol,athol,uthol,hiyathol,uthol
488,495,it’s flashing (refers to reflected light),FullEventful,sk-s-a[inf2],,False,athoyaw,,athoyaw,uthoyaw,,uthoyaw
489,496,he/she is taking a bite,FullEventful,rev-e,,False,atst,katsihst,atst,utst,hatst,utst
490,497,he/she is lying,FullEventful,vsk-post-v,,False,atsko,katsihsko,atsko,utsko,hatsko,utsko
491,498,he/she is taking a drink (refers to alcoholic beverage),FullEventful,rev-gi,,False,athu,ka'tu,athu,uthu,hathu,uthu
491,498,he/she is taking a drink (refers to alcoholic beverage),FullEventful,rev-i,,False,athuk,ka'tuk,athuk,uthuk,hathuk,uthuk
493,500,he/she is promising,FullEventful,cause,,False,athu'ihst,tsithu'ihst,athu'ihst,uthu'ihst,hithu'ihst,uthu'ihst
493,500,he/she is promising,FullEventful,cause[perf3],,False,athu'ihst,tsithu'ihst,athu'ihst,uthu'ihsth,hithu'ihst,uthu'ihst
493,500,he/she is promising,FullEventful,cause[pres2],,False,athu'ihstih,tsithu'ihstih,athu'ihst,uthu'ihst,hithu'ihst,uthu'ihst
493,500,he/she is promising,FullEventful,cause[pres2-perf3],,False,athu'ihstih,tsithu'ihstih,athu'ihst,uthu'ihsth,hithu'ihst,uthu'ihst
494,501,he/she is listening to him/her,FullEventful,cause,,False,athvtahst,tsiyathvtahst,athvtahst,uthvtahst,hiyathvtahst,uthvtahst
494,501,he/she is listening to him/her,FullEventful,cause[perf3],,False,athvtahst,tsiyathvtahst,athvtahst,uthvtahsth,hiyathvtahst,uthvtahst
494,501,he/she is listening to him/her,FullEventful,cause[pres2],,False,athvtahstih,tsiyathvtahstih,athvtahst,uthvtahst,hiyathvtahst,uthvtahst
494,501,he/she is listening to him/her,FullEventful,cause[pres2-perf3],,False,athvtahstih,tsiyathvtahstih,athvtahst,uthvtahsth,hiyathvtahst,uthvtahst
495,502,he/she is asking him/her a question,FullEventful,hvsk-nh[inf2],,False,athvtv,tsiyathvtv,athvtv,uthvtv,hiyathvtv,uthvt
495,502,he/she is asking him/her a question,FullEventful,episodic,,False,athvt,tsiyathvt,athvt,uthvt,hiyathvt,uthvt
496,503,he/she hears him/her,FullEventful,i-vka,,False,athvk,tsiyathvk,athvk,uthvk,hiyathvk,uthvk
497,504,he/she is raising him/her,FullEventful,cause,,False,athvhihst,tsiya'tvhihst,athvhihst,uthvhihst,hiya'tvhihst,uthvhihst
497,504,he/she is raising him/her,FullEventful,cause[perf3],,False,athvhihst,tsiya'tvhihst,athvhihst,uthvhihsth,hiya'tvhihst,uthvhihst
497,504,he/she is raising him/her,FullEventful,cause[pres2],,False,athvhihstih,tsiya'tvhihstih,athvhihst,uthvhihst,hiya'tvhihst,uthvhihst
497,504,he/she is raising him/her,FullEventful,cause[pres2-perf3],,False,athvhihstih,tsiya'tvhihstih,athvhihst,uthvhihsth,hiya'tvhihst,uthvhihst
498,505,he/she is growing,FullEventful,sk-s-hi-hihst,,False,athv,ka'tv,athv,uthv,hathv,uthv
498,505,he/she is growing,FullEventful,sk-s-hst[imp2],,False,athv,ka'tv,athv,uthv,hathv,uthvhi
498,505,he/she is growing,FullEventful,sk-s-hst,,False,athv,ka'tv,athv,uthv,hathvhi,uthvhi
502,509,he/she is inside,FullEventful,stative-a',,True,ay,tsiy,ay,,,
502,509,he/she is inside,FullEventful,stative,,True,aya',tsiya',aya',,,
507,514,he/she is waking up,FullEventful,become,,False,aye,tsiye,aye,uye,hiye,uye'i
507,514,he/she is waking up,FullEventful,become[inf2],,False,aye,tsiye,aye,uye,hiye,uye
507,514,he/she is waking up,FullEventful,become[inf4],,False,aye,tsiye,aye,uye,hiye,uye'
509,516,he/she is waking him/her up,FullEventful,cause,,False,aye'ihst,tsiye'ihst,aye'ihst,uye'ihst,hiye'ihst,uye'ihst
509,516,he/she is waking him/her up,FullEventful,cause[perf3],,False,aye'ihst,tsiye'ihst,aye'ihst,uye'ihsth,hiye'ihst,uye'ihst
509,516,he/she is waking him/her up,FullEventful,cause[pres2],,False,aye'ihstih,tsiye'ihstih,aye'ihst,uye'ihst,hiye'ihst,uye'ihst
509,516,he/she is waking him/her up,FullEventful,cause[pres2-perf3],,False,aye'ihstih,tsiye'ihstih,aye'ihst,uye'ihsth,hiye'ihst,uye'ihst
511,518,he/she is putting him/her inside (refers to somewhere large enough to move around in),FullEventful,cause,,False,ayht,tsiyvt,ayht,uyht,hiyvt,uyht
511,518,he/she is putting him/her inside (refers to somewhere large enough to move around in),FullEventful,cause[perf3],,False,ayht,tsiyvt,ayht,uyhth,hiyvt,uyht
511,518,he/she is putting him/her inside (refers to somewhere large enough to move around in),FullEventful,cause[pres2],,False,ayhtih,tsiyvtih,ayht,uyht,hiyvt,uyht
511,518,he/she is putting him/her inside (refers to somewhere large enough to move around in),FullEventful,cause[pres2-perf3],,False,ayhtih,tsiyvtih,ayht,uyhth,hiyvt,uyht
513,520,he/she is getting it (refers to a long object),FullEventful,ih-vh,,False,ay,tsiy,ay,uy,hiy,uy
515,522,it’s breaking,FullEventful,become,,False,ayo,tsiyo,ayo,uyo,hiyo,uyoy
515,522,it’s breaking,FullEventful,become[inf3],,False,ayo,tsiyo,ayo,uyo,hiyo,uyo
516,523,he/she is shooting him/her,FullEventful,hih-lh[imp2],,False,ayo,tsiyo,ayo,uyo,hiyo,uyo
517,524,he/she is taking a break,FullEventful,cause,,False,ayohihst,tsi'yohihst,ayohihst,uyohihst,hiyohihst,uyohihst
517,524,he/she is taking a break,FullEventful,cause[perf3],,False,ayohihst,tsi'yohihst,ayohihst,uyohihsth,hiyohihst,uyohihst
517,524,he/she is taking a break,FullEventful,cause[pres2],,False,ayohihstih,tsi'yohihstih,ayohihst,uyohihst,hiyohihst,uyohihst
517,524,he/she is taking a break,FullEventful,cause[pres2-perf3],,False,ayohihstih,tsi'yohihstih,ayohihst,uyohihsth,hiyohihst,uyohihst
519,526,he/she is whittling it,FullEventful,hvsk-han[inf2],,False,ayol,tsiyol,ayol,uyol,hiyol,uyol
522,529,he/she is breaking it up,FullEventful,cause,,False,ayol,tsiyol,ayo'ihst,uyo'ihst,hiyo'ihst,uyo'ihst
522,529,he/she is breaking it up,FullEventful,cause[perf3],,False,ayol,tsiyol,ayo'ihst,uyo'ihsth,hiyo'ihst,uyo'ihst
522,529,he/she is breaking it up,FullEventful,cause[pres2],,False,ayolih,tsiyolih,ayo'ihst,uyo'ihst,hiyo'ihst,uyo'ihst
522,529,he/she is breaking it up,FullEventful,cause[pres2-perf3],,False,ayolih,tsiyolih,ayo'ihst,uyo'ihsth,hiyo'ihst,uyo'ihst
523,530,he/she is greeting him/her,FullEventful,ih-il,,False,ayol,tsiyol,ayol,uyol,hiyol,uyol
524,531,he/she is breaking it,FullEventful,cause,,False,ayohst,tsiyohst,ayohst,uyohst,hiyohst,uyohst
524,531,he/she is breaking it,FullEventful,cause[perf3],,False,ayohst,tsiyohst,ayohst,uyohsth,hiyohst,uyohst
524,531,he/she is breaking it,FullEventful,cause[pres2],,False,ayohstih,tsiyohstih,ayohst,uyohst,hiyohst,uyohst
524,531,he/she is breaking it,FullEventful,cause[pres2-perf3],,False,ayohstih,tsiyohstih,ayohst,uyohsth,hiyohst,uyohst
526,533,he/she is destroying it,FullEventful,sk-h,,False,ayohsthanohv,tsiyohsthanohv,ayohsthanohv,uyohsthanon,hiyohsthanon,uyohsthanohv
526,533,he/she is destroying it,FullEventful,sk-h[imp2],,False,ayohsthanohv,tsiyohsthanohv,ayohsthanohv,uyohsthanon,hiyohsthanonha,uyohsthanohv
526,533,he/she is destroying it,FullEventful,terminative,,False,ayohsthan,tsiyohsthan,ayohsthan,uyohsthan,hiyohsthan,uyohsthan
526,533,he/she is destroying it,FullEventful,terminative-no-o,,False,ayohsthano,tsiyohsthano,ayohsthano,uyohsthano,hiyohsthano,uyohsthano
529,536,he/she is entering it,FullEventful,hih-lh[imp2],,False,ayv,tsiyv,ayv,uyv,hiyv,uyv
530,537,he/she is finding it (refers to a long object),FullEventful,ih-vh,,False,ayvwhahth,tsiyvwahth,ayvwhahth,uyvwhahth,hiyvwhahth,uyvwhahthv
530,537,he/she is finding it (refers to a long object),FullEventful,ih-vh[inf2],,False,ayvwhahth,tsiyvwahth,ayvwhahth,uyvwhahth,hiyvwhahth,uyvwhahth
531,538,he/she is taking it somewhere (refers to a long object),FullEventful,ih-vh,,False,ayvwhit,tsiyvwit,ayvwhit,uyvwhit,hiyvwhit,uyvwhit
539,549,he/she is making an X,FullEventful,cause,,False,tatanhawhst,tekatanawhst,tatanhawhst,tutanhawhst,thatanhawhst,tsutanhawhst
539,549,he/she is making an X,FullEventful,cause[perf3],,False,tatanhawhst,tekatanawhst,tatanhawhst,tutanhawhsth,thatanhawhst,tsutanhawhst
539,549,he/she is making an X,FullEventful,cause[pres2],,False,tatanhawhstih,tekatanawhstih,tatanhawhst,tutanhawhst,thatanhawhst,tsutanhawhst
539,549,he/she is making an X,FullEventful,cause[pres2-perf3],,False,tatanhawhstih,tekatanawhstih,tatanhawhst,tutanhawhsth,thatanhawhst,tsutanhawhst
541,551,he/she is conjuring,FullEventful,e-aka,,False,tatanhehs,tekatanehs,tatanhehs,tutanhehs,thatanhehs,tsutanhehs
542,552,he/she is accepting him/her,FullEventful,become,,False,tatanilv,tetsiyatanilv,tatanilv,tutanilv,thiyatanilv,tsutanilv
543,553,he/she is dodging,FullEventful,cause,,False,tatanvtihst,tekatanvtihst,tatanvtihst,tutanvtihst,thatanvtihst,tsutanvtihst
543,553,he/she is dodging,FullEventful,cause[perf3],,False,tatanvtihst,tekatanvtihst,tatanvtihst,tutanvtihsth,thatanvtihst,tsutanvtihst
543,553,he/she is dodging,FullEventful,cause[pres2],,False,tatanvtihstih,tekatanvtihstih,tatanvtihst,tutanvtihst,thatanvtihst,tsutanvtihst
543,553,he/she is dodging,FullEventful,cause[pres2-perf3],,False,tatanvtihstih,tekatanvtihstih,tatanvtihst,tutanvtihsth,thatanvtihst,tsutanvtihst
544,554,he/she is performing baptism,FullEventful,o,,False,tataw,tekataw,tataw,tutaw,thataw,tsutaw
545,555,he/she is giving up,FullEventful,sk-s-hi-hihst,,False,tatayo,tekatayo,tatayo,tutayo,thatayo,tsutayo
545,555,he/she is giving up,FullEventful,sk-s-hst[imp2],,False,tatayo,tekatayo,tatayo,tutayo,thatayo,tsutayohi
545,555,he/she is giving up,FullEventful,sk-s-hst,,False,tatayo,tekatayo,tatayo,tutayo,thatayohi,tsutayohi
546,556,he/she is teaching,FullEventful,hvsk-nh,,False,tateyho,tekateyo,tateyho,tuteyo,thateyho,tsuteyho
546,556,he/she is teaching,FullEventful,hvsk-nh[inf2],,False,tateyho,tekateyo,tateyho,tuteyo,thateyho,tsuteyho
546,556,he/she is teaching,FullEventful,hvsk-nh[inf4],,False,tateyho,tekateyo,tateyho,tuteyo,thateyho,tsuteyh
547,557,he/she is weeping,FullEventful,hih-hil,,False,tatloy,tekatloy,tatloy,tutloy,thatloy,tsutloy
548,558,he/she is being married,FullEventful,cause,,False,takatshvhst,tvkwatshvhst,takatshvhst,takatshvhst,witetsatshvhst,tsakatshvhst
548,558,he/she is being married,FullEventful,cause[perf3],,False,takatshvhst,tvkwatshvhst,takatshvhst,takatshvhsth,witetsatshvhst,tsakatshvhst
548,558,he/she is being married,FullEventful,cause[pres2],,False,takatshvhstih,tvkwatshvhstih,takatshvhst,takatshvhst,witetsatshvhst,tsakatshvhst
548,558,he/she is being married,FullEventful,cause[pres2-perf3],,False,takatshvhstih,tvkwatshvhstih,takatshvhst,takatshvhsth,witetsatshvhst,tsakatshvhst
550,560,he/she is setting a price,FullEventful,cause,,False,takvwalht,tetsikvwalot,takvwalht,tukvwalht,thikvwalht,tsukvwalht
550,560,he/she is setting a price,FullEventful,cause[perf3],,False,takvwalht,tetsikvwalot,takvwalht,tukvwalhth,thikvwalht,tsukvwalht
550,560,he/she is setting a price,FullEventful,cause[pres2],,False,takvwalhtih,tetsikvwalotih,takvwalht,tukvwalht,thikvwalht,tsukvwalht
550,560,he/she is setting a price,FullEventful,cause[pres2-perf3],,False,takvwalhtih,tetsikvwalotih,takvwalht,tukvwalhth,thikvwalht,tsukvwalht
552,562,he/she is rocking,FullEventful,apl-active,,False,talhihk,tekalihk,talhihk,tulhihk,thalhihk,tsulhihk
552,562,he/she is rocking,FullEventful,apl-active-a,,False,talhihk,tekalihk,talhihk,tulhihk,thalhihkvl,tsulhihke
553,563,he/she is drawing a picture of him/her,FullEventful,cause,,False,talhilohst,tetsiyatlilohst,talhilohst,tulhilohst,thiyatlilohst,tsulhilohst
553,563,he/she is drawing a picture of him/her,FullEventful,cause[perf3],,False,talhilohst,tetsiyatlilohst,talhilohst,tulhilohsth,thiyatlilohst,tsulhilohst
553,563,he/she is drawing a picture of him/her,FullEventful,cause[pres2],,False,talhilohstih,tetsiyatlilohstih,talhilohst,tulhilohst,thiyatlilohst,tsulhilohst
553,563,he/she is drawing a picture of him/her,FullEventful,cause[pres2-perf3],,False,talhilohstih,tetsiyatlilohstih,talhilohst,tulhilohsth,thiyatlilohst,tsulhilohst
554,564,he/she is conversing,FullEventful,apl-active-h,,False,talhino,tekalino,talhino,tulhino,thalhino,tsulhino
555,565,he/she is jumping,FullEventful,go-in,,False,talhthat,tekalithat,talhthat,tulhthat,thalhthat,tsulhthat
557,567,he/she is changing clothes,FullEventful,v-vhs,,False,tanhawa'iy,tekaniwa'iy,tanhawa'iy,tunhawa'iy,thanhawa'iy,tsunhawa'iy
558,568,he/she is undressing,FullEventful,rev-e,,False,tanhaw,tekaniw,tanhaw,tunhaw,thanhaw,tsunhaw
559,569,he/she is putting on clothes,FullEventful,o,,False,tanhaw,tekaniw,tanhaw,tunhaw,thanhaw,tsunhaw
561,571,he/she is putting fuel into a fire (refers to solid fuel),FullEventful,hvsk-han,,False,tahvt,tetsi'vt,tahvt,tuhvt,thihvt,tsuhvt
562,572,he/she is tickling him/her,FullEventful,i-a-i,,False,tayhvk,tetsiyvk,tayhvk,tuyhvk,thiyvk,tsuyhvk
564,574,he/she is squatting,FullEventful,husk,,False,tatsil,tekatsil,tatsil,tutsil,thatsil,tsukil
565,575,he/she is tying it,FullEventful,hih-lh,,False,takhane,tetsikane,takhane,tukhane,thikhane,tsukhane
566,576,he/she is untying it,FullEventful,ih-vh,,False,takhaneyh,tetsikaneyh,takhaneyh,tukhaneyh,thikhaneyh,tsukhaneyhv
566,576,he/she is untying it,FullEventful,ih-vh[inf2],,False,takhaneyh,tetsikaneyh,takhaneyh,tukhaneyh,thikhaneyh,tsukhaneyh
567,577,he/she is looking after him/her,FullEventful,be-at,,False,takhanowatit,tetsikanowatit,takhanowatit,tukhanowatit,thikanowatit,tsukhanowatit
568,578,he/she is becoming blind,FullEventful,become,,False,takhewa,tetsi'kewa,takhewa,tukhewa,thikhewa,tsukhewa'i
568,578,he/she is becoming blind,FullEventful,become[inf2],,False,takhewa,tetsi'kewa,takhewa,tukhewa,thikhewa,tsukhewa
568,578,he/she is becoming blind,FullEventful,become[inf4],,False,takhewa,tetsi'kewa,takhewa,tukhewa,thikhewa,tsukhewa'
571,581,he/she is making smoke,FullEventful,cause,,False,takhsvhst,tetsikahsvhst,takhsvhst,tukhsvhst,thikhsvhst,tsukhsvhst
571,581,he/she is making smoke,FullEventful,cause[perf3],,False,takhsvhst,tetsikahsvhst,takhsvhst,tukhsvhsth,thikhsvhst,tsukhsvhst
571,581,he/she is making smoke,FullEventful,cause[pres2],,False,takhsvhstih,tetsikahsvhstih,takhsvhst,tukhsvhst,thikhsvhst,tsukhsvhst
571,581,he/she is making smoke,FullEventful,cause[pres2-perf3],,False,takhsvhstih,tetsikahsvhstih,takhsvhst,tukhsvhsth,thikhsvhst,tsukhsvhst
572,582,he/she is blinking,FullEventful,sk-s-a[inf2],,False,takhthanaw,tekakathanaw,takhthanaw,tukhthanaw,thakhthanawh,tsukhthanaw
573,583,he/she is closing his eyes,FullEventful,cause,,False,takhthahst,tekakathahst,takhthahst,tukhthahst,thakhthahst,tsukhthahst
573,583,he/she is closing his eyes,FullEventful,cause[perf3],,False,takhthahst,tekakathahst,takhthahst,tukhthahsth,thakhthahst,tsukhthahst
573,583,he/she is closing his eyes,FullEventful,cause[pres2],,False,takhthahstih,tekakathahstih,takhthahst,tukhthahst,thakhthahst,tsukhthahst
573,583,he/she is closing his eyes,FullEventful,cause[pres2-perf3],,False,takhthahstih,tekakathahstih,takhthahst,tukhthahsth,thakhthahst,tsukhthahst
574,584,he/she is attacking him/her,FullEventful,go,,False,takhthil,tetsikathil,takhthil,tukhthil,thikathil,tsukhthil
574,584,he/she is attacking him/her,FullEventful,go[pres2],,False,takhthilek,tetsikathilek,takhthil,tukhthil,thikathil,tsukhthil
575,585,he/she is taking off his/her glasses,FullEventful,rev-e,,False,takhthinvt,tekakathinvt,takhthinvt,tukhthinvt,thakhthinvt,tsukhthinvt
576,586,he/she is putting on glasses,FullEventful,hvsk-han,,False,takhthinvt,tekakathinvt,takhthinvt,tukhthinvt,thakhthinvt,tsukhthinvt
577,587,he/she is shelling corn,FullEventful,ih-vh,,False,takhtlh,tetsikatlh,takhtlh,tukhtlh,thikhtlh,tsukhtlhv
577,587,he/she is shelling corn,FullEventful,ih-vh[inf2],,False,takhtlh,tetsikatlh,takhtlh,tukhtlh,thikhtlh,tsukhtlh
578,588,he/she is snoring,FullEventful,rev-gi,,False,takwhala,tetsikwhala,takwhala,tukwhala,thikwhala,tsukwhala
578,588,he/she is snoring,FullEventful,rev-i,,False,takwhalak,tetsikwhalak,takwhalak,tukwhalak,thikwhalak,tsukwhalak
579,589,he/she is sprinkling it (with a liquid‚ powder‚ salt‚ etc.),FullEventful,vsk-post-v,,False,takwhayo,tetsikwhayo,takwhayo,tukwhayo,thikwhayo,tsukwhako
582,592,he/she is putting on shoes,FullEventful,hvsk-han,,False,talahsul,tekalahsul,talahsul,tulahsul,thalahsul,tsulahsul
583,593,he/she is changing shoes,FullEventful,v-vhs,,False,talahsula'iy,tekalahsula'iy,talahsula'iy,tulahsula'iy,thalahsula'iy,tsulahsula'iy
584,594,he/she is taking off his/her shoes,FullEventful,rev-e,,False,talahsul,tekalahsul,talahsul,tulahsul,thalahsul,tsulahsul
585,595,he/she is helping him/her up,FullEventful,cause,,False,taleht,tetsiyalet,taleht,tuleht,thiyalet,tsuleht
585,595,he/she is helping him/her up,FullEventful,cause[perf3],,False,taleht,tetsiyalet,taleht,tulehth,thiyalet,tsuleht
585,595,he/she is helping him/her up,FullEventful,cause[pres2],,False,talehtih,tetsiyaletih,taleht,tuleht,thiyalet,tsuleht
585,595,he/she is helping him/her up,FullEventful,cause[pres2-perf3],,False,talehtih,tetsiyaletih,taleht,tulehth,thiyalet,tsuleht
586,596,he/she is recuperating,FullEventful,cause[perf2],,False,talehihs,tekale'ihs,talehihs,tulehihs,thalehihs,tsulehihs
586,596,he/she is recuperating,FullEventful,cause[pres2-perf2],,False,talehihsih,tekale'ihsih,talehihs,tulehihs,thalehihs,tsulehihs
587,597,he/she is getting up (from sitting or from involuntarily assumed prone position),FullEventful,hvsk-nh,,False,tale,tekale,tale,tule,thale,tsule
587,597,he/she is getting up (from sitting or from involuntarily assumed prone position),FullEventful,hvsk-nh[inf2],,False,tale,tekale,tale,tule,thale,tsule
589,599,he/she is taking off his/her gloves,FullEventful,rev-e,,False,taliyehsul,tekaliyehsul,taliyehsul,tuliyehsul,thaliyehsul,tsuliyehsul
590,600,he/she is putting on his/her gloves,FullEventful,i-vka,,False,taliyehsul,tekaliyehsul,taliyehsul,tuliyehsul,thaliyehsul,tsuliyehsul
591,601,he/she is taking off his/her socks,FullEventful,rev-gi,,False,taliyo,tekaliyo,taliyo,tuliyo,thaliyo,tsuliyo
591,601,he/she is taking off his/her socks,FullEventful,rev-i,,False,taliyok,tekaliyok,taliyok,tuliyok,thaliyok,tsuliyok
592,602,he/she is putting on his/her socks,FullEventful,hih-lh,,False,taliyo,tekaliyo,taliyo,tuliyo,thaliyo,tsuliyo
593,603,he/she is changing his/her socks,FullEventful,ih-vh[imperf2],,False,taliyohs,tekaliyohs,taliyohs,tuliyohs,thaliyohs,tsuliyohsv
593,603,he/she is changing his/her socks,FullEventful,ih-vh[imperf2-inf2],,False,taliyohs,tekaliyohs,taliyohs,tuliyohs,thaliyohs,tsuliyohs
594,604,he/she is aiming at him/her,FullEventful,cause,,False,talhsohst,tetsiyalihsohst,talhsohst,tulhsohst,thiyalihsohst,tsulhsohst
594,604,he/she is aiming at him/her,FullEventful,cause[perf3],,False,talhsohst,tetsiyalihsohst,talhsohst,tulhsohsth,thiyalihsohst,tsulhsohst
594,604,he/she is aiming at him/her,FullEventful,cause[pres2],,False,talhsohstih,tetsiyalihsohstih,talhsohst,tulhsohst,thiyalihsohst,tsulhsohst
594,604,he/she is aiming at him/her,FullEventful,cause[pres2-perf3],,False,talhsohstih,tetsiyalihsohstih,talhsohst,tulhsohsth,thiyalihsohst,tsulhsohst
596,606,they are having a trial,FullEventful,be-at,,False,tanatahi'lit,totsatahi'lit,tanatahi'lit,tunatahi'lit,titsatahi'lit,tsunatahi'lit
597,607,they are meeting,FullEventful,sk-s-hi-hihst,,False,tanatlo,totsatlo,tanatlo,tunatlo,titsatlo,tsunatlo
597,607,they are meeting,FullEventful,sk-s-hst[imp2],,False,tanatlo,totsatlo,tanatlo,tunatlo,titsatlo,tsunatlohi
597,607,they are meeting,FullEventful,sk-s-hst,,False,tanatlo,totsatlo,tanatlo,tunatlo,titsatlohi,tsunatlohi
598,608,they are separating,FullEventful,ih-vh,,False,tanakalen,tohstakalen,tanakalen,tunakalen,tihstakalen,tsunakalen
599,609,he/she is playing with him/her,FullEventful,cause,,False,tanelht,tetsiyanelht,tanelht,tunelht,thiyanelht,tsunelht
599,609,he/she is playing with him/her,FullEventful,cause[perf3],,False,tanelht,tetsiyanelht,tanelht,tunelhth,thiyanelht,tsunelht
599,609,he/she is playing with him/her,FullEventful,cause[pres2],,False,tanelhtih,tetsiyanelhtih,tanelht,tunelht,thiyanelht,tsunelht
599,609,he/she is playing with him/her,FullEventful,cause[pres2-perf3],,False,tanelhtih,tetsiyanelhtih,tanelht,tunelhth,thiyanelht,tsunelht
600,610,he/she is playing,FullEventful,hvsk-nh[inf2],,False,tanelo,tekanelo,tanelo,tunelo,thanelo,tsunel
601,611,they’re having church services,FullEventful,become,,False,tanilawi,totsilawi,tanilawi,tunilawi,titsilawi,tsunilawi
601,611,they’re having church services,FullEventful,become[inf4],,False,tanilawi,totsilawi,tanilawi,tunilawi,titsilawi,tsunilaw
603,613,they are adjourning,FullEventful,sk-s-hi-hihst,,False,taniyeli,totsiyeli,taniyeli,tuniyeli,titsiyeli,tsuniyeli
603,613,they are adjourning,FullEventful,sk-s-hst[imp2],,False,taniyeli,totsiyeli,taniyeli,tuniyeli,titsiyeli,tsuniyelihi
603,613,they are adjourning,FullEventful,sk-s-hst,,False,taniyeli,totsiyeli,taniyeli,tuniyeli,titsiyelihi,tsuniyelihi
604,614,he/she is shooting at him/her,FullEventful,hih-lh[imp2],,False,tahstayo,tetsihstayo,tahstayo,tuhstayo,thihstayo,tsuhstayo
605,615,he/she is splitting it,FullEventful,sk-h,,False,tahstlu,tetsihstlu,tahstlu,tuhstluy,thihstluy,tsuhstlu
605,615,he/she is splitting it,FullEventful,sk-h-yh,,False,tahstlu,tetsihstlu,tahstlu,tuhstlu,thihstlu,tsuhstlu
605,615,he/she is splitting it,FullEventful,sk-h[imp2],,False,tahstlu,tetsihstlu,tahstlu,tuhstluy,thihstluyha,tsuhstlu
606,616,he/she is sprinkling it (with liquid),FullEventful,i-a-i,,False,tahstutl,tetsihstutl,tahstutl,tuhstutl,thihstutl,tsuhstutl
607,617,he/she is counting it,FullEventful,hih-lh,,False,tahse,tekahse,tahse,tuhse,thahse,tsuhse
608,618,he/she is cursing him/her,FullEventful,i-a-i,,False,tahskinat,tetsihskinat,tahskinat,tuhskinat,thihskinat,tsuhskinat
609,619,he/she is clapping his/her hands,FullEventful,ih-il,,False,tahsihthvn,tekahsihthvn,tahsihthvn,tuhsihthvn,thahsihthvn,tsuhsihthvn
610,620,he/she is getting exhausted,FullEventful,sk-s-hi-hihst,,False,tahsthaye,tekahsthaye,tahsthaye,tuhsthaye,thahsthaye,tsuhsthaye
610,620,he/she is getting exhausted,FullEventful,sk-s-hst[imp2],,False,tahsthaye,tekahsthaye,tahsthaye,tuhsthaye,thahsthaye,tsuhsthayehi
610,620,he/she is getting exhausted,FullEventful,sk-s-hst,,False,tahsthaye,tekahsthaye,tahsthaye,tuhsthaye,thahsthayehi,tsuhsthayehi
611,621,it’s barking,FullEventful,sk-s-hst,,False,tahsuwhi,tekahsuwhi,tahsuwhi,tuhsuwhi,thahsuwha,tsuhsuwhi
611,621,it’s barking,FullEventful,i-a-ihsk,,False,tahsuwh,tekahsuwh,tahsuwh,tuhsuwh,thahsuwh,tsuhsuwh
612,622,he/she is scheduling a time,FullEventful,cause,,False,tahsvhst,tetsihsvhst,tahsvhst,tuhsvhst,thihsvhst,tsuhsvhst
612,622,he/she is scheduling a time,FullEventful,cause[perf3],,False,tahsvhst,tetsihsvhst,tahsvhst,tuhsvhsth,thihsvhst,tsuhsvhst
612,622,he/she is scheduling a time,FullEventful,cause[pres2],,False,tahsvhstih,tetsihsvhstih,tahsvhst,tuhsvhst,thihsvhst,tsuhsvhst
612,622,he/she is scheduling a time,FullEventful,cause[pres2-perf3],,False,tahsvhstih,tetsihsvhstih,tahsvhst,tuhsvhsth,thihsvhst,tsuhsvhst
613,623,he/she is ironing,FullEventful,sk-s-la,,False,tathe,tetsithe,tathe,tuthe,thithv,tsuthe
613,623,he/she is ironing,FullEventful,sk-s-hst,,False,tathe,tetsithe,tathe,tuthe,thithvla,tsuthe
618,628,he/she is releasing him/her,FullEventful,sk-s-hi-hihst,,False,tayo,tetsiyo,tayo,tuyo,thiyo,tsuyo
618,628,he/she is releasing him/her,FullEventful,sk-s-hst[imp2],,False,tayo,tetsiyo,tayo,tuyo,thiyo,tsuyohi
618,628,he/she is releasing him/her,FullEventful,sk-s-hst,,False,tayo,tetsiyo,tayo,tuyo,thiyohi,tsuyohi
620,631,he/she is slamming him/her,FullEventful,cause,,False,tekalvtvnihst,tetsilvtvnihst,tekalvtvnihst,tulvtvnihst,thilvtvnihst,tsulvtvnihst
620,631,he/she is slamming him/her,FullEventful,cause[perf3],,False,tekalvtvnihst,tetsilvtvnihst,tekalvtvnihst,tulvtvnihsth,thilvtvnihst,tsulvtvnihst
620,631,he/she is slamming him/her,FullEventful,cause[pres2],,False,tekalvtvnihstih,tetsilvtvnihstih,tekalvtvnihst,tulvtvnihst,thilvtvnihst,tsulvtvnihst
620,631,he/she is slamming him/her,FullEventful,cause[pres2-perf3],,False,tekalvtvnihstih,tetsilvtvnihstih,tekalvtvnihst,tulvtvnihsth,thilvtvnihst,tsulvtvnihst
621,632,he/she is crossing (refers to a road‚ bridge‚ etc.),FullEventful,sk-s-hi-hihst,,False,tekanatiw,tetsinatiw,tekanatiw,tunatiw,thinatiw,tsunatiw
622,633,he/she is advertising it,FullEventful,hvsk-han,,False,tekanotsal,tetsinotsal,tekanotsal,tunotsal,thinotsal,tsunotsal
623,634,he/she is crossing it (refers to a body of water),FullEventful,become,,False,tekahsoh,tetsihsoh,tekahsoh,tuwahsoh,thihsoh,tsuwahsohi
623,634,he/she is crossing it (refers to a body of water),FullEventful,become[inf4],,False,tekahsoh,tetsihsoh,tekahsoh,tuwahsoh,thihsoh,tsuwahsoh
625,636,he/she is explaining it (refers to a Biblical text),FullEventful,cause[perf2],,False,tekohsihs,tekohsihs,tekohsihs,tuwohsihs,thohsihs,tsuwohsihs
625,636,he/she is explaining it (refers to a Biblical text),FullEventful,cause[pres2-perf2],,False,tekohsihsih,tekohsihsih,tekohsihs,tuwohsihs,thohsihs,tsuwohsihs
626,637,he/she is deciding,FullEventful,cause,,False,tekukht,tekukot,tekukht,tuwukht,thukht,tsuwukht
626,637,he/she is deciding,FullEventful,cause[perf3],,False,tekukht,tekukot,tekukht,tuwukhth,thukht,tsuwukht
626,637,he/she is deciding,FullEventful,cause[pres2],,False,tekukhtih,tekukotih,tekukht,tuwukht,thukht,tsuwukht
626,637,he/she is deciding,FullEventful,cause[pres2-perf3],,False,tekukhtih,tekukotih,tekukht,tuwukhth,thukht,tsuwukht
627,638,he/she is washing (refers to dishes),FullEventful,e-a,,False,tekvtiy,tekvtiy,tekvtiy,tuwatiy,thvtiy,tsuwatiy
628,639,he/she is shelling (refers to peas‚ nut meats‚ etc),FullEventful,rev-i,,False,tekvthoh,tekvthoh,tekvthoh,tuwvthoh,thvthoh,tsuwvthoh
630,641,he/she is turning him/her over,FullEventful,go-in,,False,tekhalihkwat,tetsilihkwat,tekhalihkwat,tulhihkwat,thilihkwat,tsulhihkwat
631,642,he/she is singing,FullEventful,rev-gi,,False,tekhano,tetsino,tekhano,tunho,thinho,tsunho
631,642,he/she is singing,FullEventful,rev-i,,False,tekhanok,tetsinok,tekhanok,tunhok,thinhok,tsunhok
632,643,he/she is clawing him/her,FullEventful,sk-s-la,,False,tekhanuko,tetsinuko,tekhanuko,tunhuko,thinuko,tsunhuko
632,643,he/she is clawing him/her,FullEventful,sk-s-hst,,False,tekhanuko,tetsinuko,tekhanuko,tunhuko,thinukola,tsunhuko
634,645,he/she is washing (refers to flexible objects including clothes),FullEventful,o,,False,tekhkil,tekvkil,tekhkil,tuhkil,thvhkil,tsuhkil
722,740,he/she is confronted with it,FullEventful,sk-s-hi-hihst,,False,tutlo,takwatlo,tutlo,tutlo,titsatlo,tsutlo
722,740,he/she is confronted with it,FullEventful,sk-s-hst[imp2],,False,tutlo,takwatlo,tutlo,tutlo,titsatlo,tsutlohi
722,740,he/she is confronted with it,FullEventful,sk-s-hst,,False,tutlo,takwatlo,tutlo,tutlo,titsatlohi,tsutlohi
724,742,he/she is staggering,FullEventful,cause,,False,tutokht,takwatokht,tutokht,tutokht,titsatokht,tsutokht
724,742,he/she is staggering,FullEventful,cause[perf3],,False,tutokht,takwatokht,tutokht,tutokhth,titsatokht,tsutokht
724,742,he/she is staggering,FullEventful,cause[pres2],,False,tutokhtih,takwatokhtih,tutokht,tutokht,titsatokht,tsutokht
724,742,he/she is staggering,FullEventful,cause[pres2-perf3],,False,tutokhtih,takwatokhtih,tutokht,tutokhth,titsatokht,tsutokht
725,743,he/she is getting a rash,FullEventful,sk-s-hi-hihst,,False,tukwenothi,takikwenothi,tukwenothi,tukwenothi,titsakwenothi,tsukwenot
725,743,he/she is getting a rash,FullEventful,sk-s-hst[imp2],,False,tukwenothi,takikwenothi,tukwenothi,tukwenothi,titsakwenothi,tsukwenothi
725,743,he/she is getting a rash,FullEventful,sk-s-hst,,False,tukwenothi,takikwenothi,tukwenothi,tukwenothi,titsakwenothihi,tsukwenothi
726,744,he/she has horns,FullEventful,stative-k,,True,tulh,takilh,tulh,tulh,tetsalh,
726,744,he/she has horns,FullEventful,stative,,True,tulhk,takilhk,tulhk,tulhk,tetsalhk,
727,745,he/she is sneezing,FullEventful,sk-h,,False,tuyhvhstoy,takhiyvhstoy,tuyhvhstoy,tuyhvhstoy,titshayvhstoy,tsuyhvhstoy
727,745,he/she is sneezing,FullEventful,sk-h[imp2],,False,tuyhvhstoy,takhiyvhstoy,tuyhvhstoy,tuyhvhstoy,titshayvhstoyha,tsuyhvhstoy
728,746,he/she is vomiting,FullEventful,cause,,False,tukhst,takikhst,tukhst,tukhst,titsakhst,tsukhst
728,746,he/she is vomiting,FullEventful,cause[perf3],,False,tukhst,takikhst,tukhst,tukhsth,titsakhst,tsukhst
728,746,he/she is vomiting,FullEventful,cause[pres2],,False,tukhstih,takikhstih,tukhst,tukhst,titsakhst,tsukhst
728,746,he/she is vomiting,FullEventful,cause[pres2-perf3],,False,tukhstih,takikhstih,tukhst,tukhsth,titsakhst,tsukhst
729,747,he/she is wearing glasses,FullEventful,stative-h,,True,tukhthinvt,takwakhthinvt,tukhthinvt,tukhthinvt,tetsakhthinvt,tsukhthinvt
729,747,he/she is wearing glasses,FullEventful,stative,,True,tukhthinvth,takwakhthinvth,tukhthinvth,tukhthinvth,tetsakhthinvth,tsukhthinvt
730,748,he/she is wearing shoes,FullEventful,stative-h,,True,tulahsul,takwalahsul,tulahsul,tulahsul,tetsalahsul,
730,748,he/she is wearing shoes,FullEventful,stative,,True,tulahsulh,takwalahsulh,tulahsulh,tulahsulh,tetsalahsulh,
733,751,he/she is wearing socks,FullEventful,stative-h,,True,tuliyo,takwaliyo,tuliyo,tuliyo,tetsaliyo,
733,751,he/she is wearing socks,FullEventful,stative,,True,tuliyoh,takwaliyoh,tuliyoh,tuliyoh,tetsaliyoh,
735,753,he/she is working,FullEventful,apl,,False,tulvwhihstan,takilvwhihstan,tulvwhihstan,tulvwhihstan,titsalvwhihsta,tsulvwhihstan
735,753,he/she is working,FullEventful,apl[imp2],,False,tulvwhihstan,takilvwhihstan,tulvwhihstan,tulvwhihstan,titsalvwhihsta,tsulvwhihstan
738,756,he/she is releasing it (refers to involuntarily releasing),FullEventful,cause,,False,tuhskalehst,takwahskalehst,tuhskalehst,tuhskalehst,titsahskalehst,tsuhskalehst
738,756,he/she is releasing it (refers to involuntarily releasing),FullEventful,cause[perf3],,False,tuhskalehst,takwahskalehst,tuhskalehst,tuhskalehsth,titsahskalehst,tsuhskalehst
738,756,he/she is releasing it (refers to involuntarily releasing),FullEventful,cause[pres2],,False,tuhskalehstih,takwahskalehstih,tuhskalehst,tuhskalehst,titsahskalehst,tsuhskalehst
738,756,he/she is releasing it (refers to involuntarily releasing),FullEventful,cause[pres2-perf3],,False,tuhskalehstih,takwahskalehstih,tuhskalehst,tuhskalehsth,titsahskalehst,tsuhskalehst
739,757,he/she is tired,FullEventful,become,,False,tuyawe,takiyawe,tuyawe,tuyawe,titsayawe,tsuyawe
740,758,he/she is releasing it (refers to voluntarily releasing),FullEventful,sk-s-hi-hihst,,False,tuyo,takiyo,tuyo,tuyo,titsayo,tsuyo
740,758,he/she is releasing it (refers to voluntarily releasing),FullEventful,sk-s-hst[imp2],,False,tuyo,takiyo,tuyo,tuyo,titsayo,tsuyohi
740,758,he/she is releasing it (refers to voluntarily releasing),FullEventful,sk-s-hst,,False,tuyo,takiyo,tuyo,tuyo,titsayohi,tsuyohi
742,765,he/she is walking around,FullEventful,be-at,,False,et,ket,et,uwet,het,uwet
746,769,he/she lives,FullEventful,stative-h,,True,e,ke,e,,he,
746,769,he/she lives,FullEventful,stative-eh,,True,,k,,,h,
746,769,he/she lives,FullEventful,stative,,True,eh,ke',eh,,heh,
752,776,he/she thinks so,FullEventful,i-a-i[perf2],,False,el,kel,el,uwel,hel,uwel
752,776,he/she thinks so,FullEventful,i-a-i,,False,el,kel,el,uwelihs,hel,uwel
757,787,he/she is straightening it,FullEventful,cause[perf2],,False,katshinohs,tsitshinohs,katshinohs,uwatshinohs,hitshinohs,uwatshinohs
757,787,he/she is straightening it,FullEventful,cause[pres2-perf2],,False,katshinohsih,tsitshinohsih,katshinohs,uwatshinohs,hitshinohs,uwatshinohs
759,789,it is hanging (refers to flexible object),FullEventful,stative-a',,True,kat,kat,kat,,hat,
759,789,it is hanging (refers to flexible object),FullEventful,stative,,True,kata',kata',kata',,hata',
764,794,he/she is plowing it,FullEventful,i-vka,,False,kataluk,tsitaluk,kataluk,uwataluk,hitaluk,uwataluk
766,796,he/she is removing it from a hanging position (refers to solid or flexible object),FullEventful,rev-e,,False,kat,kat,kat,ut,hat,ut
767,797,he/she is turning it,FullEventful,cause,,False,kateyhst,tsiteyahst,kateyhst,uwateyhst,hiteyhst,uwateyhst
767,797,he/she is turning it,FullEventful,cause[perf3],,False,kateyhst,tsiteyahst,kateyhst,uwateyhsth,hiteyhst,uwateyhst
767,797,he/she is turning it,FullEventful,cause[pres2],,False,kateyhstih,tsiteyahstih,kateyhst,uwateyhst,hiteyhst,uwateyhst
767,797,he/she is turning it,FullEventful,cause[pres2-perf3],,False,kateyhstih,tsiteyahstih,kateyhst,uwateyhsth,hiteyhst,uwateyhst
769,799,he/she is spinning it,FullEventful,cause,,False,katikwalvteyhst,tsitikwalvteyhst,katikwalvteyhst,uwatikwalvteyhst,hitikwalvteyhst,uwatikwalvteyhst
769,799,he/she is spinning it,FullEventful,cause[perf3],,False,katikwalvteyhst,tsitikwalvteyhst,katikwalvteyhst,uwatikwalvteyhsth,hitikwalvteyhst,uwatikwalvteyhst
769,799,he/she is spinning it,FullEventful,cause[pres2],,False,katikwalvteyhstih,tsitikwalvteyhstih,katikwalvteyhst,uwatikwalvteyhst,hitikwalvteyhst,uwatikwalvteyhst
769,799,he/she is spinning it,FullEventful,cause[pres2-perf3],,False,katikwalvteyhstih,tsitikwalvteyhstih,katikwalvteyhst,uwatikwalvteyhsth,hitikwalvteyhst,uwatikwalvteyhst
770,800,he/she is strapping it,FullEventful,hih-lh,,False,katlo,tsitlo,katlo,uwatlo,hitlo,uwatlo
772,802,he/she is standing,FullEventful,stative-k,,True,kato,tsito,kato,,hito,
772,802,he/she is standing,FullEventful,stative,,True,katok,tsitok,katok,,hitok,
775,805,he/she is pitying him/her,FullEventful,become,,False,katoli,tsiyatoli,katoli,uwatoli,hiyatoli,uwatoli
775,805,he/she is pitying him/her,FullEventful,become[inf4],,False,katoli,tsiyatoli,katoli,uwatoli,hiyatoli,uwatol
776,806,he/she is dropping him/her (refers to flexible object),FullEventful,cause,,False,katonht,tsiyatonht,katonht,utonht,hiyatonht,utonht
776,806,he/she is dropping him/her (refers to flexible object),FullEventful,cause[perf3],,False,katonht,tsiyatonht,katonht,utonhth,hiyatonht,utonht
776,806,he/she is dropping him/her (refers to flexible object),FullEventful,cause[pres2],,False,katonhtih,tsiyatonhtih,katonht,utonht,hiyatonht,utonht
776,806,he/she is dropping him/her (refers to flexible object),FullEventful,cause[pres2-perf3],,False,katonhtih,tsiyatonhtih,katonht,utonhth,hiyatonht,utonht
777,807,it is falling from a hanging position (refers to flexible object),FullEventful,sk-s-hi-hihst,,False,kato,kato,kato,uto,hato,uto
777,807,it is falling from a hanging position (refers to flexible object),FullEventful,sk-s-hst[imp2],,False,kato,kato,kato,uto,hato,utohi
777,807,it is falling from a hanging position (refers to flexible object),FullEventful,sk-s-hst,,False,kato,kato,kato,uto,hatohi,utohi
784,814,he/she is baking it,FullEventful,hvsk-nh[inf2],,False,katu,tsitu,katu,uwatu,hitu,uwat
788,818,he/she is hanging up it (refers to a flexible object),FullEventful,vsk,,False,katv',tsiyatv',katv',ut,hatv',ut
788,818,he/she is hanging up it (refers to a flexible object),FullEventful,vsk[imp2],,False,katv',tsiyatv',katv',ut,hat,ut
788,818,he/she is hanging up it (refers to a flexible object),FullEventful,vsk-long,,False,kat,tsiyat,kat,ut,hatv',ut
788,818,he/she is hanging up it (refers to a flexible object),FullEventful,vsk-long[imp2],,False,kat,tsiyat,kat,ut,hat,ut
788,818,he/she is hanging up it (refers to a flexible object),FullEventful,vsk-post-v,,False,katv,tsiyatv,katv,utv,hatv,utv
791,821,he/she is rowing,FullEventful,sk-s-hst[imp2],,False,kakawe,tsikawe,kakawe,uwakawe,hikawe,uwakawe
791,821,he/she is rowing,FullEventful,sk-s-hst,,False,kakawe,tsikawe,kakawe,uwakawe,hikawehi,uwakawe
796,826,he/she is pecking it,FullEventful,hih-lh[imp2],,False,kakwayo,tsiyakwayo,kakwayo,uwakwayo,hiyakwayo,uwakwayo
798,828,he/she is putting it into a container,FullEventful,cause,,False,kalht,tsilot,kalht,ulht,hilht,ulht
798,828,he/she is putting it into a container,FullEventful,cause[perf3],,False,kalht,tsilot,kalht,ulhth,hilht,ulht
798,828,he/she is putting it into a container,FullEventful,cause[pres2],,False,kalhtih,tsilotih,kalht,ulht,hilht,ulht
798,828,he/she is putting it into a container,FullEventful,cause[pres2-perf3],,False,kalhtih,tsilotih,kalht,ulhth,hilht,ulht
803,833,he/she is sleeping,FullEventful,ih-vh[imperf2],,False,kalh,tsi'l,kalh,,hilhvn,ulhvn
804,834,he/she is gathering it,FullEventful,cause[perf2],,False,kalhihs,tsilhihs,kalhihs,uwalhihs,hilhihs,uwalhihs
804,834,he/she is gathering it,FullEventful,cause[pres2-perf2],,False,kalhihsih,tsilhihsih,kalhihs,uwalhihs,hilhihs,uwalhihs
809,839,he/she is piling it up,FullEventful,husk,,False,kal,tsil,kal,uwal,hil,uwal
811,841,he/she is putting it in a hole or a container,FullEventful,hvsk-han,,False,kal,tsil,kal,ul,hil,ul
812,842,he/she is sleepy,FullEventful,vnh-vsk,,False,kalh,tsi'l,kalh,ulh,hilh,ulhvn
812,842,he/she is sleepy,FullEventful,vnh-vsk[inf3],,False,kalh,tsi'l,kalh,ulh,hilh,ulh
813,843,he/she is taking it somewhere by hand (refers to a flexible object),FullEventful,go,,False,kanh,tsi'n,kanh,unh,hinh,unh
813,843,he/she is taking it somewhere by hand (refers to a flexible object),FullEventful,go[pres2],,False,kanhek,tsi'nek,kanh,unh,hinh,unh
814,844,he/she is holding it (refers to a flexible object),FullEventful,stative-h,,True,kanhe,tsi'ne,kanhe,kanhe,hinhe,
814,844,he/she is holding it (refers to a flexible object),FullEventful,stative-eh,,True,kanh,tsi'n,kanh,kanh,hinh,
814,844,he/she is holding it (refers to a flexible object),FullEventful,stative,,True,kanheh,tsi'neh,kanheh,kanheh,hinheh,
815,845,he/she is handling it (refers to a flexible object),FullEventful,be-at,,False,kanhit,tsi'nit,kanhit,unhit,hinhit,unhit
818,848,he/she is eating it (refers to a flexible object),FullEventful,e-aka,,False,kayh,tsiyay,kayh,uwayh,hiyay,uwayh
820,850,he/she is ripping it,FullEventful,ih-vh,,False,katsakal,tsitsakal,katsakal,uwatsakal,hitsakal,uwatsakal
821,851,he/she is scratching him/her,FullEventful,sk-s-la,,False,katsaliko,tsiyatsaliko,katsaliko,uwatsaliko,hiyatsaliko,uwatsaliko
821,851,he/she is scratching him/her,FullEventful,sk-s-hst,,False,katsaliko,tsiyatsaliko,katsaliko,uwatsaliko,hiyatsalikola,uwatsaliko
823,853,he/she is pricking him/her,FullEventful,hih-lh[imp2],,False,katsayo,tsiyatsayo,katsayo,uwatsayo,hiyatsayo,uwatsayo
824,854,he/she is wringing it out,FullEventful,cause,,False,katsvwahst,tsitsvwahst,katsvwahst,uwatsvwahst,hitsvwahst,uwatsvwahst
824,854,he/she is wringing it out,FullEventful,cause[perf3],,False,katsvwahst,tsitsvwahst,katsvwahst,uwatsvwahsth,hitsvwahst,uwatsvwahst
824,854,he/she is wringing it out,FullEventful,cause[pres2],,False,katsvwahstih,tsitsvwahstih,katsvwahst,uwatsvwahst,hitsvwahst,uwatsvwahst
824,854,he/she is wringing it out,FullEventful,cause[pres2-perf3],,False,katsvwahstih,tsitsvwahstih,katsvwahst,uwatsvwahsth,hitsvwahst,uwatsvwahst
825,855,he/she is stinging it,FullEventful,sk-h,,False,katsvy,tsiyatsvy,katsvy,uwatsvy,hiyatsvy,uwatsvy
825,855,he/she is stinging it,FullEventful,sk-h[imp2],,False,katsvy,tsiyatsvy,katsvy,uwatsvy,hiyatsvyha,uwatsvy
826,856,he/she is leaving a living thing behind,FullEventful,a,,False,kakhahiy,tsiyakhahiy,kakhahiy,uwakhahiy,hiyakhahiy,uwakhahiy
827,857,he/she is giving him/her a living thing,FullEventful,apl,,False,kakhan,tsiyakhan,kakhan,uwakhan,hiyakha,uwakhan
827,857,he/she is giving him/her a living thing,FullEventful,apl[imp2],,False,kakhan,tsiyakhan,kakhan,uwakhan,hiyakha,uwakhan
829,859,he/she is wrapping him/her,FullEventful,vnh-vsk,,False,kakwhen,tsiyakwhen,kakwhen,uwakwhen,hiyakwhen,uwakwhenv
829,859,he/she is wrapping him/her,FullEventful,vnh-vsk[inf2],,False,kakwhen,tsiyakwhen,kakwhen,uwakwhen,hiyakwhen,uwakwhen
830,860,he/she is putting it in a container (refers to a long object),FullEventful,i-a-i,,False,kalat,tsilat,kalat,ulat,hilat,ulat
833,863,he/she is taking it out of a container (refers to a solid or flexible object),FullEventful,rev-e,,False,kal,tsil,kal,ul,hil,ul
834,864,he/she is climbing it,FullEventful,go,,False,ka'l,tsi'l,ka'l,ul,hi'l,ul
834,864,he/she is climbing it,FullEventful,go[pres2],,False,ka'lek,tsi'lek,ka'l,ul,hi'l,ul
837,867,he/she is burning,FullEventful,sk-s-hi-hihst,,False,kaleyv,tsileyv,kaleyv,uleyv,hileyv,uleyv
837,867,he/she is burning,FullEventful,sk-s-hst[imp2],,False,kaleyv,tsileyv,kaleyv,uleyv,hileyv,uleyvhi
837,867,he/she is burning,FullEventful,sk-s-hst,,False,kaleyv,tsileyv,kaleyv,uleyv,hileyvhi,uleyvhi
838,868,it is falling from an upright position (refers to a long object eg tree‚ pole),FullEventful,sk-s-hi-hihst,,False,kaleyv,tsileyv,kaleyv,uleyv,hileyv,uleyv
838,868,it is falling from an upright position (refers to a long object eg tree‚ pole),FullEventful,sk-s-hst[imp2],,False,kaleyv,tsileyv,kaleyv,uleyv,hileyv,uleyvhi
838,868,it is falling from an upright position (refers to a long object eg tree‚ pole),FullEventful,sk-s-hst,,False,kaleyv,tsileyv,kaleyv,uleyv,hileyvhi,uleyvhi
839,869,he/she is climbing around,FullEventful,be-at,,False,ka'lit,tsi'lit,ka'lit,ulit,hi'lit,ulit
840,870,it is burning (refers to forest or grass),FullEventful,become,,False,kali,,kali,uli,,
840,870,it is burning (refers to forest or grass),FullEventful,stative,,True,kalik,,kalik,ulits,,
842,872,it is dying (refers to an animal or plant),FullEventful,become,,False,kaliwho,tsiliwo,kaliwho,uliwho,hiliwho,uliwho
844,874,he/she is spanking him/her,FullEventful,hih-hil,,False,kali'vn,tsili'vn,kal'vn,uli'vn,hili'vn,uli'vn
845,875,he/she is hoeing it,FullEventful,i-vka,,False,kalok,tsilok,kalok,ulok,hilok,ulok
848,878,he/she is stopping by (where on the way somewhere),FullEventful,cause,,False,kalohihst,tsilo'ihst,kalohihst,ulohihst,hilohihst,ulohihst
848,878,he/she is stopping by (where on the way somewhere),FullEventful,cause[perf3],,False,kalohihst,tsilo'ihst,kalohihst,ulohihsth,hilohihst,ulohihst
848,878,he/she is stopping by (where on the way somewhere),FullEventful,cause[pres2],,False,kalohihstih,tsilo'ihstih,kalohihst,ulohihst,hilohihst,ulohihst
848,878,he/she is stopping by (where on the way somewhere),FullEventful,cause[pres2-perf3],,False,kalohihstih,tsilo'ihstih,kalohihst,ulohihsth,hilohihst,ulohihst
850,880,he/she is overtaking him/her,FullEventful,apl,,False,kalohihs,tsilo'ihs,kalohihs,ulohihs,hilo'i,ulohihs
850,880,he/she is overtaking him/her,FullEventful,apl[imp2],,False,kalohihs,tsilo'ihs,kalohihs,ulohihs,hilo'i,ulohihs
850,880,he/she is overtaking him/her,FullEventful,apl[imp3],,False,kalohihs,tsilo'ihs,kalohihs,ulohihs,hilo',ulohihs
852,882,he/she is bluffing him/her,FullEventful,cause,,False,kalonahst,tsilonahst,kalonahst,ulonahst,hilonahst,ulonahst
852,882,he/she is bluffing him/her,FullEventful,cause[perf3],,False,kalonahst,tsilonahst,kalonahst,ulonahsth,hilonahst,ulonahst
852,882,he/she is bluffing him/her,FullEventful,cause[pres2],,False,kalonahstih,tsilonahstih,kalonahst,ulonahst,hilonahst,ulonahst
852,882,he/she is bluffing him/her,FullEventful,cause[pres2-perf3],,False,kalonahstih,tsilonahstih,kalonahst,ulonahsth,hilonahst,ulonahst
853,883,he/she is oiling it,FullEventful,e-a,,False,kalon,tsilon,kalon,ulon,hilon,ulon
854,884,he/she is making him/her fall from an elevated position,FullEventful,cause,,False,kalonht,tsilonht,kalonht,ulonht,hilonht,ulonht
854,884,he/she is making him/her fall from an elevated position,FullEventful,cause[perf3],,False,kalonht,tsilonht,kalonht,ulonhth,hilonht,ulonht
854,884,he/she is making him/her fall from an elevated position,FullEventful,cause[pres2],,False,kalonhtih,tsilonhtih,kalonht,ulonht,hilonht,ulonht
854,884,he/she is making him/her fall from an elevated position,FullEventful,cause[pres2-perf3],,False,kalonhtih,tsilonhtih,kalonht,ulonhth,hilonht,ulonht
855,885,he/she is cheating,FullEventful,apl-active-h,,False,kalonu,tsilonu,kalonu,ulonu,hilonu,ulonu
856,886,he/she is passing by without stopping,FullEventful,sk-s-hi-hihst,,False,kalo,tsilo,kalo,ulo,hilo,ulo
856,886,he/she is passing by without stopping,FullEventful,sk-s-hst[imp2],,False,kalo,tsilo,kalo,ulo,hilo,ulohi
856,886,he/she is passing by without stopping,FullEventful,sk-s-hst,,False,kalo,tsilo,kalo,ulo,hilohi,ulohi
857,887,he/she is falling from an elevated position,FullEventful,sk-s-hi-hihst,,False,kalo,tsilo,kalo,ulo,hilo,ulo
857,887,he/she is falling from an elevated position,FullEventful,sk-s-hst[imp2],,False,kalo,tsilo,kalo,ulo,hilo,ulohi
857,887,he/she is falling from an elevated position,FullEventful,sk-s-hst,,False,kalo,tsilo,kalo,ulo,hilohi,ulohi
858,888,he/she is arriving,FullEventful,become,,False,ka'luh,tsi'luh,ka'luh,uluh,hi'luh,uluhi
858,888,he/she is arriving,FullEventful,become[inf4],,False,ka'luh,tsi'luh,ka'luh,uluh,hi'luh,uluh
859,889,it’s lacking,FullEventful,become,,False,kalulo,tsilulo,kalulo,ululo,hilulo,ululo
862,892,he/she is chopping it,FullEventful,sk-h,,False,kaluy,tsiluy,kaluy,uluy,hiluy,uluy
862,892,he/she is chopping it,FullEventful,sk-h[imp2],,False,kaluy,tsiluy,kaluy,uluy,hiluyha,uluy
864,894,he/she is beating him/her up,FullEventful,hih-hil,,False,kalvn,tsilvn,kalvn,ulvn,hilvn,ulvn
870,900,he/she is putting it in a hole or a container (refers to a flexible object),FullEventful,vsk,,False,kal,tsil,kal,ul,hilv',ul
870,900,he/she is putting it in a hole or a container (refers to a flexible object),FullEventful,vsk[imp2],,False,kal,tsil,kal,ul,hil,ul
871,901,he/she is selling it,FullEventful,go-in,,False,kanat,tsinat,kanat,unat,hinat,unat
873,903,he/she is hiring him/her,FullEventful,vsk,,False,kanalh,tsinalh,kanalh,unalh,hinalhv',unalh
873,903,he/she is hiring him/her,FullEventful,vsk[imp2],,False,kanalh,tsinalh,kanalh,unalh,hinalh,unalh
876,906,he/she is finding it (refers to a flexible object),FullEventful,ih-vh,,False,kanawhth,tsinawhth,kanawhth,unawhth,hinawhth,unawhthv
876,906,he/she is finding it (refers to a flexible object),FullEventful,ih-vh[inf2],,False,kanawhth,tsinawhth,kanawhth,unawhth,hinawhth,unawhth
877,907,he/she is taking it somewhere (refers to an animal‚ flexible object),FullEventful,ih-vh,,False,kanawit,tsinawit,kanawit,unawit,hinawit,unawit
879,909,he/she is getting it (refers to a flexible object),FullEventful,rev-e,,False,kan,tsin,kan,un,hin,un
880,910,he/she is changing it,FullEventful,v-vhs,,False,kanetliy,tsinetliy,kanetliy,unetliy,hinetliy,unetliy
882,912,he/she is taking it somewhere by hand (refers to a long object),FullEventful,go,,False,kan,tsin,kan,uwan,hin,uwan
882,912,he/she is taking it somewhere by hand (refers to a long object),FullEventful,go[pres2],,False,kanek,tsinek,kan,uwan,hin,uwan
883,913,he/she is peeling him/her,FullEventful,ih-vh,,False,kanekal,tsinekal,kanekal,unekal,hinekal,unekal
884,914,he/she is getting some liquid,FullEventful,rev-gi,,False,kane,tsine,kane,une,hine,une
884,914,he/she is getting some liquid,FullEventful,rev-i,,False,kanek,tsinek,kanek,unek,hinek,unek
885,915,he/she is taking liquid from him/her,FullEventful,apl,,False,kaneki',tsineki',kaneki',uneki',hineki,uneki'
885,915,he/she is taking liquid from him/her,FullEventful,apl[imp2],,False,kaneki',tsineki',kaneki',uneki',hineki,uneki'
885,915,he/she is taking liquid from him/her,FullEventful,apl[imp3],,False,kaneki',tsineki',kaneki',uneki',hinek,uneki'
886,916,he/she is bewitching him/her,FullEventful,i-a-i,,False,kanekut,tsinekut,kanekut,unekut,hinekut,unekut
887,917,he/she is holding it in his/her hand (refers to a long object),FullEventful,stative-h,,True,kane,tsine,kane,,hine,
887,917,he/she is holding it in his/her hand (refers to a long object),FullEventful,stative-eh,,True,kan,tsin,kan,,hin,
887,917,he/she is holding it in his/her hand (refers to a long object),FullEventful,stative,,True,kaneh,tsineh,kaneh,,hineh,
888,918,he/she is leaving some liquid,FullEventful,a,,False,kanehiy,tsine'iy,kanehiy,unehiy,hinehiy,unehiy
889,919,he/she is giving him/her some liquid,FullEventful,apl,,False,kanenh,tsinen,kanenh,unenh,hine'v,unenh
889,919,he/she is giving him/her some liquid,FullEventful,apl[imp2],,False,kanenh,tsinen,kanenh,unenh,hine'v,unenh
890,920,he/she is finding some liquid,FullEventful,ih-vh,,False,kanewhahth,tsinewahth,kanewhahth,unewhahth,hinewhahth,unewhahthv
890,920,he/she is finding some liquid,FullEventful,ih-vh[inf2],,False,kanewhahth,tsinewahth,kanewhahth,unewhahth,hinewhahth,unewhahth
891,921,he/she is taking some liquid somewhere,FullEventful,ih-vh,,False,kanewhit,tsinewit,kanewhit,unewhit,hinewhit,unewhit
893,923,he/she lives (in sense of resides now),FullEventful,stative,,True,kanel,tsinel,kanel,,hinel,
895,925,it’s freezing,FullEventful,i-a-i,,False,kanehstalat,tsinehstalat,kanehstalat,unehstalat,hinehstalat,unehstalat
896,926,it’s hailing,FullEventful,sk-s-a[inf2],,False,kanehsoy,,kanehsoy,unehsoy,,unehsoy
899,929,he/she is lying down,FullEventful,stative-k,,True,kanh,tsinv,kanh,,hinh,
899,929,he/she is lying down,FullEventful,stative,,True,kanhk,tsinvk,kanhk,,hinhk,
901,931,he/she is agitating liquid,FullEventful,apl-active,,False,kanhkwa',tsinhkwa',kanhkwa',unhkwa',hinhkwa',unhkwa'
901,931,he/she is agitating liquid,FullEventful,apl-active-a,,False,kanhkwa',tsinhkwa',kanhkwa',unhkwa',hinhkwa'vl,unhkwa'e
902,932,he/she is taking a liquid somewhere by hand,FullEventful,go,,False,kanhts,tsinvts,kanhts,unhts,hinhts,unhts
902,932,he/she is taking a liquid somewhere by hand,FullEventful,go[pres2],,False,kanhtsek,tsinvtsek,kanhts,unhts,hinhts,unhts
903,933,he/she is holding some liquid,FullEventful,stative-h,,True,kanhtse,tsinvtse,kanhtse,,hinhtse,
903,933,he/she is holding some liquid,FullEventful,stative-eh,,True,kanhts,tsinvts,kanhts,,hinhts,
903,933,he/she is holding some liquid,FullEventful,stative,,True,kanhtseh,tsinvtseh,kanhtseh,,hinhtseh,
904,934,he/she is handling some liquid,FullEventful,be-at,,False,kanhtsit,tsinvtsit,kanhtsit,unhtsit,hinhtsit,unhtsit
908,938,he/she is handling it (refers to a long object),FullEventful,be-at,,False,kanit,tsinit,kanit,uwanit,hinit,uwanit
909,939,he/she hates him/her,FullEventful,hih-hilh,,False,kanikwat,tsinikwat,kanikwat,unikwat,hinikwat,unikwat
910,940,he/she is setting up a bed,FullEventful,i-a-i,,False,kanilhat,tsinilhat,kanilhat,unilhat,hinilhat,unilhat
913,943,he/she is pleading,FullEventful,i-a-i,,False,kanilat,tsinilat,kanilat,unilat,hinilat,unilat
914,944,he/she is burying him/her,FullEventful,cause[perf2],,False,ka'nihs,tsinihs,ka'nihs,unihs,hinihs,unihs
914,944,he/she is burying him/her,FullEventful,cause[pres2-perf2],,False,ka'nihsih,tsinihsih,ka'nihs,unihs,hinihs,unihs
915,945,he/she is leaving it (refers to flexible object),FullEventful,a,,False,ka'nih,tsi'niy,ka'niy,uniy,hiniy,uniy
916,946,he/she is catching him/her,FullEventful,ih-vh,,False,ka'niy,tsiniy,kaniy,uniy,hiniy,uniy
918,948,he/she is hunting,FullEventful,be-at,,False,kanohalit,tsino'alit,kanohalit,unohalit,hinohalit,unohalit
920,950,he/she is flying,FullEventful,stative,,True,kanohil,tsino'il,kanohilihs,,hinohilihs,
921,951,it’s flooding,FullEventful,i-vka,,False,kanohuk,,kanohuk,unohuk,,unohuk
922,952,he/she is causing it to sound,FullEventful,cause,,False,kanoyhvlhihst,tsinoyvlihst,kanoyhvlhihst,unoyhvlhihst,hinoyhvlhihst,unoyhvlhihst
922,952,he/she is causing it to sound,FullEventful,cause[perf3],,False,kanoyhvlhihst,tsinoyvlihst,kanoyhvlhihst,unoyhvlhihsth,hinoyhvlhihst,unoyhvlhihst
922,952,he/she is causing it to sound,FullEventful,cause[pres2],,False,kanoyhvlhihstih,tsinoyvlihstih,kanoyhvlhihst,unoyhvlhihst,hinoyhvlhihst,unoyhvlhihst
922,952,he/she is causing it to sound,FullEventful,cause[pres2-perf3],,False,kanoyhvlhihstih,tsinoyvlihstih,kanoyhvlhihst,unoyhvlhihsth,hinoyhvlhihst,unoyhvlhihst
924,954,it is blowing (refers to wind),FullEventful,vsk,,False,kanolv',,kanolv',unol,,unol
924,954,it is blowing (refers to wind),FullEventful,vsk-long,,False,kanol,,kanol,unol,,unol
924,954,it is blowing (refers to wind),FullEventful,vsk-post-v,,False,kanolv,,kanolv,unolv,,unolv
925,955,he/she is stealing it,FullEventful,rev-gi,,False,kanohs,tsinohs,kanohs,unohs,hinohs,unohs
925,955,he/she is stealing it,FullEventful,rev-i,,False,kanohsk,tsinohsk,kanohsk,unohsk,hinohsk,unohsk
928,958,he/she is sinking,FullEventful,become,,False,kanoyv,tsinoyv,kanoyv,unoyv,hinoyv,unoyv'i
928,958,he/she is sinking,FullEventful,become[inf2],,False,kanoyv,tsinoyv,kanoyv,unoyv,hinoyv,unoyv
928,958,he/she is sinking,FullEventful,become[inf4],,False,kanoyv,tsinoyv,kanoyv,unoyv,hinoyv,unoyv'
929,959,he/she is pulling him/her,FullEventful,rev-e,,False,kanhsan,tsinahsan,kanhsan,unhsan,hinahsan,unhsan
931,961,he/she is dragging him/her,FullEventful,go,,False,kanhsin,tsinahsin,kanhsin,unhsin,hinahsin,unhsin
931,961,he/she is dragging him/her,FullEventful,go[pres2],,False,kanhsinek,tsinahsinek,kanhsin,unhsin,hinahsin,unhsin
932,962,he/she is exiting,FullEventful,ko-kots,,False,kanu,tsinu,kanu,unu,hinu,unu
937,967,he/she is twisting him/her,FullEventful,be-at,,False,kanuthey,tsinuthey,kanuthey,unuthey,hinutheyak,unuthey
937,967,he/she is twisting him/her,FullEventful,oh-ol[inf2],,False,kanuthey,tsinuthey,kanuthey,unuthey,hinuthey,unutheya
937,967,he/she is twisting him/her,FullEventful,oh-ol[inf3],,False,kanuthey,tsinuthey,kanuthey,unuthey,hinuthey,unuthey
938,968,he/she is missing him/her (refers to as a target),FullEventful,i-a-i,,False,kanvt,tsinvt,kanvt,unvt,hinvt,unvt
940,970,he/she is falling from an upright position,FullEventful,become,,False,kanv,tsinv,kanv,unv,hinv,unv'i
940,970,he/she is falling from an upright position,FullEventful,become[inf2],,False,kanv,tsinv,kanv,unv,hinv,unv
940,970,he/she is falling from an upright position,FullEventful,become[inf4],,False,kanv,tsinv,kanv,unv,hinv,unv'
941,971,he/she is cleaning him/her,FullEventful,ih-vh,,False,kanvkal,tsinvkal,kanvkal,unvkal,hinvkal,unvkal
942,972,he/she is hammering it,FullEventful,o,,False,kanvkwal,tsinvkwal,kanvkwal,unvkwal,hinvkwal,unvkwal
946,976,he/she is tying up a leg,FullEventful,hih-lh,,False,kanvlho,tsinvlho,kanvlho,unvlho,hinvlho,unvlho
949,979,he/she is tossing about,FullEventful,be-at,,False,kanvtsit,tsinvtsit,kanvtsit,unvtsit,hinvtsit,unvtsit
950,980,he/she is giving him/her an object (refers to a flexible object),FullEventful,apl,,False,kanvn,tsinvn,kanvn,unvn,hinv,unvn
950,980,he/she is giving him/her an object (refers to a flexible object),FullEventful,apl[imp2],,False,kanvn,tsinvn,kanvn,unvn,hinv,unvn
955,985,he/she is pushing him/her,FullEventful,sk-h,,False,kahsato,tsiyahsato,kahsato,uwahsatoy,hiyahsatoy,uwahsato
955,985,he/she is pushing him/her,FullEventful,sk-h-yh,,False,kahsato,tsiyahsato,kahsato,uwahsato,hiyahsato,uwahsato
955,985,he/she is pushing him/her,FullEventful,sk-h[imp2],,False,kahsato,tsiyahsato,kahsato,uwahsatoy,hiyahsatoyha,uwahsato
956,986,he/she is rolling him/her,FullEventful,hih-lh,,False,kahsakwale,tsiyahsakwale,kahsakwale,uwahsakwale,hiyahsakwale,uwahsakwale
960,990,he/she is attaching the object behind it (refers to a flexible object),FullEventful,vsk,,False,kahsanenat,tsihsanenat,kahsanenat,uwahsanenat,hihsanenat,uwahsanenat
968,998,he/she is whistling,FullEventful,become,,False,kahsvnh,tsihsvnh,kahsvnh,uwahsvnh,hihsvnh,uwahsvn
969,999,he/she is piling it up,FullEventful,hvsk-han,,False,kahsvt,tsihsvt,kahsvt,uwahsvt,hihsvt,uwahsvt
970,1000,it’s hanging,FullEventful,stative-h,,True,kat,,kat,,hat,
970,1000,it’s hanging,FullEventful,stative,,True,kath,,kath,,hath,
973,1003,he/she is stabbing him/her,FullEventful,hih-hilh,,False,kat,tsiyat,kat,uwat,hiyat,uwat
976,1006,he/she is hanging it up,FullEventful,hvsk-han,,False,kat,kat,kat,ut,hat,ut
977,1007,he/she is joking,FullEventful,vnh-ih-a,,False,kawelh,tsiwelh,kawelh,uwelh,hiwelhvn,uwelhv
978,1008,he/she is resting him/her,FullEventful,cause,,False,kawehsolvhst,tsiyawehsolvhst,kawehsolvhst,uyawehsolvhst,hiyawehsolvhst,uyawehsolvhst
978,1008,he/she is resting him/her,FullEventful,cause[perf3],,False,kawehsolvhst,tsiyawehsolvhst,kawehsolvhst,uyawehsolvhsth,hiyawehsolvhst,uyawehsolvhst
978,1008,he/she is resting him/her,FullEventful,cause[pres2],,False,kawehsolvhstih,tsiyawehsolvhstih,kawehsolvhst,uyawehsolvhst,hiyawehsolvhst,uyawehsolvhst
978,1008,he/she is resting him/her,FullEventful,cause[pres2-perf3],,False,kawehsolvhstih,tsiyawehsolvhstih,kawehsolvhst,uyawehsolvhsth,hiyawehsolvhst,uyawehsolvhst
979,1009,he/she is bathing him/her,FullEventful,o,,False,kaw,tsiyaw,kaw,uw,hiyaw,uw
980,1010,he/she is replying,FullEventful,v-vhs,,False,kawohiliy,kawo'iliy,kawohiliy,uwohiliy,hawohiliy,uwohiliy
981,1011,he/she is lecturing him/her,FullEventful,cause,,False,kawonht,tsiwonht,kawonht,uwonht,hiwonht,uwonht
981,1011,he/she is lecturing him/her,FullEventful,cause[perf3],,False,kawonht,tsiwonht,kawonht,uwonhth,hiwonht,uwonht
981,1011,he/she is lecturing him/her,FullEventful,cause[pres2],,False,kawonhtih,tsiwonhtih,kawonht,uwonht,hiwonht,uwonht
981,1011,he/she is lecturing him/her,FullEventful,cause[pres2-perf3],,False,kawonhtih,tsiwonhtih,kawonht,uwonhth,hiwonht,uwonht
983,1013,he/she is speaking,FullEventful,ih-ihi,,False,kawon,tsiwon,kawon,uwon,hiwon,uwon
986,1016,he/she is sewing it,FullEventful,sk-s-a[inf2],,False,kayew,tsiyewi,kayew,uwayew,hiyew,uwayew
992,1022,he/she is feeding him/her,FullEventful,oh-al,,False,kel,tsiyel,kel,uwel,hiyelo,uwel
993,1023,he/she is howling,FullEventful,sk-h,,False,kelhuhv,keluhv,kelhuhv,uwelhun,helhuhvk,uwelhuhv
993,1023,he/she is howling,FullEventful,sk-h[imp2],,False,kelhuhv,keluhv,kelhuhv,uwelhun,helhuhvka,uwelhuhv
993,1023,he/she is howling,FullEventful,hvsk-nh[inf3],,False,kelhu,kelu,kelhu,uwelhu,helhu,uwelhu
997,1027,he/she is leading it by a leash,FullEventful,stative-eh,,True,kelihsin,tsiyelihsin,kelihsin,,hiyelihsin,uwelihsinvhst
1014,1044,he/she is leading him/her by the hand,FullEventful,go,,False,kohin,tsiyo'in,kohin,uwohin,hiyo'in,uwohin
1014,1044,he/she is leading him/her by the hand,FullEventful,go[pres2],,False,kohinek,tsiyo'inek,kohin,uwohin,hiyo'in,uwohin
1015,1045,he/she is agreeing with him/her,FullEventful,apl,,False,kohiyhtan,tsiyo'iyhtan,kohiyhtan,uwohiyhtan,hiyo'iyhta,uwohiyhtan
1015,1045,he/she is agreeing with him/her,FullEventful,apl[imp2],,False,kohiyhtan,tsiyo'iyhtan,kohiyhtan,uwohiyhtan,hiyo'iyhta,uwohiyhtan
1017,1047,he/she is recognizing him/her,FullEventful,become,,False,kolh,tsiyoli,kolh,uwolh,hiyoli,uwolhi
1017,1047,he/she is recognizing him/her,FullEventful,become[inf4],,False,kolh,tsiyoli,kolh,uwolh,hiyoli,uwolh
1018,1048,he/she understands it,FullEventful,become,,False,kolh,koli,kolh,uwolh,holh,uwolhi
1018,1048,he/she understands it,FullEventful,become[inf4],,False,kolh,koli,kolh,uwolh,holh,uwolh
1021,1051,he/she is getting full,FullEventful,sk-s-hi-hihst,,False,kolhv,kolv,kolhv,uwolhv,holhv,uwolhv
1021,1051,he/she is getting full,FullEventful,sk-s-hst[imp2],,False,kolhv,kolv,kolhv,uwolhv,holhv,uwolhvhi
1021,1051,he/she is getting full,FullEventful,sk-s-hst,,False,kolhv,kolv,kolhv,uwolhv,holhvhi,uwolhvhi
1022,1052,he/she is making it,FullEventful,vnh-vsk,,False,kolh,kolh,kolh,uwolh,holh,uwolhvn
1022,1052,he/she is making it,FullEventful,vnh-vsk[inf3],,False,kolh,kolh,kolh,uwolh,holh,uwolh
1023,1053,he/she is making it fall (refers to a round‚ long object),FullEventful,cause,,False,kohonht,ko'onht,kohonht,uwohonht,hohonht,uwohonht
1023,1053,he/she is making it fall (refers to a round‚ long object),FullEventful,cause[perf3],,False,kohonht,ko'onht,kohonht,uwohonhth,hohonht,uwohonht
1023,1053,he/she is making it fall (refers to a round‚ long object),FullEventful,cause[pres2],,False,kohonhtih,ko'onhtih,kohonht,uwohonht,hohonht,uwohonht
1023,1053,he/she is making it fall (refers to a round‚ long object),FullEventful,cause[pres2-perf3],,False,kohonhtih,ko'onhtih,kohonht,uwohonhth,hohonht,uwohonht
1024,1054,it’s falling (refers to a round‚ long object),FullEventful,sk-s-hi-hihst,,False,koho,ko'o,koho,uwoho,hoho,uwoho
1024,1054,it’s falling (refers to a round‚ long object),FullEventful,sk-s-hst[imp2],,False,koho,ko'o,koho,uwoho,hoho,uwohohi
1024,1054,it’s falling (refers to a round‚ long object),FullEventful,sk-s-hst,,False,koho,ko'o,koho,uwoho,hohohi,uwohohi
1027,1057,he/she is writing it,FullEventful,i-vka,,False,kowhel,kowel,kowhel,uwowhel,howhel,uwowhel
1030,1061,he/she is pulling a trigger,FullEventful,rev-e,,False,kotsan,kotsan,kotsan,uwotsan,hotsan,uwotsan
1038,1069,he/she is batting it,FullEventful,ih-il,,False,kohstvn,kohstvn,kohstvn,uwohstvn,hohstvn,uwohstvn
1040,1071,he/she is saying to him/her,FullEventful,apl,,False,kohs,tsiyohs,kohs,uwohs,hiyo,uwohs
1040,1071,he/she is saying to him/her,FullEventful,apl[imp2],,False,kohs,tsiyohs,kohs,uwohs,hiyo,uwohs
1041,1072,it’s swelling,FullEventful,sk-s-hi-hihst,,False,kothi,kothi,kothi,uwothi,hothi,uwothi
1041,1072,it’s swelling,FullEventful,sk-s-hst[imp2],,False,kothi,kothi,kothi,uwothi,hothi,uwothihi
1041,1072,it’s swelling,FullEventful,sk-s-hst,,False,kothi,kothi,kothi,uwothi,hothihi,uwothihi
1043,1074,he/she is building a fire,FullEventful,hvsk-han,,False,kot,kot,kot,uwot,hot,uwot
1044,1075,he/she is unhitching him/her,FullEventful,rev-e,,False,kutal,tsiyutal,kutal,uwutal,hiyutal,uwutal
1045,1076,he/she is hitching him/her up,FullEventful,vsk,,False,kutal,tsiyutal,kutal,uwutal,hiyutalv',uwutal
1045,1076,he/she is hitching him/her up,FullEventful,vsk[imp2],,False,kutal,tsiyutal,kutal,uwutal,hiyutal,uwutal
1050,1081,he/she is putting a handle on a tool,FullEventful,hvsk-han,,False,kuhal,ku'al,kuhal,uwuhal,huhal,uwuhal
1052,1083,he/she is washing it,FullEventful,o,,False,kuhil,ku'il,kuhil,uwuhil,huhil,uwuhil
1053,1084,he/she is accusing him/her,FullEventful,cause,,False,kuhihst,tsiyu'ihst,kuhihst,uwuhihst,hiyu'ihst,uwuhihst
1053,1084,he/she is accusing him/her,FullEventful,cause[perf3],,False,kuhihst,tsiyu'ihst,kuhihst,uwuhihsth,hiyu'ihst,uwuhihst
1053,1084,he/she is accusing him/her,FullEventful,cause[pres2],,False,kuhihstih,tsiyu'ihstih,kuhihst,uwuhihst,hiyu'ihst,uwuhihst
1053,1084,he/she is accusing him/her,FullEventful,cause[pres2-perf3],,False,kuhihstih,tsiyu'ihstih,kuhihst,uwuhihsth,hiyu'ihst,uwuhihst
1055,1086,he/she is covering it,FullEventful,vsk,,False,kulh,kulh,kulh,uwulh,hulhv',uwulh
1055,1086,he/she is covering it,FullEventful,vsk[imp2],,False,kulh,kulh,kulh,uwulh,hulh,uwulh
1056,1087,he/she is putting it in water,FullEventful,hvsk-nh,,False,ku,ku,ku,uwu,hu,uwu
1056,1087,he/she is putting it in water,FullEventful,hvsk-nh[inf2],,False,ku,ku,ku,uwu,hu,uwu
1060,1091,he/she is picking him/her up,FullEventful,rev-e,,False,kuth,tsiyuth,kuth,uwuth,hiyuth,uwuth
1061,1092,it’s snowing,FullEventful,cause[perf2],,False,kuth,,kuth,uwuth,,uwuth
1061,1092,it’s snowing,FullEventful,cause[pres2-perf2],,False,kuthih,,kuth,uwuth,,uwuth
1061,1092,it’s snowing,FullEventful,stative,,True,kuthih,,kuthihsk,uwuthanh,,uwutho
1061,1092,it’s snowing,FullEventful,stative[inf2],,True,kuthih,,kuthihsk,uwuthanh,,uwuth
1063,1094,he/she is sifting it,FullEventful,cause,,False,kvkuhst,kvkuhst,kvkuhst,uwakuhst,hvkuhst,uwakuhst
1063,1094,he/she is sifting it,FullEventful,cause[perf3],,False,kvkuhst,kvkuhst,kvkuhst,uwakuhsth,hvkuhst,uwakuhst
1063,1094,he/she is sifting it,FullEventful,cause[pres2],,False,kvkuhstih,kvkuhstih,kvkuhst,uwakuhst,hvkuhst,uwakuhst
1063,1094,he/she is sifting it,FullEventful,cause[pres2-perf3],,False,kvkuhstih,kvkuhstih,kvkuhst,uwakuhsth,hvkuhst,uwakuhst
1064,1095,it’s leaking,FullEventful,sk-s-hst,,False,kvku,,kvku,uwaku,,uwaku
1067,1098,he/she is alive,FullEventful,stative-h,,True,kvn,kvn,kvn,,hvn,
1067,1098,he/she is alive,FullEventful,stative,,True,kvnh,kvn,kvnh,,hvnh,
1070,1101,he/she is hitting him/her,FullEventful,hih-hil[imp2],,False,kvn,tsiyvn,kvn,uwan,hiyvn,uwan
1071,1102,he/she is cooking it (refers to a specific food),FullEventful,cause,,False,kvnhihst,kvnihst,kvnhihst,uwanhihst,hvnhihst,uwanhihst
1071,1102,he/she is cooking it (refers to a specific food),FullEventful,cause[perf3],,False,kvnhihst,kvnihst,kvnhihst,uwanhihsth,hvnhihst,uwanhihst
1071,1102,he/she is cooking it (refers to a specific food),FullEventful,cause[pres2],,False,kvnhihstih,kvnihstih,kvnhihst,uwanhihst,hvnhihst,uwanhihst
1071,1102,he/she is cooking it (refers to a specific food),FullEventful,cause[pres2-perf3],,False,kvnhihstih,kvnihstih,kvnhihst,uwanhihsth,hvnhihst,uwanhihst
1076,1107,he/she is frying it,FullEventful,hvsk-han,,False,kvtsal,kvtsal,kvtsal,uwvtsal,hvtsal,uwvtsal
1078,1109,he/she is melting it,FullEventful,cause,,False,kvnawht,kvnawot,kvnawht,uwanawht,hvnawht,uwanawht
1078,1109,he/she is melting it,FullEventful,cause[perf3],,False,kvnawht,kvnawot,kvnawht,uwanawhth,hvnawht,uwanawht
1078,1109,he/she is melting it,FullEventful,cause[pres2],,False,kvnawhtih,kvnawotih,kvnawht,uwanawht,hvnawht,uwanawht
1078,1109,he/she is melting it,FullEventful,cause[pres2-perf3],,False,kvnawhtih,kvnawotih,kvnawht,uwanawhth,hvnawht,uwanawht
1079,1110,it’s melting,FullEventful,sk-s-hi-hihst,,False,kvnawo,kvnawo,kvnawo,uwanawo,hvnawo,uwanawo
1079,1110,it’s melting,FullEventful,sk-s-hst[imp2],,False,kvnawo,kvnawo,kvnawo,uwanawo,hvnawo,uwanawohi
1079,1110,it’s melting,FullEventful,sk-s-hst,,False,kvnawo,kvnawo,kvnawo,uwanawo,hvnawohi,uwanawohi
1081,1112,he/she is sweeping it,FullEventful,sk-h,,False,kvnohsa,kvnohsa,kvnohsa,uwanohsa,hvnohs,uwanohsa
1081,1112,he/she is sweeping it,FullEventful,sk-h[imp2],,False,kvnohsa,kvnohsa,kvnohsa,uwanohsa,hvnohsa,uwanohsa
1082,1113,it’s becoming done (refers to by cooking),FullEventful,sk-s-hi-hihst,,False,kvn,,kvn,uwan,hvn,uwan
1083,1114,he/she is hiding it,FullEventful,hvsk-han,,False,kvhskal,kvhskal,kvhskal,uwahskal,hvhskal,uwahskal
1084,1115,he/she is hiding it (refers to a long object),FullEventful,i-a-i,,False,kvhskalat,kvhskalat,kvhskalat,uwahskalat,hvhskalat,uwahskalat
1085,1116,he/she is hiding him/her (refers to a flexible object),FullEventful,vsk,,False,kvhskal,tsiyvhskal,kvhskal,uwahskal,hiyvhskalv',uwahskal
1085,1116,he/she is hiding him/her (refers to a flexible object),FullEventful,vsk[imp2],,False,kvhskal,tsiyvhskal,kvhskal,uwahskal,hiyvhskal,uwahskal
1086,1117,he/she is cracking it,FullEventful,o,,False,kvhskwal,kvhskwal,kvhskwal,uwahskwal,hvhskwal,uwahskwal
1087,1118,he/she is putting it into a fire,FullEventful,hvsk-han,,False,kvt,kvt,kvt,uwvt,hvt,uwvt
1088,1119,he/she is soaking it (refers to a flexible object),FullEventful,hvsk-han,,False,kvwal,kvwal,kvwal,uwvwal,hvwal,uwvwal
1119,1163,he/she is returning,FullEventful,become,,False,ika'luh,itsi'luh,ika'luh,v'uluh,tsihi'luh,
1221,1272,he/she is ascending an incline,FullEventful,sk-s-hi-hihst,,False,khanalu,tsinalu,khanalu,unhalu,hinhalu,unhalu
1221,1272,he/she is ascending an incline,FullEventful,sk-s-hst[imp2],,False,khanalu,tsinalu,khanalu,unhalu,hinhalu,unhaluhi
1221,1272,he/she is ascending an incline,FullEventful,sk-s-hst,,False,khanalu,tsinalu,khanalu,unhalu,hinhaluhi,unhaluhi
1224,1275,he/she is making him/her angry,FullEventful,cause,,False,khanalvhst,tsinalvhst,khanalvhst,unhalvhst,hinalvhst,unhalvhst
1224,1275,he/she is making him/her angry,FullEventful,cause[perf3],,False,khanalvhst,tsinalvhst,khanalvhst,unhalvhsth,hinalvhst,unhalvhst
1224,1275,he/she is making him/her angry,FullEventful,cause[pres2],,False,khanalvhstih,tsinalvhstih,khanalvhst,unhalvhst,hinalvhst,unhalvhst
1224,1275,he/she is making him/her angry,FullEventful,cause[pres2-perf3],,False,khanalvhstih,tsinalvhstih,khanalvhst,unhalvhsth,hinalvhst,unhalvhst
1227,1278,he/she is rooting it out,FullEventful,ih-vh,,False,khanahstetl,tsinahstetl,khanahstetl,unhahstetl,hinhahstetl,unhahstel
1229,1280,he/she is cold,FullEventful,become,,False,khanawo,tsinawo,khanawo,unhawo,hinhawo,unhawo
1230,1281,he/she is speaking,FullEventful,become,,False,khane,tsine,khane,unhe,hinhe,unhe
1231,1282,he/she is prying it,FullEventful,ih-vh,,False,khanekwat,tsinekwat,khanekwat,unhekwat,hinhekwat,unhekwat
1232,1283,he/she is accumulating it,FullEventful,o,,False,khanehkw,tsinehkw,khanehkw,unhehkw,hinhehkw,unhehkw
1233,1284,it’s accumulating,FullEventful,become,,False,khanehkwo,,khanehkwo,unhehkwo,hinhehkwo,unhehkwo'i
1233,1284,it’s accumulating,FullEventful,become[inf2],,False,khanehkwo,,khanehkwo,unhehkwo,hinhehkwo,unhehkwo
1233,1284,it’s accumulating,FullEventful,become[inf4],,False,khanehkwo,,khanehkwo,unhehkwo,hinhehkwo,unhehkwo'
1234,1285,he/she is mentioning it,FullEventful,cause,,False,khane'ihst,tsine'ihst,khane'ihst,unhe'ihst,hinhe'ihst,unhe'ihst
1234,1285,he/she is mentioning it,FullEventful,cause[perf3],,False,khane'ihst,tsine'ihst,khane'ihst,unhe'ihsth,hinhe'ihst,unhe'ihst
1234,1285,he/she is mentioning it,FullEventful,cause[pres2],,False,khane'ihstih,tsine'ihstih,khane'ihst,unhe'ihst,hinhe'ihst,unhe'ihst
1234,1285,he/she is mentioning it,FullEventful,cause[pres2-perf3],,False,khane'ihstih,tsine'ihstih,khane'ihst,unhe'ihsth,hinhe'ihst,unhe'ihst
1235,1286,it’s contaminated (refers to contaminated by visible foreign matter),FullEventful,stative-h,,True,khanehsal,,khanehsal,,,
1235,1286,it’s contaminated (refers to contaminated by visible foreign matter),FullEventful,stative,,True,khanehsalh,,khanehsalh,,,
1236,1287,he/she is contaminating it (refers to contaminated by visible foreign matter),FullEventful,hvsk-han,,False,khanehsal,tsinehsal,khanehsal,unhehsal,hinhehsal,unhehsal
1241,1292,he/she is collecting from him/her,FullEventful,hvsk-han,,False,khanil,tsinil,khanil,unhil,hinil,unhil
1246,1297,he/she is telling it,FullEventful,apl-active-h,,False,khano,tsino,khano,unho,hinho,unho
1247,1298,he/she is omitting him/her,FullEventful,a,,False,khanohiy,tsinohiy,khanohiy,unhohiy,hinohiy,unhohiy
1249,1300,he/she is fanning him/her,FullEventful,apl-active,,False,khanoy,tsinoy,khanoy,unhoy,hinoy,unhoy
1249,1300,he/she is fanning him/her,FullEventful,apl-active-a,,False,khanoy,tsinoy,khanoy,unhoy,hinoyvl,unhoye
1253,1304,it’s misting,FullEventful,i-a-i,,False,khanuyolat,,khanuyolat,unhuyola't,,unhuyolat
1254,1305,he/she is straining it,FullEventful,cause,,False,khanvhsolvhst,tsinvhsolvhst,khanvhsolvhst,unhvhsolvhst,hinhvhsolvhst,unhvhsolvhst
1254,1305,he/she is straining it,FullEventful,cause[perf3],,False,khanvhsolvhst,tsinvhsolvhst,khanvhsolvhst,unhvhsolvhsth,hinhvhsolvhst,unhvhsolvhst
1254,1305,he/she is straining it,FullEventful,cause[pres2],,False,khanvhsolvhstih,tsinvhsolvhstih,khanvhsolvhst,unhvhsolvhst,hinhvhsolvhst,unhvhsolvhst
1254,1305,he/she is straining it,FullEventful,cause[pres2-perf3],,False,khanvhsolvhstih,tsinvhsolvhstih,khanvhsolvhst,unhvhsolvhsth,hinhvhsolvhst,unhvhsolvhst
1256,1307,he/she is curing him/her,FullEventful,i-vka,,False,khanvw,tsinvw,khanvw,unhvw,hinvw,unhvw
1258,1309,he/she is breathing,FullEventful,rev-e,,False,khawolat,ka'wolat,khawolat,uwholat,hawholat,uwholat
1261,1312,he/she is parting with him/her (refers to in death),FullEventful,become,,False,khte,tsiyvte,khte,uwhte,hiyvte,uwhte'i
1261,1312,he/she is parting with him/her (refers to in death),FullEventful,become[inf2],,False,khte,tsiyvte,khte,uwhte,hiyvte,uwhte
1261,1312,he/she is parting with him/her (refers to in death),FullEventful,become[inf4],,False,khte,tsiyvte,khte,uwhte,hiyvte,uwhte'
1262,1313,he/she is using it,FullEventful,cause,,False,kht,kvt,kht,uwht,hvht,uwht
1262,1313,he/she is using it,FullEventful,cause[perf3],,False,kht,kvt,kht,uwhth,hvht,uwht
1262,1313,he/she is using it,FullEventful,cause[pres2],,False,khtih,kvtih,kht,uwht,hvht,uwht
1262,1313,he/she is using it,FullEventful,cause[pres2-perf3],,False,khtih,kvtih,kht,uwhth,hvht,uwht
1263,1314,he/she is putting out a fire,FullEventful,i-a-i,,False,khtlat,kvtlat,khtlat,uwhtlat,hvhtlat,uwhtlat
1264,1315,he/she is sharpening it,FullEventful,ih-vh,,False,khtl,kvtl,khtl,uwhtl,hvhtl,uwhtlv
1264,1315,he/she is sharpening it,FullEventful,ih-vh[inf2],,False,khtl,kvtl,khtl,uwhtl,hvhtl,uwhtl
1265,1316,it is going out (refers to fire‚ light),FullEventful,sk-s-hi-hihst,,False,khtlo,,khtlo,uwhtlo,hvhtlo,uwhtlo
1265,1316,it is going out (refers to fire‚ light),FullEventful,sk-s-hst[imp2],,False,khtlo,,khtlo,uwhtlo,hvhtlo,uwhtlohi
1265,1316,it is going out (refers to fire‚ light),FullEventful,sk-s-hst,,False,khtlo,,khtlo,uwhtlo,hvhtlohi,uwhtlohi
1266,1317,he/she is putting it into a fire (refers to a flexible object),FullEventful,vsk,,False,khtv',kvtv',khtv',uwht,hvhtv',uwht
1266,1317,he/she is putting it into a fire (refers to a flexible object),FullEventful,vsk[imp2],,False,khtv',kvtv',khtv',uwht,hvht,uwht
1266,1317,he/she is putting it into a fire (refers to a flexible object),FullEventful,vsk-long,,False,kht,kvt,kht,uwht,hvhtv',uwht
1266,1317,he/she is putting it into a fire (refers to a flexible object),FullEventful,vsk-long[imp2],,False,kht,kvt,kht,uwht,hvht,uwht
1266,1317,he/she is putting it into a fire (refers to a flexible object),FullEventful,vsk-post-v,,False,khtv,kvtv,khtv,uwhtv,hvhtv,uwhtv
1267,1319,he/she is mingling with a group,FullEventful,be-at,,False,khelatit,ke'latit,khelatit,uwhelatit,helatit,uwhelatit
1270,1322,he/she is linking it,FullEventful,hvsk-han,,False,khil,kv'il,khil,uwhil,hvhil,uwhil
1285,1337,it is hanging (refers to a long object),FullEventful,stative,,True,khtho',,khtho',,hatho',
1286,1338,he/she is hanging it up (refers to a long object),FullEventful,i-a-i,,False,khthohsat,kathohsat,khthohsat,uwhthohsat,hathohsat,uwhthohsat
1301,1356,there are (a number of three or more must be specified),FullEventful,stative,,True,nani',notsi',nani',,nitsi',
1308,1365,he/she is taking it off,FullEventful,rev-e,,False,nikvnht,nikvnht,nikvnht,nuwanht,nhvnht,iyuwanht
1309,1366,he/she is putting it on,FullEventful,cause,,False,nikvnht,nikvnht,nikvnht,nuwanht,nhvnht,iyuwanht
1309,1366,he/she is putting it on,FullEventful,cause[perf3],,False,nikvnht,nikvnht,nikvnht,nuwanhth,nhvnht,iyuwanht
1309,1366,he/she is putting it on,FullEventful,cause[pres2],,False,nikvnhtih,nikvnhtih,nikvnht,nuwanht,nhvnht,iyuwanht
1309,1366,he/she is putting it on,FullEventful,cause[pres2-perf3],,False,nikvnhtih,nikvnhtih,nikvnht,nuwanhth,nhvnht,iyuwanht
1323,1380,he/she has something on (refers to objects),FullEventful,stative,,True,nuwanht,nakwvnht,nuwanht,nuwanht,nitsvnht,
1450,1516,he/she is in prayer,FullEventful,stative,,True,utatolihst,akwatatolihst,utatolihst,utatolihst,tsatatolihst,utatolihsto
1450,1516,he/she is in prayer,FullEventful,stative[inf2],,True,utatolihst,akwatatolihst,utatolihst,utatolihst,tsatatolihst,utatolihst
1451,1517,he/she loves,FullEventful,stative-s,,True,utakeyu,akwatakeyu,utakeyu,utakeyu,tsatakeyu,utakey
1451,1517,he/she loves,FullEventful,stative,,True,utakeyuh,akwatakeyuh,utakeyuhs,utakeyuhs,tsatakeyuhs,utakey
1459,1525,it’s wrinkled,FullEventful,stative-s,,True,utanekoyu,akwatanekoyu,utanekoyu,utanekoyu,tsatanekoyu,
1459,1525,it’s wrinkled,FullEventful,stative,,True,utanekoyuh,akwatanekoyuh,utanekoyuhs,utanekoyuhs,tsatanekoyuhs,
1470,1536,it’s in view,FullEventful,stative-h,,True,utayvlat,akwatayvlat,utayvlat,utayvlat,tsatayvlat,utayvlat
1470,1536,it’s in view,FullEventful,stative,,True,utayvlath,akwatayvlath,utayvlath,utayvlath,tsatayvlath,utayvlat
1471,1537,he/she is throwing it,FullEventful,go-in,,False,ut,akwat,ut,ut,tsat,ut
1476,1542,he/she is having a birthday,FullEventful,ih-vh,,False,utethiy,akwatethiy,utethiy,utethiy,tsatethiy,utethiy
1478,1544,it’s hot,FullEventful,stative-k,,True,utilheh,,utilheh,utilheh,tsatilheh,
1478,1544,it’s hot,FullEventful,stative,,True,utilhehk,,utilhehk,utilhehk,tsatilhehk,
1480,1546,he/she is in hiding,FullEventful,stative-h,,True,utihskal,akwatihskal,utihskal,utihskal,tsatihskal,utihskal
1480,1546,he/she is in hiding,FullEventful,stative,,True,utihskalh,akwatihskalh,utihskalh,utihskalh,tsatihskalh,utihskal
1481,1547,he/she is getting well,FullEventful,sk-s-hi-hihst,,False,utiw,akwatiw,utiw,utiw,tsatiw,utiw
1483,1549,there’s an opening,FullEventful,stative,,True,utlanvt,,utlanvt,utlanvt,,
1484,1550,he/she has time,FullEventful,apl,,False,utlanvta't,akwatlanvta't,utlanvta't,utlanvta't,tsatlanvtati,utlanvta't
1484,1550,he/she has time,FullEventful,apl[imp2],,False,utlanvta't,akwatlanvta't,utlanvta't,utlanvta't,tsatlanvtati,utlanvta't
1484,1550,he/she has time,FullEventful,apl[imp3],,False,utlanvta't,akwatlanvta't,utlanvta't,utlanvta't,tsatlanvtat,utlanvta't
1485,1551,he/she is disbelieving,FullEventful,apl,,False,utlahsithv',akwatlahsithv',utlahsithv',utlahsithv',tsatlahsithv,utlahsithv'
1485,1551,he/she is disbelieving,FullEventful,apl[imp2],,False,utlahsithv',akwatlahsithv',utlahsithv',utlahsithv',tsatlahsithv,utlahsithv'
1487,1553,he/she is taking revenge,FullEventful,become,,False,utle,akwatle,utle,utle,tsatle,utle'i
1487,1553,he/she is taking revenge,FullEventful,become[inf2],,False,utle,akwatle,utle,utle,tsatle,utle
1487,1553,he/she is taking revenge,FullEventful,become[inf4],,False,utle,akwatle,utle,utle,tsatle,utle'
1489,1555,he/she is wearing an earring,FullEventful,stative,,True,utli'at,akwatli'at,utli'at,utli'at,tsatli'at,
1505,1571,he/she is standing in liquid,FullEventful,stative-s,,True,utu,akwatu,utu,utu,tsatu,utu
1505,1571,he/she is standing in liquid,FullEventful,stative,,True,utuh,akwatuh,utuhs,utuhs,tsatuhs,utu
1507,1573,he/she wants it,FullEventful,ih-vh,,False,utul,akwatul,utul,utul,tsatul,utul
1508,1574,he/she is willing,FullEventful,stative,,True,utvnv'ihst,akwatvnv'ihst,utvnv'ihst,utvnv'ihst,tsatvnv'ihst,
1514,1580,he/she is becoming warm,FullEventful,sk-s-hi-hihst,,False,ukanawo,akikanawo,ukanawo,ukanawo,tsakanawo,ukanawo
1514,1580,he/she is becoming warm,FullEventful,sk-s-hst[imp2],,False,ukanawo,akikanawo,ukanawo,ukanawo,tsakanawo,ukanawohi
1514,1580,he/she is becoming warm,FullEventful,sk-s-hst,,False,ukanawo,akikanawo,ukanawo,ukanawo,tsakanawohi,ukanawohi
1516,1582,he/she is possessive of him/her,FullEventful,stative-s,,True,ukeyu,tsikeyu,ukeyu,ukeyu,hikeyu,ukey
1516,1582,he/she is possessive of him/her,FullEventful,stative,,True,ukeyuh,tsikeyu',ukeyuhs,ukeyuhs,hikeyuhs,ukey
1523,1589,he/she is late,FullEventful,become,,False,ukonhiyo,akikonhiyo,ukonhiyo,ukonhiyo,tsakonhiyo,ukonhiyo
1524,1590,it’s decaying,FullEventful,sk-s-hi-hihst,,False,uko,akiko,uko,uko,tsako,uko
1524,1590,it’s decaying,FullEventful,sk-s-hst[imp2],,False,uko,akiko,uko,uko,tsako,ukohi
1524,1590,it’s decaying,FullEventful,sk-s-hst,,False,uko,akiko,uko,uko,tsakohi,ukohi
1530,1596,he/she has an object (refers to a solid object),FullEventful,stative-h,,True,u,aki,u,u,tsa,
1530,1596,he/she has an object (refers to a solid object),FullEventful,stative,,True,uh,akih,uh,uh,tsah,
1531,1597,he/she is yawning,FullEventful,apl-active,,False,uhalhok,akhalhok,uhalhok,uhalhok,tsahalhok,uhalhok
1531,1597,he/she is yawning,FullEventful,apl-active-a,,False,uhalhok,akhalhok,uhalhok,uhalhok,tsahalhokvl,uhalhoke
1534,1600,he/she is having trouble breathing,FullEventful,cause,,False,uhawohst,akihawohst,uhawohst,uhawohst,tsahawohst,uhawohst
1534,1600,he/she is having trouble breathing,FullEventful,cause[perf3],,False,uhawohst,akihawohst,uhawohst,uhawohsth,tsahawohst,uhawohst
1534,1600,he/she is having trouble breathing,FullEventful,cause[pres2],,False,uhawohstih,akihawohstih,uhawohst,uhawohst,tsahawohst,uhawohst
1534,1600,he/she is having trouble breathing,FullEventful,cause[pres2-perf3],,False,uhawohstih,akihawohstih,uhawohst,uhawohsth,tsahawohst,uhawohst
1535,1601,there is dew,FullEventful,stative-h,,True,uhihsat,akihihsat,uhihsat,uhihsat,tsahihsat,
1535,1601,there is dew,FullEventful,stative,,True,uhihsath,akihihsath,uhihsath,uhihsath,tsahihsath,
1536,1602,he/she is lonesome,FullEventful,apl,,False,uhihsohtan,akihihsohtan,uhihsohtan,uhihsohtan,tsahihsohta,uhihsohtan
1536,1602,he/she is lonesome,FullEventful,apl[imp2],,False,uhihsohtan,akihihsohtan,uhihsohtan,uhihsohtan,tsahihsohta,uhihsohtan
1537,1603,it’s lonesome,FullEventful,stative,,True,uhihsoht,,uhihsoht,uhihsoht,,
1544,1610,he/she is becoming angry,FullEventful,become,,False,unhalv,akhinalv,unhalv,unhalv,tshanalv,unhalv'i
1544,1610,he/she is becoming angry,FullEventful,become[inf2],,False,unhalv,akhinalv,unhalv,unhalv,tshanalv,unhalv
1544,1610,he/she is becoming angry,FullEventful,become[inf4],,False,unhalv,akhinalv,unhalv,unhalv,tshanalv,unhalv'
1545,1611,he/she is angry,FullEventful,stative-s,,True,unhalv,akhinalv,unhalv,unhalv,tshanalv,
1545,1611,he/she is angry,FullEventful,stative,,True,unhalvh,akhinalvh,unhalvhs,unhalvhs,tshanalvhs,
1548,1614,he/she is stubbing his/her toe,FullEventful,o,,False,unhahskwal,akhinahskwal,unhahskwal,unhahskwal,tshanahskwal,unhahskwal
1551,1617,he/she has a chill,FullEventful,cause,,False,unhawahst,akhinawahst,unhawahst,unhawahst,tshanawahst,unhawahst
1551,1617,he/she has a chill,FullEventful,cause[perf3],,False,unhawahst,akhinawahst,unhawahst,unhawahsth,tshanawahst,unhawahst
1551,1617,he/she has a chill,FullEventful,cause[pres2],,False,unhawahstih,akhinawahstih,unhawahst,unhawahst,tshanawahst,unhawahst
1551,1617,he/she has a chill,FullEventful,cause[pres2-perf3],,False,unhawahstih,akhinawahstih,unhawahst,unhawahsth,tshanawahst,unhawahst
1554,1620,he/she is in bed,FullEventful,stative-h,,True,unhi,akwanhi,unhi,unhi,tsanhi,
1554,1620,he/she is in bed,FullEventful,stative,,True,unhih,akwanhih,unhih,unhih,tsanhih,
1557,1623,he/she is wearing a shirt,FullEventful,stative,,True,unhuw,akwanhuw,unhuw,unhuw,tsanhuw,
1561,1627,he/she is buying it,FullEventful,sk-s-hi-hihst,,False,uwha,akhiwa,uwha,uwha,tshawa,uwha
1561,1627,he/she is buying it,FullEventful,sk-s-hst[imp2],,False,uwha,akhiwa,uwha,uwha,tshawa,uwhahi
1561,1627,he/she is buying it,FullEventful,sk-s-hst,,False,uwha,akhiwa,uwha,uwha,tshawahi,uwhahi
1563,1629,he/she is looking for it,FullEventful,oh-al,,False,uy,akiy,uy,uy,tsay,uy
1569,1635,it is cold (refers to weather),FullEventful,stative,,True,uyhvtl,,uyhvtl,uyhvtl,,
1570,1636,he/she has a cold,FullEventful,ih-vh,,False,uyhvtla uniy,uyhvtla aki'niy,uyhvtla uniy,uyhvtla uniy,uyhvtla witsa'niy,uyhvtla uniy
1572,1638,he/she is getting drunk,FullEventful,e-aka,,False,uyhvhst,akhiyvhst,uyhvhst,uyhvhst,tshayvhst,uyhvhst
1576,1642,he/she is inside it,FullEventful,stative-a',,True,uts,akwats,uts,uts,tsats,
1576,1642,he/she is inside it,FullEventful,stative,,True,utsa',akwatsa',utsa',utsa',tsatsa',
1592,1658,it’s sticking out,FullEventful,stative-h,,True,ukhsat,akwakhsat,ukhsat,ukhsat,tsakhsat,ukhsat
1592,1658,it’s sticking out,FullEventful,stative,,True,ukhsath,akwakhsath,ukhsath,ukhsath,tsakhsath,ukhsat
1593,1659,he/she is watching him/her,FullEventful,stative,,True,ukhsehst,tsiyakahsehst,ukhsehst,ukhsehst,hiyakahsehst,ukhsehsto
1593,1659,he/she is watching him/her,FullEventful,stative[inf2],,True,ukhsehst,tsiyakahsehst,ukhsehst,ukhsehst,hiyakahsehst,ukhsehst
1597,1663,it’s foggy,FullEventful,stative,,True,ukhvhat,akikhvhat,ukhvhat,ukhvhat,tsakhvhat,
1599,1665,he/she is not having luck at hunting,FullEventful,go,,False,ukwhol,akikwhol,ukwhol,ukwhol,tsakwhol,ukwhol
1599,1665,he/she is not having luck at hunting,FullEventful,go[pres2],,False,ukwholek,akikwholek,ukwhol,ukwhol,tsakwhol,ukwhol
1602,1668,he/she is losing his/her way,FullEventful,hih-lh,,False,ulena,akwalena,ulena,ulena,tsalena,ulena
1604,1670,he/she is making a mistake,FullEventful,cause,,False,ulitahst,akilitahst,ulitahst,ulitahst,tsalitahst,ulitahst
1604,1670,he/she is making a mistake,FullEventful,cause[perf3],,False,ulitahst,akilitahst,ulitahst,ulitahsth,tsalitahst,ulitahst
1604,1670,he/she is making a mistake,FullEventful,cause[pres2],,False,ulitahstih,akilitahstih,ulitahst,ulitahst,tsalitahst,ulitahst
1604,1670,he/she is making a mistake,FullEventful,cause[pres2-perf3],,False,ulitahstih,akilitahstih,ulitahst,ulitahsth,tsalitahst,ulitahst
1612,1678,he/she is whining,FullEventful,cause,,False,uliyet,akiliyet,uliyet,uliyet,tsaliyet,uliyet
1612,1678,he/she is whining,FullEventful,cause[perf3],,False,uliyet,akiliyet,uliyet,uliyeth,tsaliyet,uliyet
1612,1678,he/she is whining,FullEventful,cause[pres2],,False,uliyetih,akiliyetih,uliyet,uliyet,tsaliyet,uliyet
1612,1678,he/she is whining,FullEventful,cause[pres2-perf3],,False,uliyetih,akiliyetih,uliyet,uliyeth,tsaliyet,uliyet
1613,1679,he/she is wearing a ring,FullEventful,stative-k,,True,uliyehsuhsth,akwaliyehsuhsth,uliyehsuhsth,uliyehsuhsth,tsaliyehsuhsth,
1613,1679,he/she is wearing a ring,FullEventful,stative,,True,uliyehsuhsthk,akwaliyehsuhsthk,uliyehsuhsthk,uliyehsuhsthk,tsaliyehsuhsthk,
1614,1680,it’s cloudy,FullEventful,stative,,True,ulokil,,ulokil,ulokil,,
1616,1682,it’s happening to him,FullEventful,apl,,False,ulhstanh,akwalhstanh,ulhstanh,ulhstanh,tsalhsta,ulhstanh
1616,1682,it’s happening to him,FullEventful,apl[imp2],,False,ulhstanh,akwalhstanh,ulhstanh,ulhstanh,tsalhsta,ulhstanh
1618,1684,he/she is wearing a cap,FullEventful,stative,,True,ulhstul,akwalhstul,ulhstul,ulhstul,tsalhstul,
1621,1687,he/she is sticking his/her head out,FullEventful,stative,,True,ulhskwalut,akwalhskwalut,ulhskwalut,ulhskwalut,tsalhskwalut,
1622,1688,he/she is wearing a hat,FullEventful,stative-k,,True,ulhskwethuh,akwalhskwethuh,ulhskwethuh,ulhskwethuh,tsalhskwethuh,
1622,1688,he/she is wearing a hat,FullEventful,stative,,True,ulhskwethuhk,akwalhskwethuhk,ulhskwethuhk,ulhskwethuhk,tsalhskwethuhk,
1623,1689,it’s dark,FullEventful,stative-k,,True,ulhsih,,ulhsih,ulhsih,tsalhsih,
1623,1689,it’s dark,FullEventful,stative,,True,ulhsihk,,ulhsihk,ulhsihk,tsalhsihk,
1629,1695,he/she has an object (refers to a flexible object),FullEventful,stative-a',,True,un,akin,un,un,tsan,
1629,1695,he/she has an object (refers to a flexible object),FullEventful,stative,,True,una',akina',una',una',tsana',
1632,1698,they are together,FullEventful,stative-s,,True,unaliko,okaliko,unaliko,unaliko,itsaliko,
1632,1698,they are together,FullEventful,stative,,True,unalikoh,okalikoh,unalikohs,unalikohs,itsalikohs,
1639,1705,he/she is being mean,FullEventful,stative,,True,unekuts,akinekuts,unekuts,unekuts,tsanekuts,
1642,1708,he/she has a liquid,FullEventful,stative-h,,True,une,akine,une,une,tsane,une
1642,1708,he/she has a liquid,FullEventful,stative-eh,,True,un,akin,un,un,tsan,uneht
1642,1708,he/she has a liquid,FullEventful,stative,,True,uneh,akineh,uneh,uneh,tsaneh,une
1646,1712,he/she knows it,FullEventful,stative-h,,True,unht,akwanht,unht,unht,tsanht,
1646,1712,he/she knows it,FullEventful,stative,,True,unhth,akwanhth,unhth,unhth,tsanhth,
1664,1730,he/she is receiving punishment,FullEventful,i-a-i,,False,uhstvt,akhstvt,uhstvt,uhstvt,tstvt,uhstvt
1671,1737,he/she is coughing,FullEventful,sk-h[imp2],,False,uhsiwha,akhsiwha,uhsiwha,uhsiwha,tsiwhahi,uhsiwhahi
1677,1743,he/she is wearing pants,FullEventful,stative,,True,uhsul,akwahsul,uhsul,uhsul,tsahsul,
1681,1747,he/she is going to bed,FullEventful,hih-lh[imp2],,False,uhsv,akhsv,uhsv,uhsv,tsv,uhsv
1683,1749,he/she is thirsty,FullEventful,i-vka,,False,uthatek,akhthatek,uthatek,uthatek,tsthatek,uthatek
1684,1750,he/she is becoming enraged,FullEventful,sk-s-hi-hihst,,False,uthalhawo,akhthalhawo,uthalhawo,uthalhawo,tsthalhawo,uthalhawo
1684,1750,he/she is becoming enraged,FullEventful,sk-s-hst[imp2],,False,uthalhawo,akhthalhawo,uthalhawo,uthalhawo,tsthalhawo,uthalhawohi
1684,1750,he/she is becoming enraged,FullEventful,sk-s-hst,,False,uthalhawo,akhthalhawo,uthalhawo,uthalhawo,tsthalhawohi,uthalhawohi
1693,1759,he/she is listening to him/her,FullEventful,stative,,True,uthvtahst,tsiyathvtahst,uthvtahst,uthvtahst,hiyathvtahst,uthvtahsto
1693,1759,he/she is listening to him/her,FullEventful,stative[inf2],,True,uthvtahst,tsiyathvtahst,uthvtahst,uthvtahst,hiyathvtahst,uthvtahst
1698,1764,he/she is forgetting it,FullEventful,sk-s-a,,False,uwakhew,akwvkhew,uwakhew,uwakhew,witsvkhew,uwakhew
1699,1765,he/she is belching,FullEventful,become,,False,uwakhule,akikhule,uwakhule,uwakhule,tsakhule,uwakhule'i
1699,1765,he/she is belching,FullEventful,become[inf2],,False,uwakhule,akikhule,uwakhule,uwakhule,tsakhule,uwakhule
1699,1765,he/she is belching,FullEventful,become[inf4],,False,uwakhule,akikhule,uwakhule,uwakhule,tsakhule,uwakhule'
1700,1766,he/she is shivering,FullEventful,i-a-i,,False,uwanaw,akinaw,uwanaw,uwanaw,tsanaw,uwanaw
1708,1774,he/she smells it,FullEventful,become,,False,uwawhsv,akiwhsv,uwawhsv,uwawhsv,tsawhsv,uwawhsv
1709,1775,he/she has an object (refers to a long object),FullEventful,stative,,True,uway,akwvy,uway,uway,tsvy,
1710,1776,he/she is aching,FullEventful,apl,,False,uwehihstan,akwehihstan,uwehihstan,uwehihstan,tsehihsta,uwehihstan
1710,1776,he/she is aching,FullEventful,apl[imp2],,False,uwehihstan,akwehihstan,uwehihstan,uwehihstan,tsehihsta,uwehihstan
1719,1785,he/she has it,FullEventful,stative-h,,True,uwekha,akikha,uwekha,uwekha,tsekha,
1719,1785,he/she has it,FullEventful,stative,,True,uwekhah,akikhah,uwekhah,uwekhah,tsekhah,
1729,1795,he/she is confident,FullEventful,stative-s,,True,uwohiyu,akwohiyu,uwohiyu,uwohiyu,tsohiyu,
1729,1795,he/she is confident,FullEventful,stative,,True,uwohiyuh,akwohiyuh,uwohiyuhs,uwohiyuhs,tsohiyuhs,
1730,1796,he/she is sitting,FullEventful,stative-h,,True,uwol,akwol,uwol,uwol,tsol,
1730,1796,he/she is sitting,FullEventful,stative,,True,uwolh,akwolh,uwolh,uwolh,tsolh,
1741,1807,he/she is losing it,FullEventful,apl,,False,uyohuhs,akiyohuhs,uyohuhs,uyohuhs,tsayohu,uyohuhs
1741,1807,he/she is losing it,FullEventful,apl[imp2],,False,uyohuhs,akiyohuhs,uyohuhs,uyohuhs,tsayohu,uyohuhs
1754,1823,he/she is sending on object (refers to a long object),FullEventful,i-a-i,,False,wat,witsit,wat,wut,whit,wut
1761,1830,he/she is sending it,FullEventful,hvsk-nh,,False,wa,witsi,wa,wu,whi,wu
1761,1830,he/she is sending it,FullEventful,hvsk-nh[inf2],,False,wa,witsi,wa,wu,whi,wu
1765,1834,he/she is heading in the direction of,FullEventful,stative-h,,True,wakht,witsikat,wakht,wakht,whikht,
1765,1834,he/she is heading in the direction of,FullEventful,stative,,True,wakhth,witsikath,wakhth,wakhth,whikhth,
1774,1845,he/she is sending it,FullEventful,hvsk-n,,False,wikakha,witsiyakha,wikakha,wuwakha,whiyakha,wuwakh
1775,1846,he/she is sending it (refers to something liquid),FullEventful,hvsk-nh,,False,wikane,witsine,wikane,wune,whine,wune
1775,1846,he/she is sending it (refers to something liquid),FullEventful,hvsk-nh[inf2],,False,wikane,witsine,wikane,wune,whine,wune
1776,1847,he/she is sending it (refers to a flexible object),FullEventful,vsk,,False,wikanv',witsinv',wikanv',wun,whinv',wun
1776,1847,he/she is sending it (refers to a flexible object),FullEventful,vsk[imp2],,False,wikanv',witsinv',wikanv',wun,whin,wun
1776,1847,he/she is sending it (refers to a flexible object),FullEventful,vsk-long,,False,wikan,witsin,wikan,wun,whinv',wun
1776,1847,he/she is sending it (refers to a flexible object),FullEventful,vsk-long[imp2],,False,wikan,witsin,wikan,wun,whin,wun
1776,1847,he/she is sending it (refers to a flexible object),FullEventful,vsk-post-v,,False,wikanv,witsinv,wikanv,wunv,whinv,wunv
1778,1849,he/she is going out of sight,FullEventful,become,,False,wuteli,wakwateli,wuteli,wuteli,witsateli,wuteli
1778,1849,he/she is going out of sight,FullEventful,become[inf4],,False,wuteli,wakwateli,wuteli,wuteli,witsateli,wutel
