corpus_id,original_word,stem,structure,aspect,person,number,pronominal_set,plural_word
0,atshutsa,atshutsa,root,,,,,anitshutsa
0,atshutsa,tshutsa,root,,3rd,singular,a,anitshutsa
0,atshutsa,:tshutsa,root,,3rd,singular,a,anitshutsa
0,atshutsa,atshutsa,root,,3rd,singular,a,anitshutsa
1,atshvya,atshvya,root,,,,,anitshvya
1,atshvya,tshvya,root,,3rd,singular,a,anitshvya
1,atshvya,:tshvya,root,,3rd,singular,a,anitshvya
1,atshvya,atshvya,root,,3rd,singular,a,anitshvya
2,ata,ata,root,,,,,
2,ata,ta,root,,3rd,singular,a,
2,ata,:ta,root,,3rd,singular,a,
2,ata,ata,root,,3rd,singular,a,
3,a'ta,a'ta,root,,,,,anita
3,a'ta,'ta,root,,3rd,singular,a,anita
3,a'ta,:'ta,root,,3rd,singular,a,anita
3,a'ta,a'ta,root,,3rd,singular,a,anita
4,atatlohsti,atatlohst,agentive,imperfective,,,,titatlohsti
4,atatlohsti,tatlohst,agentive,imperfective,3rd,singular,a,titatlohsti
4,atatlohsti,:tatlohst,agentive,imperfective,3rd,singular,a,titatlohsti
4,atatlohsti,atatlohst,agentive,imperfective,3rd,singular,a,titatlohsti
4,atatlohsti,atatlohsti,root,,,,,titatlohsti
4,atatlohsti,tatlohsti,root,,3rd,singular,a,titatlohsti
4,atatlohsti,:tatlohsti,root,,3rd,singular,a,titatlohsti
4,atatlohsti,atatlohsti,root,,3rd,singular,a,titatlohsti
5,atatolihsti,atatolihst,agentive,imperfective,,,,
5,atatolihsti,tatolihst,agentive,imperfective,3rd,singular,a,
5,atatolihsti,:tatolihst,agentive,imperfective,3rd,singular,a,
5,atatolihsti,atatolihst,agentive,imperfective,3rd,singular,a,
5,atatolihsti,atatolihsti,root,,,,,
5,atatolihsti,tatolihsti,root,,3rd,singular,a,
5,atatolihsti,:tatolihsti,root,,3rd,singular,a,
5,atatolihsti,atatolihsti,root,,3rd,singular,a,
6,atakeyhti,atakeyht,agentive,imperfective,,,,
6,atakeyhti,takeyht,agentive,imperfective,3rd,singular,a,
6,atakeyhti,:takeyht,agentive,imperfective,3rd,singular,a,
6,atakeyhti,atakeyht,agentive,imperfective,3rd,singular,a,
6,atakeyhti,atakeyhti,root,,,,,
6,atakeyhti,takeyhti,root,,3rd,singular,a,
6,atakeyhti,:takeyhti,root,,3rd,singular,a,
6,atakeyhti,atakeyhti,root,,3rd,singular,a,
7,atahihi,atahih,agentive,imperfective,,,,anatahihi
7,atahihi,tahih,agentive,imperfective,3rd,singular,a,anatahihi
7,atahihi,:tahih,agentive,imperfective,3rd,singular,a,anatahihi
7,atahihi,atahih,agentive,imperfective,3rd,singular,a,anatahihi
7,atahihi,atahihi,root,,,,,anatahihi
7,atahihi,tahihi,root,,3rd,singular,a,anatahihi
7,atahihi,:tahihi,root,,3rd,singular,a,anatahihi
7,atahihi,atahihi,root,,3rd,singular,a,anatahihi
8,atalhinehsalhti,atalhinehsalht,agentive,imperfective,,,,titalhinehsalhti
8,atalhinehsalhti,talhinehsalht,agentive,imperfective,3rd,singular,a,titalhinehsalhti
8,atalhinehsalhti,:talhinehsalht,agentive,imperfective,3rd,singular,a,titalhinehsalhti
8,atalhinehsalhti,atalhinehsalht,agentive,imperfective,3rd,singular,a,titalhinehsalhti
8,atalhinehsalhti,atalhinehsalhti,root,,,,,titalhinehsalhti
8,atalhinehsalhti,talhinehsalhti,root,,3rd,singular,a,titalhinehsalhti
8,atalhinehsalhti,:talhinehsalhti,root,,3rd,singular,a,titalhinehsalhti
8,atalhinehsalhti,atalhinehsalhti,root,,3rd,singular,a,titalhinehsalhti
9,atanhehti,atanheht,agentive,imperfective,,,,titanhehti
9,atanhehti,tanheht,agentive,imperfective,3rd,singular,a,titanhehti
9,atanhehti,:tanheht,agentive,imperfective,3rd,singular,a,titanhehti
9,atanhehti,atanheht,agentive,imperfective,3rd,singular,a,titanhehti
9,atanhehti,atanhehti,root,,,,,titanhehti
9,atanhehti,tanhehti,root,,3rd,singular,a,titanhehti
9,atanhehti,:tanhehti,root,,3rd,singular,a,titanhehti
9,atanhehti,atanhehti,root,,3rd,singular,a,titanhehti
10,atanhoyo,atanhoyo,root,,,,,titanhoyo
10,atanhoyo,tanhoyo,root,,3rd,singular,a,titanhoyo
10,atanhoyo,:tanhoyo,root,,3rd,singular,a,titanhoyo
10,atanhoyo,atanhoyo,root,,3rd,singular,a,titanhoyo
11,atayhehski,atayhehsk,agentive,imperfective,,,,
11,atayhehski,tayhehsk,agentive,imperfective,3rd,singular,a,
11,atayhehski,:tayhehsk,agentive,imperfective,3rd,singular,a,
11,atayhehski,atayhehsk,agentive,imperfective,3rd,singular,a,
11,atayhehski,atayhehski,root,,,,,
11,atayhehski,tayhehski,root,,3rd,singular,a,
11,atayhehski,:tayhehski,root,,3rd,singular,a,
11,atayhehski,atayhehski,root,,3rd,singular,a,
12,atayhonehti,atayhoneht,agentive,imperfective,,,,
12,atayhonehti,tayhoneht,agentive,imperfective,3rd,singular,a,
12,atayhonehti,:tayhoneht,agentive,imperfective,3rd,singular,a,
12,atayhonehti,atayhoneht,agentive,imperfective,3rd,singular,a,
12,atayhonehti,atayhonehti,root,,,,,
12,atayhonehti,tayhonehti,root,,3rd,singular,a,
12,atayhonehti,:tayhonehti,root,,3rd,singular,a,
12,atayhonehti,atayhonehti,root,,3rd,singular,a,
13,atayhonehi,atayhoneh,agentive,imperfective,,,,tinatayhonehi
13,atayhonehi,tayhoneh,agentive,imperfective,3rd,singular,a,tinatayhonehi
13,atayhonehi,:tayhoneh,agentive,imperfective,3rd,singular,a,tinatayhonehi
13,atayhonehi,atayhoneh,agentive,imperfective,3rd,singular,a,tinatayhonehi
13,atayhonehi,atayhonehi,root,,,,,tinatayhonehi
13,atayhonehi,tayhonehi,root,,3rd,singular,a,tinatayhonehi
13,atayhonehi,:tayhonehi,root,,3rd,singular,a,tinatayhonehi
13,atayhonehi,atayhonehi,root,,3rd,singular,a,tinatayhonehi
14,atatsvyhski,atatsvyhsk,agentive,imperfective,,,,anatatsvyhski
14,atatsvyhski,tatsvyhsk,agentive,imperfective,3rd,singular,a,anatatsvyhski
14,atatsvyhski,:tatsvyhsk,agentive,imperfective,3rd,singular,a,anatatsvyhski
14,atatsvyhski,atatsvyhsk,agentive,imperfective,3rd,singular,a,anatatsvyhski
14,atatsvyhski,atatsvyhski,root,,,,,anatatsvyhski
14,atatsvyhski,tatsvyhski,root,,3rd,singular,a,anatatsvyhski
14,atatsvyhski,:tatsvyhski,root,,3rd,singular,a,anatatsvyhski
14,atatsvyhski,atatsvyhski,root,,3rd,singular,a,anatatsvyhski
15,atakhehti,atakheht,agentive,imperfective,,,,titakhehti
15,atakhehti,takheht,agentive,imperfective,3rd,singular,a,titakhehti
15,atakhehti,:takheht,agentive,imperfective,3rd,singular,a,titakhehti
15,atakhehti,atakheht,agentive,imperfective,3rd,singular,a,titakhehti
15,atakhehti,atakhehti,root,,,,,titakhehti
15,atakhehti,takhehti,root,,3rd,singular,a,titakhehti
15,atakhehti,:takhehti,root,,3rd,singular,a,titakhehti
15,atakhehti,atakhehti,root,,3rd,singular,a,titakhehti
16,atana'nv'i,atana'nv',agentive,imperfective,,,,tatana'nv'i
16,atana'nv'i,tana'nv',agentive,imperfective,3rd,singular,a,tatana'nv'i
16,atana'nv'i,:tana'nv',agentive,imperfective,3rd,singular,a,tatana'nv'i
16,atana'nv'i,atana'nv',agentive,imperfective,3rd,singular,a,tatana'nv'i
16,atana'nv'i,atana'n,completive,perfective,,,,tatana'nv'i
16,atana'nv'i,tana'n,completive,perfective,3rd,singular,a,tatana'nv'i
16,atana'nv'i,:tana'n,completive,perfective,3rd,singular,a,tatana'nv'i
16,atana'nv'i,atana'n,completive,perfective,3rd,singular,a,tatana'nv'i
16,atana'nv'i,atana'n,incompletive,imperfective,,,,tatana'nv'i
16,atana'nv'i,tana'n,incompletive,imperfective,3rd,singular,a,tatana'nv'i
16,atana'nv'i,:tana'n,incompletive,imperfective,3rd,singular,a,tatana'nv'i
16,atana'nv'i,atana'n,incompletive,imperfective,3rd,singular,a,tatana'nv'i
16,atana'nv'i,atana'nv'i,root,,,,,tatana'nv'i
16,atana'nv'i,tana'nv'i,root,,3rd,singular,a,tatana'nv'i
16,atana'nv'i,:tana'nv'i,root,,3rd,singular,a,tatana'nv'i
16,atana'nv'i,atana'nv'i,root,,3rd,singular,a,tatana'nv'i
17,atanetliyvhstihski,atanetliyvhstihsk,agentive,imperfective,,,,anatanetliyvhstihski
17,atanetliyvhstihski,tanetliyvhstihsk,agentive,imperfective,3rd,singular,a,anatanetliyvhstihski
17,atanetliyvhstihski,:tanetliyvhstihsk,agentive,imperfective,3rd,singular,a,anatanetliyvhstihski
17,atanetliyvhstihski,atanetliyvhstihsk,agentive,imperfective,3rd,singular,a,anatanetliyvhstihski
17,atanetliyvhstihski,atanetliyvhstihski,root,,,,,anatanetliyvhstihski
17,atanetliyvhstihski,tanetliyvhstihski,root,,3rd,singular,a,anatanetliyvhstihski
17,atanetliyvhstihski,:tanetliyvhstihski,root,,3rd,singular,a,anatanetliyvhstihski
17,atanetliyvhstihski,atanetliyvhstihski,root,,3rd,singular,a,anatanetliyvhstihski
18,atanelhv'i,atanelhv',agentive,imperfective,,,,tatanelhv'i
18,atanelhv'i,tanelhv',agentive,imperfective,3rd,singular,a,tatanelhv'i
18,atanelhv'i,:tanelhv',agentive,imperfective,3rd,singular,a,tatanelhv'i
18,atanelhv'i,atanelhv',agentive,imperfective,3rd,singular,a,tatanelhv'i
18,atanelhv'i,atanelh,completive,perfective,,,,tatanelhv'i
18,atanelhv'i,tanelh,completive,perfective,3rd,singular,a,tatanelhv'i
18,atanelhv'i,:tanelh,completive,perfective,3rd,singular,a,tatanelhv'i
18,atanelhv'i,atanelh,completive,perfective,3rd,singular,a,tatanelhv'i
18,atanelhv'i,atanelh,incompletive,imperfective,,,,tatanelhv'i
18,atanelhv'i,tanelh,incompletive,imperfective,3rd,singular,a,tatanelhv'i
18,atanelhv'i,:tanelh,incompletive,imperfective,3rd,singular,a,tatanelhv'i
18,atanelhv'i,atanelh,incompletive,imperfective,3rd,singular,a,tatanelhv'i
18,atanelhv'i,atanelhv'i,root,,,,,tatanelhv'i
18,atanelhv'i,tanelhv'i,root,,3rd,singular,a,tatanelhv'i
18,atanelhv'i,:tanelhv'i,root,,3rd,singular,a,tatanelhv'i
18,atanelhv'i,atanelhv'i,root,,3rd,singular,a,tatanelhv'i
19,atanelv'i,atanelv',agentive,imperfective,,,,tatanelv'i
19,atanelv'i,tanelv',agentive,imperfective,3rd,singular,a,tatanelv'i
19,atanelv'i,:tanelv',agentive,imperfective,3rd,singular,a,tatanelv'i
19,atanelv'i,atanelv',agentive,imperfective,3rd,singular,a,tatanelv'i
19,atanelv'i,atanel,completive,perfective,,,,tatanelv'i
19,atanelv'i,tanel,completive,perfective,3rd,singular,a,tatanelv'i
19,atanelv'i,:tanel,completive,perfective,3rd,singular,a,tatanelv'i
19,atanelv'i,atanel,completive,perfective,3rd,singular,a,tatanelv'i
19,atanelv'i,atanel,incompletive,imperfective,,,,tatanelv'i
19,atanelv'i,tanel,incompletive,imperfective,3rd,singular,a,tatanelv'i
19,atanelv'i,:tanel,incompletive,imperfective,3rd,singular,a,tatanelv'i
19,atanelv'i,atanel,incompletive,imperfective,3rd,singular,a,tatanelv'i
19,atanelv'i,atanelv'i,root,,,,,tatanelv'i
19,atanelv'i,tanelv'i,root,,3rd,singular,a,tatanelv'i
19,atanelv'i,:tanelv'i,root,,3rd,singular,a,tatanelv'i
19,atanelv'i,atanelv'i,root,,3rd,singular,a,tatanelv'i
20,atanhto,atanhto,root,,,,,titanhto
20,atanhto,tanhto,root,,3rd,singular,a,titanhto
20,atanhto,:tanhto,root,,3rd,singular,a,titanhto
20,atanhto,atanhto,root,,3rd,singular,a,titanhto
21,atanhthehti,atanhtheht,agentive,imperfective,,,,
21,atanhthehti,tanhtheht,agentive,imperfective,3rd,singular,a,
21,atanhthehti,:tanhtheht,agentive,imperfective,3rd,singular,a,
21,atanhthehti,atanhtheht,agentive,imperfective,3rd,singular,a,
21,atanhthehti,atanhthehti,root,,,,,
21,atanhthehti,tanhthehti,root,,3rd,singular,a,
21,atanhthehti,:tanhthehti,root,,3rd,singular,a,
21,atanhthehti,atanhthehti,root,,3rd,singular,a,
22,atahstayhti'i,atahstayhti',agentive,imperfective,,,,titahstayhti'i
22,atahstayhti'i,tahstayhti',agentive,imperfective,3rd,singular,a,titahstayhti'i
22,atahstayhti'i,:tahstayhti',agentive,imperfective,3rd,singular,a,titahstayhti'i
22,atahstayhti'i,atahstayhti',agentive,imperfective,3rd,singular,a,titahstayhti'i
22,atahstayhti'i,atahstayhti'i,root,,,,,titahstayhti'i
22,atahstayhti'i,tahstayhti'i,root,,3rd,singular,a,titahstayhti'i
22,atahstayhti'i,:tahstayhti'i,root,,3rd,singular,a,titahstayhti'i
22,atahstayhti'i,atahstayhti'i,root,,3rd,singular,a,titahstayhti'i
23,atawehi,ataweh,agentive,imperfective,,,,anitawehi
23,atawehi,taweh,agentive,imperfective,3rd,singular,a,anitawehi
23,atawehi,:taweh,agentive,imperfective,3rd,singular,a,anitawehi
23,atawehi,ataweh,agentive,imperfective,3rd,singular,a,anitawehi
23,atawehi,atawehi,root,,,,,anitawehi
23,atawehi,tawehi,root,,3rd,singular,a,anitawehi
23,atawehi,:tawehi,root,,3rd,singular,a,anitawehi
23,atawehi,atawehi,root,,3rd,singular,a,anitawehi
24,atawelakihski,atawelakihsk,agentive,imperfective,,,,titawelakihski
24,atawelakihski,tawelakihsk,agentive,imperfective,3rd,singular,a,titawelakihski
24,atawelakihski,:tawelakihsk,agentive,imperfective,3rd,singular,a,titawelakihski
24,atawelakihski,atawelakihsk,agentive,imperfective,3rd,singular,a,titawelakihski
24,atawelakihski,atawelakihski,root,,,,,titawelakihski
24,atawelakihski,tawelakihski,root,,3rd,singular,a,titawelakihski
24,atawelakihski,:tawelakihski,root,,3rd,singular,a,titawelakihski
24,atawelakihski,atawelakihski,root,,3rd,singular,a,titawelakihski
25,atawelakihski,atawelakihsk,agentive,imperfective,,,,
25,atawelakihski,tawelakihsk,agentive,imperfective,3rd,singular,a,
25,atawelakihski,:tawelakihsk,agentive,imperfective,3rd,singular,a,
25,atawelakihski,atawelakihsk,agentive,imperfective,3rd,singular,a,
25,atawelakihski,atawelakihski,root,,,,,
25,atawelakihski,tawelakihski,root,,3rd,singular,a,
25,atawelakihski,:tawelakihski,root,,3rd,singular,a,
25,atawelakihski,atawelakihski,root,,3rd,singular,a,
26,Atawi,Ataw,agentive,imperfective,,,,
26,Atawi,Atawi,root,,,,,
27,atawohsti'i,atawohsti',agentive,imperfective,,,,titawohsti'i
27,atawohsti'i,tawohsti',agentive,imperfective,3rd,singular,a,titawohsti'i
27,atawohsti'i,:tawohsti',agentive,imperfective,3rd,singular,a,titawohsti'i
27,atawohsti'i,atawohsti',agentive,imperfective,3rd,singular,a,titawohsti'i
27,atawohsti'i,atawohsti'i,root,,,,,titawohsti'i
27,atawohsti'i,tawohsti'i,root,,3rd,singular,a,titawohsti'i
27,atawohsti'i,:tawohsti'i,root,,3rd,singular,a,titawohsti'i
27,atawohsti'i,atawohsti'i,root,,3rd,singular,a,titawohsti'i
28,atayvlathvhski,atayvlathvhsk,agentive,imperfective,,,,titayvlathvhski
28,atayvlathvhski,tayvlathvhsk,agentive,imperfective,3rd,singular,a,titayvlathvhski
28,atayvlathvhski,:tayvlathvhsk,agentive,imperfective,3rd,singular,a,titayvlathvhski
28,atayvlathvhski,atayvlathvhsk,agentive,imperfective,3rd,singular,a,titayvlathvhski
28,atayvlathvhski,atayvlathvhski,root,,,,,titayvlathvhski
28,atayvlathvhski,tayvlathvhski,root,,3rd,singular,a,titayvlathvhski
28,atayvlathvhski,:tayvlathvhski,root,,3rd,singular,a,titayvlathvhski
28,atayvlathvhski,atayvlathvhski,root,,3rd,singular,a,titayvlathvhski
29,atela,atela,root,,,,,
29,atela,tela,root,,3rd,singular,a,
29,atela,:tela,root,,3rd,singular,a,
29,atela,atela,root,,3rd,singular,a,
30,ateltiyhti'i,ateltiyhti',agentive,imperfective,,,,atel tsuniyhti'i
30,ateltiyhti'i,teltiyhti',agentive,imperfective,3rd,singular,a,atel tsuniyhti'i
30,ateltiyhti'i,:teltiyhti',agentive,imperfective,3rd,singular,a,atel tsuniyhti'i
30,ateltiyhti'i,ateltiyhti',agentive,imperfective,3rd,singular,a,atel tsuniyhti'i
30,ateltiyhti'i,ateltiyhti'i,root,,,,,atel tsuniyhti'i
30,ateltiyhti'i,teltiyhti'i,root,,3rd,singular,a,atel tsuniyhti'i
30,ateltiyhti'i,:teltiyhti'i,root,,3rd,singular,a,atel tsuniyhti'i
30,ateltiyhti'i,ateltiyhti'i,root,,3rd,singular,a,atel tsuniyhti'i
31,Ateltsulhv'i,Ateltsulhv',agentive,imperfective,,,,
31,Ateltsulhv'i,Ateltsulh,completive,perfective,,,,
31,Ateltsulhv'i,Ateltsulh,incompletive,imperfective,,,,
31,Ateltsulhv'i,Ateltsulhv'i,root,,,,,
32,atelv'i,atelv',agentive,imperfective,,,,
32,atelv'i,telv',agentive,imperfective,3rd,singular,a,
32,atelv'i,:telv',agentive,imperfective,3rd,singular,a,
32,atelv'i,atelv',agentive,imperfective,3rd,singular,a,
32,atelv'i,atel,completive,perfective,,,,
32,atelv'i,tel,completive,perfective,3rd,singular,a,
32,atelv'i,:tel,completive,perfective,3rd,singular,a,
32,atelv'i,atel,completive,perfective,3rd,singular,a,
32,atelv'i,atel,incompletive,imperfective,,,,
32,atelv'i,tel,incompletive,imperfective,3rd,singular,a,
32,atelv'i,:tel,incompletive,imperfective,3rd,singular,a,
32,atelv'i,atel,incompletive,imperfective,3rd,singular,a,
32,atelv'i,atelv'i,root,,,,,
32,atelv'i,telv'i,root,,3rd,singular,a,
32,atelv'i,:telv'i,root,,3rd,singular,a,
32,atelv'i,atelv'i,root,,3rd,singular,a,
33,ateyohv'i,ateyohv',agentive,imperfective,,,,tateyohv'i
33,ateyohv'i,teyohv',agentive,imperfective,3rd,singular,a,tateyohv'i
33,ateyohv'i,:teyohv',agentive,imperfective,3rd,singular,a,tateyohv'i
33,ateyohv'i,ateyohv',agentive,imperfective,3rd,singular,a,tateyohv'i
33,ateyohv'i,ateyoh,completive,perfective,,,,tateyohv'i
33,ateyohv'i,teyoh,completive,perfective,3rd,singular,a,tateyohv'i
33,ateyohv'i,:teyoh,completive,perfective,3rd,singular,a,tateyohv'i
33,ateyohv'i,ateyoh,completive,perfective,3rd,singular,a,tateyohv'i
33,ateyohv'i,ateyoh,incompletive,imperfective,,,,tateyohv'i
33,ateyohv'i,teyoh,incompletive,imperfective,3rd,singular,a,tateyohv'i
33,ateyohv'i,:teyoh,incompletive,imperfective,3rd,singular,a,tateyohv'i
33,ateyohv'i,ateyoh,incompletive,imperfective,3rd,singular,a,tateyohv'i
33,ateyohv'i,ateyohv'i,root,,,,,tateyohv'i
33,ateyohv'i,teyohv'i,root,,3rd,singular,a,tateyohv'i
33,ateyohv'i,:teyohv'i,root,,3rd,singular,a,tateyohv'i
33,ateyohv'i,ateyohv'i,root,,3rd,singular,a,tateyohv'i
34,atithahsti,atithahst,agentive,imperfective,,,,titithahsti
34,atithahsti,tithahst,agentive,imperfective,3rd,singular,a,titithahsti
34,atithahsti,:tithahst,agentive,imperfective,3rd,singular,a,titithahsti
34,atithahsti,atithahst,agentive,imperfective,3rd,singular,a,titithahsti
34,atithahsti,atithahsti,root,,,,,titithahsti
34,atithahsti,tithahsti,root,,3rd,singular,a,titithahsti
34,atithahsti,:tithahsti,root,,3rd,singular,a,titithahsti
34,atithahsti,atithahsti,root,,3rd,singular,a,titithahsti
35,atithohti,atithoht,agentive,imperfective,,,,titithohti
35,atithohti,tithoht,agentive,imperfective,3rd,singular,a,titithohti
35,atithohti,:tithoht,agentive,imperfective,3rd,singular,a,titithohti
35,atithohti,atithoht,agentive,imperfective,3rd,singular,a,titithohti
35,atithohti,atithohti,root,,,,,titithohti
35,atithohti,tithohti,root,,3rd,singular,a,titithohti
35,atithohti,:tithohti,root,,3rd,singular,a,titithohti
35,atithohti,atithohti,root,,3rd,singular,a,titithohti
36,atla,atla,root,,,,,
36,atla,tla,root,,3rd,singular,a,
36,atla,:tla,root,,3rd,singular,a,
36,atla,atla,root,,3rd,singular,a,
37,atlawa'tv'i,atlawa'tv',agentive,imperfective,,,,tatlawa'tv'i
37,atlawa'tv'i,tlawa'tv',agentive,imperfective,3rd,singular,a,tatlawa'tv'i
37,atlawa'tv'i,:tlawa'tv',agentive,imperfective,3rd,singular,a,tatlawa'tv'i
37,atlawa'tv'i,atlawa'tv',agentive,imperfective,3rd,singular,a,tatlawa'tv'i
37,atlawa'tv'i,atlawa't,completive,perfective,,,,tatlawa'tv'i
37,atlawa'tv'i,tlawa't,completive,perfective,3rd,singular,a,tatlawa'tv'i
37,atlawa'tv'i,:tlawa't,completive,perfective,3rd,singular,a,tatlawa'tv'i
37,atlawa'tv'i,atlawa't,completive,perfective,3rd,singular,a,tatlawa'tv'i
37,atlawa'tv'i,atlawa't,incompletive,imperfective,,,,tatlawa'tv'i
37,atlawa'tv'i,tlawa't,incompletive,imperfective,3rd,singular,a,tatlawa'tv'i
37,atlawa'tv'i,:tlawa't,incompletive,imperfective,3rd,singular,a,tatlawa'tv'i
37,atlawa'tv'i,atlawa't,incompletive,imperfective,3rd,singular,a,tatlawa'tv'i
37,atlawa'tv'i,atlawa'tv'i,root,,,,,tatlawa'tv'i
37,atlawa'tv'i,tlawa'tv'i,root,,3rd,singular,a,tatlawa'tv'i
37,atlawa'tv'i,:tlawa'tv'i,root,,3rd,singular,a,tatlawa'tv'i
37,atlawa'tv'i,atlawa'tv'i,root,,3rd,singular,a,tatlawa'tv'i
38,atle'ihsti,atle'ihst,agentive,imperfective,,,,
38,atle'ihsti,tle'ihst,agentive,imperfective,3rd,singular,a,
38,atle'ihsti,:tle'ihst,agentive,imperfective,3rd,singular,a,
38,atle'ihsti,atle'ihst,agentive,imperfective,3rd,singular,a,
38,atle'ihsti,atle'ihsti,root,,,,,
38,atle'ihsti,tle'ihsti,root,,3rd,singular,a,
38,atle'ihsti,:tle'ihsti,root,,3rd,singular,a,
38,atle'ihsti,atle'ihsti,root,,3rd,singular,a,
39,atlehsato,atlehsato,root,,,,,titlehsato
39,atlehsato,tlehsato,root,,3rd,singular,a,titlehsato
39,atlehsato,:tlehsato,root,,3rd,singular,a,titlehsato
39,atlehsato,atlehsato,root,,3rd,singular,a,titlehsato
40,atlehskv'i,atlehskv',agentive,imperfective,,,,tatlehskv'i
40,atlehskv'i,tlehskv',agentive,imperfective,3rd,singular,a,tatlehskv'i
40,atlehskv'i,:tlehskv',agentive,imperfective,3rd,singular,a,tatlehskv'i
40,atlehskv'i,atlehskv',agentive,imperfective,3rd,singular,a,tatlehskv'i
40,atlehskv'i,atlehsk,completive,perfective,,,,tatlehskv'i
40,atlehskv'i,tlehsk,completive,perfective,3rd,singular,a,tatlehskv'i
40,atlehskv'i,:tlehsk,completive,perfective,3rd,singular,a,tatlehskv'i
40,atlehskv'i,atlehsk,completive,perfective,3rd,singular,a,tatlehskv'i
40,atlehskv'i,atlehsk,incompletive,imperfective,,,,tatlehskv'i
40,atlehskv'i,tlehsk,incompletive,imperfective,3rd,singular,a,tatlehskv'i
40,atlehskv'i,:tlehsk,incompletive,imperfective,3rd,singular,a,tatlehskv'i
40,atlehskv'i,atlehsk,incompletive,imperfective,3rd,singular,a,tatlehskv'i
40,atlehskv'i,atlehskv'i,root,,,,,tatlehskv'i
40,atlehskv'i,tlehskv'i,root,,3rd,singular,a,tatlehskv'i
40,atlehskv'i,:tlehskv'i,root,,3rd,singular,a,tatlehskv'i
40,atlehskv'i,atlehskv'i,root,,3rd,singular,a,tatlehskv'i
41,atli'ato,atli'ato,root,,,,,titli'ato
41,atli'ato,tli'ato,root,,3rd,singular,a,titli'ato
41,atli'ato,:tli'ato,root,,3rd,singular,a,titli'ato
41,atli'ato,atli'ato,root,,3rd,singular,a,titli'ato
42,atlihstohti,atlihstoht,agentive,imperfective,,,,titlihstohti
42,atlihstohti,tlihstoht,agentive,imperfective,3rd,singular,a,titlihstohti
42,atlihstohti,:tlihstoht,agentive,imperfective,3rd,singular,a,titlihstohti
42,atlihstohti,atlihstoht,agentive,imperfective,3rd,singular,a,titlihstohti
42,atlihstohti,atlihstohti,root,,,,,titlihstohti
42,atlihstohti,tlihstohti,root,,3rd,singular,a,titlihstohti
42,atlihstohti,:tlihstohti,root,,3rd,singular,a,titlihstohti
42,atlihstohti,atlihstohti,root,,3rd,singular,a,titlihstohti
43,atolanvhsti,atolanvhst,agentive,imperfective,,,,titolanvhsti
43,atolanvhsti,tolanvhst,agentive,imperfective,3rd,singular,a,titolanvhsti
43,atolanvhsti,:tolanvhst,agentive,imperfective,3rd,singular,a,titolanvhsti
43,atolanvhsti,atolanvhst,agentive,imperfective,3rd,singular,a,titolanvhsti
43,atolanvhsti,atolanvhsti,root,,,,,titolanvhsti
43,atolanvhsti,tolanvhsti,root,,3rd,singular,a,titolanvhsti
43,atolanvhsti,:tolanvhsti,root,,3rd,singular,a,titolanvhsti
43,atolanvhsti,atolanvhsti,root,,3rd,singular,a,titolanvhsti
44,atonihski,atonihsk,agentive,imperfective,,,,tinatonihski
44,atonihski,tonihsk,agentive,imperfective,3rd,singular,a,tinatonihski
44,atonihski,:tonihsk,agentive,imperfective,3rd,singular,a,tinatonihski
44,atonihski,atonihsk,agentive,imperfective,3rd,singular,a,tinatonihski
44,atonihski,atonihski,root,,,,,tinatonihski
44,atonihski,tonihski,root,,3rd,singular,a,tinatonihski
44,atonihski,:tonihski,root,,3rd,singular,a,tinatonihski
44,atonihski,atonihski,root,,3rd,singular,a,tinatonihski
45,atutalehsti,atutalehst,agentive,imperfective,,,,
45,atutalehsti,tutalehst,agentive,imperfective,3rd,singular,a,
45,atutalehsti,:tutalehst,agentive,imperfective,3rd,singular,a,
45,atutalehsti,atutalehst,agentive,imperfective,3rd,singular,a,
45,atutalehsti,atutalehsti,root,,,,,
45,atutalehsti,tutalehsti,root,,3rd,singular,a,
45,atutalehsti,:tutalehsti,root,,3rd,singular,a,
45,atutalehsti,atutalehsti,root,,3rd,singular,a,
46,Atvtsi,Atvts,agentive,imperfective,,,,Anitvtsi
46,Atvtsi,Atvtsi,root,,,,,Anitvtsi
47,atvnelihski,atvnelihsk,agentive,imperfective,,,,anatvnelihski
47,atvnelihski,tvnelihsk,agentive,imperfective,3rd,singular,a,anatvnelihski
47,atvnelihski,:tvnelihsk,agentive,imperfective,3rd,singular,a,anatvnelihski
47,atvnelihski,atvnelihsk,agentive,imperfective,3rd,singular,a,anatvnelihski
47,atvnelihski,atvnelihski,root,,,,,anatvnelihski
47,atvnelihski,tvnelihski,root,,3rd,singular,a,anatvnelihski
47,atvnelihski,:tvnelihski,root,,3rd,singular,a,anatvnelihski
47,atvnelihski,atvnelihski,root,,3rd,singular,a,anatvnelihski
48,akaluka,akaluka,root,,,,,
48,akaluka,kaluka,root,,3rd,singular,a,
48,akaluka,:kaluka,root,,3rd,singular,a,
48,akaluka,akaluka,root,,3rd,singular,a,
49,aka'nakhthi,aka'nakhth,agentive,imperfective,,,,anika'nakhthi
49,aka'nakhthi,ka'nakhth,agentive,imperfective,3rd,singular,a,anika'nakhthi
49,aka'nakhthi,:ka'nakhth,agentive,imperfective,3rd,singular,a,anika'nakhthi
49,aka'nakhthi,aka'nakhth,agentive,imperfective,3rd,singular,a,anika'nakhthi
49,aka'nakhthi,aka'nakhthi,root,,,,,anika'nakhthi
49,aka'nakhthi,ka'nakhthi,root,,3rd,singular,a,anika'nakhthi
49,aka'nakhthi,:ka'nakhthi,root,,3rd,singular,a,anika'nakhthi
49,aka'nakhthi,aka'nakhthi,root,,3rd,singular,a,anika'nakhthi
50,akayaluti,akayalut,agentive,imperfective,,,,tikayaluti
50,akayaluti,kayalut,agentive,imperfective,3rd,singular,a,tikayaluti
50,akayaluti,:kayalut,agentive,imperfective,3rd,singular,a,tikayaluti
50,akayaluti,akayalut,agentive,imperfective,3rd,singular,a,tikayaluti
50,akayaluti,akayaluti,root,,,,,tikayaluti
50,akayaluti,kayaluti,root,,3rd,singular,a,tikayaluti
50,akayaluti,:kayaluti,root,,3rd,singular,a,tikayaluti
50,akayaluti,akayaluti,root,,3rd,singular,a,tikayaluti
51,akayvlike'i,akayvlike',agentive,imperfective,,,,anikayvlike'i
51,akayvlike'i,kayvlike',agentive,imperfective,3rd,singular,a,anikayvlike'i
51,akayvlike'i,:kayvlike',agentive,imperfective,3rd,singular,a,anikayvlike'i
51,akayvlike'i,akayvlike',agentive,imperfective,3rd,singular,a,anikayvlike'i
51,akayvlike'i,akayvlike'i,root,,,,,anikayvlike'i
51,akayvlike'i,kayvlike'i,root,,3rd,singular,a,anikayvlike'i
51,akayvlike'i,:kayvlike'i,root,,3rd,singular,a,anikayvlike'i
51,akayvlike'i,akayvlike'i,root,,3rd,singular,a,anikayvlike'i
52,akeyha,akeyha,root,,,,,anikeyha
52,akeyha,keyha,root,,3rd,singular,a,anikeyha
52,akeyha,:keyha,root,,3rd,singular,a,anikeyha
52,akeyha,akeyha,root,,3rd,singular,a,anikeyha
53,akeyhutsa,akeyhutsa,root,,,,,anikeyhutsa
53,akeyhutsa,keyhutsa,root,,3rd,singular,a,anikeyhutsa
53,akeyhutsa,:keyhutsa,root,,3rd,singular,a,anikeyhutsa
53,akeyhutsa,akeyhutsa,root,,3rd,singular,a,anikeyhutsa
54,akilhiyi,akilhiy,agentive,imperfective,,,,
54,akilhiyi,kilhiy,agentive,imperfective,3rd,singular,a,
54,akilhiyi,:kilhiy,agentive,imperfective,3rd,singular,a,
54,akilhiyi,akilhiy,agentive,imperfective,3rd,singular,a,
54,akilhiyi,akilhiyi,root,,,,,
54,akilhiyi,kilhiyi,root,,3rd,singular,a,
54,akilhiyi,:kilhiyi,root,,3rd,singular,a,
54,akilhiyi,akilhiyi,root,,3rd,singular,a,
55,akina,akina,root,,,,,anikina
55,akina,kina,root,,3rd,singular,a,anikina
55,akina,:kina,root,,3rd,singular,a,anikina
55,akina,akina,root,,3rd,singular,a,anikina
56,akihsti,akihst,agentive,imperfective,,,,
56,akihsti,kihst,agentive,imperfective,3rd,singular,a,
56,akihsti,:kihst,agentive,imperfective,3rd,singular,a,
56,akihsti,akihst,agentive,imperfective,3rd,singular,a,
56,akihsti,akihsti,root,,,,,
56,akihsti,kihsti,root,,3rd,singular,a,
56,akihsti,:kihsti,root,,3rd,singular,a,
56,akihsti,akihsti,root,,3rd,singular,a,
57,akihsi,akihs,agentive,imperfective,,,,anikihsi
57,akihsi,kihs,agentive,imperfective,3rd,singular,a,anikihsi
57,akihsi,:kihs,agentive,imperfective,3rd,singular,a,anikihsi
57,akihsi,akihs,agentive,imperfective,3rd,singular,a,anikihsi
57,akihsi,akihsi,root,,,,,anikihsi
57,akihsi,kihsi,root,,3rd,singular,a,anikihsi
57,akihsi,:kihsi,root,,3rd,singular,a,anikihsi
57,akihsi,akihsi,root,,3rd,singular,a,anikihsi
58,akola,akola,root,,,,,anikola
58,akola,kola,root,,3rd,singular,a,anikola
58,akola,:kola,root,,3rd,singular,a,anikola
58,akola,akola,root,,3rd,singular,a,anikola
59,akona,akona,root,,,,,
59,akona,kona,root,,3rd,singular,a,
59,akona,:kona,root,,3rd,singular,a,
59,akona,akona,root,,3rd,singular,a,
60,akohstakihsti,akohstakihst,agentive,imperfective,,,,
60,akohstakihsti,kohstakihst,agentive,imperfective,3rd,singular,a,
60,akohstakihsti,:kohstakihst,agentive,imperfective,3rd,singular,a,
60,akohstakihsti,akohstakihst,agentive,imperfective,3rd,singular,a,
60,akohstakihsti,akohstakihsti,root,,,,,
60,akohstakihsti,kohstakihsti,root,,3rd,singular,a,
60,akohstakihsti,:kohstakihsti,root,,3rd,singular,a,
60,akohstakihsti,akohstakihsti,root,,3rd,singular,a,
61,akowhthvhti,akowhthvht,agentive,imperfective,,,,
61,akowhthvhti,kowhthvht,agentive,imperfective,3rd,singular,a,
61,akowhthvhti,:kowhthvht,agentive,imperfective,3rd,singular,a,
61,akowhthvhti,akowhthvht,agentive,imperfective,3rd,singular,a,
61,akowhthvhti,akowhthvhti,root,,,,,
61,akowhthvhti,kowhthvhti,root,,3rd,singular,a,
61,akowhthvhti,:kowhthvhti,root,,3rd,singular,a,
61,akowhthvhti,akowhthvhti,root,,3rd,singular,a,
62,Akuhsa,Akuhsa,root,,,,,Anikuhsa
63,akvtakeni,akvtaken,agentive,imperfective,,,,
63,akvtakeni,kvtaken,agentive,imperfective,3rd,singular,a,
63,akvtakeni,:kvtaken,agentive,imperfective,3rd,singular,a,
63,akvtakeni,akvtaken,agentive,imperfective,3rd,singular,a,
63,akvtakeni,akvtakeni,root,,,,,
63,akvtakeni,kvtakeni,root,,3rd,singular,a,
63,akvtakeni,:kvtakeni,root,,3rd,singular,a,
63,akvtakeni,akvtakeni,root,,3rd,singular,a,
64,akvnhake'i,akvnhake',agentive,imperfective,,,,anikvnhake'i
64,akvnhake'i,kvnhake',agentive,imperfective,3rd,singular,a,anikvnhake'i
64,akvnhake'i,:kvnhake',agentive,imperfective,3rd,singular,a,anikvnhake'i
64,akvnhake'i,akvnhake',agentive,imperfective,3rd,singular,a,anikvnhake'i
64,akvnhake'i,akvnhake'i,root,,,,,anikvnhake'i
64,akvnhake'i,kvnhake'i,root,,3rd,singular,a,anikvnhake'i
64,akvnhake'i,:kvnhake'i,root,,3rd,singular,a,anikvnhake'i
64,akvnhake'i,akvnhake'i,root,,3rd,singular,a,anikvnhake'i
65,ahalata,ahalata,root,,,,,tinihalata
65,ahalata,halata,root,,3rd,singular,a,tinihalata
65,ahalata,:halata,root,,3rd,singular,a,tinihalata
65,ahalata,ahalata,root,,3rd,singular,a,tinihalata
66,ahawi,ahaw,agentive,imperfective,,,,awhi
66,ahawi,haw,agentive,imperfective,3rd,singular,a,awhi
66,ahawi,:haw,agentive,imperfective,3rd,singular,a,awhi
66,ahawi,ahaw,agentive,imperfective,3rd,singular,a,awhi
66,ahawi,ahawi,root,,,,,awhi
66,ahawi,hawi,root,,3rd,singular,a,awhi
66,ahawi,:hawi,root,,3rd,singular,a,awhi
66,ahawi,ahawi,root,,3rd,singular,a,awhi
67,ahilvhsti'i,ahilvhsti',agentive,imperfective,,,,tihi'lvhsti'i
67,ahilvhsti'i,hilvhsti',agentive,imperfective,3rd,singular,a,tihi'lvhsti'i
67,ahilvhsti'i,:hilvhsti',agentive,imperfective,3rd,singular,a,tihi'lvhsti'i
67,ahilvhsti'i,ahilvhsti',agentive,imperfective,3rd,singular,a,tihi'lvhsti'i
67,ahilvhsti'i,ahilvhsti'i,root,,,,,tihi'lvhsti'i
67,ahilvhsti'i,hilvhsti'i,root,,3rd,singular,a,tihi'lvhsti'i
67,ahilvhsti'i,:hilvhsti'i,root,,3rd,singular,a,tihi'lvhsti'i
67,ahilvhsti'i,ahilvhsti'i,root,,3rd,singular,a,tihi'lvhsti'i
68,alhawitihski,alhawitihsk,agentive,imperfective,,,,tilhawitihski
68,alhawitihski,lhawitihsk,agentive,imperfective,3rd,singular,a,tilhawitihski
68,alhawitihski,:lhawitihsk,agentive,imperfective,3rd,singular,a,tilhawitihski
68,alhawitihski,alhawitihsk,agentive,imperfective,3rd,singular,a,tilhawitihski
68,alhawitihski,alhawitihski,root,,,,,tilhawitihski
68,alhawitihski,lhawitihski,root,,3rd,singular,a,tilhawitihski
68,alhawitihski,:lhawitihski,root,,3rd,singular,a,tilhawitihski
68,alhawitihski,alhawitihski,root,,3rd,singular,a,tilhawitihski
69,alhawithtihski,alhawithtihsk,agentive,imperfective,,,,analhawithtihski
69,alhawithtihski,lhawithtihsk,agentive,imperfective,3rd,singular,a,analhawithtihski
69,alhawithtihski,:lhawithtihsk,agentive,imperfective,3rd,singular,a,analhawithtihski
69,alhawithtihski,alhawithtihsk,agentive,imperfective,3rd,singular,a,analhawithtihski
69,alhawithtihski,alhawithtihski,root,,,,,analhawithtihski
69,alhawithtihski,lhawithtihski,root,,3rd,singular,a,analhawithtihski
69,alhawithtihski,:lhawithtihski,root,,3rd,singular,a,analhawithtihski
69,alhawithtihski,alhawithtihski,root,,3rd,singular,a,analhawithtihski
70,alhilohsti,alhilohst,agentive,imperfective,,,,tilhilohsti
70,alhilohsti,lhilohst,agentive,imperfective,3rd,singular,a,tilhilohsti
70,alhilohsti,:lhilohst,agentive,imperfective,3rd,singular,a,tilhilohsti
70,alhilohsti,alhilohst,agentive,imperfective,3rd,singular,a,tilhilohsti
70,alhilohsti,alhilohsti,root,,,,,tilhilohsti
70,alhilohsti,lhilohsti,root,,3rd,singular,a,tilhilohsti
70,alhilohsti,:lhilohsti,root,,3rd,singular,a,tilhilohsti
70,alhilohsti,alhilohsti,root,,3rd,singular,a,tilhilohsti
71,alhtsatohvhski,alhtsatohvhsk,agentive,imperfective,,,,analhtsatohvhski
71,alhtsatohvhski,lhtsatohvhsk,agentive,imperfective,3rd,singular,a,analhtsatohvhski
71,alhtsatohvhski,:lhtsatohvhsk,agentive,imperfective,3rd,singular,a,analhtsatohvhski
71,alhtsatohvhski,alhtsatohvhsk,agentive,imperfective,3rd,singular,a,analhtsatohvhski
71,alhtsatohvhski,alhtsatohvhski,root,,,,,analhtsatohvhski
71,alhtsatohvhski,lhtsatohvhski,root,,3rd,singular,a,analhtsatohvhski
71,alhtsatohvhski,:lhtsatohvhski,root,,3rd,singular,a,analhtsatohvhski
71,alhtsatohvhski,alhtsatohvhski,root,,3rd,singular,a,analhtsatohvhski
72,alhohti,alhoht,agentive,imperfective,,,,tilhohti
72,alhohti,lhoht,agentive,imperfective,3rd,singular,a,tilhohti
72,alhohti,:lhoht,agentive,imperfective,3rd,singular,a,tilhohti
72,alhohti,alhoht,agentive,imperfective,3rd,singular,a,tilhohti
72,alhohti,alhohti,root,,,,,tilhohti
72,alhohti,lhohti,root,,3rd,singular,a,tilhohti
72,alhohti,:lhohti,root,,3rd,singular,a,tilhohti
72,alhohti,alhohti,root,,3rd,singular,a,tilhohti
73,alhthawohsti,alhthawohst,agentive,imperfective,,,,tilhthawohsti
73,alhthawohsti,lhthawohst,agentive,imperfective,3rd,singular,a,tilhthawohsti
73,alhthawohsti,:lhthawohst,agentive,imperfective,3rd,singular,a,tilhthawohsti
73,alhthawohsti,alhthawohst,agentive,imperfective,3rd,singular,a,tilhthawohsti
73,alhthawohsti,alhthawohsti,root,,,,,tilhthawohsti
73,alhthawohsti,lhthawohsti,root,,3rd,singular,a,tilhthawohsti
73,alhthawohsti,:lhthawohsti,root,,3rd,singular,a,tilhthawohsti
73,alhthawohsti,alhthawohsti,root,,3rd,singular,a,tilhthawohsti
74,anhawo,anhawo,root,,,,,tinhawo
74,anhawo,nhawo,root,,3rd,singular,a,tinhawo
74,anhawo,:nhawo,root,,3rd,singular,a,tinhawo
74,anhawo,anhawo,root,,3rd,singular,a,tinhawo
75,anhelhthanv'i,anhelhthanv',agentive,imperfective,,,,tinhelhthanv'i
75,anhelhthanv'i,nhelhthanv',agentive,imperfective,3rd,singular,a,tinhelhthanv'i
75,anhelhthanv'i,:nhelhthanv',agentive,imperfective,3rd,singular,a,tinhelhthanv'i
75,anhelhthanv'i,anhelhthanv',agentive,imperfective,3rd,singular,a,tinhelhthanv'i
75,anhelhthanv'i,anhelhthan,completive,perfective,,,,tinhelhthanv'i
75,anhelhthanv'i,nhelhthan,completive,perfective,3rd,singular,a,tinhelhthanv'i
75,anhelhthanv'i,:nhelhthan,completive,perfective,3rd,singular,a,tinhelhthanv'i
75,anhelhthanv'i,anhelhthan,completive,perfective,3rd,singular,a,tinhelhthanv'i
75,anhelhthanv'i,anhelhthan,incompletive,imperfective,,,,tinhelhthanv'i
75,anhelhthanv'i,nhelhthan,incompletive,imperfective,3rd,singular,a,tinhelhthanv'i
75,anhelhthanv'i,:nhelhthan,incompletive,imperfective,3rd,singular,a,tinhelhthanv'i
75,anhelhthanv'i,anhelhthan,incompletive,imperfective,3rd,singular,a,tinhelhthanv'i
75,anhelhthanv'i,anhelhthanv'i,root,,,,,tinhelhthanv'i
75,anhelhthanv'i,nhelhthanv'i,root,,3rd,singular,a,tinhelhthanv'i
75,anhelhthanv'i,:nhelhthanv'i,root,,3rd,singular,a,tinhelhthanv'i
75,anhelhthanv'i,anhelhthanv'i,root,,3rd,singular,a,tinhelhthanv'i
76,aholi,ahol,agentive,imperfective,,,,
76,aholi,hol,agentive,imperfective,3rd,singular,a,
76,aholi,:hol,agentive,imperfective,3rd,singular,a,
76,aholi,ahol,agentive,imperfective,3rd,singular,a,
76,aholi,aholi,root,,,,,
76,aholi,holi,root,,3rd,singular,a,
76,aholi,:holi,root,,3rd,singular,a,
76,aholi,aholi,root,,3rd,singular,a,
77,ahutsawolatvti,ahutsawolatvt,agentive,imperfective,,,,tihutsawolatvti
77,ahutsawolatvti,hutsawolatvt,agentive,imperfective,3rd,singular,a,tihutsawolatvti
77,ahutsawolatvti,:hutsawolatvt,agentive,imperfective,3rd,singular,a,tihutsawolatvti
77,ahutsawolatvti,ahutsawolatvt,agentive,imperfective,3rd,singular,a,tihutsawolatvti
77,ahutsawolatvti,ahutsawolatvti,root,,,,,tihutsawolatvti
77,ahutsawolatvti,hutsawolatvti,root,,3rd,singular,a,tihutsawolatvti
77,ahutsawolatvti,:hutsawolatvti,root,,3rd,singular,a,tihutsawolatvti
77,ahutsawolatvti,ahutsawolatvti,root,,3rd,singular,a,tihutsawolatvti
78,ahutsawolatvti,ahutsawolatvt,agentive,imperfective,,,,tahutsawolatv'i
78,ahutsawolatvti,hutsawolatvt,agentive,imperfective,3rd,singular,a,tahutsawolatv'i
78,ahutsawolatvti,:hutsawolatvt,agentive,imperfective,3rd,singular,a,tahutsawolatv'i
78,ahutsawolatvti,ahutsawolatvt,agentive,imperfective,3rd,singular,a,tahutsawolatv'i
78,ahutsawolatvti,ahutsawolatvti,root,,,,,tahutsawolatv'i
78,ahutsawolatvti,hutsawolatvti,root,,3rd,singular,a,tahutsawolatv'i
78,ahutsawolatvti,:hutsawolatvti,root,,3rd,singular,a,tahutsawolatv'i
78,ahutsawolatvti,ahutsawolatvti,root,,3rd,singular,a,tahutsawolatv'i
79,ahuli,ahul,agentive,imperfective,,,,tihuli
79,ahuli,hul,agentive,imperfective,3rd,singular,a,tihuli
79,ahuli,:hul,agentive,imperfective,3rd,singular,a,tihuli
79,ahuli,ahul,agentive,imperfective,3rd,singular,a,tihuli
79,ahuli,ahuli,root,,,,,tihuli
79,ahuli,huli,root,,3rd,singular,a,tihuli
79,ahuli,:huli,root,,3rd,singular,a,tihuli
79,ahuli,ahuli,root,,3rd,singular,a,tihuli
80,ayhatlvti,ayhatlvt,agentive,imperfective,,,,tiyhatlvti
80,ayhatlvti,yhatlvt,agentive,imperfective,3rd,singular,a,tiyhatlvti
80,ayhatlvti,:yhatlvt,agentive,imperfective,3rd,singular,a,tiyhatlvti
80,ayhatlvti,ayhatlvt,agentive,imperfective,3rd,singular,a,tiyhatlvti
80,ayhatlvti,ayhatlvti,root,,,,,tiyhatlvti
80,ayhatlvti,yhatlvti,root,,3rd,singular,a,tiyhatlvti
80,ayhatlvti,:yhatlvti,root,,3rd,singular,a,tiyhatlvti
80,ayhatlvti,ayhatlvti,root,,3rd,singular,a,tiyhatlvti
81,ayhalhti,ayhalht,agentive,imperfective,,,,tiyhalhti
81,ayhalhti,yhalht,agentive,imperfective,3rd,singular,a,tiyhalhti
81,ayhalhti,:yhalht,agentive,imperfective,3rd,singular,a,tiyhalhti
81,ayhalhti,ayhalht,agentive,imperfective,3rd,singular,a,tiyhalhti
81,ayhalhti,ayhalhti,root,,,,,tiyhalhti
81,ayhalhti,yhalhti,root,,3rd,singular,a,tiyhalhti
81,ayhalhti,:yhalhti,root,,3rd,singular,a,tiyhalhti
81,ayhalhti,ayhalhti,root,,3rd,singular,a,tiyhalhti
82,ayhelhsti,ayhelhst,agentive,imperfective,,,,hayelhsti
82,ayhelhsti,yhelhst,agentive,imperfective,3rd,singular,a,hayelhsti
82,ayhelhsti,:yhelhst,agentive,imperfective,3rd,singular,a,hayelhsti
82,ayhelhsti,ayhelhst,agentive,imperfective,3rd,singular,a,hayelhsti
82,ayhelhsti,ayhelhsti,root,,,,,hayelhsti
82,ayhelhsti,yhelhsti,root,,3rd,singular,a,hayelhsti
82,ayhelhsti,:yhelhsti,root,,3rd,singular,a,hayelhsti
82,ayhelhsti,ayhelhsti,root,,3rd,singular,a,hayelhsti
83,ayhvtakwalohski,ayhvtakwalohsk,agentive,imperfective,,,,
83,ayhvtakwalohski,yhvtakwalohsk,agentive,imperfective,3rd,singular,a,
83,ayhvtakwalohski,:yhvtakwalohsk,agentive,imperfective,3rd,singular,a,
83,ayhvtakwalohski,ayhvtakwalohsk,agentive,imperfective,3rd,singular,a,
83,ayhvtakwalohski,ayhvtakwalohski,root,,,,,
83,ayhvtakwalohski,yhvtakwalohski,root,,3rd,singular,a,
83,ayhvtakwalohski,:yhvtakwalohski,root,,3rd,singular,a,
83,ayhvtakwalohski,ayhvtakwalohski,root,,3rd,singular,a,
84,ayhvtlatihstihski,ayhvtlatihstihsk,agentive,imperfective,,,,tiyhvtlatihstihski
84,ayhvtlatihstihski,yhvtlatihstihsk,agentive,imperfective,3rd,singular,a,tiyhvtlatihstihski
84,ayhvtlatihstihski,:yhvtlatihstihsk,agentive,imperfective,3rd,singular,a,tiyhvtlatihstihski
84,ayhvtlatihstihski,ayhvtlatihstihsk,agentive,imperfective,3rd,singular,a,tiyhvtlatihstihski
84,ayhvtlatihstihski,ayhvtlatihstihski,root,,,,,tiyhvtlatihstihski
84,ayhvtlatihstihski,yhvtlatihstihski,root,,3rd,singular,a,tiyhvtlatihstihski
84,ayhvtlatihstihski,:yhvtlatihstihski,root,,3rd,singular,a,tiyhvtlatihstihski
84,ayhvtlatihstihski,ayhvtlatihstihski,root,,3rd,singular,a,tiyhvtlatihstihski
85,ayhvhtlo,ayhvhtlo,root,,,,,tiyhvhtlo
85,ayhvhtlo,yhvhtlo,root,,3rd,singular,a,tiyhvhtlo
85,ayhvhtlo,:yhvhtlo,root,,3rd,singular,a,tiyhvhtlo
85,ayhvhtlo,ayhvhtlo,root,,3rd,singular,a,tiyhvhtlo
86,ayhvhtseni,ayhvhtsen,agentive,imperfective,,,,
86,ayhvhtseni,yhvhtsen,agentive,imperfective,3rd,singular,a,
86,ayhvhtseni,:yhvhtsen,agentive,imperfective,3rd,singular,a,
86,ayhvhtseni,ayhvhtsen,agentive,imperfective,3rd,singular,a,
86,ayhvhtseni,ayhvhtseni,root,,,,,
86,ayhvhtseni,yhvhtseni,root,,3rd,singular,a,
86,ayhvhtseni,:yhvhtseni,root,,3rd,singular,a,
86,ayhvhtseni,ayhvhtseni,root,,3rd,singular,a,
87,ayhvkhi,ayhvkh,agentive,imperfective,,,,aniyhvkhi
87,ayhvkhi,yhvkh,agentive,imperfective,3rd,singular,a,aniyhvkhi
87,ayhvkhi,:yhvkh,agentive,imperfective,3rd,singular,a,aniyhvkhi
87,ayhvkhi,ayhvkh,agentive,imperfective,3rd,singular,a,aniyhvkhi
87,ayhvkhi,ayhvkhi,root,,,,,aniyhvkhi
87,ayhvkhi,yhvkhi,root,,3rd,singular,a,aniyhvkhi
87,ayhvkhi,:yhvkhi,root,,3rd,singular,a,aniyhvkhi
87,ayhvkhi,ayhvkhi,root,,3rd,singular,a,aniyhvkhi
88,atsa'ti,atsa't,agentive,imperfective,,,,
88,atsa'ti,tsa't,agentive,imperfective,3rd,singular,a,
88,atsa'ti,:tsa't,agentive,imperfective,3rd,singular,a,
88,atsa'ti,atsa't,agentive,imperfective,3rd,singular,a,
88,atsa'ti,atsa'ti,root,,,,,
88,atsa'ti,tsa'ti,root,,3rd,singular,a,
88,atsa'ti,:tsa'ti,root,,3rd,singular,a,
88,atsa'ti,atsa'ti,root,,3rd,singular,a,
89,Atsahta,Atsahta,root,,,,,Anitsahta
90,atselihstv'i,atselihstv',agentive,imperfective,,,,tatselihstv'i
90,atselihstv'i,tselihstv',agentive,imperfective,3rd,singular,a,tatselihstv'i
90,atselihstv'i,:tselihstv',agentive,imperfective,3rd,singular,a,tatselihstv'i
90,atselihstv'i,atselihstv',agentive,imperfective,3rd,singular,a,tatselihstv'i
90,atselihstv'i,atselihst,completive,perfective,,,,tatselihstv'i
90,atselihstv'i,tselihst,completive,perfective,3rd,singular,a,tatselihstv'i
90,atselihstv'i,:tselihst,completive,perfective,3rd,singular,a,tatselihstv'i
90,atselihstv'i,atselihst,completive,perfective,3rd,singular,a,tatselihstv'i
90,atselihstv'i,atselihst,incompletive,imperfective,,,,tatselihstv'i
90,atselihstv'i,tselihst,incompletive,imperfective,3rd,singular,a,tatselihstv'i
90,atselihstv'i,:tselihst,incompletive,imperfective,3rd,singular,a,tatselihstv'i
90,atselihstv'i,atselihst,incompletive,imperfective,3rd,singular,a,tatselihstv'i
90,atselihstv'i,atselihstv'i,root,,,,,tatselihstv'i
90,atselihstv'i,tselihstv'i,root,,3rd,singular,a,tatselihstv'i
90,atselihstv'i,:tselihstv'i,root,,3rd,singular,a,tatselihstv'i
90,atselihstv'i,atselihstv'i,root,,3rd,singular,a,tatselihstv'i
91,atsehsto,atsehsto,root,,,,,titsehsto
91,atsehsto,tsehsto,root,,3rd,singular,a,titsehsto
91,atsehsto,:tsehsto,root,,3rd,singular,a,titsehsto
91,atsehsto,atsehsto,root,,3rd,singular,a,titsehsto
92,atsila,atsila,root,,,,,
92,atsila,tsila,root,,3rd,singular,a,
92,atsila,:tsila,root,,3rd,singular,a,
92,atsila,atsila,root,,3rd,singular,a,
93,atsila,atsila,root,,,,,
93,atsila,tsila,root,,3rd,singular,a,
93,atsila,:tsila,root,,3rd,singular,a,
93,atsila,atsila,root,,3rd,singular,a,
94,Atsila Gelhohi,Atsila Gelhoh,agentive,imperfective,,,,Atsila Anelhohi
94,Atsila Gelhohi,Atsila Gelhohi,root,,,,,Atsila Anelhohi
95,atsila kolhvhti,atsila kolhvht,agentive,imperfective,,,,titsila tikolhvhti
95,atsila kolhvhti,tsila kolhvht,agentive,imperfective,3rd,singular,a,titsila tikolhvhti
95,atsila kolhvhti,:tsila kolhvht,agentive,imperfective,3rd,singular,a,titsila tikolhvhti
95,atsila kolhvhti,atsila kolhvht,agentive,imperfective,3rd,singular,a,titsila tikolhvhti
95,atsila kolhvhti,atsila kolhvhti,root,,,,,titsila tikolhvhti
95,atsila kolhvhti,tsila kolhvhti,root,,3rd,singular,a,titsila tikolhvhti
95,atsila kolhvhti,:tsila kolhvhti,root,,3rd,singular,a,titsila tikolhvhti
95,atsila kolhvhti,atsila kolhvhti,root,,3rd,singular,a,titsila tikolhvhti
96,atsilvhski,atsilvhsk,agentive,imperfective,,,,anitsilvhski
96,atsilvhski,tsilvhsk,agentive,imperfective,3rd,singular,a,anitsilvhski
96,atsilvhski,:tsilvhsk,agentive,imperfective,3rd,singular,a,anitsilvhski
96,atsilvhski,atsilvhsk,agentive,imperfective,3rd,singular,a,anitsilvhski
96,atsilvhski,atsilvhski,root,,,,,anitsilvhski
96,atsilvhski,tsilvhski,root,,3rd,singular,a,anitsilvhski
96,atsilvhski,:tsilvhski,root,,3rd,singular,a,anitsilvhski
96,atsilvhski,atsilvhski,root,,3rd,singular,a,anitsilvhski
97,atsina,atsina,root,,,,,
97,atsina,tsina,root,,3rd,singular,a,
97,atsina,:tsina,root,,3rd,singular,a,
97,atsina,atsina,root,,3rd,singular,a,
98,atsvhsti,atsvhst,agentive,imperfective,,,,titsvyhsti
98,atsvhsti,tsvhst,agentive,imperfective,3rd,singular,a,titsvyhsti
98,atsvhsti,:tsvhst,agentive,imperfective,3rd,singular,a,titsvyhsti
98,atsvhsti,atsvhst,agentive,imperfective,3rd,singular,a,titsvyhsti
98,atsvhsti,atsvhsti,root,,,,,titsvyhsti
98,atsvhsti,tsvhsti,root,,3rd,singular,a,titsvyhsti
98,atsvhsti,:tsvhsti,root,,3rd,singular,a,titsvyhsti
98,atsvhsti,atsvhsti,root,,3rd,singular,a,titsvyhsti
99,akhanehsti,akhanehst,agentive,imperfective,,,,tikhanehsti
99,akhanehsti,khanehst,agentive,imperfective,3rd,singular,a,tikhanehsti
99,akhanehsti,:khanehst,agentive,imperfective,3rd,singular,a,tikhanehsti
99,akhanehsti,akhanehst,agentive,imperfective,3rd,singular,a,tikhanehsti
99,akhanehsti,akhanehsti,root,,,,,tikhanehsti
99,akhanehsti,khanehsti,root,,3rd,singular,a,tikhanehsti
99,akhanehsti,:khanehsti,root,,3rd,singular,a,tikhanehsti
99,akhanehsti,akhanehsti,root,,3rd,singular,a,tikhanehsti
100,akhahskeni,akhahsken,agentive,imperfective,,,,tikhahskeni
100,akhahskeni,khahsken,agentive,imperfective,3rd,singular,a,tikhahskeni
100,akhahskeni,:khahsken,agentive,imperfective,3rd,singular,a,tikhahskeni
100,akhahskeni,akhahsken,agentive,imperfective,3rd,singular,a,tikhahskeni
100,akhahskeni,akhahskeni,root,,,,,tikhahskeni
100,akhahskeni,khahskeni,root,,3rd,singular,a,tikhahskeni
100,akhahskeni,:khahskeni,root,,3rd,singular,a,tikhahskeni
100,akhahskeni,akhahskeni,root,,3rd,singular,a,tikhahskeni
101,akhilhohsvhsti'i,akhilhohsvhsti',agentive,imperfective,,,,tikhilhohsvhsti'i
101,akhilhohsvhsti'i,khilhohsvhsti',agentive,imperfective,3rd,singular,a,tikhilhohsvhsti'i
101,akhilhohsvhsti'i,:khilhohsvhsti',agentive,imperfective,3rd,singular,a,tikhilhohsvhsti'i
101,akhilhohsvhsti'i,akhilhohsvhsti',agentive,imperfective,3rd,singular,a,tikhilhohsvhsti'i
101,akhilhohsvhsti'i,akhilhohsvhsti'i,root,,,,,tikhilhohsvhsti'i
101,akhilhohsvhsti'i,khilhohsvhsti'i,root,,3rd,singular,a,tikhilhohsvhsti'i
101,akhilhohsvhsti'i,:khilhohsvhsti'i,root,,3rd,singular,a,tikhilhohsvhsti'i
101,akhilhohsvhsti'i,akhilhohsvhsti'i,root,,3rd,singular,a,tikhilhohsvhsti'i
102,akhihsti,akhihst,agentive,imperfective,,,,tikhihsti
102,akhihsti,khihst,agentive,imperfective,3rd,singular,a,tikhihsti
102,akhihsti,:khihst,agentive,imperfective,3rd,singular,a,tikhihsti
102,akhihsti,akhihst,agentive,imperfective,3rd,singular,a,tikhihsti
102,akhihsti,akhihsti,root,,,,,tikhihsti
102,akhihsti,khihsti,root,,3rd,singular,a,tikhihsti
102,akhihsti,:khihsti,root,,3rd,singular,a,tikhihsti
102,akhihsti,akhihsti,root,,3rd,singular,a,tikhihsti
103,akhiyuhske,akhiyuhske,root,,,,,tikhiyuhske
103,akhiyuhske,khiyuhske,root,,3rd,singular,a,tikhiyuhske
103,akhiyuhske,:khiyuhske,root,,3rd,singular,a,tikhiyuhske
103,akhiyuhske,akhiyuhske,root,,3rd,singular,a,tikhiyuhske
104,akhiyuhskeni,akhiyuhsken,agentive,imperfective,,,,tikhiyuhskeni
104,akhiyuhskeni,khiyuhsken,agentive,imperfective,3rd,singular,a,tikhiyuhskeni
104,akhiyuhskeni,:khiyuhsken,agentive,imperfective,3rd,singular,a,tikhiyuhskeni
104,akhiyuhskeni,akhiyuhsken,agentive,imperfective,3rd,singular,a,tikhiyuhskeni
104,akhiyuhskeni,akhiyuhskeni,root,,,,,tikhiyuhskeni
104,akhiyuhskeni,khiyuhskeni,root,,3rd,singular,a,tikhiyuhskeni
104,akhiyuhskeni,:khiyuhskeni,root,,3rd,singular,a,tikhiyuhskeni
104,akhiyuhskeni,akhiyuhskeni,root,,3rd,singular,a,tikhiyuhskeni
105,akhotehsti,akhotehst,agentive,imperfective,,,,tikhotehsti
105,akhotehsti,khotehst,agentive,imperfective,3rd,singular,a,tikhotehsti
105,akhotehsti,:khotehst,agentive,imperfective,3rd,singular,a,tikhotehsti
105,akhotehsti,akhotehst,agentive,imperfective,3rd,singular,a,tikhotehsti
105,akhotehsti,akhotehsti,root,,,,,tikhotehsti
105,akhotehsti,khotehsti,root,,3rd,singular,a,tikhotehsti
105,akhotehsti,:khotehsti,root,,3rd,singular,a,tikhotehsti
105,akhotehsti,akhotehsti,root,,3rd,singular,a,tikhotehsti
106,akhskani,akhskan,agentive,imperfective,,,,
106,akhskani,khskan,agentive,imperfective,3rd,singular,a,
106,akhskani,:khskan,agentive,imperfective,3rd,singular,a,
106,akhskani,akhskan,agentive,imperfective,3rd,singular,a,
106,akhskani,akhskani,root,,,,,
106,akhskani,khskani,root,,3rd,singular,a,
106,akhskani,:khskani,root,,3rd,singular,a,
106,akhskani,akhskani,root,,3rd,singular,a,
107,akhsohskv'i,akhsohskv',agentive,imperfective,,,,takhsohskv'i
107,akhsohskv'i,khsohskv',agentive,imperfective,3rd,singular,a,takhsohskv'i
107,akhsohskv'i,:khsohskv',agentive,imperfective,3rd,singular,a,takhsohskv'i
107,akhsohskv'i,akhsohskv',agentive,imperfective,3rd,singular,a,takhsohskv'i
107,akhsohskv'i,akhsohsk,completive,perfective,,,,takhsohskv'i
107,akhsohskv'i,khsohsk,completive,perfective,3rd,singular,a,takhsohskv'i
107,akhsohskv'i,:khsohsk,completive,perfective,3rd,singular,a,takhsohskv'i
107,akhsohskv'i,akhsohsk,completive,perfective,3rd,singular,a,takhsohskv'i
107,akhsohskv'i,akhsohsk,incompletive,imperfective,,,,takhsohskv'i
107,akhsohskv'i,khsohsk,incompletive,imperfective,3rd,singular,a,takhsohskv'i
107,akhsohskv'i,:khsohsk,incompletive,imperfective,3rd,singular,a,takhsohskv'i
107,akhsohskv'i,akhsohsk,incompletive,imperfective,3rd,singular,a,takhsohskv'i
107,akhsohskv'i,akhsohskv'i,root,,,,,takhsohskv'i
107,akhsohskv'i,khsohskv'i,root,,3rd,singular,a,takhsohskv'i
107,akhsohskv'i,:khsohskv'i,root,,3rd,singular,a,takhsohskv'i
107,akhsohskv'i,akhsohskv'i,root,,3rd,singular,a,takhsohskv'i
108,akhtha,akhtha,root,,,,,tikhtha
108,akhtha,khtha,root,,3rd,singular,a,tikhtha
108,akhtha,:khtha,root,,3rd,singular,a,tikhtha
108,akhtha,akhtha,root,,3rd,singular,a,tikhtha
109,akhthahi,akhthah,agentive,imperfective,,,,anikhthahi
109,akhthahi,khthah,agentive,imperfective,3rd,singular,a,anikhthahi
109,akhthahi,:khthah,agentive,imperfective,3rd,singular,a,anikhthahi
109,akhthahi,akhthah,agentive,imperfective,3rd,singular,a,anikhthahi
109,akhthahi,akhthahi,root,,,,,anikhthahi
109,akhthahi,khthahi,root,,3rd,singular,a,anikhthahi
109,akhthahi,:khthahi,root,,3rd,singular,a,anikhthahi
109,akhthahi,akhthahi,root,,3rd,singular,a,anikhthahi
110,akhthenahsti'i,akhthenahsti',agentive,imperfective,,,,
110,akhthenahsti'i,khthenahsti',agentive,imperfective,3rd,singular,a,
110,akhthenahsti'i,:khthenahsti',agentive,imperfective,3rd,singular,a,
110,akhthenahsti'i,akhthenahsti',agentive,imperfective,3rd,singular,a,
110,akhthenahsti'i,akhthenahsti'i,root,,,,,
110,akhthenahsti'i,khthenahsti'i,root,,3rd,singular,a,
110,akhthenahsti'i,:khthenahsti'i,root,,3rd,singular,a,
110,akhthenahsti'i,akhthenahsti'i,root,,3rd,singular,a,
111,akhthihsi,akhthihs,agentive,imperfective,,,,anikhthihsi
111,akhthihsi,khthihs,agentive,imperfective,3rd,singular,a,anikhthihsi
111,akhthihsi,:khthihs,agentive,imperfective,3rd,singular,a,anikhthihsi
111,akhthihsi,akhthihs,agentive,imperfective,3rd,singular,a,anikhthihsi
111,akhthihsi,akhthihsi,root,,,,,anikhthihsi
111,akhthihsi,khthihsi,root,,3rd,singular,a,anikhthihsi
111,akhthihsi,:khthihsi,root,,3rd,singular,a,anikhthihsi
111,akhthihsi,akhthihsi,root,,3rd,singular,a,anikhthihsi
112,akhthiyi,akhthiy,agentive,imperfective,,,,anikhthiyi
112,akhthiyi,khthiy,agentive,imperfective,3rd,singular,a,anikhthiyi
112,akhthiyi,:khthiy,agentive,imperfective,3rd,singular,a,anikhthiyi
112,akhthiyi,akhthiy,agentive,imperfective,3rd,singular,a,anikhthiyi
112,akhthiyi,akhthiyi,root,,,,,anikhthiyi
112,akhthiyi,khthiyi,root,,3rd,singular,a,anikhthiyi
112,akhthiyi,:khthiyi,root,,3rd,singular,a,anikhthiyi
112,akhthiyi,akhthiyi,root,,3rd,singular,a,anikhthiyi
113,akhthohti,akhthoht,agentive,imperfective,,,,tikhthohti
113,akhthohti,khthoht,agentive,imperfective,3rd,singular,a,tikhthohti
113,akhthohti,:khthoht,agentive,imperfective,3rd,singular,a,tikhthohti
113,akhthohti,akhthoht,agentive,imperfective,3rd,singular,a,tikhthohti
113,akhthohti,akhthohti,root,,,,,tikhthohti
113,akhthohti,khthohti,root,,3rd,singular,a,tikhthohti
113,akhthohti,:khthohti,root,,3rd,singular,a,tikhthohti
113,akhthohti,akhthohti,root,,3rd,singular,a,tikhthohti
114,akhtholi,akhthol,agentive,imperfective,,,,tikhtholi
114,akhtholi,khthol,agentive,imperfective,3rd,singular,a,tikhtholi
114,akhtholi,:khthol,agentive,imperfective,3rd,singular,a,tikhtholi
114,akhtholi,akhthol,agentive,imperfective,3rd,singular,a,tikhtholi
114,akhtholi,akhtholi,root,,,,,tikhtholi
114,akhtholi,khtholi,root,,3rd,singular,a,tikhtholi
114,akhtholi,:khtholi,root,,3rd,singular,a,tikhtholi
114,akhtholi,akhtholi,root,,3rd,singular,a,tikhtholi
115,akhtho'vhihsti,akhtho'vhihst,agentive,imperfective,,,,
115,akhtho'vhihsti,khtho'vhihst,agentive,imperfective,3rd,singular,a,
115,akhtho'vhihsti,:khtho'vhihst,agentive,imperfective,3rd,singular,a,
115,akhtho'vhihsti,akhtho'vhihst,agentive,imperfective,3rd,singular,a,
115,akhtho'vhihsti,akhtho'vhihsti,root,,,,,
115,akhtho'vhihsti,khtho'vhihsti,root,,3rd,singular,a,
115,akhtho'vhihsti,:khtho'vhihsti,root,,3rd,singular,a,
115,akhtho'vhihsti,akhtho'vhihsti,root,,3rd,singular,a,
116,akhukihsti,akhukihst,agentive,imperfective,,,,tikhukihsti
116,akhukihsti,khukihst,agentive,imperfective,3rd,singular,a,tikhukihsti
116,akhukihsti,:khukihst,agentive,imperfective,3rd,singular,a,tikhukihsti
116,akhukihsti,akhukihst,agentive,imperfective,3rd,singular,a,tikhukihsti
116,akhukihsti,akhukihsti,root,,,,,tikhukihsti
116,akhukihsti,khukihsti,root,,3rd,singular,a,tikhukihsti
116,akhukihsti,:khukihsti,root,,3rd,singular,a,tikhukihsti
116,akhukihsti,akhukihsti,root,,3rd,singular,a,tikhukihsti
117,akwhsto,akwhsto,root,,,,,tikwhsto
117,akwhsto,kwhsto,root,,3rd,singular,a,tikwhsto
117,akwhsto,:kwhsto,root,,3rd,singular,a,tikwhsto
117,akwhsto,akwhsto,root,,3rd,singular,a,tikwhsto
118,alahskalihski,alahskalihsk,agentive,imperfective,,,,analahskalihski
118,alahskalihski,lahskalihsk,agentive,imperfective,3rd,singular,a,analahskalihski
118,alahskalihski,:lahskalihsk,agentive,imperfective,3rd,singular,a,analahskalihski
118,alahskalihski,alahskalihsk,agentive,imperfective,3rd,singular,a,analahskalihski
118,alahskalihski,alahskalihski,root,,,,,analahskalihski
118,alahskalihski,lahskalihski,root,,3rd,singular,a,analahskalihski
118,alahskalihski,:lahskalihski,root,,3rd,singular,a,analahskalihski
118,alahskalihski,alahskalihski,root,,3rd,singular,a,analahskalihski
119,alahsulhti,alahsulht,agentive,imperfective,,,,
119,alahsulhti,lahsulht,agentive,imperfective,3rd,singular,a,
119,alahsulhti,:lahsulht,agentive,imperfective,3rd,singular,a,
119,alahsulhti,alahsulht,agentive,imperfective,3rd,singular,a,
119,alahsulhti,alahsulhti,root,,,,,
119,alahsulhti,lahsulhti,root,,3rd,singular,a,
119,alahsulhti,:lahsulhti,root,,3rd,singular,a,
119,alahsulhti,alahsulhti,root,,3rd,singular,a,
120,alahsulo,alahsulo,root,,,,,tilahsulo
120,alahsulo,lahsulo,root,,3rd,singular,a,tilahsulo
120,alahsulo,:lahsulo,root,,3rd,singular,a,tilahsulo
120,alahsulo,alahsulo,root,,3rd,singular,a,tilahsulo
121,ali,al,agentive,imperfective,,,,
121,ali,l,agentive,imperfective,3rd,singular,a,
121,ali,:l,agentive,imperfective,3rd,singular,a,
121,ali,al,agentive,imperfective,3rd,singular,a,
121,ali,ali,root,,,,,
121,ali,li,root,,3rd,singular,a,
121,ali,:li,root,,3rd,singular,a,
121,ali,ali,root,,3rd,singular,a,
122,alikvtanohstohti,alikvtanohstoht,agentive,imperfective,,,,tilikvtanohstohti
122,alikvtanohstohti,likvtanohstoht,agentive,imperfective,3rd,singular,a,tilikvtanohstohti
122,alikvtanohstohti,:likvtanohstoht,agentive,imperfective,3rd,singular,a,tilikvtanohstohti
122,alikvtanohstohti,alikvtanohstoht,agentive,imperfective,3rd,singular,a,tilikvtanohstohti
122,alikvtanohstohti,alikvtanohstohti,root,,,,,tilikvtanohstohti
122,alikvtanohstohti,likvtanohstohti,root,,3rd,singular,a,tilikvtanohstohti
122,alikvtanohstohti,:likvtanohstohti,root,,3rd,singular,a,tilikvtanohstohti
122,alikvtanohstohti,alikvtanohstohti,root,,3rd,singular,a,tilikvtanohstohti
123,alikvtulo,alikvtulo,root,,,,,tilikvtulo
123,alikvtulo,likvtulo,root,,3rd,singular,a,tilikvtulo
123,alikvtulo,:likvtulo,root,,3rd,singular,a,tilikvtulo
123,alikvtulo,alikvtulo,root,,3rd,singular,a,tilikvtulo
124,ali'i,ali',agentive,imperfective,,,,
124,ali'i,li',agentive,imperfective,3rd,singular,a,
124,ali'i,:li',agentive,imperfective,3rd,singular,a,
124,ali'i,ali',agentive,imperfective,3rd,singular,a,
124,ali'i,ali'i,root,,,,,
124,ali'i,li'i,root,,3rd,singular,a,
124,ali'i,:li'i,root,,3rd,singular,a,
124,ali'i,ali'i,root,,3rd,singular,a,
125,aliyehsulo,aliyehsulo,root,,,,,tiliyehsulo
125,aliyehsulo,liyehsulo,root,,3rd,singular,a,tiliyehsulo
125,aliyehsulo,:liyehsulo,root,,3rd,singular,a,tiliyehsulo
125,aliyehsulo,aliyehsulo,root,,3rd,singular,a,tiliyehsulo
126,aliyehsuhstho,aliyehsuhstho,root,,,,,tiliyehsuhstho
126,aliyehsuhstho,liyehsuhstho,root,,3rd,singular,a,tiliyehsuhstho
126,aliyehsuhstho,:liyehsuhstho,root,,3rd,singular,a,tiliyehsuhstho
126,aliyehsuhstho,aliyehsuhstho,root,,3rd,singular,a,tiliyehsuhstho
127,aliyo,aliyo,root,,,,,tiliyo
127,aliyo,liyo,root,,3rd,singular,a,tiliyo
127,aliyo,:liyo,root,,3rd,singular,a,tiliyo
127,aliyo,aliyo,root,,3rd,singular,a,tiliyo
128,alhstayhti,alhstayht,agentive,imperfective,,,,
128,alhstayhti,lhstayht,agentive,imperfective,3rd,singular,a,
128,alhstayhti,:lhstayht,agentive,imperfective,3rd,singular,a,
128,alhstayhti,alhstayht,agentive,imperfective,3rd,singular,a,
128,alhstayhti,alhstayhti,root,,,,,
128,alhstayhti,lhstayhti,root,,3rd,singular,a,
128,alhstayhti,:lhstayhti,root,,3rd,singular,a,
128,alhstayhti,alhstayhti,root,,3rd,singular,a,
129,alhstelhtohti,alhstelhtoht,agentive,imperfective,,,,
129,alhstelhtohti,lhstelhtoht,agentive,imperfective,3rd,singular,a,
129,alhstelhtohti,:lhstelhtoht,agentive,imperfective,3rd,singular,a,
129,alhstelhtohti,alhstelhtoht,agentive,imperfective,3rd,singular,a,
129,alhstelhtohti,alhstelhtohti,root,,,,,
129,alhstelhtohti,lhstelhtohti,root,,3rd,singular,a,
129,alhstelhtohti,:lhstelhtohti,root,,3rd,singular,a,
129,alhstelhtohti,alhstelhtohti,root,,3rd,singular,a,
130,alhstulo,alhstulo,root,,,,,tilhstulo
130,alhstulo,lhstulo,root,,3rd,singular,a,tilhstulo
130,alhstulo,:lhstulo,root,,3rd,singular,a,tilhstulo
130,alhstulo,alhstulo,root,,3rd,singular,a,tilhstulo
131,alhskwethuwo,alhskwethuwo,root,,,,,tilhskwethuwo
131,alhskwethuwo,lhskwethuwo,root,,3rd,singular,a,tilhskwethuwo
131,alhskwethuwo,:lhskwethuwo,root,,3rd,singular,a,tilhskwethuwo
131,alhskwethuwo,alhskwethuwo,root,,3rd,singular,a,tilhskwethuwo
132,ama,ama,root,,,,,
132,ama,ma,root,,3rd,singular,a,
132,ama,:ma,root,,3rd,singular,a,
132,ama,ama,root,,3rd,singular,a,
133,ama,ama,root,,,,,
133,ama,ma,root,,3rd,singular,a,
133,ama,:ma,root,,3rd,singular,a,
133,ama,ama,root,,3rd,singular,a,
134,amalhti'i,amalhti',agentive,imperfective,,,,
134,amalhti'i,malhti',agentive,imperfective,3rd,singular,a,
134,amalhti'i,:malhti',agentive,imperfective,3rd,singular,a,
134,amalhti'i,amalhti',agentive,imperfective,3rd,singular,a,
134,amalhti'i,amalhti'i,root,,,,,
134,amalhti'i,malhti'i,root,,3rd,singular,a,
134,amalhti'i,:malhti'i,root,,3rd,singular,a,
134,amalhti'i,amalhti'i,root,,3rd,singular,a,
135,amalhtohti,amalhtoht,agentive,imperfective,,,,
135,amalhtohti,malhtoht,agentive,imperfective,3rd,singular,a,
135,amalhtohti,:malhtoht,agentive,imperfective,3rd,singular,a,
135,amalhtohti,amalhtoht,agentive,imperfective,3rd,singular,a,
135,amalhtohti,amalhtohti,root,,,,,
135,amalhtohti,malhtohti,root,,3rd,singular,a,
135,amalhtohti,:malhtohti,root,,3rd,singular,a,
135,amalhtohti,amalhtohti,root,,3rd,singular,a,
136,Amayelhi,Amayelh,agentive,imperfective,,,,
136,Amayelhi,Amayelhi,root,,,,,
137,amayulhti,amayulht,agentive,imperfective,,,,
137,amayulhti,mayulht,agentive,imperfective,3rd,singular,a,
137,amayulhti,:mayulht,agentive,imperfective,3rd,singular,a,
137,amayulhti,amayulht,agentive,imperfective,3rd,singular,a,
137,amayulhti,amayulhti,root,,,,,
137,amayulhti,mayulhti,root,,3rd,singular,a,
137,amayulhti,:mayulhti,root,,3rd,singular,a,
137,amayulhti,amayulhti,root,,3rd,singular,a,
138,amekwo'i,amekwo',agentive,imperfective,,,,
138,amekwo'i,mekwo',agentive,imperfective,3rd,singular,a,
138,amekwo'i,:mekwo',agentive,imperfective,3rd,singular,a,
138,amekwo'i,amekwo',agentive,imperfective,3rd,singular,a,
138,amekwo'i,amekwo'i,root,,,,,
138,amekwo'i,mekwo'i,root,,3rd,singular,a,
138,amekwo'i,:mekwo'i,root,,3rd,singular,a,
138,amekwo'i,amekwo'i,root,,3rd,singular,a,
139,anatakonathtihskv'i,anatakonathtihskv',agentive,imperfective,,,,
139,anatakonathtihskv'i,natakonathtihskv',agentive,imperfective,3rd,singular,a,
139,anatakonathtihskv'i,:natakonathtihskv',agentive,imperfective,3rd,singular,a,
139,anatakonathtihskv'i,anatakonathtihskv',agentive,imperfective,3rd,singular,a,
139,anatakonathtihskv'i,atakonathtihskv',agentive,imperfective,3rd,plural,a,
139,anatakonathtihskv'i,anatakonathtihsk,completive,perfective,,,,
139,anatakonathtihskv'i,natakonathtihsk,completive,perfective,3rd,singular,a,
139,anatakonathtihskv'i,:natakonathtihsk,completive,perfective,3rd,singular,a,
139,anatakonathtihskv'i,anatakonathtihsk,completive,perfective,3rd,singular,a,
139,anatakonathtihskv'i,atakonathtihsk,completive,perfective,3rd,plural,a,
139,anatakonathtihskv'i,anatakonathtihsk,incompletive,imperfective,,,,
139,anatakonathtihskv'i,natakonathtihsk,incompletive,imperfective,3rd,singular,a,
139,anatakonathtihskv'i,:natakonathtihsk,incompletive,imperfective,3rd,singular,a,
139,anatakonathtihskv'i,anatakonathtihsk,incompletive,imperfective,3rd,singular,a,
139,anatakonathtihskv'i,atakonathtihsk,incompletive,imperfective,3rd,plural,a,
139,anatakonathtihskv'i,anatakonathtihskv'i,root,,,,,
139,anatakonathtihskv'i,natakonathtihskv'i,root,,3rd,singular,a,
139,anatakonathtihskv'i,:natakonathtihskv'i,root,,3rd,singular,a,
139,anatakonathtihskv'i,anatakonathtihskv'i,root,,3rd,singular,a,
139,anatakonathtihskv'i,atakonathtihskv'i,root,,3rd,plural,a,
140,anakalihski,anakalihsk,agentive,imperfective,,,,tinakalihski
140,anakalihski,nakalihsk,agentive,imperfective,3rd,singular,a,tinakalihski
140,anakalihski,:nakalihsk,agentive,imperfective,3rd,singular,a,tinakalihski
140,anakalihski,anakalihsk,agentive,imperfective,3rd,singular,a,tinakalihski
140,anakalihski,akalihsk,agentive,imperfective,3rd,plural,a,tinakalihski
140,anakalihski,anakalihski,root,,,,,tinakalihski
140,anakalihski,nakalihski,root,,3rd,singular,a,tinakalihski
140,anakalihski,:nakalihski,root,,3rd,singular,a,tinakalihski
140,anakalihski,anakalihski,root,,3rd,singular,a,tinakalihski
140,anakalihski,akalihski,root,,3rd,plural,a,tinakalihski
141,analhinvtli,analhinvtl,agentive,imperfective,,,,
141,analhinvtli,nalhinvtl,agentive,imperfective,3rd,singular,a,
141,analhinvtli,:nalhinvtl,agentive,imperfective,3rd,singular,a,
141,analhinvtli,analhinvtl,agentive,imperfective,3rd,singular,a,
141,analhinvtli,alhinvtl,agentive,imperfective,3rd,plural,a,
141,analhinvtli,analhinvtli,root,,,,,
141,analhinvtli,nalhinvtli,root,,3rd,singular,a,
141,analhinvtli,:nalhinvtli,root,,3rd,singular,a,
141,analhinvtli,analhinvtli,root,,3rd,singular,a,
141,analhinvtli,alhinvtli,root,,3rd,plural,a,
142,anelhti,anelht,agentive,imperfective,,,,tinelhti
142,anelhti,nelht,agentive,imperfective,3rd,singular,a,tinelhti
142,anelhti,:nelht,agentive,imperfective,3rd,singular,a,tinelhti
142,anelhti,anelht,agentive,imperfective,3rd,singular,a,tinelhti
142,anelhti,elht,agentive,imperfective,3rd,plural,a,tinelhti
142,anelhti,anelhti,root,,,,,tinelhti
142,anelhti,nelhti,root,,3rd,singular,a,tinelhti
142,anelhti,:nelhti,root,,3rd,singular,a,tinelhti
142,anelhti,anelhti,root,,3rd,singular,a,tinelhti
142,anelhti,elhti,root,,3rd,plural,a,tinelhti
143,a'ni,a'n,agentive,imperfective,,,,
143,a'ni,'n,agentive,imperfective,3rd,singular,a,
143,a'ni,:'n,agentive,imperfective,3rd,singular,a,
143,a'ni,a'n,agentive,imperfective,3rd,singular,a,
143,a'ni,a'ni,root,,,,,
143,a'ni,'ni,root,,3rd,singular,a,
143,a'ni,:'ni,root,,3rd,singular,a,
143,a'ni,a'ni,root,,3rd,singular,a,
144,anineli,aninel,agentive,imperfective,,,,
144,anineli,ninel,agentive,imperfective,3rd,singular,a,
144,anineli,:ninel,agentive,imperfective,3rd,singular,a,
144,anineli,aninel,agentive,imperfective,3rd,singular,a,
144,anineli,nel,agentive,imperfective,3rd,plural,a,
144,anineli,'nel,agentive,imperfective,3rd,plural,a,
144,anineli,:nel,agentive,imperfective,3rd,plural,a,
144,anineli,anineli,root,,,,,
144,anineli,nineli,root,,3rd,singular,a,
144,anineli,:nineli,root,,3rd,singular,a,
144,anineli,anineli,root,,3rd,singular,a,
144,anineli,neli,root,,3rd,plural,a,
144,anineli,'neli,root,,3rd,plural,a,
144,anineli,:neli,root,,3rd,plural,a,
145,Anihskwani'i,Anihskwani',agentive,imperfective,,,,
145,Anihskwani'i,Anihskwani'i,root,,,,,
146,aniyohski'i,aniyohski',agentive,imperfective,,,,
146,aniyohski'i,niyohski',agentive,imperfective,3rd,singular,a,
146,aniyohski'i,:niyohski',agentive,imperfective,3rd,singular,a,
146,aniyohski'i,aniyohski',agentive,imperfective,3rd,singular,a,
146,aniyohski'i,yohski',agentive,imperfective,3rd,plural,a,
146,aniyohski'i,'yohski',agentive,imperfective,3rd,plural,a,
146,aniyohski'i,:yohski',agentive,imperfective,3rd,plural,a,
146,aniyohski'i,aniyohski'i,root,,,,,
146,aniyohski'i,niyohski'i,root,,3rd,singular,a,
146,aniyohski'i,:niyohski'i,root,,3rd,singular,a,
146,aniyohski'i,aniyohski'i,root,,3rd,singular,a,
146,aniyohski'i,yohski'i,root,,3rd,plural,a,
146,aniyohski'i,'yohski'i,root,,3rd,plural,a,
146,aniyohski'i,:yohski'i,root,,3rd,plural,a,
147,Anhskvthi,Anhskvth,agentive,imperfective,,,,
147,Anhskvthi,Anhskvthi,root,,,,,
148,Anvyhi,Anvyh,agentive,imperfective,,,,
148,Anvyhi,Anvyhi,root,,,,,
149,ahsano,ahsano,root,,,,,tihsano
149,ahsano,hsano,root,,3rd,singular,a,tihsano
149,ahsano,:hsano,root,,3rd,singular,a,tihsano
149,ahsano,ahsano,root,,3rd,singular,a,tihsano
150,ahstanvnhv'i,ahstanvnhv',agentive,imperfective,,,,tahstanvnhv'i
150,ahstanvnhv'i,hstanvnhv',agentive,imperfective,3rd,singular,a,tahstanvnhv'i
150,ahstanvnhv'i,:hstanvnhv',agentive,imperfective,3rd,singular,a,tahstanvnhv'i
150,ahstanvnhv'i,ahstanvnhv',agentive,imperfective,3rd,singular,a,tahstanvnhv'i
150,ahstanvnhv'i,ahstanvnh,completive,perfective,,,,tahstanvnhv'i
150,ahstanvnhv'i,hstanvnh,completive,perfective,3rd,singular,a,tahstanvnhv'i
150,ahstanvnhv'i,:hstanvnh,completive,perfective,3rd,singular,a,tahstanvnhv'i
150,ahstanvnhv'i,ahstanvnh,completive,perfective,3rd,singular,a,tahstanvnhv'i
150,ahstanvnhv'i,ahstanvnh,incompletive,imperfective,,,,tahstanvnhv'i
150,ahstanvnhv'i,hstanvnh,incompletive,imperfective,3rd,singular,a,tahstanvnhv'i
150,ahstanvnhv'i,:hstanvnh,incompletive,imperfective,3rd,singular,a,tahstanvnhv'i
150,ahstanvnhv'i,ahstanvnh,incompletive,imperfective,3rd,singular,a,tahstanvnhv'i
150,ahstanvnhv'i,ahstanvnhv'i,root,,,,,tahstanvnhv'i
150,ahstanvnhv'i,hstanvnhv'i,root,,3rd,singular,a,tahstanvnhv'i
150,ahstanvnhv'i,:hstanvnhv'i,root,,3rd,singular,a,tahstanvnhv'i
150,ahstanvnhv'i,ahstanvnhv'i,root,,3rd,singular,a,tahstanvnhv'i
151,ahstikihsti,ahstikihst,agentive,imperfective,,,,tihstikihsti
151,ahstikihsti,hstikihst,agentive,imperfective,3rd,singular,a,tihstikihsti
151,ahstikihsti,:hstikihst,agentive,imperfective,3rd,singular,a,tihstikihsti
151,ahstikihsti,ahstikihst,agentive,imperfective,3rd,singular,a,tihstikihsti
151,ahstikihsti,ahstikihsti,root,,,,,tihstikihsti
151,ahstikihsti,hstikihsti,root,,3rd,singular,a,tihstikihsti
151,ahstikihsti,:hstikihsti,root,,3rd,singular,a,tihstikihsti
151,ahstikihsti,ahstikihsti,root,,3rd,singular,a,tihstikihsti
152,ahstohski'i,ahstohski',agentive,imperfective,,,,tihstohski'i
152,ahstohski'i,hstohski',agentive,imperfective,3rd,singular,a,tihstohski'i
152,ahstohski'i,:hstohski',agentive,imperfective,3rd,singular,a,tihstohski'i
152,ahstohski'i,ahstohski',agentive,imperfective,3rd,singular,a,tihstohski'i
152,ahstohski'i,ahstohski'i,root,,,,,tihstohski'i
152,ahstohski'i,hstohski'i,root,,3rd,singular,a,tihstohski'i
152,ahstohski'i,:hstohski'i,root,,3rd,singular,a,tihstohski'i
152,ahstohski'i,ahstohski'i,root,,3rd,singular,a,tihstohski'i
153,ahstvhalhi,ahstvhalh,agentive,imperfective,,,,tihstvhalhi
153,ahstvhalhi,hstvhalh,agentive,imperfective,3rd,singular,a,tihstvhalhi
153,ahstvhalhi,:hstvhalh,agentive,imperfective,3rd,singular,a,tihstvhalhi
153,ahstvhalhi,ahstvhalh,agentive,imperfective,3rd,singular,a,tihstvhalhi
153,ahstvhalhi,ahstvhalhi,root,,,,,tihstvhalhi
153,ahstvhalhi,hstvhalhi,root,,3rd,singular,a,tihstvhalhi
153,ahstvhalhi,:hstvhalhi,root,,3rd,singular,a,tihstvhalhi
153,ahstvhalhi,ahstvhalhi,root,,3rd,singular,a,tihstvhalhi
154,ahskanhi,ahskanh,agentive,imperfective,,,,
154,ahskanhi,hskanh,agentive,imperfective,3rd,singular,a,
154,ahskanhi,:hskanh,agentive,imperfective,3rd,singular,a,
154,ahskanhi,ahskanh,agentive,imperfective,3rd,singular,a,
154,ahskanhi,ahskanhi,root,,,,,
154,ahskanhi,hskanhi,root,,3rd,singular,a,
154,ahskanhi,:hskanhi,root,,3rd,singular,a,
154,ahskanhi,ahskanhi,root,,3rd,singular,a,
155,ahskana'i,ahskana',agentive,imperfective,,,,anihskana'i
155,ahskana'i,hskana',agentive,imperfective,3rd,singular,a,anihskana'i
155,ahskana'i,:hskana',agentive,imperfective,3rd,singular,a,anihskana'i
155,ahskana'i,ahskana',agentive,imperfective,3rd,singular,a,anihskana'i
155,ahskana'i,ahskana'i,root,,,,,anihskana'i
155,ahskana'i,hskana'i,root,,3rd,singular,a,anihskana'i
155,ahskana'i,:hskana'i,root,,3rd,singular,a,anihskana'i
155,ahskana'i,ahskana'i,root,,3rd,singular,a,anihskana'i
156,ahskaya,ahskaya,root,,,,,anihskaya
156,ahskaya,hskaya,root,,3rd,singular,a,anihskaya
156,ahskaya,:hskaya,root,,3rd,singular,a,anihskaya
156,ahskaya,ahskaya,root,,3rd,singular,a,anihskaya
157,ahskayekvhsta,ahskayekvhsta,root,,,,,anihskayekvhsta
157,ahskayekvhsta,hskayekvhsta,root,,3rd,singular,a,anihskayekvhsta
157,ahskayekvhsta,:hskayekvhsta,root,,3rd,singular,a,anihskayekvhsta
157,ahskayekvhsta,ahskayekvhsta,root,,3rd,singular,a,anihskayekvhsta
158,ahskina,ahskina,root,,,,,anihskina
158,ahskina,hskina,root,,3rd,singular,a,anihskina
158,ahskina,:hskina,root,,3rd,singular,a,anihskina
158,ahskina,ahskina,root,,3rd,singular,a,anihskina
159,ahskolvtihsti,ahskolvtihst,agentive,imperfective,,,,tihskolvtihsti
159,ahskolvtihsti,hskolvtihst,agentive,imperfective,3rd,singular,a,tihskolvtihsti
159,ahskolvtihsti,:hskolvtihst,agentive,imperfective,3rd,singular,a,tihskolvtihsti
159,ahskolvtihsti,ahskolvtihst,agentive,imperfective,3rd,singular,a,tihskolvtihsti
159,ahskolvtihsti,ahskolvtihsti,root,,,,,tihskolvtihsti
159,ahskolvtihsti,hskolvtihsti,root,,3rd,singular,a,tihskolvtihsti
159,ahskolvtihsti,:hskolvtihsti,root,,3rd,singular,a,tihskolvtihsti
159,ahskolvtihsti,ahskolvtihsti,root,,3rd,singular,a,tihskolvtihsti
160,ahskvtakeni,ahskvtaken,agentive,imperfective,,,,tihskvtakeni
160,ahskvtakeni,hskvtaken,agentive,imperfective,3rd,singular,a,tihskvtakeni
160,ahskvtakeni,:hskvtaken,agentive,imperfective,3rd,singular,a,tihskvtakeni
160,ahskvtakeni,ahskvtaken,agentive,imperfective,3rd,singular,a,tihskvtakeni
160,ahskvtakeni,ahskvtakeni,root,,,,,tihskvtakeni
160,ahskvtakeni,hskvtakeni,root,,3rd,singular,a,tihskvtakeni
160,ahskvtakeni,:hskvtakeni,root,,3rd,singular,a,tihskvtakeni
160,ahskvtakeni,ahskvtakeni,root,,3rd,singular,a,tihskvtakeni
161,ahskwakeni,ahskwaken,agentive,imperfective,,,,tihskwakeni
161,ahskwakeni,hskwaken,agentive,imperfective,3rd,singular,a,tihskwakeni
161,ahskwakeni,:hskwaken,agentive,imperfective,3rd,singular,a,tihskwakeni
161,ahskwakeni,ahskwaken,agentive,imperfective,3rd,singular,a,tihskwakeni
161,ahskwakeni,ahskwakeni,root,,,,,tihskwakeni
161,ahskwakeni,hskwakeni,root,,3rd,singular,a,tihskwakeni
161,ahskwakeni,:hskwakeni,root,,3rd,singular,a,tihskwakeni
161,ahskwakeni,ahskwakeni,root,,3rd,singular,a,tihskwakeni
162,Ahskwani,Ahskwan,agentive,imperfective,,,,Anihskwani
162,Ahskwani,Ahskwani,root,,,,,Anihskwani
163,ahsiyvwi,ahsiyvw,agentive,imperfective,,,,anihsiyvwiha
163,ahsiyvwi,hsiyvw,agentive,imperfective,3rd,singular,a,anihsiyvwiha
163,ahsiyvwi,:hsiyvw,agentive,imperfective,3rd,singular,a,anihsiyvwiha
163,ahsiyvwi,ahsiyvw,agentive,imperfective,3rd,singular,a,anihsiyvwiha
163,ahsiyvwi,ahsiyvwi,root,,,,,anihsiyvwiha
163,ahsiyvwi,hsiyvwi,root,,3rd,singular,a,anihsiyvwiha
163,ahsiyvwi,:hsiyvwi,root,,3rd,singular,a,anihsiyvwiha
163,ahsiyvwi,ahsiyvwi,root,,3rd,singular,a,anihsiyvwiha
164,ahskholi,ahskhol,agentive,imperfective,,,,
164,ahskholi,hskhol,agentive,imperfective,3rd,singular,a,
164,ahskholi,:hskhol,agentive,imperfective,3rd,singular,a,
164,ahskholi,ahskhol,agentive,imperfective,3rd,singular,a,
164,ahskholi,ahskholi,root,,,,,
164,ahskholi,hskholi,root,,3rd,singular,a,
164,ahskholi,:hskholi,root,,3rd,singular,a,
164,ahskholi,ahskholi,root,,3rd,singular,a,
165,ahsoyhv'i,ahsoyhv',agentive,imperfective,,,,tahsoyhv'i
165,ahsoyhv'i,hsoyhv',agentive,imperfective,3rd,singular,a,tahsoyhv'i
165,ahsoyhv'i,:hsoyhv',agentive,imperfective,3rd,singular,a,tahsoyhv'i
165,ahsoyhv'i,ahsoyhv',agentive,imperfective,3rd,singular,a,tahsoyhv'i
165,ahsoyhv'i,ahsoyh,completive,perfective,,,,tahsoyhv'i
165,ahsoyhv'i,hsoyh,completive,perfective,3rd,singular,a,tahsoyhv'i
165,ahsoyhv'i,:hsoyh,completive,perfective,3rd,singular,a,tahsoyhv'i
165,ahsoyhv'i,ahsoyh,completive,perfective,3rd,singular,a,tahsoyhv'i
165,ahsoyhv'i,ahsoyh,incompletive,imperfective,,,,tahsoyhv'i
165,ahsoyhv'i,hsoyh,incompletive,imperfective,3rd,singular,a,tahsoyhv'i
165,ahsoyhv'i,:hsoyh,incompletive,imperfective,3rd,singular,a,tahsoyhv'i
165,ahsoyhv'i,ahsoyh,incompletive,imperfective,3rd,singular,a,tahsoyhv'i
165,ahsoyhv'i,ahsoyhv'i,root,,,,,tahsoyhv'i
165,ahsoyhv'i,hsoyhv'i,root,,3rd,singular,a,tahsoyhv'i
165,ahsoyhv'i,:hsoyhv'i,root,,3rd,singular,a,tahsoyhv'i
165,ahsoyhv'i,ahsoyhv'i,root,,3rd,singular,a,tahsoyhv'i
166,ahsthi,ahsth,agentive,imperfective,,,,
166,ahsthi,hsth,agentive,imperfective,3rd,singular,a,
166,ahsthi,:hsth,agentive,imperfective,3rd,singular,a,
166,ahsthi,ahsth,agentive,imperfective,3rd,singular,a,
166,ahsthi,ahsthi,root,,,,,
166,ahsthi,hsthi,root,,3rd,singular,a,
166,ahsthi,:hsthi,root,,3rd,singular,a,
166,ahsthi,ahsthi,root,,3rd,singular,a,
167,ahsulo,ahsulo,root,,,,,tihsulo
167,ahsulo,hsulo,root,,3rd,singular,a,tihsulo
167,ahsulo,:hsulo,root,,3rd,singular,a,tihsulo
167,ahsulo,ahsulo,root,,3rd,singular,a,tihsulo
168,ahsuhsti,ahsuhst,agentive,imperfective,,,,
168,ahsuhsti,hsuhst,agentive,imperfective,3rd,singular,a,
168,ahsuhsti,:hsuhst,agentive,imperfective,3rd,singular,a,
168,ahsuhsti,ahsuhst,agentive,imperfective,3rd,singular,a,
168,ahsuhsti,ahsuhsti,root,,,,,
168,ahsuhsti,hsuhsti,root,,3rd,singular,a,
168,ahsuhsti,:hsuhsti,root,,3rd,singular,a,
168,ahsuhsti,ahsuhsti,root,,3rd,singular,a,
169,ahsvkwalohski'i,ahsvkwalohski',agentive,imperfective,,,,tihsvkwalohski'i
169,ahsvkwalohski'i,hsvkwalohski',agentive,imperfective,3rd,singular,a,tihsvkwalohski'i
169,ahsvkwalohski'i,:hsvkwalohski',agentive,imperfective,3rd,singular,a,tihsvkwalohski'i
169,ahsvkwalohski'i,ahsvkwalohski',agentive,imperfective,3rd,singular,a,tihsvkwalohski'i
169,ahsvkwalohski'i,ahsvkwalohski'i,root,,,,,tihsvkwalohski'i
169,ahsvkwalohski'i,hsvkwalohski'i,root,,3rd,singular,a,tihsvkwalohski'i
169,ahsvkwalohski'i,:hsvkwalohski'i,root,,3rd,singular,a,tihsvkwalohski'i
169,ahsvkwalohski'i,ahsvkwalohski'i,root,,3rd,singular,a,tihsvkwalohski'i
170,ahsvhtlv'i,ahsvhtlv',agentive,imperfective,,,,tahsvhtlv'i
170,ahsvhtlv'i,hsvhtlv',agentive,imperfective,3rd,singular,a,tahsvhtlv'i
170,ahsvhtlv'i,:hsvhtlv',agentive,imperfective,3rd,singular,a,tahsvhtlv'i
170,ahsvhtlv'i,ahsvhtlv',agentive,imperfective,3rd,singular,a,tahsvhtlv'i
170,ahsvhtlv'i,ahsvhtl,completive,perfective,,,,tahsvhtlv'i
170,ahsvhtlv'i,hsvhtl,completive,perfective,3rd,singular,a,tahsvhtlv'i
170,ahsvhtlv'i,:hsvhtl,completive,perfective,3rd,singular,a,tahsvhtlv'i
170,ahsvhtlv'i,ahsvhtl,completive,perfective,3rd,singular,a,tahsvhtlv'i
170,ahsvhtlv'i,ahsvhtl,incompletive,imperfective,,,,tahsvhtlv'i
170,ahsvhtlv'i,hsvhtl,incompletive,imperfective,3rd,singular,a,tahsvhtlv'i
170,ahsvhtlv'i,:hsvhtl,incompletive,imperfective,3rd,singular,a,tahsvhtlv'i
170,ahsvhtlv'i,ahsvhtl,incompletive,imperfective,3rd,singular,a,tahsvhtlv'i
170,ahsvhtlv'i,ahsvhtlv'i,root,,,,,tahsvhtlv'i
170,ahsvhtlv'i,hsvhtlv'i,root,,3rd,singular,a,tahsvhtlv'i
170,ahsvhtlv'i,:hsvhtlv'i,root,,3rd,singular,a,tahsvhtlv'i
170,ahsvhtlv'i,ahsvhtlv'i,root,,3rd,singular,a,tahsvhtlv'i
171,Ahsvnoyi,Ahsvnoy,agentive,imperfective,,,,Anihsvnoyi
171,Ahsvnoyi,Ahsvnoyi,root,,,,,Anihsvnoyi
172,atha,atha,root,,,,,anatha
172,atha,tha,root,,3rd,singular,a,anatha
172,atha,:tha,root,,3rd,singular,a,anatha
172,atha,atha,root,,3rd,singular,a,anatha
173,athalhawohihsti,athalhawohihst,agentive,imperfective,,,,
173,athalhawohihsti,thalhawohihst,agentive,imperfective,3rd,singular,a,
173,athalhawohihsti,:thalhawohihst,agentive,imperfective,3rd,singular,a,
173,athalhawohihsti,athalhawohihst,agentive,imperfective,3rd,singular,a,
173,athalhawohihsti,athalhawohihsti,root,,,,,
173,athalhawohihsti,thalhawohihsti,root,,3rd,singular,a,
173,athalhawohihsti,:thalhawohihsti,root,,3rd,singular,a,
173,athalhawohihsti,athalhawohihsti,root,,3rd,singular,a,
174,athalehsv'i,athalehsv',agentive,imperfective,,,,tathalehsv'i
174,athalehsv'i,thalehsv',agentive,imperfective,3rd,singular,a,tathalehsv'i
174,athalehsv'i,:thalehsv',agentive,imperfective,3rd,singular,a,tathalehsv'i
174,athalehsv'i,athalehsv',agentive,imperfective,3rd,singular,a,tathalehsv'i
174,athalehsv'i,athalehs,completive,perfective,,,,tathalehsv'i
174,athalehsv'i,thalehs,completive,perfective,3rd,singular,a,tathalehsv'i
174,athalehsv'i,:thalehs,completive,perfective,3rd,singular,a,tathalehsv'i
174,athalehsv'i,athalehs,completive,perfective,3rd,singular,a,tathalehsv'i
174,athalehsv'i,athalehs,incompletive,imperfective,,,,tathalehsv'i
174,athalehsv'i,thalehs,incompletive,imperfective,3rd,singular,a,tathalehsv'i
174,athalehsv'i,:thalehs,incompletive,imperfective,3rd,singular,a,tathalehsv'i
174,athalehsv'i,athalehs,incompletive,imperfective,3rd,singular,a,tathalehsv'i
174,athalehsv'i,athalehsv'i,root,,,,,tathalehsv'i
174,athalehsv'i,thalehsv'i,root,,3rd,singular,a,tathalehsv'i
174,athalehsv'i,:thalehsv'i,root,,3rd,singular,a,tathalehsv'i
174,athalehsv'i,athalehsv'i,root,,3rd,singular,a,tathalehsv'i
175,athanutsa,athanutsa,root,,,,,anathanutsa
175,athanutsa,thanutsa,root,,3rd,singular,a,anathanutsa
175,athanutsa,:thanutsa,root,,3rd,singular,a,anathanutsa
175,athanutsa,athanutsa,root,,3rd,singular,a,anathanutsa
176,athahskihski,athahskihsk,agentive,imperfective,,,,tithahskihski
176,athahskihski,thahskihsk,agentive,imperfective,3rd,singular,a,tithahskihski
176,athahskihski,:thahskihsk,agentive,imperfective,3rd,singular,a,tithahskihski
176,athahskihski,athahskihsk,agentive,imperfective,3rd,singular,a,tithahskihski
176,athahskihski,athahskihski,root,,,,,tithahskihski
176,athahskihski,thahskihski,root,,3rd,singular,a,tithahskihski
176,athahskihski,:thahskihski,root,,3rd,singular,a,tithahskihski
176,athahskihski,athahskihski,root,,3rd,singular,a,tithahskihski
177,athelito,athelito,root,,,,,tithelito
177,athelito,thelito,root,,3rd,singular,a,tithelito
177,athelito,:thelito,root,,3rd,singular,a,tithelito
177,athelito,athelito,root,,3rd,singular,a,tithelito
178,athilhti,athilht,agentive,imperfective,,,,tithilhti
178,athilhti,thilht,agentive,imperfective,3rd,singular,a,tithilhti
178,athilhti,:thilht,agentive,imperfective,3rd,singular,a,tithilhti
178,athilhti,athilht,agentive,imperfective,3rd,singular,a,tithilhti
178,athilhti,athilhti,root,,,,,tithilhti
178,athilhti,thilhti,root,,3rd,singular,a,tithilhti
178,athilhti,:thilhti,root,,3rd,singular,a,tithilhti
178,athilhti,athilhti,root,,3rd,singular,a,tithilhti
179,athiyohsti,athiyohst,agentive,imperfective,,,,tithiyohsti
179,athiyohsti,thiyohst,agentive,imperfective,3rd,singular,a,tithiyohsti
179,athiyohsti,:thiyohst,agentive,imperfective,3rd,singular,a,tithiyohsti
179,athiyohsti,athiyohst,agentive,imperfective,3rd,singular,a,tithiyohsti
179,athiyohsti,athiyohsti,root,,,,,tithiyohsti
179,athiyohsti,thiyohsti,root,,3rd,singular,a,tithiyohsti
179,athiyohsti,:thiyohsti,root,,3rd,singular,a,tithiyohsti
179,athiyohsti,athiyohsti,root,,3rd,singular,a,tithiyohsti
180,athohkiyahski,athohkiyahsk,agentive,imperfective,,,,tinathohkiyahski
180,athohkiyahski,thohkiyahsk,agentive,imperfective,3rd,singular,a,tinathohkiyahski
180,athohkiyahski,:thohkiyahsk,agentive,imperfective,3rd,singular,a,tinathohkiyahski
180,athohkiyahski,athohkiyahsk,agentive,imperfective,3rd,singular,a,tinathohkiyahski
180,athohkiyahski,athohkiyahski,root,,,,,tinathohkiyahski
180,athohkiyahski,thohkiyahski,root,,3rd,singular,a,tinathohkiyahski
180,athohkiyahski,:thohkiyahski,root,,3rd,singular,a,tinathohkiyahski
180,athohkiyahski,athohkiyahski,root,,3rd,singular,a,tinathohkiyahski
181,athukihsti,athukihst,agentive,imperfective,,,,
181,athukihsti,thukihst,agentive,imperfective,3rd,singular,a,
181,athukihsti,:thukihst,agentive,imperfective,3rd,singular,a,
181,athukihsti,athukihst,agentive,imperfective,3rd,singular,a,
181,athukihsti,athukihsti,root,,,,,
181,athukihsti,thukihsti,root,,3rd,singular,a,
181,athukihsti,:thukihsti,root,,3rd,singular,a,
181,athukihsti,athukihsti,root,,3rd,singular,a,
182,awina,awina,root,,,,,aniwina
182,awina,wina,root,,3rd,singular,a,aniwina
182,awina,:wina,root,,3rd,singular,a,aniwina
182,awina,awina,root,,3rd,singular,a,aniwina
183,awinutsa,awinutsa,root,,,,,aniwinutsa
183,awinutsa,winutsa,root,,3rd,singular,a,aniwinutsa
183,awinutsa,:winutsa,root,,3rd,singular,a,aniwinutsa
183,awinutsa,awinutsa,root,,3rd,singular,a,aniwinutsa
184,awoha'li,awoha'l,agentive,imperfective,,,,
184,awoha'li,woha'l,agentive,imperfective,3rd,singular,a,
184,awoha'li,:woha'l,agentive,imperfective,3rd,singular,a,
184,awoha'li,awoha'l,agentive,imperfective,3rd,singular,a,
184,awoha'li,awoha'li,root,,,,,
184,awoha'li,woha'li,root,,3rd,singular,a,
184,awoha'li,:woha'li,root,,3rd,singular,a,
184,awoha'li,awoha'li,root,,3rd,singular,a,
185,ayathohihi,ayathohih,agentive,imperfective,,,,aniyathohihi
185,ayathohihi,yathohih,agentive,imperfective,3rd,singular,a,aniyathohihi
185,ayathohihi,:yathohih,agentive,imperfective,3rd,singular,a,aniyathohihi
185,ayathohihi,ayathohih,agentive,imperfective,3rd,singular,a,aniyathohihi
185,ayathohihi,ayathohihi,root,,,,,aniyathohihi
185,ayathohihi,yathohihi,root,,3rd,singular,a,aniyathohihi
185,ayathohihi,:yathohihi,root,,3rd,singular,a,aniyathohihi
185,ayathohihi,ayathohihi,root,,3rd,singular,a,aniyathohihi
186,ayatholhv'i,ayatholhv',agentive,imperfective,,,,tayatholhv'i
186,ayatholhv'i,yatholhv',agentive,imperfective,3rd,singular,a,tayatholhv'i
186,ayatholhv'i,:yatholhv',agentive,imperfective,3rd,singular,a,tayatholhv'i
186,ayatholhv'i,ayatholhv',agentive,imperfective,3rd,singular,a,tayatholhv'i
186,ayatholhv'i,ayatholh,completive,perfective,,,,tayatholhv'i
186,ayatholhv'i,yatholh,completive,perfective,3rd,singular,a,tayatholhv'i
186,ayatholhv'i,:yatholh,completive,perfective,3rd,singular,a,tayatholhv'i
186,ayatholhv'i,ayatholh,completive,perfective,3rd,singular,a,tayatholhv'i
186,ayatholhv'i,ayatholh,incompletive,imperfective,,,,tayatholhv'i
186,ayatholhv'i,yatholh,incompletive,imperfective,3rd,singular,a,tayatholhv'i
186,ayatholhv'i,:yatholh,incompletive,imperfective,3rd,singular,a,tayatholhv'i
186,ayatholhv'i,ayatholh,incompletive,imperfective,3rd,singular,a,tayatholhv'i
186,ayatholhv'i,ayatholhv'i,root,,,,,tayatholhv'i
186,ayatholhv'i,yatholhv'i,root,,3rd,singular,a,tayatholhv'i
186,ayatholhv'i,:yatholhv'i,root,,3rd,singular,a,tayatholhv'i
186,ayatholhv'i,ayatholhv'i,root,,3rd,singular,a,tayatholhv'i
187,ayelhi,ayelh,agentive,imperfective,,,,
187,ayelhi,yelh,agentive,imperfective,3rd,singular,a,
187,ayelhi,:yelh,agentive,imperfective,3rd,singular,a,
187,ayelhi,ayelh,agentive,imperfective,3rd,singular,a,
187,ayelhi,ayelhi,root,,,,,
187,ayelhi,yelhi,root,,3rd,singular,a,
187,ayelhi,:yelhi,root,,3rd,singular,a,
187,ayelhi,ayelhi,root,,3rd,singular,a,
188,ayelv'i,ayelv',agentive,imperfective,,,,
188,ayelv'i,yelv',agentive,imperfective,3rd,singular,a,
188,ayelv'i,:yelv',agentive,imperfective,3rd,singular,a,
188,ayelv'i,ayelv',agentive,imperfective,3rd,singular,a,
188,ayelv'i,ayel,completive,perfective,,,,
188,ayelv'i,yel,completive,perfective,3rd,singular,a,
188,ayelv'i,:yel,completive,perfective,3rd,singular,a,
188,ayelv'i,ayel,completive,perfective,3rd,singular,a,
188,ayelv'i,ayel,incompletive,imperfective,,,,
188,ayelv'i,yel,incompletive,imperfective,3rd,singular,a,
188,ayelv'i,:yel,incompletive,imperfective,3rd,singular,a,
188,ayelv'i,ayel,incompletive,imperfective,3rd,singular,a,
188,ayelv'i,ayelv'i,root,,,,,
188,ayelv'i,yelv'i,root,,3rd,singular,a,
188,ayelv'i,:yelv'i,root,,3rd,singular,a,
188,ayelv'i,ayelv'i,root,,3rd,singular,a,
189,ayotalhahv'i,ayotalhahv',agentive,imperfective,,,,tayotalhahv'i
189,ayotalhahv'i,yotalhahv',agentive,imperfective,3rd,singular,a,tayotalhahv'i
189,ayotalhahv'i,:yotalhahv',agentive,imperfective,3rd,singular,a,tayotalhahv'i
189,ayotalhahv'i,ayotalhahv',agentive,imperfective,3rd,singular,a,tayotalhahv'i
189,ayotalhahv'i,ayotalhah,completive,perfective,,,,tayotalhahv'i
189,ayotalhahv'i,yotalhah,completive,perfective,3rd,singular,a,tayotalhahv'i
189,ayotalhahv'i,:yotalhah,completive,perfective,3rd,singular,a,tayotalhahv'i
189,ayotalhahv'i,ayotalhah,completive,perfective,3rd,singular,a,tayotalhahv'i
189,ayotalhahv'i,ayotalhah,incompletive,imperfective,,,,tayotalhahv'i
189,ayotalhahv'i,yotalhah,incompletive,imperfective,3rd,singular,a,tayotalhahv'i
189,ayotalhahv'i,:yotalhah,incompletive,imperfective,3rd,singular,a,tayotalhahv'i
189,ayotalhahv'i,ayotalhah,incompletive,imperfective,3rd,singular,a,tayotalhahv'i
189,ayotalhahv'i,ayotalhahv'i,root,,,,,tayotalhahv'i
189,ayotalhahv'i,yotalhahv'i,root,,3rd,singular,a,tayotalhahv'i
189,ayotalhahv'i,:yotalhahv'i,root,,3rd,singular,a,tayotalhahv'i
189,ayotalhahv'i,ayotalhahv'i,root,,3rd,singular,a,tayotalhahv'i
190,ayolhi,ayolh,agentive,imperfective,,,,tiniyolhi
190,ayolhi,yolh,agentive,imperfective,3rd,singular,a,tiniyolhi
190,ayolhi,:yolh,agentive,imperfective,3rd,singular,a,tiniyolhi
190,ayolhi,ayolh,agentive,imperfective,3rd,singular,a,tiniyolhi
190,ayolhi,ayolhi,root,,,,,tiniyolhi
190,ayolhi,yolhi,root,,3rd,singular,a,tiniyolhi
190,ayolhi,:yolhi,root,,3rd,singular,a,tiniyolhi
190,ayolhi,ayolhi,root,,3rd,singular,a,tiniyolhi
191,ayolhi,ayolh,agentive,imperfective,,,,tiyolhi
191,ayolhi,yolh,agentive,imperfective,3rd,singular,a,tiyolhi
191,ayolhi,:yolh,agentive,imperfective,3rd,singular,a,tiyolhi
191,ayolhi,ayolh,agentive,imperfective,3rd,singular,a,tiyolhi
191,ayolhi,ayolhi,root,,,,,tiyolhi
191,ayolhi,yolhi,root,,3rd,singular,a,tiyolhi
191,ayolhi,:yolhi,root,,3rd,singular,a,tiyolhi
191,ayolhi,ayolhi,root,,3rd,singular,a,tiyolhi
192,ayohuhihsti,ayohuhihst,agentive,imperfective,,,,
192,ayohuhihsti,yohuhihst,agentive,imperfective,3rd,singular,a,
192,ayohuhihsti,:yohuhihst,agentive,imperfective,3rd,singular,a,
192,ayohuhihsti,ayohuhihst,agentive,imperfective,3rd,singular,a,
192,ayohuhihsti,ayohuhihsti,root,,,,,
192,ayohuhihsti,yohuhihsti,root,,3rd,singular,a,
192,ayohuhihsti,:yohuhihsti,root,,3rd,singular,a,
192,ayohuhihsti,ayohuhihsti,root,,3rd,singular,a,
193,a'yohski,a'yohsk,agentive,imperfective,,,,aniyohski
193,a'yohski,'yohsk,agentive,imperfective,3rd,singular,a,aniyohski
193,a'yohski,:'yohsk,agentive,imperfective,3rd,singular,a,aniyohski
193,a'yohski,a'yohsk,agentive,imperfective,3rd,singular,a,aniyohski
193,a'yohski,a'yohski,root,,,,,aniyohski
193,a'yohski,'yohski,root,,3rd,singular,a,aniyohski
193,a'yohski,:'yohski,root,,3rd,singular,a,aniyohski
193,a'yohski,a'yohski,root,,3rd,singular,a,aniyohski
194,ayvhstohti'i,ayvhstohti',agentive,imperfective,,,,tiyvhstohti'i
194,ayvhstohti'i,yvhstohti',agentive,imperfective,3rd,singular,a,tiyvhstohti'i
194,ayvhstohti'i,:yvhstohti',agentive,imperfective,3rd,singular,a,tiyvhstohti'i
194,ayvhstohti'i,ayvhstohti',agentive,imperfective,3rd,singular,a,tiyvhstohti'i
194,ayvhstohti'i,ayvhstohti'i,root,,,,,tiyvhstohti'i
194,ayvhstohti'i,yvhstohti'i,root,,3rd,singular,a,tiyvhstohti'i
194,ayvhstohti'i,:yvhstohti'i,root,,3rd,singular,a,tiyvhstohti'i
194,ayvhstohti'i,ayvhstohti'i,root,,3rd,singular,a,tiyvhstohti'i
195,ayvwi,ayvw,agentive,imperfective,,,,yvwi
195,ayvwi,yvw,agentive,imperfective,3rd,singular,a,yvwi
195,ayvwi,:yvw,agentive,imperfective,3rd,singular,a,yvwi
195,ayvwi,ayvw,agentive,imperfective,3rd,singular,a,yvwi
195,ayvwi,ayvwi,root,,,,,yvwi
195,ayvwi,yvwi,root,,3rd,singular,a,yvwi
195,ayvwi,:yvwi,root,,3rd,singular,a,yvwi
195,ayvwi,ayvwi,root,,3rd,singular,a,yvwi
196,ayvwi,ayvw,agentive,imperfective,,,,aniyvwi
196,ayvwi,yvw,agentive,imperfective,3rd,singular,a,aniyvwi
196,ayvwi,:yvw,agentive,imperfective,3rd,singular,a,aniyvwi
196,ayvwi,ayvw,agentive,imperfective,3rd,singular,a,aniyvwi
196,ayvwi,ayvwi,root,,,,,aniyvwi
196,ayvwi,yvwi,root,,3rd,singular,a,aniyvwi
196,ayvwi,:yvwi,root,,3rd,singular,a,aniyvwi
196,ayvwi,ayvwi,root,,3rd,singular,a,aniyvwi
197,ayvwiya'i,ayvwiya',agentive,imperfective,,,,Aniyvwiya'i
197,ayvwiya'i,yvwiya',agentive,imperfective,3rd,singular,a,Aniyvwiya'i
197,ayvwiya'i,:yvwiya',agentive,imperfective,3rd,singular,a,Aniyvwiya'i
197,ayvwiya'i,ayvwiya',agentive,imperfective,3rd,singular,a,Aniyvwiya'i
197,ayvwiya'i,ayvwiya'i,root,,,,,Aniyvwiya'i
197,ayvwiya'i,yvwiya'i,root,,3rd,singular,a,Aniyvwiya'i
197,ayvwiya'i,:yvwiya'i,root,,3rd,singular,a,Aniyvwiya'i
197,ayvwiya'i,ayvwiya'i,root,,3rd,singular,a,Aniyvwiya'i
198,ayvwuneka,ayvwuneka,root,,,,,aniyvwuneka
198,ayvwuneka,yvwuneka,root,,3rd,singular,a,aniyvwuneka
198,ayvwuneka,:yvwuneka,root,,3rd,singular,a,aniyvwuneka
198,ayvwuneka,ayvwuneka,root,,3rd,singular,a,aniyvwuneka
199,ayvwuneka,ayvwuneka,root,,,,,aniyoneka
199,ayvwuneka,yvwuneka,root,,3rd,singular,a,aniyoneka
199,ayvwuneka,:yvwuneka,root,,3rd,singular,a,aniyoneka
199,ayvwuneka,ayvwuneka,root,,3rd,singular,a,aniyoneka
200,ayoneka,ayoneka,root,,,,,aniyvwuneka
200,ayoneka,yoneka,root,,3rd,singular,a,aniyvwuneka
200,ayoneka,:yoneka,root,,3rd,singular,a,aniyvwuneka
200,ayoneka,ayoneka,root,,3rd,singular,a,aniyvwuneka
201,ayoneka,ayoneka,root,,,,,aniyoneka
201,ayoneka,yoneka,root,,3rd,singular,a,aniyoneka
201,ayoneka,:yoneka,root,,3rd,singular,a,aniyoneka
201,ayoneka,ayoneka,root,,3rd,singular,a,aniyoneka
202,tshinohska,tshinohska,root,,,,,
203,tshuhka,tshuhka,root,,,,,
204,tatanhawhstv'i nvnohi,tatanhawhstv'i nvnoh,agentive,imperfective,,,,
204,tatanhawhstv'i nvnohi,tatanhawhstv'i nvnohi,root,,,,,
205,takvna,takvna,root,,,,,
206,takwalela,takwalela,root,,,,,
207,tanhawa,tanhawa,root,,,,,
208,Danhuko'i,Danhuko',agentive,imperfective,,,,
208,Danhuko'i,Danhuko'i,root,,,,,
209,takhsi,takhs,agentive,imperfective,,,,
209,takhsi,takhsi,root,,,,,
210,takhsi,takhs,agentive,imperfective,,,,
210,takhsi,takhsi,root,,,,,
211,takwhsani,takwhsan,agentive,imperfective,,,,
211,takwhsani,takwhsani,root,,,,,
212,talala,talala,root,,,,,
213,Dalikwa,Dalikwa,root,,,,,
214,tamaka,tamaka,root,,,,,
215,Danihstayohihv'i,Danihstayohihv',agentive,imperfective,,,,
215,Danihstayohihv'i,Danihstayohih,completive,perfective,,,,
215,Danihstayohihv'i,Danihstayohih,incompletive,imperfective,,,,
215,Danihstayohihv'i,Danihstayohihv'i,root,,,,,
216,tawihskala,tawihskala,root,,,,,
217,tawoli,tawol,agentive,imperfective,,,,
217,tawoli,tawoli,root,,,,,
218,tawoliyuhsti,tawoliyuhst,agentive,imperfective,,,,
218,tawoliyuhsti,tawoliyuhsti,root,,,,,
219,tekalhti,tekalht,agentive,imperfective,,,,
219,tekalhti,tekalhti,root,,,,,
220,tehaluyi,tehaluy,agentive,imperfective,,,,
220,tehaluyi,tehaluyi,root,,,,,
221,titshvhsti,titshvhst,agentive,imperfective,,,,
221,titshvhsti,titshvhsti,root,,,,,
222,titahihi,titahih,agentive,imperfective,,,,tinatahihi
222,titahihi,titahihi,root,,,,,tinatahihi
223,titahi'litahsti'i,titahi'litahsti',agentive,imperfective,,,,tsunatahi'litahsti'i
223,titahi'litahsti'i,titahi'litahsti'i,root,,,,,tsunatahi'litahsti'i
224,titalhilohstihski,titalhilohstihsk,agentive,imperfective,,,,
224,titalhilohstihski,titalhilohstihski,root,,,,,
225,titalhilohsthanv'i,titalhilohsthanv',agentive,imperfective,,,,
225,titalhilohsthanv'i,titalhilohsthan,completive,perfective,,,,
225,titalhilohsthanv'i,titalhilohsthan,incompletive,imperfective,,,,
225,titalhilohsthanv'i,titalhilohsthanv'i,root,,,,,
226,titanhawita,titanhawita,root,,,,,tsutanhawita
227,titanhehsehski,titanhehsehsk,agentive,imperfective,,,,tinatanhehsehski
227,titanhehsehski,titanhehsehski,root,,,,,tinatanhehsehski
228,titanhvwihski,titanhvwihsk,agentive,imperfective,,,,tinatanhvwihski
228,titanhvwihski,titanhvwihski,root,,,,,tinatanhvwihski
229,titayhelhohi,titayhelhoh,agentive,imperfective,,,,tinatayhelhohi
229,titayhelhohi,titayhelhohi,root,,,,,tinatayhelhohi
230,titanhthohsti,titanhthohst,agentive,imperfective,,,,
230,titanhthohsti,titanhthohsti,root,,,,,
231,titanihsohti'i,titanihsohti',agentive,imperfective,,,,tsunatanihsohti'i
231,titanihsohti'i,titanihsohti'i,root,,,,,tsunatanihsohti'i
232,titaniyihski,titaniyihsk,agentive,imperfective,,,,tinataniyihski
232,titaniyihski,titaniyihski,root,,,,,tinataniyihski
233,titahstayvhvhski,titahstayvhvhsk,agentive,imperfective,,,,tinatahstayvhvhski
233,titahstayvhvhski,titahstayvhvhski,root,,,,,tinatahstayvhvhski
234,titahstoyehski,titahstoyehsk,agentive,imperfective,,,,tinatahstoyehski
234,titahstoyehski,titahstoyehski,root,,,,,tinatahstoyehski
235,titahstuti'i,titahstuti',agentive,imperfective,,,,tsunatahstuti'i
235,titahstuti'i,titahstuti'i,root,,,,,tsunatahstuti'i
236,titathinhitohi,titathinhitoh,agentive,imperfective,,,,tinatathinhitohi
236,titathinhitohi,titathinhitohi,root,,,,,tinatathinhitohi
237,titatholhstihski,titatholhstihsk,agentive,imperfective,,,,tinatatholhstihski
237,titatholhstihski,titatholhstihski,root,,,,,tinatatholhstihski
238,Ditawohski,Ditawohsk,agentive,imperfective,,,,Dinatawohski
238,Ditawohski,Ditawohski,root,,,,,Dinatawohski
239,titelhohkwahski,titelhohkwahsk,agentive,imperfective,,,,tinatelhohkwahski
239,titelhohkwahski,titelhohkwahski,root,,,,,tinatelhohkwahski
240,titeyhohvhski,titeyhohvhsk,agentive,imperfective,,,,tinateyhohvhski
240,titeyhohvhski,titeyhohvhski,root,,,,,tinateyhohvhski
241,titlohihsti'i,titlohihsti',agentive,imperfective,,,,
241,titlohihsti'i,titlohihsti'i,root,,,,,
242,titlvkwhihstohti,titlvkwhihstoht,agentive,imperfective,,,,
242,titlvkwhihstohti,titlvkwhihstohti,root,,,,,
243,tikatvti,tikatvt,agentive,imperfective,,,,
243,tikatvti,tikatvti,root,,,,,
244,tikalawihsti'i,tikalawihsti',agentive,imperfective,,,,tsunilawihsti'i
244,tikalawihsti'i,tikalawihsti'i,root,,,,,tsunilawihsti'i
245,tikalokihski,tikalokihsk,agentive,imperfective,,,,tinilokihski
245,tikalokihski,tikalokihski,root,,,,,tinilokihski
246,tikalvnvhi,tikalvnvh,agentive,imperfective,,,,
246,tikalvnvhi,tikalvnvhi,root,,,,,
247,tikanotsalhti,tikanotsalht,agentive,imperfective,,,,
247,tikanotsalhti,tikanotsalhti,root,,,,,
248,tikanhsoti'i,tikanhsoti',agentive,imperfective,,,,
248,tikanhsoti'i,tikanhsoti'i,root,,,,,
249,tikanulatsi,tikanulats,agentive,imperfective,,,,
249,tikanulatsi,tikanulatsi,root,,,,,
250,tikathti'i,tikathti',agentive,imperfective,,,,
250,tikathti'i,tikathti'i,root,,,,,
251,tikathihsti,tikathihst,agentive,imperfective,,,,
251,tikathihsti,tikathihsti,root,,,,,
252,tikowheli,tikowhel,agentive,imperfective,,,,
252,tikowheli,tikowheli,root,,,,,
253,tikowheloti,tikowhelot,agentive,imperfective,,,,
253,tikowheloti,tikowheloti,root,,,,,
254,tikohsihsohti,tikohsihsoht,agentive,imperfective,,,,
254,tikohsihsohti,tikohsihsohti,root,,,,,
255,tikulhtihski,tikulhtihsk,agentive,imperfective,,,,tinulhtihski
255,tikulhtihski,tikulhtihski,root,,,,,tinulhtihski
256,tikukhtihski,tikukhtihsk,agentive,imperfective,,,,tinukhtihski
256,tikukhtihski,tikukhtihski,root,,,,,tinukhtihski
257,tihihi,tihih,agentive,imperfective,,,,tinihihi
257,tihihi,tihihi,root,,,,,tinihihi
258,tilhinohehti'i,tilhinohehti',agentive,imperfective,,,,tsunalhinohehti'i
258,tilhinohehti'i,tilhinohehti'i,root,,,,,tsunalhinohehti'i
259,tilhthateki,tilhthatek,agentive,imperfective,,,,tinalhthateki
259,tilhthateki,tilhthateki,root,,,,,tinalhthateki
260,tinhawo,tinhawo,root,,,,,
261,tinhawohstohti,tinhawohstoht,agentive,imperfective,,,,
261,tinhawohstohti,tinhawohstohti,root,,,,,
262,tinhehihi,tinhehih,agentive,imperfective,,,,tinanhehihi
262,tinhehihi,tinhehihi,root,,,,,tinanhehihi
263,tinhehskehski,tinhehskehsk,agentive,imperfective,,,,tinanhehskehski
263,tinhehskehski,tinhehskehski,root,,,,,tinanhehskehski
264,tiyhvkihsti,tiyhvkihst,agentive,imperfective,,,,
264,tiyhvkihsti,tiyhvkihsti,root,,,,,
265,Ditsalaki,Ditsalak,agentive,imperfective,,,,
265,Ditsalaki,Ditsalaki,root,,,,,
266,tikhalvkv'i,tikhalvkv',agentive,imperfective,,,,
266,tikhalvkv'i,tikhalvk,completive,perfective,,,,
266,tikhalvkv'i,tikhalvk,incompletive,imperfective,,,,
266,tikhalvkv'i,tikhalvkv'i,root,,,,,
267,tikhanokihsti,tikhanokihst,agentive,imperfective,,,,
267,tikhanokihsti,tikhanokihsti,root,,,,,
268,tikhanowatitohi,tikhanowatitoh,agentive,imperfective,,,,tinikhanowatitohi
268,tikhanowatitohi,tikhanowatitohi,root,,,,,tinikhanowatitohi
269,tikhanowatvhsti,tikhanowatvhst,agentive,imperfective,,,,
269,tikhanowatvhsti,tikhanowatvhsti,root,,,,,
270,tikhtlatihski,tikhtlatihsk,agentive,imperfective,,,,tinhtlatihski
270,tikhtlatihski,tikhtlatihski,root,,,,,tinhtlatihski
271,tikhtlvhti,tikhtlvht,agentive,imperfective,,,,
271,tikhtlvhti,tikhtlvhti,root,,,,,
272,tikhthinvthti,tikhthinvtht,agentive,imperfective,,,,
272,tikhthinvthti,tikhthinvthti,root,,,,,
273,tikhthohti,tikhthoht,agentive,imperfective,,,,
273,tikhthohti,tikhthohti,root,,,,,
274,tikwhanayohsti,tikwhanayohst,agentive,imperfective,,,,
274,tikwhanayohsti,tikwhanayohsti,root,,,,,
275,tikwhayoti,tikwhayot,agentive,imperfective,,,,
275,tikwhayoti,tikwhayoti,root,,,,,
276,tilhstoyhti,tilhstoyht,agentive,imperfective,,,,
276,tilhstoyhti,tilhstoyhti,root,,,,,
277,tinatanhvlhi,tinatanhvlh,agentive,imperfective,,,,
277,tinatanhvlhi,tinatanhvlhi,root,,,,,
278,tinelhtohti,tinelhtoht,agentive,imperfective,,,,
278,tinelhtohti,tinelhtohti,root,,,,,
279,tinitanhawi,tinitanhaw,agentive,imperfective,,,,
279,tinitanhawi,tinitanhawi,root,,,,,
280,tihsehihsti'i,tihsehihsti',agentive,imperfective,,,,
280,tihsehihsti'i,tihsehihsti'i,root,,,,,
281,tihsehsti,tihsehst,agentive,imperfective,,,,
281,tihsehsti,tihsehsti,root,,,,,
282,tihsuwhihsti,tihsuwhihst,agentive,imperfective,,,,
282,tihsuwhihsti,tihsuwhihsti,root,,,,,
283,tithalehsti,tithalehst,agentive,imperfective,,,,
283,tithalehsti,tithalehsti,root,,,,,
284,tithehsti,tithehst,agentive,imperfective,,,,
284,tithehsti,tithehsti,root,,,,,
285,tithiyohihi,tithiyohih,agentive,imperfective,,,,tinathiyohihi
285,tithiyohihi,tithiyohihi,root,,,,,tinathiyohihi
286,tla'ita,tla'ita,root,,,,,
287,tlameha,tlameha,root,,,,,
288,tlanuhsi,tlanuhs,agentive,imperfective,,,,
288,tlanuhsi,tlanuhsi,root,,,,,
289,tlayhka,tlayhka,root,,,,,
290,Dlayhkv'i,Dlayhkv',agentive,imperfective,,,,
290,Dlayhkv'i,Dlayhk,completive,perfective,,,,
290,Dlayhkv'i,Dlayhk,incompletive,imperfective,,,,
290,Dlayhkv'i,Dlayhkv'i,root,,,,,
291,tlokehsi,tlokehs,agentive,imperfective,,,,
291,tlokehsi,tlokehsi,root,,,,,
292,tlutlu,tlutlu,root,,,,,
293,Dotakwahskv'i,Dotakwahskv',agentive,imperfective,,,,
293,Dotakwahskv'i,Dotakwahsk,completive,perfective,,,,
293,Dotakwahskv'i,Dotakwahsk,incompletive,imperfective,,,,
293,Dotakwahskv'i,Dotakwahskv'i,root,,,,,
294,Dotakwitena,Dotakwitena,root,,,,,
295,Dotakwonhv'i,Dotakwonhv',agentive,imperfective,,,,
295,Dotakwonhv'i,Dotakwonh,completive,perfective,,,,
295,Dotakwonhv'i,Dotakwonh,incompletive,imperfective,,,,
295,Dotakwonhv'i,Dotakwonhv'i,root,,,,,
296,tohsa,tohsa,root,,,,,
297,tohsvta'li,tohsvta'l,agentive,imperfective,,,,
297,tohsvta'li,tohsvta'li,root,,,,,
298,tutathinha'v'i,tutathinha'v',agentive,imperfective,,,,
298,tutathinha'v'i,tutathinha',completive,perfective,,,,
298,tutathinha'v'i,tutathinha',incompletive,imperfective,,,,
298,tutathinha'v'i,tutathinha'v'i,root,,,,,
299,Dulihsti,Dulihst,agentive,imperfective,,,,
299,Dulihsti,Dulihsti,root,,,,,
300,tulotskv'i,tulotskv',agentive,imperfective,,,,
300,tulotskv'i,tulotsk,completive,perfective,,,,
300,tulotskv'i,tulotsk,incompletive,imperfective,,,,
300,tulotskv'i,tulotskv'i,root,,,,,
301,Duninhti,Duninht,agentive,imperfective,,,,
301,Duninhti,Duninhti,root,,,,,
302,tuyukhtv'i,tuyukhtv',agentive,imperfective,,,,
302,tuyukhtv'i,tuyukht,completive,perfective,,,,
302,tuyukhtv'i,tuyukht,incompletive,imperfective,,,,
302,tuyukhtv'i,tuyukhtv'i,root,,,,,
303,ekwoni,ekwon,agentive,imperfective,,,,
303,ekwoni,ekwon,agentive,imperfective,3rd,singular,a,
303,ekwoni,ekwoni,root,,,,,
303,ekwoni,ekwoni,root,,3rd,singular,a,
304,ehi,eh,agentive,imperfective,,,,anehi
304,ehi,eh,agentive,imperfective,3rd,singular,a,anehi
304,ehi,ehi,root,,,,,anehi
304,ehi,ehi,root,,3rd,singular,a,anehi
305,ehiya'i,ehiya',agentive,imperfective,,,,anehiya'i
305,ehiya'i,ehiya',agentive,imperfective,3rd,singular,a,anehiya'i
305,ehiya'i,ehiya'i,root,,,,,anehiya'i
305,ehiya'i,ehiya'i,root,,3rd,singular,a,anehiya'i
306,enha'i,enha',agentive,imperfective,,,,
306,enha'i,enha',agentive,imperfective,3rd,singular,a,
306,enha'i,enha'i,root,,,,,
306,enha'i,enha'i,root,,3rd,singular,a,
307,kata,kata,root,,,,,
307,kata,ta,root,,3rd,singular,a,
307,kata,:ta,root,,3rd,singular,a,
307,kata,ata,root,,3rd,singular,a,
308,kata'ti,kata't,agentive,imperfective,,,,tikata'ti
308,kata'ti,ta't,agentive,imperfective,3rd,singular,a,tikata'ti
308,kata'ti,:ta't,agentive,imperfective,3rd,singular,a,tikata'ti
308,kata'ti,ata't,agentive,imperfective,3rd,singular,a,tikata'ti
308,kata'ti,kata'ti,root,,,,,tikata'ti
308,kata'ti,ta'ti,root,,3rd,singular,a,tikata'ti
308,kata'ti,:ta'ti,root,,3rd,singular,a,tikata'ti
308,kata'ti,ata'ti,root,,3rd,singular,a,tikata'ti
309,katakuku,katakuku,root,,,,,
309,katakuku,takuku,root,,3rd,singular,a,
309,katakuku,:takuku,root,,3rd,singular,a,
309,katakuku,atakuku,root,,3rd,singular,a,
310,katakwala,katakwala,root,,,,,
310,katakwala,takwala,root,,3rd,singular,a,
310,katakwala,:takwala,root,,3rd,singular,a,
310,katakwala,atakwala,root,,3rd,singular,a,
311,katalukoti,katalukot,agentive,imperfective,,,,tikatalukoti
311,katalukoti,talukot,agentive,imperfective,3rd,singular,a,tikatalukoti
311,katalukoti,:talukot,agentive,imperfective,3rd,singular,a,tikatalukoti
311,katalukoti,atalukot,agentive,imperfective,3rd,singular,a,tikatalukoti
311,katalukoti,katalukoti,root,,,,,tikatalukoti
311,katalukoti,talukoti,root,,3rd,singular,a,tikatalukoti
311,katalukoti,:talukoti,root,,3rd,singular,a,tikatalukoti
311,katalukoti,atalukoti,root,,3rd,singular,a,tikatalukoti
312,katikeni,katiken,agentive,imperfective,,,,tikatikeni
312,katikeni,tiken,agentive,imperfective,3rd,singular,a,tikatikeni
312,katikeni,:tiken,agentive,imperfective,3rd,singular,a,tikatikeni
312,katikeni,atiken,agentive,imperfective,3rd,singular,a,tikatikeni
312,katikeni,katikeni,root,,,,,tikatikeni
312,katikeni,tikeni,root,,3rd,singular,a,tikatikeni
312,katikeni,:tikeni,root,,3rd,singular,a,tikatikeni
312,katikeni,atikeni,root,,3rd,singular,a,tikatikeni
313,katu,katu,root,,,,,
313,katu,tu,root,,3rd,singular,a,
313,katu,:tu,root,,3rd,singular,a,
313,katu,atu,root,,3rd,singular,a,
314,katuki,katuk,agentive,imperfective,,,,
314,katuki,tuk,agentive,imperfective,3rd,singular,a,
314,katuki,:tuk,agentive,imperfective,3rd,singular,a,
314,katuki,atuk,agentive,imperfective,3rd,singular,a,
314,katuki,katuki,root,,,,,
314,katuki,tuki,root,,3rd,singular,a,
314,katuki,:tuki,root,,3rd,singular,a,
314,katuki,atuki,root,,3rd,singular,a,
315,katuhv'i,katuhv',agentive,imperfective,,,,
315,katuhv'i,tuhv',agentive,imperfective,3rd,singular,a,
315,katuhv'i,:tuhv',agentive,imperfective,3rd,singular,a,
315,katuhv'i,atuhv',agentive,imperfective,3rd,singular,a,
315,katuhv'i,katuh,completive,perfective,,,,
315,katuhv'i,tuh,completive,perfective,3rd,singular,a,
315,katuhv'i,:tuh,completive,perfective,3rd,singular,a,
315,katuhv'i,atuh,completive,perfective,3rd,singular,a,
315,katuhv'i,katuh,incompletive,imperfective,,,,
315,katuhv'i,tuh,incompletive,imperfective,3rd,singular,a,
315,katuhv'i,:tuh,incompletive,imperfective,3rd,singular,a,
315,katuhv'i,atuh,incompletive,imperfective,3rd,singular,a,
315,katuhv'i,katuhv'i,root,,,,,
315,katuhv'i,tuhv'i,root,,3rd,singular,a,
315,katuhv'i,:tuhv'i,root,,3rd,singular,a,
315,katuhv'i,atuhv'i,root,,3rd,singular,a,
316,katuhsi,katuhs,agentive,imperfective,,,,
316,katuhsi,tuhs,agentive,imperfective,3rd,singular,a,
316,katuhsi,:tuhs,agentive,imperfective,3rd,singular,a,
316,katuhsi,atuhs,agentive,imperfective,3rd,singular,a,
316,katuhsi,katuhsi,root,,,,,
316,katuhsi,tuhsi,root,,3rd,singular,a,
316,katuhsi,:tuhsi,root,,3rd,singular,a,
316,katuhsi,atuhsi,root,,3rd,singular,a,
317,katu ukanahsta,katu ukanahsta,root,,,,,
317,katu ukanahsta,tu ukanahsta,root,,3rd,singular,a,
317,katu ukanahsta,:tu ukanahsta,root,,3rd,singular,a,
317,katu ukanahsta,atu ukanahsta,root,,3rd,singular,a,
318,kakama,kakama,root,,,,,
318,kakama,kama,root,,3rd,singular,a,
318,kakama,:kama,root,,3rd,singular,a,
318,kakama,akama,root,,3rd,singular,a,
319,kakawehsti,kakawehst,agentive,imperfective,,,,tikakawehsti
319,kakawehsti,kawehst,agentive,imperfective,3rd,singular,a,tikakawehsti
319,kakawehsti,:kawehst,agentive,imperfective,3rd,singular,a,tikakawehsti
319,kakawehsti,akawehst,agentive,imperfective,3rd,singular,a,tikakawehsti
319,kakawehsti,kakawehsti,root,,,,,tikakawehsti
319,kakawehsti,kawehsti,root,,3rd,singular,a,tikakawehsti
319,kakawehsti,:kawehsti,root,,3rd,singular,a,tikakawehsti
319,kakawehsti,akawehsti,root,,3rd,singular,a,tikakawehsti
320,kakwathti,kakwatht,agentive,imperfective,,,,tikakwathti
320,kakwathti,kwatht,agentive,imperfective,3rd,singular,a,tikakwathti
320,kakwathti,:kwatht,agentive,imperfective,3rd,singular,a,tikakwathti
320,kakwathti,akwatht,agentive,imperfective,3rd,singular,a,tikakwathti
320,kakwathti,kakwathti,root,,,,,tikakwathti
320,kakwathti,kwathti,root,,3rd,singular,a,tikakwathti
320,kakwathti,:kwathti,root,,3rd,singular,a,tikakwathti
320,kakwathti,akwathti,root,,3rd,singular,a,tikakwathti
321,kahathti,kahatht,agentive,imperfective,,,,tikahathti
321,kahathti,hatht,agentive,imperfective,3rd,singular,a,tikahathti
321,kahathti,:hatht,agentive,imperfective,3rd,singular,a,tikahathti
321,kahathti,ahatht,agentive,imperfective,3rd,singular,a,tikahathti
321,kahathti,kahathti,root,,,,,tikahathti
321,kahathti,hathti,root,,3rd,singular,a,tikahathti
321,kahathti,:hathti,root,,3rd,singular,a,tikahathti
321,kahathti,ahathti,root,,3rd,singular,a,tikahathti
322,kalhtohti,kalhtoht,agentive,imperfective,,,,tikalhtohti
322,kalhtohti,lhtoht,agentive,imperfective,3rd,singular,a,tikalhtohti
322,kalhtohti,:lhtoht,agentive,imperfective,3rd,singular,a,tikalhtohti
322,kalhtohti,alhtoht,agentive,imperfective,3rd,singular,a,tikalhtohti
322,kalhtohti,kalhtohti,root,,,,,tikalhtohti
322,kalhtohti,lhtohti,root,,3rd,singular,a,tikalhtohti
322,kalhtohti,:lhtohti,root,,3rd,singular,a,tikalhtohti
322,kalhtohti,alhtohti,root,,3rd,singular,a,tikalhtohti
323,kalhita,kalhita,root,,,,,tikalhita
323,kalhita,lhita,root,,3rd,singular,a,tikalhita
323,kalhita,:lhita,root,,3rd,singular,a,tikalhita
323,kalhita,alhita,root,,3rd,singular,a,tikalhita
324,kalhtsa'ti,kalhtsa't,agentive,imperfective,,,,tikalhtsa'ti
324,kalhtsa'ti,lhtsa't,agentive,imperfective,3rd,singular,a,tikalhtsa'ti
324,kalhtsa'ti,:lhtsa't,agentive,imperfective,3rd,singular,a,tikalhtsa'ti
324,kalhtsa'ti,alhtsa't,agentive,imperfective,3rd,singular,a,tikalhtsa'ti
324,kalhtsa'ti,kalhtsa'ti,root,,,,,tikalhtsa'ti
324,kalhtsa'ti,lhtsa'ti,root,,3rd,singular,a,tikalhtsa'ti
324,kalhtsa'ti,:lhtsa'ti,root,,3rd,singular,a,tikalhtsa'ti
324,kalhtsa'ti,alhtsa'ti,root,,3rd,singular,a,tikalhtsa'ti
325,kalhtsote,kalhtsote,root,,,,,
325,kalhtsote,lhtsote,root,,3rd,singular,a,
325,kalhtsote,:lhtsote,root,,3rd,singular,a,
325,kalhtsote,alhtsote,root,,3rd,singular,a,
326,kalhtsothtohti,kalhtsothtoht,agentive,imperfective,,,,
326,kalhtsothtohti,lhtsothtoht,agentive,imperfective,3rd,singular,a,
326,kalhtsothtohti,:lhtsothtoht,agentive,imperfective,3rd,singular,a,
326,kalhtsothtohti,alhtsothtoht,agentive,imperfective,3rd,singular,a,
326,kalhtsothtohti,kalhtsothtohti,root,,,,,
326,kalhtsothtohti,lhtsothtohti,root,,3rd,singular,a,
326,kalhtsothtohti,:lhtsothtohti,root,,3rd,singular,a,
326,kalhtsothtohti,alhtsothtohti,root,,3rd,singular,a,
327,kalhtsothv'i,kalhtsothv',agentive,imperfective,,,,tekalhtsothv'i
327,kalhtsothv'i,lhtsothv',agentive,imperfective,3rd,singular,a,tekalhtsothv'i
327,kalhtsothv'i,:lhtsothv',agentive,imperfective,3rd,singular,a,tekalhtsothv'i
327,kalhtsothv'i,alhtsothv',agentive,imperfective,3rd,singular,a,tekalhtsothv'i
327,kalhtsothv'i,kalhtsoth,completive,perfective,,,,tekalhtsothv'i
327,kalhtsothv'i,lhtsoth,completive,perfective,3rd,singular,a,tekalhtsothv'i
327,kalhtsothv'i,:lhtsoth,completive,perfective,3rd,singular,a,tekalhtsothv'i
327,kalhtsothv'i,alhtsoth,completive,perfective,3rd,singular,a,tekalhtsothv'i
327,kalhtsothv'i,kalhtsoth,incompletive,imperfective,,,,tekalhtsothv'i
327,kalhtsothv'i,lhtsoth,incompletive,imperfective,3rd,singular,a,tekalhtsothv'i
327,kalhtsothv'i,:lhtsoth,incompletive,imperfective,3rd,singular,a,tekalhtsothv'i
327,kalhtsothv'i,alhtsoth,incompletive,imperfective,3rd,singular,a,tekalhtsothv'i
327,kalhtsothv'i,kalhtsothv'i,root,,,,,tekalhtsothv'i
327,kalhtsothv'i,lhtsothv'i,root,,3rd,singular,a,tekalhtsothv'i
327,kalhtsothv'i,:lhtsothv'i,root,,3rd,singular,a,tekalhtsothv'i
327,kalhtsothv'i,alhtsothv'i,root,,3rd,singular,a,tekalhtsothv'i
328,kayha'tlv'i,kayha'tlv',agentive,imperfective,,,,tekayha'tlv'i
328,kayha'tlv'i,yha'tlv',agentive,imperfective,3rd,singular,a,tekayha'tlv'i
328,kayha'tlv'i,:yha'tlv',agentive,imperfective,3rd,singular,a,tekayha'tlv'i
328,kayha'tlv'i,ayha'tlv',agentive,imperfective,3rd,singular,a,tekayha'tlv'i
328,kayha'tlv'i,kayha'tl,completive,perfective,,,,tekayha'tlv'i
328,kayha'tlv'i,yha'tl,completive,perfective,3rd,singular,a,tekayha'tlv'i
328,kayha'tlv'i,:yha'tl,completive,perfective,3rd,singular,a,tekayha'tlv'i
328,kayha'tlv'i,ayha'tl,completive,perfective,3rd,singular,a,tekayha'tlv'i
328,kayha'tlv'i,kayha'tl,incompletive,imperfective,,,,tekayha'tlv'i
328,kayha'tlv'i,yha'tl,incompletive,imperfective,3rd,singular,a,tekayha'tlv'i
328,kayha'tlv'i,:yha'tl,incompletive,imperfective,3rd,singular,a,tekayha'tlv'i
328,kayha'tlv'i,ayha'tl,incompletive,imperfective,3rd,singular,a,tekayha'tlv'i
328,kayha'tlv'i,kayha'tlv'i,root,,,,,tekayha'tlv'i
328,kayha'tlv'i,yha'tlv'i,root,,3rd,singular,a,tekayha'tlv'i
328,kayha'tlv'i,:yha'tlv'i,root,,3rd,singular,a,tekayha'tlv'i
328,kayha'tlv'i,ayha'tlv'i,root,,3rd,singular,a,tekayha'tlv'i
329,kayhahulo,kayhahulo,root,,,,,tikayhahulo
329,kayhahulo,yhahulo,root,,3rd,singular,a,tikayhahulo
329,kayhahulo,:yhahulo,root,,3rd,singular,a,tikayhahulo
329,kayhahulo,ayhahulo,root,,3rd,singular,a,tikayhahulo
330,kayhehsti,kayhehst,agentive,imperfective,,,,tikayhehsti
330,kayhehsti,yhehst,agentive,imperfective,3rd,singular,a,tikayhehsti
330,kayhehsti,:yhehst,agentive,imperfective,3rd,singular,a,tikayhehsti
330,kayhehsti,ayhehst,agentive,imperfective,3rd,singular,a,tikayhehsti
330,kayhehsti,kayhehsti,root,,,,,tikayhehsti
330,kayhehsti,yhehsti,root,,3rd,singular,a,tikayhehsti
330,kayhehsti,:yhehsti,root,,3rd,singular,a,tikayhehsti
330,kayhehsti,ayhehsti,root,,3rd,singular,a,tikayhehsti
331,kakhohti,kakhoht,agentive,imperfective,,,,tikakhohti
331,kakhohti,khoht,agentive,imperfective,3rd,singular,a,tikakhohti
331,kakhohti,:khoht,agentive,imperfective,3rd,singular,a,tikakhohti
331,kakhohti,akhoht,agentive,imperfective,3rd,singular,a,tikakhohti
331,kakhohti,kakhohti,root,,,,,tikakhohti
331,kakhohti,khohti,root,,3rd,singular,a,tikakhohti
331,kakhohti,:khohti,root,,3rd,singular,a,tikakhohti
331,kakhohti,akhohti,root,,3rd,singular,a,tikakhohti
332,kalatihstohti,kalatihstoht,agentive,imperfective,,,,tikalatihstohti
332,kalatihstohti,latihstoht,agentive,imperfective,3rd,singular,a,tikalatihstohti
332,kalatihstohti,:latihstoht,agentive,imperfective,3rd,singular,a,tikalatihstohti
332,kalatihstohti,alatihstoht,agentive,imperfective,3rd,singular,a,tikalatihstohti
332,kalatihstohti,kalatihstohti,root,,,,,tikalatihstohti
332,kalatihstohti,latihstohti,root,,3rd,singular,a,tikalatihstohti
332,kalatihstohti,:latihstohti,root,,3rd,singular,a,tikalatihstohti
332,kalatihstohti,alatihstohti,root,,3rd,singular,a,tikalatihstohti
333,kalanvtv'i,kalanvtv',agentive,imperfective,,,,tekalanvtv'i
333,kalanvtv'i,lanvtv',agentive,imperfective,3rd,singular,a,tekalanvtv'i
333,kalanvtv'i,:lanvtv',agentive,imperfective,3rd,singular,a,tekalanvtv'i
333,kalanvtv'i,alanvtv',agentive,imperfective,3rd,singular,a,tekalanvtv'i
333,kalanvtv'i,kalanvt,completive,perfective,,,,tekalanvtv'i
333,kalanvtv'i,lanvt,completive,perfective,3rd,singular,a,tekalanvtv'i
333,kalanvtv'i,:lanvt,completive,perfective,3rd,singular,a,tekalanvtv'i
333,kalanvtv'i,alanvt,completive,perfective,3rd,singular,a,tekalanvtv'i
333,kalanvtv'i,kalanvt,incompletive,imperfective,,,,tekalanvtv'i
333,kalanvtv'i,lanvt,incompletive,imperfective,3rd,singular,a,tekalanvtv'i
333,kalanvtv'i,:lanvt,incompletive,imperfective,3rd,singular,a,tekalanvtv'i
333,kalanvtv'i,alanvt,incompletive,imperfective,3rd,singular,a,tekalanvtv'i
333,kalanvtv'i,kalanvtv'i,root,,,,,tekalanvtv'i
333,kalanvtv'i,lanvtv'i,root,,3rd,singular,a,tekalanvtv'i
333,kalanvtv'i,:lanvtv'i,root,,3rd,singular,a,tekalanvtv'i
333,kalanvtv'i,alanvtv'i,root,,3rd,singular,a,tekalanvtv'i
334,ka'leki,ka'lek,agentive,imperfective,,,,
334,ka'leki,'lek,agentive,imperfective,3rd,singular,a,
334,ka'leki,:'lek,agentive,imperfective,3rd,singular,a,
334,ka'leki,a'lek,agentive,imperfective,3rd,singular,a,
334,ka'leki,ka'leki,root,,,,,
334,ka'leki,'leki,root,,3rd,singular,a,
334,ka'leki,:'leki,root,,3rd,singular,a,
334,ka'leki,a'leki,root,,3rd,singular,a,
335,ka'leni,ka'len,agentive,imperfective,,,,tika'leni
335,ka'leni,'len,agentive,imperfective,3rd,singular,a,tika'leni
335,ka'leni,:'len,agentive,imperfective,3rd,singular,a,tika'leni
335,ka'leni,a'len,agentive,imperfective,3rd,singular,a,tika'leni
335,ka'leni,ka'leni,root,,,,,tika'leni
335,ka'leni,'leni,root,,3rd,singular,a,tika'leni
335,ka'leni,:'leni,root,,3rd,singular,a,tika'leni
335,ka'leni,a'leni,root,,3rd,singular,a,tika'leni
336,kalokoti,kalokot,agentive,imperfective,,,,tikalokoti
336,kalokoti,lokot,agentive,imperfective,3rd,singular,a,tikalokoti
336,kalokoti,:lokot,agentive,imperfective,3rd,singular,a,tikalokoti
336,kalokoti,alokot,agentive,imperfective,3rd,singular,a,tikalokoti
336,kalokoti,kalokoti,root,,,,,tikalokoti
336,kalokoti,lokoti,root,,3rd,singular,a,tikalokoti
336,kalokoti,:lokoti,root,,3rd,singular,a,tikalokoti
336,kalokoti,alokoti,root,,3rd,singular,a,tikalokoti
337,kalokwe,kalokwe,root,,,,,tikalokwe
337,kalokwe,lokwe,root,,3rd,singular,a,tikalokwe
337,kalokwe,:lokwe,root,,3rd,singular,a,tikalokwe
337,kalokwe,alokwe,root,,3rd,singular,a,tikalokwe
338,kalohihsti'i,kalohihsti',agentive,imperfective,,,,tikalohihsti'i
338,kalohihsti'i,lohihsti',agentive,imperfective,3rd,singular,a,tikalohihsti'i
338,kalohihsti'i,:lohihsti',agentive,imperfective,3rd,singular,a,tikalohihsti'i
338,kalohihsti'i,alohihsti',agentive,imperfective,3rd,singular,a,tikalohihsti'i
338,kalohihsti'i,kalohihsti'i,root,,,,,tikalohihsti'i
338,kalohihsti'i,lohihsti'i,root,,3rd,singular,a,tikalohihsti'i
338,kalohihsti'i,:lohihsti'i,root,,3rd,singular,a,tikalohihsti'i
338,kalohihsti'i,alohihsti'i,root,,3rd,singular,a,tikalohihsti'i
339,Ga'lonhi,Ga'lonh,agentive,imperfective,,,,
339,Ga'lonhi,Ga'lonhi,root,,,,,
340,kaluyhsti,kaluyhst,agentive,imperfective,,,,tikaluyhsti
340,kaluyhsti,luyhst,agentive,imperfective,3rd,singular,a,tikaluyhsti
340,kaluyhsti,:luyhst,agentive,imperfective,3rd,singular,a,tikaluyhsti
340,kaluyhsti,aluyhst,agentive,imperfective,3rd,singular,a,tikaluyhsti
340,kaluyhsti,kaluyhsti,root,,,,,tikaluyhsti
340,kaluyhsti,luyhsti,root,,3rd,singular,a,tikaluyhsti
340,kaluyhsti,:luyhsti,root,,3rd,singular,a,tikaluyhsti
340,kaluyhsti,aluyhsti,root,,3rd,singular,a,tikaluyhsti
341,kaluyhsti,kaluyhst,agentive,imperfective,,,,anikaluyhsti
341,kaluyhsti,luyhst,agentive,imperfective,3rd,singular,a,anikaluyhsti
341,kaluyhsti,:luyhst,agentive,imperfective,3rd,singular,a,anikaluyhsti
341,kaluyhsti,aluyhst,agentive,imperfective,3rd,singular,a,anikaluyhsti
341,kaluyhsti,kaluyhsti,root,,,,,anikaluyhsti
341,kaluyhsti,luyhsti,root,,3rd,singular,a,anikaluyhsti
341,kaluyhsti,:luyhsti,root,,3rd,singular,a,anikaluyhsti
341,kaluyhsti,aluyhsti,root,,3rd,singular,a,anikaluyhsti
342,kalvtohti,kalvtoht,agentive,imperfective,,,,tikalvtohti
342,kalvtohti,lvtoht,agentive,imperfective,3rd,singular,a,tikalvtohti
342,kalvtohti,:lvtoht,agentive,imperfective,3rd,singular,a,tikalvtohti
342,kalvtohti,alvtoht,agentive,imperfective,3rd,singular,a,tikalvtohti
342,kalvtohti,kalvtohti,root,,,,,tikalvtohti
342,kalvtohti,lvtohti,root,,3rd,singular,a,tikalvtohti
342,kalvtohti,:lvtohti,root,,3rd,singular,a,tikalvtohti
342,kalvtohti,alvtohti,root,,3rd,singular,a,tikalvtohti
343,kalvlati,kalvlat,agentive,imperfective,,,,
343,kalvlati,lvlat,agentive,imperfective,3rd,singular,a,
343,kalvlati,:lvlat,agentive,imperfective,3rd,singular,a,
343,kalvlati,alvlat,agentive,imperfective,3rd,singular,a,
343,kalvlati,kalvlati,root,,,,,
343,kalvlati,lvlati,root,,3rd,singular,a,
343,kalvlati,:lvlati,root,,3rd,singular,a,
343,kalvlati,alvlati,root,,3rd,singular,a,
344,kalvlo'i,kalvlo',agentive,imperfective,,,,
344,kalvlo'i,lvlo',agentive,imperfective,3rd,singular,a,
344,kalvlo'i,:lvlo',agentive,imperfective,3rd,singular,a,
344,kalvlo'i,alvlo',agentive,imperfective,3rd,singular,a,
344,kalvlo'i,kalvlo'i,root,,,,,
344,kalvlo'i,lvlo'i,root,,3rd,singular,a,
344,kalvlo'i,:lvlo'i,root,,3rd,singular,a,
344,kalvlo'i,alvlo'i,root,,3rd,singular,a,
345,kanalha'i,kanalha',agentive,imperfective,,,,
345,kanalha'i,nalha',agentive,imperfective,3rd,singular,a,
345,kanalha'i,:nalha',agentive,imperfective,3rd,singular,a,
345,kanalha'i,analha',agentive,imperfective,3rd,singular,a,
345,kanalha'i,kanalha'i,root,,,,,
345,kanalha'i,nalha'i,root,,3rd,singular,a,
345,kanalha'i,:nalha'i,root,,3rd,singular,a,
345,kanalha'i,analha'i,root,,3rd,singular,a,
346,kaneka,kaneka,root,,,,,
346,kaneka,neka,root,,3rd,singular,a,
346,kaneka,:neka,root,,3rd,singular,a,
346,kaneka,aneka,root,,3rd,singular,a,
347,kanetsi'i,kanetsi',agentive,imperfective,,,,
347,kanetsi'i,netsi',agentive,imperfective,3rd,singular,a,
347,kanetsi'i,:netsi',agentive,imperfective,3rd,singular,a,
347,kanetsi'i,anetsi',agentive,imperfective,3rd,singular,a,
347,kanetsi'i,kanetsi'i,root,,,,,
347,kanetsi'i,netsi'i,root,,3rd,singular,a,
347,kanetsi'i,:netsi'i,root,,3rd,singular,a,
347,kanetsi'i,anetsi'i,root,,3rd,singular,a,
348,kaneli,kanel,agentive,imperfective,,,,tinineli
348,kaneli,nel,agentive,imperfective,3rd,singular,a,tinineli
348,kaneli,:nel,agentive,imperfective,3rd,singular,a,tinineli
348,kaneli,anel,agentive,imperfective,3rd,singular,a,tinineli
348,kaneli,kaneli,root,,,,,tinineli
348,kaneli,neli,root,,3rd,singular,a,tinineli
348,kaneli,:neli,root,,3rd,singular,a,tinineli
348,kaneli,aneli,root,,3rd,singular,a,tinineli
349,kanhtohki,kanhtohk,agentive,imperfective,,,,tikanhtohki
349,kanhtohki,nhtohk,agentive,imperfective,3rd,singular,a,tikanhtohki
349,kanhtohki,:nhtohk,agentive,imperfective,3rd,singular,a,tikanhtohki
349,kanhtohki,anhtohk,agentive,imperfective,3rd,singular,a,tikanhtohki
349,kanhtohki,kanhtohki,root,,,,,tikanhtohki
349,kanhtohki,nhtohki,root,,3rd,singular,a,tikanhtohki
349,kanhtohki,:nhtohki,root,,3rd,singular,a,tikanhtohki
349,kanhtohki,anhtohki,root,,3rd,singular,a,tikanhtohki
350,kanhtohkv'i,kanhtohkv',agentive,imperfective,,,,tekanhtohkv'i
350,kanhtohkv'i,nhtohkv',agentive,imperfective,3rd,singular,a,tekanhtohkv'i
350,kanhtohkv'i,:nhtohkv',agentive,imperfective,3rd,singular,a,tekanhtohkv'i
350,kanhtohkv'i,anhtohkv',agentive,imperfective,3rd,singular,a,tekanhtohkv'i
350,kanhtohkv'i,kanhtohk,completive,perfective,,,,tekanhtohkv'i
350,kanhtohkv'i,nhtohk,completive,perfective,3rd,singular,a,tekanhtohkv'i
350,kanhtohkv'i,:nhtohk,completive,perfective,3rd,singular,a,tekanhtohkv'i
350,kanhtohkv'i,anhtohk,completive,perfective,3rd,singular,a,tekanhtohkv'i
350,kanhtohkv'i,kanhtohk,incompletive,imperfective,,,,tekanhtohkv'i
350,kanhtohkv'i,nhtohk,incompletive,imperfective,3rd,singular,a,tekanhtohkv'i
350,kanhtohkv'i,:nhtohk,incompletive,imperfective,3rd,singular,a,tekanhtohkv'i
350,kanhtohkv'i,anhtohk,incompletive,imperfective,3rd,singular,a,tekanhtohkv'i
350,kanhtohkv'i,kanhtohkv'i,root,,,,,tekanhtohkv'i
350,kanhtohkv'i,nhtohkv'i,root,,3rd,singular,a,tekanhtohkv'i
350,kanhtohkv'i,:nhtohkv'i,root,,3rd,singular,a,tekanhtohkv'i
350,kanhtohkv'i,anhtohkv'i,root,,3rd,singular,a,tekanhtohkv'i
351,kanhko'i,kanhko',agentive,imperfective,,,,
351,kanhko'i,nhko',agentive,imperfective,3rd,singular,a,
351,kanhko'i,:nhko',agentive,imperfective,3rd,singular,a,
351,kanhko'i,anhko',agentive,imperfective,3rd,singular,a,
351,kanhko'i,kanhko'i,root,,,,,
351,kanhko'i,nhko'i,root,,3rd,singular,a,
351,kanhko'i,:nhko'i,root,,3rd,singular,a,
351,kanhko'i,anhko'i,root,,3rd,singular,a,
352,kanhthanitohi,kanhthanitoh,agentive,imperfective,,,,aninhthanitohi
352,kanhthanitohi,nhthanitoh,agentive,imperfective,3rd,singular,a,aninhthanitohi
352,kanhthanitohi,:nhthanitoh,agentive,imperfective,3rd,singular,a,aninhthanitohi
352,kanhthanitohi,anhthanitoh,agentive,imperfective,3rd,singular,a,aninhthanitohi
352,kanhthanitohi,kanhthanitohi,root,,,,,aninhthanitohi
352,kanhthanitohi,nhthanitohi,root,,3rd,singular,a,aninhthanitohi
352,kanhthanitohi,:nhthanitohi,root,,3rd,singular,a,aninhthanitohi
352,kanhthanitohi,anhthanitohi,root,,3rd,singular,a,aninhthanitohi
353,ka'ni,ka'n,agentive,imperfective,,,,
353,ka'ni,'n,agentive,imperfective,3rd,singular,a,
353,ka'ni,:'n,agentive,imperfective,3rd,singular,a,
353,ka'ni,a'n,agentive,imperfective,3rd,singular,a,
353,ka'ni,ka'ni,root,,,,,
353,ka'ni,'ni,root,,3rd,singular,a,
353,ka'ni,:'ni,root,,3rd,singular,a,
353,ka'ni,a'ni,root,,3rd,singular,a,
354,kanita'tv'i,kanita'tv',agentive,imperfective,,,,
354,kanita'tv'i,nita'tv',agentive,imperfective,3rd,singular,a,
354,kanita'tv'i,:nita'tv',agentive,imperfective,3rd,singular,a,
354,kanita'tv'i,anita'tv',agentive,imperfective,3rd,singular,a,
354,kanita'tv'i,kanita't,completive,perfective,,,,
354,kanita'tv'i,nita't,completive,perfective,3rd,singular,a,
354,kanita'tv'i,:nita't,completive,perfective,3rd,singular,a,
354,kanita'tv'i,anita't,completive,perfective,3rd,singular,a,
354,kanita'tv'i,kanita't,incompletive,imperfective,,,,
354,kanita'tv'i,nita't,incompletive,imperfective,3rd,singular,a,
354,kanita'tv'i,:nita't,incompletive,imperfective,3rd,singular,a,
354,kanita'tv'i,anita't,incompletive,imperfective,3rd,singular,a,
354,kanita'tv'i,kanita'tv'i,root,,,,,
354,kanita'tv'i,nita'tv'i,root,,3rd,singular,a,
354,kanita'tv'i,:nita'tv'i,root,,3rd,singular,a,
354,kanita'tv'i,anita'tv'i,root,,3rd,singular,a,
355,kanilhatihsti,kanilhatihst,agentive,imperfective,,,,tikanilhatihsti
355,kanilhatihsti,nilhatihst,agentive,imperfective,3rd,singular,a,tikanilhatihsti
355,kanilhatihsti,:nilhatihst,agentive,imperfective,3rd,singular,a,tikanilhatihsti
355,kanilhatihsti,anilhatihst,agentive,imperfective,3rd,singular,a,tikanilhatihsti
355,kanilhatihsti,kanilhatihsti,root,,,,,tikanilhatihsti
355,kanilhatihsti,nilhatihsti,root,,3rd,singular,a,tikanilhatihsti
355,kanilhatihsti,:nilhatihsti,root,,3rd,singular,a,tikanilhatihsti
355,kanilhatihsti,anilhatihsti,root,,3rd,singular,a,tikanilhatihsti
356,kanilhi,kanilh,agentive,imperfective,,,,tikanilhi
356,kanilhi,nilh,agentive,imperfective,3rd,singular,a,tikanilhi
356,kanilhi,:nilh,agentive,imperfective,3rd,singular,a,tikanilhi
356,kanilhi,anilh,agentive,imperfective,3rd,singular,a,tikanilhi
356,kanilhi,kanilhi,root,,,,,tikanilhi
356,kanilhi,nilhi,root,,3rd,singular,a,tikanilhi
356,kanilhi,:nilhi,root,,3rd,singular,a,tikanilhi
356,kanilhi,anilhi,root,,3rd,singular,a,tikanilhi
357,ka'niyihski,ka'niyihsk,agentive,imperfective,,,,aniniyihski
357,ka'niyihski,'niyihsk,agentive,imperfective,3rd,singular,a,aniniyihski
357,ka'niyihski,:'niyihsk,agentive,imperfective,3rd,singular,a,aniniyihski
357,ka'niyihski,a'niyihsk,agentive,imperfective,3rd,singular,a,aniniyihski
357,ka'niyihski,ka'niyihski,root,,,,,aniniyihski
357,ka'niyihski,'niyihski,root,,3rd,singular,a,aniniyihski
357,ka'niyihski,:'niyihski,root,,3rd,singular,a,aniniyihski
357,ka'niyihski,a'niyihski,root,,3rd,singular,a,aniniyihski
358,kanohalitohi,kanohalitoh,agentive,imperfective,,,,aninohalitohi
358,kanohalitohi,nohalitoh,agentive,imperfective,3rd,singular,a,aninohalitohi
358,kanohalitohi,:nohalitoh,agentive,imperfective,3rd,singular,a,aninohalitohi
358,kanohalitohi,anohalitoh,agentive,imperfective,3rd,singular,a,aninohalitohi
358,kanohalitohi,kanohalitohi,root,,,,,aninohalitohi
358,kanohalitohi,nohalitohi,root,,3rd,singular,a,aninohalitohi
358,kanohalitohi,:nohalitohi,root,,3rd,singular,a,aninohalitohi
358,kanohalitohi,anohalitohi,root,,3rd,singular,a,aninohalitohi
359,kanotsi,kanots,agentive,imperfective,,,,
359,kanotsi,nots,agentive,imperfective,3rd,singular,a,
359,kanotsi,:nots,agentive,imperfective,3rd,singular,a,
359,kanotsi,anots,agentive,imperfective,3rd,singular,a,
359,kanotsi,kanotsi,root,,,,,
359,kanotsi,notsi,root,,3rd,singular,a,
359,kanotsi,:notsi,root,,3rd,singular,a,
359,kanotsi,anotsi,root,,3rd,singular,a,
360,kanohskihski,kanohskihsk,agentive,imperfective,,,,aninohskihski
360,kanohskihski,nohskihsk,agentive,imperfective,3rd,singular,a,aninohskihski
360,kanohskihski,:nohskihsk,agentive,imperfective,3rd,singular,a,aninohskihski
360,kanohskihski,anohskihsk,agentive,imperfective,3rd,singular,a,aninohskihski
360,kanohskihski,kanohskihski,root,,,,,aninohskihski
360,kanohskihski,nohskihski,root,,3rd,singular,a,aninohskihski
360,kanohskihski,:nohskihski,root,,3rd,singular,a,aninohskihski
360,kanohskihski,anohskihski,root,,3rd,singular,a,aninohskihski
361,kanhsta,kanhsta,root,,,,,
361,kanhsta,nhsta,root,,3rd,singular,a,
361,kanhsta,:nhsta,root,,3rd,singular,a,
361,kanhsta,anhsta,root,,3rd,singular,a,
362,kanukokv'i,kanukokv',agentive,imperfective,,,,tekanukokv'i
362,kanukokv'i,nukokv',agentive,imperfective,3rd,singular,a,tekanukokv'i
362,kanukokv'i,:nukokv',agentive,imperfective,3rd,singular,a,tekanukokv'i
362,kanukokv'i,anukokv',agentive,imperfective,3rd,singular,a,tekanukokv'i
362,kanukokv'i,kanukok,completive,perfective,,,,tekanukokv'i
362,kanukokv'i,nukok,completive,perfective,3rd,singular,a,tekanukokv'i
362,kanukokv'i,:nukok,completive,perfective,3rd,singular,a,tekanukokv'i
362,kanukokv'i,anukok,completive,perfective,3rd,singular,a,tekanukokv'i
362,kanukokv'i,kanukok,incompletive,imperfective,,,,tekanukokv'i
362,kanukokv'i,nukok,incompletive,imperfective,3rd,singular,a,tekanukokv'i
362,kanukokv'i,:nukok,incompletive,imperfective,3rd,singular,a,tekanukokv'i
362,kanukokv'i,anukok,incompletive,imperfective,3rd,singular,a,tekanukokv'i
362,kanukokv'i,kanukokv'i,root,,,,,tekanukokv'i
362,kanukokv'i,nukokv'i,root,,3rd,singular,a,tekanukokv'i
362,kanukokv'i,:nukokv'i,root,,3rd,singular,a,tekanukokv'i
362,kanukokv'i,anukokv'i,root,,3rd,singular,a,tekanukokv'i
363,kanuko'ihstohti'i,kanuko'ihstohti',agentive,imperfective,,,,
363,kanuko'ihstohti'i,nuko'ihstohti',agentive,imperfective,3rd,singular,a,
363,kanuko'ihstohti'i,:nuko'ihstohti',agentive,imperfective,3rd,singular,a,
363,kanuko'ihstohti'i,anuko'ihstohti',agentive,imperfective,3rd,singular,a,
363,kanuko'ihstohti'i,kanuko'ihstohti'i,root,,,,,
363,kanuko'ihstohti'i,nuko'ihstohti'i,root,,3rd,singular,a,
363,kanuko'ihstohti'i,:nuko'ihstohti'i,root,,3rd,singular,a,
363,kanuko'ihstohti'i,anuko'ihstohti'i,root,,3rd,singular,a,
364,kanulv,kanulv,root,,,,,
364,kanulv,nulv,root,,3rd,singular,a,
364,kanulv,:nulv,root,,3rd,singular,a,
364,kanulv,anulv,root,,3rd,singular,a,
365,kanulv akalhsti,kanulv akalhst,agentive,imperfective,,,,
365,kanulv akalhsti,nulv akalhst,agentive,imperfective,3rd,singular,a,
365,kanulv akalhsti,:nulv akalhst,agentive,imperfective,3rd,singular,a,
365,kanulv akalhsti,anulv akalhst,agentive,imperfective,3rd,singular,a,
365,kanulv akalhsti,kanulv akalhsti,root,,,,,
365,kanulv akalhsti,nulv akalhsti,root,,3rd,singular,a,
365,kanulv akalhsti,:nulv akalhsti,root,,3rd,singular,a,
365,kanulv akalhsti,anulv akalhsti,root,,3rd,singular,a,
366,kanvti'i,kanvti',agentive,imperfective,,,,tikanvti'i
366,kanvti'i,nvti',agentive,imperfective,3rd,singular,a,tikanvti'i
366,kanvti'i,:nvti',agentive,imperfective,3rd,singular,a,tikanvti'i
366,kanvti'i,anvti',agentive,imperfective,3rd,singular,a,tikanvti'i
366,kanvti'i,kanvti'i,root,,,,,tikanvti'i
366,kanvti'i,nvti'i,root,,3rd,singular,a,tikanvti'i
366,kanvti'i,:nvti'i,root,,3rd,singular,a,tikanvti'i
366,kanvti'i,anvti'i,root,,3rd,singular,a,tikanvti'i
367,kanvkwalohsti,kanvkwalohst,agentive,imperfective,,,,tikanvkwalohsti
367,kanvkwalohsti,nvkwalohst,agentive,imperfective,3rd,singular,a,tikanvkwalohsti
367,kanvkwalohsti,:nvkwalohst,agentive,imperfective,3rd,singular,a,tikanvkwalohsti
367,kanvkwalohsti,anvkwalohst,agentive,imperfective,3rd,singular,a,tikanvkwalohsti
367,kanvkwalohsti,kanvkwalohsti,root,,,,,tikanvkwalohsti
367,kanvkwalohsti,nvkwalohsti,root,,3rd,singular,a,tikanvkwalohsti
367,kanvkwalohsti,:nvkwalohsti,root,,3rd,singular,a,tikanvkwalohsti
367,kanvkwalohsti,anvkwalohsti,root,,3rd,singular,a,tikanvkwalohsti
368,kanvkwalohski'i,kanvkwalohski',agentive,imperfective,,,,
368,kanvkwalohski'i,nvkwalohski',agentive,imperfective,3rd,singular,a,
368,kanvkwalohski'i,:nvkwalohski',agentive,imperfective,3rd,singular,a,
368,kanvkwalohski'i,anvkwalohski',agentive,imperfective,3rd,singular,a,
368,kanvkwalohski'i,kanvkwalohski'i,root,,,,,
368,kanvkwalohski'i,nvkwalohski'i,root,,3rd,singular,a,
368,kanvkwalohski'i,:nvkwalohski'i,root,,3rd,singular,a,
368,kanvkwalohski'i,anvkwalohski'i,root,,3rd,singular,a,
369,kanvlhohsti,kanvlhohst,agentive,imperfective,,,,tikanvlhohsti
369,kanvlhohsti,nvlhohst,agentive,imperfective,3rd,singular,a,tikanvlhohsti
369,kanvlhohsti,:nvlhohst,agentive,imperfective,3rd,singular,a,tikanvlhohsti
369,kanvlhohsti,anvlhohst,agentive,imperfective,3rd,singular,a,tikanvlhohsti
369,kanvlhohsti,kanvlhohsti,root,,,,,tikanvlhohsti
369,kanvlhohsti,nvlhohsti,root,,3rd,singular,a,tikanvlhohsti
369,kanvlhohsti,:nvlhohsti,root,,3rd,singular,a,tikanvlhohsti
369,kanvlhohsti,anvlhohsti,root,,3rd,singular,a,tikanvlhohsti
370,kanvnhv'i,kanvnhv',agentive,imperfective,,,,tekanvnhv'i
370,kanvnhv'i,nvnhv',agentive,imperfective,3rd,singular,a,tekanvnhv'i
370,kanvnhv'i,:nvnhv',agentive,imperfective,3rd,singular,a,tekanvnhv'i
370,kanvnhv'i,anvnhv',agentive,imperfective,3rd,singular,a,tekanvnhv'i
370,kanvnhv'i,kanvnh,completive,perfective,,,,tekanvnhv'i
370,kanvnhv'i,nvnh,completive,perfective,3rd,singular,a,tekanvnhv'i
370,kanvnhv'i,:nvnh,completive,perfective,3rd,singular,a,tekanvnhv'i
370,kanvnhv'i,anvnh,completive,perfective,3rd,singular,a,tekanvnhv'i
370,kanvnhv'i,kanvnh,incompletive,imperfective,,,,tekanvnhv'i
370,kanvnhv'i,nvnh,incompletive,imperfective,3rd,singular,a,tekanvnhv'i
370,kanvnhv'i,:nvnh,incompletive,imperfective,3rd,singular,a,tekanvnhv'i
370,kanvnhv'i,anvnh,incompletive,imperfective,3rd,singular,a,tekanvnhv'i
370,kanvnhv'i,kanvnhv'i,root,,,,,tekanvnhv'i
370,kanvnhv'i,nvnhv'i,root,,3rd,singular,a,tekanvnhv'i
370,kanvnhv'i,:nvnhv'i,root,,3rd,singular,a,tekanvnhv'i
370,kanvnhv'i,anvnhv'i,root,,3rd,singular,a,tekanvnhv'i
371,kanvnowa,kanvnowa,root,,,,,
371,kanvnowa,nvnowa,root,,3rd,singular,a,
371,kanvnowa,:nvnowa,root,,3rd,singular,a,
371,kanvnowa,anvnowa,root,,3rd,singular,a,
372,kanvhske,kanvhske,root,,,,,tikanvhske
372,kanvhske,nvhske,root,,3rd,singular,a,tikanvhske
372,kanvhske,:nvhske,root,,3rd,singular,a,tikanvhske
372,kanvhske,anvhske,root,,3rd,singular,a,tikanvhske
373,kanvhskeni,kanvhsken,agentive,imperfective,,,,tikanvhskeni
373,kanvhskeni,nvhsken,agentive,imperfective,3rd,singular,a,tikanvhskeni
373,kanvhskeni,:nvhsken,agentive,imperfective,3rd,singular,a,tikanvhskeni
373,kanvhskeni,anvhsken,agentive,imperfective,3rd,singular,a,tikanvhskeni
373,kanvhskeni,kanvhskeni,root,,,,,tikanvhskeni
373,kanvhskeni,nvhskeni,root,,3rd,singular,a,tikanvhskeni
373,kanvhskeni,:nvhskeni,root,,3rd,singular,a,tikanvhskeni
373,kanvhskeni,anvhskeni,root,,3rd,singular,a,tikanvhskeni
374,kanvwo'i,kanvwo',agentive,imperfective,,,,tikanvwo'i
374,kanvwo'i,nvwo',agentive,imperfective,3rd,singular,a,tikanvwo'i
374,kanvwo'i,:nvwo',agentive,imperfective,3rd,singular,a,tikanvwo'i
374,kanvwo'i,anvwo',agentive,imperfective,3rd,singular,a,tikanvwo'i
374,kanvwo'i,kanvwo'i,root,,,,,tikanvwo'i
374,kanvwo'i,nvwo'i,root,,3rd,singular,a,tikanvwo'i
374,kanvwo'i,:nvwo'i,root,,3rd,singular,a,tikanvwo'i
374,kanvwo'i,anvwo'i,root,,3rd,singular,a,tikanvwo'i
375,kahsaleni,kahsalen,agentive,imperfective,,,,tikahsaleni
375,kahsaleni,hsalen,agentive,imperfective,3rd,singular,a,tikahsaleni
375,kahsaleni,:hsalen,agentive,imperfective,3rd,singular,a,tikahsaleni
375,kahsaleni,ahsalen,agentive,imperfective,3rd,singular,a,tikahsaleni
375,kahsaleni,kahsaleni,root,,,,,tikahsaleni
375,kahsaleni,hsaleni,root,,3rd,singular,a,tikahsaleni
375,kahsaleni,:hsaleni,root,,3rd,singular,a,tikahsaleni
375,kahsaleni,ahsaleni,root,,3rd,singular,a,tikahsaleni
376,kahsanali,kahsanal,agentive,imperfective,,,,
376,kahsanali,hsanal,agentive,imperfective,3rd,singular,a,
376,kahsanali,:hsanal,agentive,imperfective,3rd,singular,a,
376,kahsanali,ahsanal,agentive,imperfective,3rd,singular,a,
376,kahsanali,kahsanali,root,,,,,
376,kahsanali,hsanali,root,,3rd,singular,a,
376,kahsanali,:hsanali,root,,3rd,singular,a,
376,kahsanali,ahsanali,root,,3rd,singular,a,
377,kahskilo,kahskilo,root,,,,,tikahskilo
377,kahskilo,hskilo,root,,3rd,singular,a,tikahskilo
377,kahskilo,:hskilo,root,,3rd,singular,a,tikahskilo
377,kahskilo,ahskilo,root,,3rd,singular,a,tikahskilo
378,kahskilo alhstayhti'i,kahskilo alhstayhti',agentive,imperfective,,,,
378,kahskilo alhstayhti'i,hskilo alhstayhti',agentive,imperfective,3rd,singular,a,
378,kahskilo alhstayhti'i,:hskilo alhstayhti',agentive,imperfective,3rd,singular,a,
378,kahskilo alhstayhti'i,ahskilo alhstayhti',agentive,imperfective,3rd,singular,a,
378,kahskilo alhstayhti'i,kahskilo alhstayhti'i,root,,,,,
378,kahskilo alhstayhti'i,hskilo alhstayhti'i,root,,3rd,singular,a,
378,kahskilo alhstayhti'i,:hskilo alhstayhti'i,root,,3rd,singular,a,
378,kahskilo alhstayhti'i,ahskilo alhstayhti'i,root,,3rd,singular,a,
379,kahskilo tilhihkehski,kahskilo tilhihkehsk,agentive,imperfective,,,,
379,kahskilo tilhihkehski,hskilo tilhihkehsk,agentive,imperfective,3rd,singular,a,
379,kahskilo tilhihkehski,:hskilo tilhihkehsk,agentive,imperfective,3rd,singular,a,
379,kahskilo tilhihkehski,ahskilo tilhihkehsk,agentive,imperfective,3rd,singular,a,
379,kahskilo tilhihkehski,kahskilo tilhihkehski,root,,,,,
379,kahskilo tilhihkehski,hskilo tilhihkehski,root,,3rd,singular,a,
379,kahskilo tilhihkehski,:hskilo tilhihkehski,root,,3rd,singular,a,
379,kahskilo tilhihkehski,ahskilo tilhihkehski,root,,3rd,singular,a,
380,kahsohi'i,kahsohi',agentive,imperfective,,,,
380,kahsohi'i,hsohi',agentive,imperfective,3rd,singular,a,
380,kahsohi'i,:hsohi',agentive,imperfective,3rd,singular,a,
380,kahsohi'i,ahsohi',agentive,imperfective,3rd,singular,a,
380,kahsohi'i,kahsohi'i,root,,,,,
380,kahsohi'i,hsohi'i,root,,3rd,singular,a,
380,kahsohi'i,:hsohi'i,root,,3rd,singular,a,
380,kahsohi'i,ahsohi'i,root,,3rd,singular,a,
381,kathti,katht,agentive,imperfective,,,,tikathti
381,kathti,tht,agentive,imperfective,3rd,singular,a,tikathti
381,kathti,:tht,agentive,imperfective,3rd,singular,a,tikathti
381,kathti,atht,agentive,imperfective,3rd,singular,a,tikathti
381,kathti,kathti,root,,,,,tikathti
381,kathti,thti,root,,3rd,singular,a,tikathti
381,kathti,:thti,root,,3rd,singular,a,tikathti
381,kathti,athti,root,,3rd,singular,a,tikathti
382,kathehsa'ti,kathehsa't,agentive,imperfective,,,,tikathehsa'ti
382,kathehsa'ti,thehsa't,agentive,imperfective,3rd,singular,a,tikathehsa'ti
382,kathehsa'ti,:thehsa't,agentive,imperfective,3rd,singular,a,tikathehsa'ti
382,kathehsa'ti,athehsa't,agentive,imperfective,3rd,singular,a,tikathehsa'ti
382,kathehsa'ti,kathehsa'ti,root,,,,,tikathehsa'ti
382,kathehsa'ti,thehsa'ti,root,,3rd,singular,a,tikathehsa'ti
382,kathehsa'ti,:thehsa'ti,root,,3rd,singular,a,tikathehsa'ti
382,kathehsa'ti,athehsa'ti,root,,3rd,singular,a,tikathehsa'ti
383,kathiyo'i,kathiyo',agentive,imperfective,,,,
383,kathiyo'i,thiyo',agentive,imperfective,3rd,singular,a,
383,kathiyo'i,:thiyo',agentive,imperfective,3rd,singular,a,
383,kathiyo'i,athiyo',agentive,imperfective,3rd,singular,a,
383,kathiyo'i,kathiyo'i,root,,,,,
383,kathiyo'i,thiyo'i,root,,3rd,singular,a,
383,kathiyo'i,:thiyo'i,root,,3rd,singular,a,
383,kathiyo'i,athiyo'i,root,,3rd,singular,a,
384,kathohka,kathohka,root,,,,,tikathohka
384,kathohka,thohka,root,,3rd,singular,a,tikathohka
384,kathohka,:thohka,root,,3rd,singular,a,tikathohka
384,kathohka,athohka,root,,3rd,singular,a,tikathohka
385,kawonita,kawonita,root,,,,,
385,kawonita,wonita,root,,3rd,singular,a,
385,kawonita,:wonita,root,,3rd,singular,a,
385,kawonita,awonita,root,,3rd,singular,a,
386,kawhsvki,kawhsvk,agentive,imperfective,,,,aniwhsvki
386,kawhsvki,whsvk,agentive,imperfective,3rd,singular,a,aniwhsvki
386,kawhsvki,:whsvk,agentive,imperfective,3rd,singular,a,aniwhsvki
386,kawhsvki,awhsvk,agentive,imperfective,3rd,singular,a,aniwhsvki
386,kawhsvki,kawhsvki,root,,,,,aniwhsvki
386,kawhsvki,whsvki,root,,3rd,singular,a,aniwhsvki
386,kawhsvki,:whsvki,root,,3rd,singular,a,aniwhsvki
386,kawhsvki,awhsvki,root,,3rd,singular,a,aniwhsvki
387,kayehsa'tv'i,kayehsa'tv',agentive,imperfective,,,,tekayehsa'tv'i
387,kayehsa'tv'i,yehsa'tv',agentive,imperfective,3rd,singular,a,tekayehsa'tv'i
387,kayehsa'tv'i,:yehsa'tv',agentive,imperfective,3rd,singular,a,tekayehsa'tv'i
387,kayehsa'tv'i,ayehsa'tv',agentive,imperfective,3rd,singular,a,tekayehsa'tv'i
387,kayehsa'tv'i,kayehsa't,completive,perfective,,,,tekayehsa'tv'i
387,kayehsa'tv'i,yehsa't,completive,perfective,3rd,singular,a,tekayehsa'tv'i
387,kayehsa'tv'i,:yehsa't,completive,perfective,3rd,singular,a,tekayehsa'tv'i
387,kayehsa'tv'i,ayehsa't,completive,perfective,3rd,singular,a,tekayehsa'tv'i
387,kayehsa'tv'i,kayehsa't,incompletive,imperfective,,,,tekayehsa'tv'i
387,kayehsa'tv'i,yehsa't,incompletive,imperfective,3rd,singular,a,tekayehsa'tv'i
387,kayehsa'tv'i,:yehsa't,incompletive,imperfective,3rd,singular,a,tekayehsa'tv'i
387,kayehsa'tv'i,ayehsa't,incompletive,imperfective,3rd,singular,a,tekayehsa'tv'i
387,kayehsa'tv'i,kayehsa'tv'i,root,,,,,tekayehsa'tv'i
387,kayehsa'tv'i,yehsa'tv'i,root,,3rd,singular,a,tekayehsa'tv'i
387,kayehsa'tv'i,:yehsa'tv'i,root,,3rd,singular,a,tekayehsa'tv'i
387,kayehsa'tv'i,ayehsa'tv'i,root,,3rd,singular,a,tekayehsa'tv'i
388,kayewhski'i,kayewhski',agentive,imperfective,,,,
388,kayewhski'i,yewhski',agentive,imperfective,3rd,singular,a,
388,kayewhski'i,:yewhski',agentive,imperfective,3rd,singular,a,
388,kayewhski'i,ayewhski',agentive,imperfective,3rd,singular,a,
388,kayewhski'i,kayewhski'i,root,,,,,
388,kayewhski'i,yewhski'i,root,,3rd,singular,a,
388,kayewhski'i,:yewhski'i,root,,3rd,singular,a,
388,kayewhski'i,ayewhski'i,root,,3rd,singular,a,
389,kayhkoki,kayhkok,agentive,imperfective,,,,aniyhkoki
389,kayhkoki,yhkok,agentive,imperfective,3rd,singular,a,aniyhkoki
389,kayhkoki,:yhkok,agentive,imperfective,3rd,singular,a,aniyhkoki
389,kayhkoki,ayhkok,agentive,imperfective,3rd,singular,a,aniyhkoki
389,kayhkoki,kayhkoki,root,,,,,aniyhkoki
389,kayhkoki,yhkoki,root,,3rd,singular,a,aniyhkoki
389,kayhkoki,:yhkoki,root,,3rd,singular,a,aniyhkoki
389,kayhkoki,ayhkoki,root,,3rd,singular,a,aniyhkoki
390,kayhkoki,kayhkok,agentive,imperfective,,,,
390,kayhkoki,yhkok,agentive,imperfective,3rd,singular,a,
390,kayhkoki,:yhkok,agentive,imperfective,3rd,singular,a,
390,kayhkoki,ayhkok,agentive,imperfective,3rd,singular,a,
390,kayhkoki,kayhkoki,root,,,,,
390,kayhkoki,yhkoki,root,,3rd,singular,a,
390,kayhkoki,:yhkoki,root,,3rd,singular,a,
390,kayhkoki,ayhkoki,root,,3rd,singular,a,
391,ketsikoliyeti'i,ketsikoliyeti',agentive,imperfective,,,,
391,ketsikoliyeti'i,etsikoliyeti',agentive,imperfective,3rd,singular,a,
391,ketsikoliyeti'i,ketsikoliyeti'i,root,,,,,
391,ketsikoliyeti'i,etsikoliyeti'i,root,,3rd,singular,a,
392,kelihsthki,kelihsthk,agentive,imperfective,,,,tikelihsthki
392,kelihsthki,elihsthk,agentive,imperfective,3rd,singular,a,tikelihsthki
392,kelihsthki,kelihsthki,root,,,,,tikelihsthki
392,kelihsthki,elihsthki,root,,3rd,singular,a,tikelihsthki
393,kethilohsti,kethilohst,agentive,imperfective,,,,tikethilohsti
393,kethilohsti,ethilohst,agentive,imperfective,3rd,singular,a,tikethilohsti
393,kethilohsti,kethilohsti,root,,,,,tikethilohsti
393,kethilohsti,ethilohsti,root,,3rd,singular,a,tikethilohsti
394,kethvhsti,kethvhst,agentive,imperfective,,,,tikethvhsti
394,kethvhsti,ethvhst,agentive,imperfective,3rd,singular,a,tikethvhsti
394,kethvhsti,kethvhsti,root,,,,,tikethvhsti
394,kethvhsti,ethvhsti,root,,3rd,singular,a,tikethvhsti
395,kika,kika,root,,,,,
396,ki'lha,ki'lha,root,,,,,
397,kilhi,kilh,agentive,imperfective,,,,
397,kilhi,kilhi,root,,,,,
398,kilhi tika'lenvhita,kilhi tika'lenvhita,root,,,,,kilhi tinilenvhita
399,Gilihsi,Gilihs,agentive,imperfective,,,,
399,Gilihsi,Gilihsi,root,,,,,
400,kinuthti,kinutht,agentive,imperfective,,,,
400,kinuthti,kinuthti,root,,,,,
401,kokeyi,kokey,agentive,imperfective,,,,
401,kokeyi,okey,agentive,imperfective,3rd,singular,a,
401,kokeyi,kokeyi,root,,,,,
401,kokeyi,okeyi,root,,3rd,singular,a,
402,koki,kok,agentive,imperfective,,,,
402,koki,ok,agentive,imperfective,3rd,singular,a,
402,koki,koki,root,,,,,
402,koki,oki,root,,3rd,singular,a,
403,kohita,kohita,root,,,,,
403,kohita,ohita,root,,3rd,singular,a,
404,kohiyhti,kohiyht,agentive,imperfective,,,,
404,kohiyhti,ohiyht,agentive,imperfective,3rd,singular,a,
404,kohiyhti,kohiyhti,root,,,,,
404,kohiyhti,ohiyhti,root,,3rd,singular,a,
405,kolhki,kolhk,agentive,imperfective,,,,tikolhki
405,kolhki,olhk,agentive,imperfective,3rd,singular,a,tikolhki
405,kolhki,kolhki,root,,,,,tikolhki
405,kolhki,olhki,root,,3rd,singular,a,tikolhki
406,kolhvnhv'i,kolhvnhv',agentive,imperfective,,,,
406,kolhvnhv'i,olhvnhv',agentive,imperfective,3rd,singular,a,
406,kolhvnhv'i,kolhvnh,completive,perfective,,,,
406,kolhvnhv'i,olhvnh,completive,perfective,3rd,singular,a,
406,kolhvnhv'i,kolhvnh,incompletive,imperfective,,,,
406,kolhvnhv'i,olhvnh,incompletive,imperfective,3rd,singular,a,
406,kolhvnhv'i,kolhvnhv'i,root,,,,,
406,kolhvnhv'i,olhvnhv'i,root,,3rd,singular,a,
407,kowheli,kowhel,agentive,imperfective,,,,tikowheli
407,kowheli,owhel,agentive,imperfective,3rd,singular,a,tikowheli
407,kowheli,kowheli,root,,,,,tikowheli
407,kowheli,owheli,root,,3rd,singular,a,tikowheli
408,ko'i,ko',agentive,imperfective,,,,
408,ko'i,o',agentive,imperfective,3rd,singular,a,
408,ko'i,ko'i,root,,,,,
408,ko'i,o'i,root,,3rd,singular,a,
409,ko'i,ko',agentive,imperfective,,,,
409,ko'i,o',agentive,imperfective,3rd,singular,a,
409,ko'i,ko'i,root,,,,,
409,ko'i,o'i,root,,3rd,singular,a,
410,kotsanehsti'i,kotsanehsti',agentive,imperfective,,,,tikotsanehsti'i
410,kotsanehsti'i,otsanehsti',agentive,imperfective,3rd,singular,a,tikotsanehsti'i
410,kotsanehsti'i,kotsanehsti'i,root,,,,,tikotsanehsti'i
410,kotsanehsti'i,otsanehsti'i,root,,3rd,singular,a,tikotsanehsti'i
411,kokhsti,kokhst,agentive,imperfective,,,,tikokhsti
411,kokhsti,okhst,agentive,imperfective,3rd,singular,a,tikokhsti
411,kokhsti,kokhsti,root,,,,,tikokhsti
411,kokhsti,okhsti,root,,3rd,singular,a,tikokhsti
412,kola,kola,root,,,,,
412,kola,ola,root,,3rd,singular,a,
413,kolehi,koleh,agentive,imperfective,,,,
413,kolehi,oleh,agentive,imperfective,3rd,singular,a,
413,kolehi,kolehi,root,,,,,
413,kolehi,olehi,root,,3rd,singular,a,
414,kohstvnihsti,kohstvnihst,agentive,imperfective,,,,tikohstvnihsti
414,kohstvnihsti,ohstvnihst,agentive,imperfective,3rd,singular,a,tikohstvnihsti
414,kohstvnihsti,kohstvnihsti,root,,,,,tikohstvnihsti
414,kohstvnihsti,ohstvnihsti,root,,3rd,singular,a,tikohstvnihsti
415,kothv'i,kothv',agentive,imperfective,,,,
415,kothv'i,othv',agentive,imperfective,3rd,singular,a,
415,kothv'i,koth,completive,perfective,,,,
415,kothv'i,oth,completive,perfective,3rd,singular,a,
415,kothv'i,koth,incompletive,imperfective,,,,
415,kothv'i,oth,incompletive,imperfective,3rd,singular,a,
415,kothv'i,kothv'i,root,,,,,
415,kothv'i,othv'i,root,,3rd,singular,a,
416,kuku,kuku,root,,,,,
416,kuku,uku,root,,3rd,singular,a,
417,kuku,kuku,root,,,,,
417,kuku,uku,root,,3rd,singular,a,
418,Guku'i,Guku',agentive,imperfective,,,,
418,Guku'i,Guku'i,root,,,,,
419,kuhalhti,kuhalht,agentive,imperfective,,,,tikuhalhti
419,kuhalhti,uhalht,agentive,imperfective,3rd,singular,a,tikuhalhti
419,kuhalhti,kuhalhti,root,,,,,tikuhalhti
419,kuhalhti,uhalhti,root,,3rd,singular,a,tikuhalhti
420,kuhkwe,kuhkwe,root,,,,,
420,kuhkwe,uhkwe,root,,3rd,singular,a,
421,kulhvti,kulhvt,agentive,imperfective,,,,tikulhvti
421,kulhvti,ulhvt,agentive,imperfective,3rd,singular,a,tikulhvti
421,kulhvti,kulhvti,root,,,,,tikulhvti
421,kulhvti,ulhvti,root,,3rd,singular,a,tikulhvti
422,kule,kule,root,,,,,
422,kule,ule,root,,3rd,singular,a,
423,kule tihskonhihi,kule tihskonhih,agentive,imperfective,,,,kule tinihskonhihi
423,kule tihskonhihi,ule tihskonhih,agentive,imperfective,3rd,singular,a,kule tinihskonhihi
423,kule tihskonhihi,kule tihskonhihi,root,,,,,kule tinihskonhihi
423,kule tihskonhihi,ule tihskonhihi,root,,3rd,singular,a,kule tinihskonhihi
424,Guhso'i,Guhso',agentive,imperfective,,,,
424,Guhso'i,Guhso'i,root,,,,,
425,kvkihsti,kvkihst,agentive,imperfective,,,,
425,kvkihsti,vkihst,agentive,imperfective,3rd,singular,a,
425,kvkihsti,kvkihsti,root,,,,,
425,kvkihsti,vkihsti,root,,3rd,singular,a,
426,kvhe,kvhe,root,,,,,
426,kvhe,vhe,root,,3rd,singular,a,
427,kvnhv'i,kvnhv',agentive,imperfective,,,,tanvnhv'i
427,kvnhv'i,vnhv',agentive,imperfective,3rd,singular,a,tanvnhv'i
427,kvnhv'i,kvnh,completive,perfective,,,,tanvnhv'i
427,kvnhv'i,vnh,completive,perfective,3rd,singular,a,tanvnhv'i
427,kvnhv'i,kvnh,incompletive,imperfective,,,,tanvnhv'i
427,kvnhv'i,vnh,incompletive,imperfective,3rd,singular,a,tanvnhv'i
427,kvnhv'i,kvnhv'i,root,,,,,tanvnhv'i
427,kvnhv'i,vnhv'i,root,,3rd,singular,a,tanvnhv'i
428,kvna,kvna,root,,,,,
428,kvna,vna,root,,3rd,singular,a,
429,kvnohsahsti,kvnohsahst,agentive,imperfective,,,,tikvnohsahsti
429,kvnohsahsti,vnohsahst,agentive,imperfective,3rd,singular,a,tikvnohsahsti
429,kvnohsahsti,kvnohsahsti,root,,,,,tikvnohsahsti
429,kvnohsahsti,vnohsahsti,root,,3rd,singular,a,tikvnohsahsti
430,hawiya,hawiya,root,,,,,
431,lha wothu,lha wothu,root,,,,,
432,lhkv'i,lhkv',agentive,imperfective,,,,telhkv'i
432,lhkv'i,lhk,completive,perfective,,,,telhkv'i
432,lhkv'i,lhk,incompletive,imperfective,,,,telhkv'i
432,lhkv'i,lhkv'i,root,,,,,telhkv'i
433,lhvtatsi,lhvtats,agentive,imperfective,,,,tlhvtatsi
433,lhvtatsi,lhvtatsi,root,,,,,tlhvtatsi
434,yhahthena,yhahthena,root,,,,,tiyhahthena
435,yhahthena,yhahthena,root,,,,,tsuyhahthena
436,yhehkalhi,yhehkalh,agentive,imperfective,,,,tiyhehkalhi
436,yhehkalhi,yhehkalhi,root,,,,,tiyhehkalhi
437,ika,ika,root,,,,,
438,ika,ika,root,,,,,
439,ikanvhita,ikanvhita,root,,,,,itikanvhita
440,ikahsvthi,ikahsvth,agentive,imperfective,,,,
440,ikahsvthi,ikahsvthi,root,,,,,
441,ikathi,ikath,agentive,imperfective,,,,itinathi
441,ikathi,ikathi,root,,,,,itinathi
442,ikathi,ikath,agentive,imperfective,,,,itikathi
442,ikathi,ikathi,root,,,,,itikathi
443,ikohita,ikohita,root,,,,,
444,ikvnatena,ikvnatena,root,,,,,
446,ikhita,ikhita,root,,,,,
447,ilahsihti,ilahsiht,agentive,imperfective,,,,
447,ilahsihti,ilahsihti,root,,,,,
448,inata,inata,root,,,,,
449,inake'i,inake',agentive,imperfective,,,,
449,inake'i,inake'i,root,,,,,
450,ihsa,ihsa,root,,,,,
451,ihsihthatihsti,ihsihthatihst,agentive,imperfective,,,,
451,ihsihthatihsti,ihsihthatihsti,root,,,,,
452,iya,iya,root,,,,,
453,iyatanhthehti,iyatanhtheht,agentive,imperfective,,,,
453,iyatanhthehti,iyatanhthehti,root,,,,,
454,iyathawhohsthanv'i,iyathawhohsthanv',agentive,imperfective,,,,
454,iyathawhohsthanv'i,iyathawhohsthan,completive,perfective,,,,
454,iyathawhohsthanv'i,iyathawhohsthan,incompletive,imperfective,,,,
454,iyathawhohsthanv'i,iyathawhohsthanv'i,root,,,,,
455,iyutali,iyutal,agentive,imperfective,,,,
455,iyutali,iyutali,root,,,,,
456,iyulhilota,iyulhilota,root,,,,,
457,iyunatotakwahsti,iyunatotakwahst,agentive,imperfective,,,,
457,iyunatotakwahsti,iyunatotakwahsti,root,,,,,
458,iyuwanhilv'i,iyuwanhilv',agentive,imperfective,,,,
458,iyuwanhilv'i,iyuwanhil,completive,perfective,,,,
458,iyuwanhilv'i,iyuwanhil,incompletive,imperfective,,,,
458,iyuwanhilv'i,iyuwanhilv'i,root,,,,,
459,iyuwakhti,iyuwakht,agentive,imperfective,,,,yuwakhti
459,iyuwakhti,iyuwakhti,root,,,,,yuwakhti
460,Jalaki,Jalak,agentive,imperfective,,,,
460,Jalaki,Jalaki,root,,,,,
461,Jalaki,Jalak,agentive,imperfective,,,,Anitsalaki
461,Jalaki,Jalaki,root,,,,,Anitsalaki
462,Atsalaki,Atsalak,agentive,imperfective,,,,Anitsalaki
462,Atsalaki,Atsalaki,root,,,,,Anitsalaki
463,Jalakuwethi'i,Jalakuwethi',agentive,imperfective,,,,
463,Jalakuwethi'i,Jalakuwethi'i,root,,,,,
464,tsikilili,tsikilil,agentive,imperfective,,,,
464,tsikilili,tsikilili,root,,,,,
465,tsilali,tsilal,agentive,imperfective,,,,
465,tsilali,tsilali,root,,,,,
466,Jihsa,Jihsa,root,,,,,
467,tsihstu,tsihstu,root,,,,,
468,tsihstvna,tsihstvna,root,,,,,
469,tsihstvna atatsvyhski,tsihstvna atatsvyhsk,agentive,imperfective,,,,
469,tsihstvna atatsvyhski,tsihstvna atatsvyhski,root,,,,,
470,tsihskwa,tsihskwa,root,,,,,
471,tsihskwokwo,tsihskwokwo,root,,,,,
472,tsithaka,tsithaka,root,,,,,
473,tsithaka atshvya,tsithaka atshvya,root,,,,,tsithaka anitshvya
474,tsiyu,tsiyu,root,,,,,
475,tsiyu tilhawithtihski,tsiyu tilhawithtihsk,agentive,imperfective,,,,tsiyu tinalhawithtihski
475,tsiyu tilhawithtihski,tsiyu tilhawithtihski,root,,,,,tsiyu tinalhawithtihski
476,Jo'ine Ika,Jo'ine Ika,root,,,,,
477,tsola,tsola,root,,,,,
478,tsolani,tsolan,agentive,imperfective,,,,
478,tsolani,tsolani,root,,,,,
479,tsutathinha'i,tsutathinha',agentive,imperfective,,,,tsunatathinha'i
479,tsutathinha'i,tsutathinha'i,root,,,,,tsunatathinha'i
480,tsukanawv'i,tsukanawv',agentive,imperfective,,,,
480,tsukanawv'i,tsukanaw,completive,perfective,,,,
480,tsukanawv'i,tsukanaw,incompletive,imperfective,,,,
480,tsukanawv'i,tsukanawv'i,root,,,,,
481,tsukanhtena,tsukanhtena,root,,,,,
482,tsukanotsi,tsukanots,agentive,imperfective,,,,tsunikanotsi
482,tsukanotsi,tsukanotsi,root,,,,,tsunikanotsi
483,tsukvwalhti,tsukvwalht,agentive,imperfective,,,,tsunakvwalhti
483,tsukvwalhti,tsukvwalhti,root,,,,,tsunakvwalhti
484,tsukvwalhti,tsukvwalht,agentive,imperfective,,,,
484,tsukvwalhti,tsukvwalhti,root,,,,,
485,tsunhawo,tsunhawo,root,,,,,
486,tsuyhvtlv'i,tsuyhvtlv',agentive,imperfective,,,,
486,tsuyhvtlv'i,tsuyhvtl,completive,perfective,,,,
486,tsuyhvtlv'i,tsuyhvtl,incompletive,imperfective,,,,
486,tsuyhvtlv'i,tsuyhvtlv'i,root,,,,,
487,tsukhanvhstena,tsukhanvhstena,root,,,,,tsunakhanvhstena
488,tsukhsvhsti,tsukhsvhst,agentive,imperfective,,,,
488,tsukhsvhsti,tsukhsvhsti,root,,,,,
489,tsukhthatsihstalhi,tsukhthatsihstalh,agentive,imperfective,,,,tsunakhthatsihstalhi
489,tsukhthatsihstalhi,tsukhthatsihstalhi,root,,,,,tsunakhthatsihstalhi
490,tsulahski,tsulahsk,agentive,imperfective,,,,
490,tsulahski,tsulahski,root,,,,,
491,tsulahski,tsulahsk,agentive,imperfective,,,,
491,tsulahski,tsulahski,root,,,,,
492,tsulihstanali,tsulihstanal,agentive,imperfective,,,,tsunilihstanali
492,tsulihstanali,tsulihstanali,root,,,,,tsunilihstanali
493,tsulvwhihstanehi,tsulvwhihstaneh,agentive,imperfective,,,,tsunilvwhihstanehi
493,tsulvwhihstanehi,tsulvwhihstanehi,root,,,,,tsunilvwhihstanehi
494,tsunatahstuti'i,tsunatahstuti',agentive,imperfective,,,,titahstuti'i
494,tsunatahstuti'i,tsunatahstuti'i,root,,,,,titahstuti'i
495,tsunatelhohkwahsti'i,tsunatelhohkwahsti',agentive,imperfective,,,,
495,tsunatelhohkwahsti'i,tsunatelhohkwahsti'i,root,,,,,
496,tsunalhstayhti'i,tsunalhstayhti',agentive,imperfective,,,,
496,tsunalhstayhti'i,tsunalhstayhti'i,root,,,,,
497,Junhkilohsti,Junhkilohst,agentive,imperfective,,,,
497,Junhkilohsti,Junhkilohsti,root,,,,,
498,tsunitlvki'i,tsunitlvki',agentive,imperfective,,,,
498,tsunitlvki'i,tsunitlvki'i,root,,,,,
499,tsunihsvhsti'i,tsunihsvhsti',agentive,imperfective,,,,
499,tsunihsvhsti'i,tsunihsvhsti'i,root,,,,,
500,tsuhsvhita,tsuhsvhita,root,,,,,
501,tsuwenvhsv'i,tsuwenvhsv',agentive,imperfective,,,,
501,tsuwenvhsv'i,tsuwenvhs,completive,perfective,,,,
501,tsuwenvhsv'i,tsuwenvhs,incompletive,imperfective,,,,
501,tsuwenvhsv'i,tsuwenvhsv'i,root,,,,,
502,tsvhskino,tsvhskino,root,,,,,
503,Kaka'li,Kaka'l,agentive,imperfective,,,,
503,Kaka'li,Kaka'li,root,,,,,
504,khawhi,khawh,agentive,imperfective,,,,
504,khawhi,khawhi,root,,,,,
505,khalokwekhti,khalokwekht,agentive,imperfective,,,,
505,khalokwekhti,khalokwekhti,root,,,,,
506,Kalokwekhti'i,Kalokwekhti',agentive,imperfective,,,,
506,Kalokwekhti'i,Kalokwekhti'i,root,,,,,
507,khalhsetsi,khalhsets,agentive,imperfective,,,,
507,khalhsetsi,khalhsetsi,root,,,,,
508,kha'lv'i,kha'lv',agentive,imperfective,,,,
508,kha'lv'i,kha'l,completive,perfective,,,,
508,kha'lv'i,kha'l,incompletive,imperfective,,,,
508,kha'lv'i,kha'lv'i,root,,,,,
509,khamama,khamama,root,,,,,
510,khamama,khamama,root,,,,,
511,khanatsihstetsi,khanatsihstets,agentive,imperfective,,,,
511,khanatsihstetsi,khanatsihstetsi,root,,,,,
512,khanalv'ihsti,khanalv'ihst,agentive,imperfective,,,,
512,khanalv'ihsti,khanalv'ihsti,root,,,,,
513,khana'nehski,khana'nehsk,agentive,imperfective,,,,
513,khana'nehski,khana'nehski,root,,,,,
514,khanahsa'tv'i,khanahsa'tv',agentive,imperfective,,,,tekhanahsa'tv'i
514,khanahsa'tv'i,khanahsa't,completive,perfective,,,,tekhanahsa'tv'i
514,khanahsa'tv'i,khanahsa't,incompletive,imperfective,,,,tekhanahsa'tv'i
514,khanahsa'tv'i,khanahsa'tv'i,root,,,,,tekhanahsa'tv'i
515,khanahstelhti,khanahstelht,agentive,imperfective,,,,tikhanahstelhti
515,khanahstelhti,khanahstelhti,root,,,,,tikhanahstelhti
516,khanehsa'i,khanehsa',agentive,imperfective,,,,tikhanehsa'i
516,khanehsa'i,khanehsa'i,root,,,,,tikhanehsa'i
517,khanehstalhahv'i,khanehstalhahv',agentive,imperfective,,,,tekhanehstalhahv'i
517,khanehstalhahv'i,khanehstalhah,completive,perfective,,,,tekhanehstalhahv'i
517,khanehstalhahv'i,khanehstalhah,incompletive,imperfective,,,,tekhanehstalhahv'i
517,khanehstalhahv'i,khanehstalhahv'i,root,,,,,tekhanehstalhahv'i
518,khanehska,khanehska,root,,,,,
519,khanikeni,khaniken,agentive,imperfective,,,,tikhanikeni
519,khanikeni,khanikeni,root,,,,,tikhanikeni
520,khanikwhsa,khanikwhsa,root,,,,,
521,khanoke,khanoke,root,,,,,tikhanoke
522,khanokeni,khanoken,agentive,imperfective,,,,tikhanokeni
522,khanokeni,khanokeni,root,,,,,tikhanokeni
523,khanoheta,khanoheta,root,,,,,
524,Kanohiyeki,Kanohiyek,agentive,imperfective,,,,
524,Kanohiyeki,Kanohiyeki,root,,,,,
525,khanhstatsi,khanhstats,agentive,imperfective,,,,
525,khanhstatsi,khanhstatsi,root,,,,,
526,khanukalhi,khanukalh,agentive,imperfective,,,,
526,khanukalhi,khanukalhi,root,,,,,
527,khanuna,khanuna,root,,,,,
528,khanvhsulv'i,khanvhsulv',agentive,imperfective,,,,tekhanvhsulv'i
528,khanvhsulv'i,khanvhsul,completive,perfective,,,,tekhanvhsulv'i
528,khanvhsulv'i,khanvhsul,incompletive,imperfective,,,,tekhanvhsulv'i
528,khanvhsulv'i,khanvhsulv'i,root,,,,,tekhanvhsulv'i
529,khawonhi,khawonh,agentive,imperfective,,,,
529,khawonhi,khawonhi,root,,,,,
530,khawonu,khawonu,root,,,,,
531,khayvhsoli,khayvhsol,agentive,imperfective,,,,
531,khayvhsoli,khayvhsoli,root,,,,,
532,kheli,khel,agentive,imperfective,,,,anheli
532,kheli,kheli,root,,,,,anheli
533,khemili,khemil,agentive,imperfective,,,,
533,khemili,khemili,root,,,,,
534,khiyuka,khiyuka,root,,,,,
535,Kotehski,Kotehsk,agentive,imperfective,,,,Akhotehski
535,Kotehski,Kotehski,root,,,,,Akhotehski
536,Kotehski,Kotehsk,agentive,imperfective,,,,Anikhotehski
536,Kotehski,Kotehski,root,,,,,Anikhotehski
537,khoka,khoka,root,,,,,
538,khola,khola,root,,,,,
539,khohstu,khohstu,root,,,,,
540,khuwa,khuwa,root,,,,,
541,khuwatsuneka,khuwatsuneka,root,,,,,
542,khuwaya,khuwaya,root,,,,,
543,Kuwayo'i,Kuwayo',agentive,imperfective,,,,
543,Kuwayo'i,Kuwayo'i,root,,,,,
544,Kuyekwona,Kuyekwona,root,,,,,
545,khvlhi,khvlh,agentive,imperfective,,,,
545,khvlhi,khvlhi,root,,,,,
546,kwhana,kwhana,root,,,,,
547,kwhantayoha,kwhantayoha,root,,,,,
548,kwhanunhsti'i,kwhanunhsti',agentive,imperfective,,,,
548,kwhanunhsti'i,kwhanunhsti'i,root,,,,,
549,lolo,lolo,root,,,,,
550,newata,newata,root,,,,,
551,nohtsi,nohts,agentive,imperfective,,,,
551,nohtsi,nohtsi,root,,,,,
552,nokwhsi,nokwhs,agentive,imperfective,,,,
552,nokwhsi,nokwhsi,root,,,,,
553,noya,noya,root,,,,,noyi
554,nuna,nuna,root,,,,,
555,Nuyaki,Nuyak,agentive,imperfective,,,,
555,Nuyaki,Nuyaki,root,,,,,
556,nvta,nvta,root,,,,,
557,Nvtatekwa,Nvtatekwa,root,,,,,
558,nvta tihsehsti,nvta tihsehst,agentive,imperfective,,,,
558,nvta tihsehsti,nvta tihsehsti,root,,,,,
559,Nvtaki,Nvtak,agentive,imperfective,,,,
559,Nvtaki,Nvtaki,root,,,,,
560,Nvhkine Ika,Nvhkine Ika,root,,,,,
561,nvnohi,nvnoh,agentive,imperfective,,,,
561,nvnohi,nvnohi,root,,,,,
562,nvwhthohiyata,nvwhthohiyata,root,,,,,
563,nvwothi,nvwoth,agentive,imperfective,,,,
563,nvwothi,nvwothi,root,,,,,
564,nvwothi atahihi,nvwothi atahih,agentive,imperfective,,,,
564,nvwothi atahihi,nvwothi atahihi,root,,,,,
565,nvya,nvya,root,,,,,
566,nvya athvtanv'i,nvya athvtanv',agentive,imperfective,,,,
566,nvya athvtanv'i,nvya athvtan,completive,perfective,,,,
566,nvya athvtanv'i,nvya athvtan,incompletive,imperfective,,,,
566,nvya athvtanv'i,nvya athvtanv'i,root,,,,,
567,otalv'i,otalv',agentive,imperfective,,,,totalv'i
567,otalv'i,otalv',agentive,imperfective,3rd,singular,a,totalv'i
567,otalv'i,otal,completive,perfective,,,,totalv'i
567,otalv'i,otal,completive,perfective,3rd,singular,a,totalv'i
567,otalv'i,otal,incompletive,imperfective,,,,totalv'i
567,otalv'i,otal,incompletive,imperfective,3rd,singular,a,totalv'i
567,otalv'i,otalv'i,root,,,,,totalv'i
567,otalv'i,otalv'i,root,,3rd,singular,a,totalv'i
568,Okalahoma,Okalahoma,root,,,,,
569,okana,okana,root,,,,,
569,okana,okana,root,,3rd,singular,a,
570,olha,olha,root,,,,,
570,olha,olha,root,,3rd,singular,a,
571,ohsta khanoheta,ohsta khanoheta,root,,,,,
571,ohsta khanoheta,ohsta khanoheta,root,,3rd,singular,a,
572,ohsi,ohs,agentive,imperfective,,,,
572,ohsi,ohs,agentive,imperfective,3rd,singular,a,
572,ohsi,ohsi,root,,,,,
572,ohsi,ohsi,root,,3rd,singular,a,
573,ohsi atahstayhti'i,ohsi atahstayhti',agentive,imperfective,,,,
573,ohsi atahstayhti'i,ohsi atahstayhti',agentive,imperfective,3rd,singular,a,
573,ohsi atahstayhti'i,ohsi atahstayhti'i,root,,,,,
573,ohsi atahstayhti'i,ohsi atahstayhti'i,root,,3rd,singular,a,
574,ohsi akanawohihsti'i,ohsi akanawohihsti',agentive,imperfective,,,,
574,ohsi akanawohihsti'i,ohsi akanawohihsti',agentive,imperfective,3rd,singular,a,
574,ohsi akanawohihsti'i,ohsi akanawohihsti'i,root,,,,,
574,ohsi akanawohihsti'i,ohsi akanawohihsti'i,root,,3rd,singular,a,
575,satvti,satvt,agentive,imperfective,,,,tihsatvti
575,satvti,satvti,root,,,,,tihsatvti
576,sali,sal,agentive,imperfective,,,,
576,sali,sali,root,,,,,
577,salikuki,salikuk,agentive,imperfective,,,,
577,salikuki,salikuki,root,,,,,
578,saloli,salol,agentive,imperfective,,,,
578,saloli,saloli,root,,,,,
579,sahsa,sahsa,root,,,,,
580,steyita,steyita,root,,,,,
581,stuti,stut,agentive,imperfective,,,,tihstuti
581,stuti,stuti,root,,,,,tihstuti
582,stu'ihsti,stu'ihst,agentive,imperfective,,,,tihstu'ihsti
582,stu'ihsti,stu'ihsti,root,,,,,tihstu'ihsti
583,setani,setan,agentive,imperfective,,,,
583,setani,setani,root,,,,,
584,seti,set,agentive,imperfective,,,,
584,seti,seti,root,,,,,
585,selakwoya,selakwoya,root,,,,,
586,selu,selu,root,,,,,
587,selu anhthahskihski,selu anhthahskihsk,agentive,imperfective,,,,
587,selu anhthahskihski,selu anhthahskihski,root,,,,,
588,selu ihsa,selu ihsa,root,,,,,
589,selu uta,selu uta,root,,,,,selu tsuta
590,skwalhehsti,skwalhehst,agentive,imperfective,,,,tihskwalhehsti
590,skwalhehsti,skwalhehsti,root,,,,,tihskwalhehsti
591,skwalhehsti,skwalhehst,agentive,imperfective,,,,tihskwatlhehsti
591,skwalhehsti,skwalhehsti,root,,,,,tihskwatlhehsti
592,skwatlhehsti,skwatlhehst,agentive,imperfective,,,,tihskwalhehsti
592,skwatlhehsti,skwatlhehsti,root,,,,,tihskwalhehsti
593,skwatlhehsti,skwatlhehst,agentive,imperfective,,,,tihskwatlhehsti
593,skwatlhehsti,skwatlhehsti,root,,,,,tihskwatlhehsti
594,Skwanitsehstv'i,Skwanitsehstv',agentive,imperfective,,,,
594,Skwanitsehstv'i,Skwanitsehst,completive,perfective,,,,
594,Skwanitsehstv'i,Skwanitsehst,incompletive,imperfective,,,,
594,Skwanitsehstv'i,Skwanitsehstv'i,root,,,,,
595,skwenhv'i,skwenhv',agentive,imperfective,,,,tihskwenhv'i
595,skwenhv'i,skwenh,completive,perfective,,,,tihskwenhv'i
595,skwenhv'i,skwenh,incompletive,imperfective,,,,tihskwenhv'i
595,skwenhv'i,skwenhv'i,root,,,,,tihskwenhv'i
596,sikiki,sikik,agentive,imperfective,,,,
596,sikiki,sikiki,root,,,,,
597,sihkwa,sihkwa,root,,,,,
598,skhoni,skhon,agentive,imperfective,,,,
598,skhoni,skhoni,root,,,,,
599,sokwili,sokwil,agentive,imperfective,,,,
599,sokwili,sokwili,root,,,,,
600,sokwili tika'lenvhita,sokwili tika'lenvhita,root,,,,,sokwili tini'lenvhita
601,sohi,soh,agentive,imperfective,,,,
601,sohi,sohi,root,,,,,
602,sutaleki,sutalek,agentive,imperfective,,,,
602,sutaleki,sutaleki,root,,,,,
603,sutethiyvta,sutethiyvta,root,,,,,
604,suketa,suketa,root,,,,,
605,suhti,suht,agentive,imperfective,,,,tihsuhti
605,suhti,suhti,root,,,,,tihsuhti
606,sulhilota,sulhilota,root,,,,,
607,suli,sul,agentive,imperfective,,,,
607,suli,suli,root,,,,,
608,svtoni,svton,agentive,imperfective,,,,
608,svtoni,svtoni,root,,,,,
609,svki,svk,agentive,imperfective,,,,
609,svki,svki,root,,,,,
610,svkhtha,svkhtha,root,,,,,
611,svnatotakwahsti,svnatotakwahst,agentive,imperfective,,,,
611,svnatotakwahsti,svnatotakwahsti,root,,,,,
612,Ta'line Ika,Ta'line Ika,root,,,,,
613,thalukihski,thalukihsk,agentive,imperfective,,,,
613,thalukihski,thalukihski,root,,,,,
614,thalukihski tikhanvwihski,thalukihski tikhanvwihsk,agentive,imperfective,,,,thalukihski tininhvwihski
614,thalukihski tikhanvwihski,thalukihski tikhanvwihski,root,,,,,thalukihski tininhvwihski
615,thalukihski tikhanvwotohti,thalukihski tikhanvwotoht,agentive,imperfective,,,,
615,thalukihski tikhanvwotohti,thalukihski tikhanvwotohti,root,,,,,
616,thalutsa,thalutsa,root,,,,,tithalutsa
617,thamalhi,thamalh,agentive,imperfective,,,,
617,thamalhi,thamalhi,root,,,,,
618,thawoti,thawot,agentive,imperfective,,,,
618,thawoti,thawoti,root,,,,,
619,thehka,thehka,root,,,,,
620,thina,thina,root,,,,,
621,thiyoha'li,thiyoha'l,agentive,imperfective,,,,
621,thiyoha'li,thiyoha'li,root,,,,,
622,tlhvtekwa,tlhvtekwa,root,,,,,
623,thotsuwha,thotsuwha,root,,,,,
624,tholatska,tholatska,root,,,,,
625,tskili,tskil,agentive,imperfective,,,,anitskili
625,tskili,tskili,root,,,,,anitskili
626,tskoya,tskoya,root,,,,,
627,tskwalekwala,tskwalekwala,root,,,,,
628,thuletsi,thulets,agentive,imperfective,,,,
628,thuletsi,thuletsi,root,,,,,
629,thuhsti,thuhst,agentive,imperfective,,,,
629,thuhsti,thuhsti,root,,,,,
630,thuya,thuya,root,,,,,
631,thvhka,thvhka,root,,,,,
632,utanhilake'i,utanhilake',agentive,imperfective,,,,unatanhilake'i
632,utanhilake'i,utanhilake',agentive,imperfective,3rd,singular,a,unatanhilake'i
632,utanhilake'i,tanhilake',agentive,imperfective,3rd,singular,b,unatanhilake'i
632,utanhilake'i,'tanhilake',agentive,imperfective,3rd,singular,b,unatanhilake'i
632,utanhilake'i,atanhilake',agentive,imperfective,3rd,singular,b,unatanhilake'i
632,utanhilake'i,utanhilake'i,root,,,,,unatanhilake'i
632,utanhilake'i,utanhilake'i,root,,3rd,singular,a,unatanhilake'i
632,utanhilake'i,tanhilake'i,root,,3rd,singular,b,unatanhilake'i
632,utanhilake'i,'tanhilake'i,root,,3rd,singular,b,unatanhilake'i
632,utanhilake'i,atanhilake'i,root,,3rd,singular,b,unatanhilake'i
633,utanhilake'i,utanhilake',agentive,imperfective,,,,unatanhilake'i
633,utanhilake'i,utanhilake',agentive,imperfective,3rd,singular,a,unatanhilake'i
633,utanhilake'i,tanhilake',agentive,imperfective,3rd,singular,b,unatanhilake'i
633,utanhilake'i,'tanhilake',agentive,imperfective,3rd,singular,b,unatanhilake'i
633,utanhilake'i,atanhilake',agentive,imperfective,3rd,singular,b,unatanhilake'i
633,utanhilake'i,utanhilake'i,root,,,,,unatanhilake'i
633,utanhilake'i,utanhilake'i,root,,3rd,singular,a,unatanhilake'i
633,utanhilake'i,tanhilake'i,root,,3rd,singular,b,unatanhilake'i
633,utanhilake'i,'tanhilake'i,root,,3rd,singular,b,unatanhilake'i
633,utanhilake'i,atanhilake'i,root,,3rd,singular,b,unatanhilake'i
634,utalehi,utaleh,agentive,imperfective,,,,
634,utalehi,utaleh,agentive,imperfective,3rd,singular,a,
634,utalehi,taleh,agentive,imperfective,3rd,singular,b,
634,utalehi,'taleh,agentive,imperfective,3rd,singular,b,
634,utalehi,ataleh,agentive,imperfective,3rd,singular,b,
634,utalehi,utalehi,root,,,,,
634,utalehi,utalehi,root,,3rd,singular,a,
634,utalehi,talehi,root,,3rd,singular,b,
634,utalehi,'talehi,root,,3rd,singular,b,
634,utalehi,atalehi,root,,3rd,singular,b,
635,utali'i,utali',agentive,imperfective,,,,tsunatali'i
635,utali'i,utali',agentive,imperfective,3rd,singular,a,tsunatali'i
635,utali'i,tali',agentive,imperfective,3rd,singular,b,tsunatali'i
635,utali'i,'tali',agentive,imperfective,3rd,singular,b,tsunatali'i
635,utali'i,atali',agentive,imperfective,3rd,singular,b,tsunatali'i
635,utali'i,utali'i,root,,,,,tsunatali'i
635,utali'i,utali'i,root,,3rd,singular,a,tsunatali'i
635,utali'i,tali'i,root,,3rd,singular,b,tsunatali'i
635,utali'i,'tali'i,root,,3rd,singular,b,tsunatali'i
635,utali'i,atali'i,root,,3rd,singular,b,tsunatali'i
636,utana'ni,utana'n,agentive,imperfective,,,,unatana'ni
636,utana'ni,utana'n,agentive,imperfective,3rd,singular,a,unatana'ni
636,utana'ni,tana'n,agentive,imperfective,3rd,singular,b,unatana'ni
636,utana'ni,'tana'n,agentive,imperfective,3rd,singular,b,unatana'ni
636,utana'ni,atana'n,agentive,imperfective,3rd,singular,b,unatana'ni
636,utana'ni,utana'ni,root,,,,,unatana'ni
636,utana'ni,utana'ni,root,,3rd,singular,a,unatana'ni
636,utana'ni,tana'ni,root,,3rd,singular,b,unatana'ni
636,utana'ni,'tana'ni,root,,3rd,singular,b,unatana'ni
636,utana'ni,atana'ni,root,,3rd,singular,b,unatana'ni
637,utanehv'i,utanehv',agentive,imperfective,,,,tutanehv'i
637,utanehv'i,utanehv',agentive,imperfective,3rd,singular,a,tutanehv'i
637,utanehv'i,tanehv',agentive,imperfective,3rd,singular,b,tutanehv'i
637,utanehv'i,'tanehv',agentive,imperfective,3rd,singular,b,tutanehv'i
637,utanehv'i,atanehv',agentive,imperfective,3rd,singular,b,tutanehv'i
637,utanehv'i,utaneh,completive,perfective,,,,tutanehv'i
637,utanehv'i,utaneh,completive,perfective,3rd,singular,a,tutanehv'i
637,utanehv'i,taneh,completive,perfective,3rd,singular,b,tutanehv'i
637,utanehv'i,'taneh,completive,perfective,3rd,singular,b,tutanehv'i
637,utanehv'i,ataneh,completive,perfective,3rd,singular,b,tutanehv'i
637,utanehv'i,utaneh,incompletive,imperfective,,,,tutanehv'i
637,utanehv'i,utaneh,incompletive,imperfective,3rd,singular,a,tutanehv'i
637,utanehv'i,taneh,incompletive,imperfective,3rd,singular,b,tutanehv'i
637,utanehv'i,'taneh,incompletive,imperfective,3rd,singular,b,tutanehv'i
637,utanehv'i,ataneh,incompletive,imperfective,3rd,singular,b,tutanehv'i
637,utanehv'i,utanehv'i,root,,,,,tutanehv'i
637,utanehv'i,utanehv'i,root,,3rd,singular,a,tutanehv'i
637,utanehv'i,tanehv'i,root,,3rd,singular,b,tutanehv'i
637,utanehv'i,'tanehv'i,root,,3rd,singular,b,tutanehv'i
637,utanehv'i,atanehv'i,root,,3rd,singular,b,tutanehv'i
638,utanhto,utanhto,root,,,,,
638,utanhto,utanhto,root,,3rd,singular,a,
638,utanhto,tanhto,root,,3rd,singular,b,
638,utanhto,'tanhto,root,,3rd,singular,b,
638,utanhto,atanhto,root,,3rd,singular,b,
639,utanvhita,utanvhita,root,,,,,
639,utanvhita,utanvhita,root,,3rd,singular,a,
639,utanvhita,tanvhita,root,,3rd,singular,b,
639,utanvhita,'tanvhita,root,,3rd,singular,b,
639,utanvhita,atanvhita,root,,3rd,singular,b,
640,utanvnhv'i,utanvnhv',agentive,imperfective,,,,tutanvnhv'i
640,utanvnhv'i,utanvnhv',agentive,imperfective,3rd,singular,a,tutanvnhv'i
640,utanvnhv'i,tanvnhv',agentive,imperfective,3rd,singular,b,tutanvnhv'i
640,utanvnhv'i,'tanvnhv',agentive,imperfective,3rd,singular,b,tutanvnhv'i
640,utanvnhv'i,atanvnhv',agentive,imperfective,3rd,singular,b,tutanvnhv'i
640,utanvnhv'i,utanvnh,completive,perfective,,,,tutanvnhv'i
640,utanvnhv'i,utanvnh,completive,perfective,3rd,singular,a,tutanvnhv'i
640,utanvnhv'i,tanvnh,completive,perfective,3rd,singular,b,tutanvnhv'i
640,utanvnhv'i,'tanvnh,completive,perfective,3rd,singular,b,tutanvnhv'i
640,utanvnhv'i,atanvnh,completive,perfective,3rd,singular,b,tutanvnhv'i
640,utanvnhv'i,utanvnh,incompletive,imperfective,,,,tutanvnhv'i
640,utanvnhv'i,utanvnh,incompletive,imperfective,3rd,singular,a,tutanvnhv'i
640,utanvnhv'i,tanvnh,incompletive,imperfective,3rd,singular,b,tutanvnhv'i
640,utanvnhv'i,'tanvnh,incompletive,imperfective,3rd,singular,b,tutanvnhv'i
640,utanvnhv'i,atanvnh,incompletive,imperfective,3rd,singular,b,tutanvnhv'i
640,utanvnhv'i,utanvnhv'i,root,,,,,tutanvnhv'i
640,utanvnhv'i,utanvnhv'i,root,,3rd,singular,a,tutanvnhv'i
640,utanvnhv'i,tanvnhv'i,root,,3rd,singular,b,tutanvnhv'i
640,utanvnhv'i,'tanvnhv'i,root,,3rd,singular,b,tutanvnhv'i
640,utanvnhv'i,atanvnhv'i,root,,3rd,singular,b,tutanvnhv'i
641,utahstvtihsti,utahstvtihst,agentive,imperfective,,,,
641,utahstvtihsti,utahstvtihst,agentive,imperfective,3rd,singular,a,
641,utahstvtihsti,tahstvtihst,agentive,imperfective,3rd,singular,b,
641,utahstvtihsti,'tahstvtihst,agentive,imperfective,3rd,singular,b,
641,utahstvtihsti,atahstvtihst,agentive,imperfective,3rd,singular,b,
641,utahstvtihsti,utahstvtihsti,root,,,,,
641,utahstvtihsti,utahstvtihsti,root,,3rd,singular,a,
641,utahstvtihsti,tahstvtihsti,root,,3rd,singular,b,
641,utahstvtihsti,'tahstvtihsti,root,,3rd,singular,b,
641,utahstvtihsti,atahstvtihsti,root,,3rd,singular,b,
642,uteki,utek,agentive,imperfective,,,,unateki
642,uteki,utek,agentive,imperfective,3rd,singular,a,unateki
642,uteki,tek,agentive,imperfective,3rd,singular,b,unateki
642,uteki,'tek,agentive,imperfective,3rd,singular,b,unateki
642,uteki,atek,agentive,imperfective,3rd,singular,b,unateki
642,uteki,uteki,root,,,,,unateki
642,uteki,uteki,root,,3rd,singular,a,unateki
642,uteki,teki,root,,3rd,singular,b,unateki
642,uteki,'teki,root,,3rd,singular,b,unateki
642,uteki,ateki,root,,3rd,singular,b,unateki
643,utehohihsti,utehohihst,agentive,imperfective,,,,
643,utehohihsti,utehohihst,agentive,imperfective,3rd,singular,a,
643,utehohihsti,tehohihst,agentive,imperfective,3rd,singular,b,
643,utehohihsti,'tehohihst,agentive,imperfective,3rd,singular,b,
643,utehohihsti,atehohihst,agentive,imperfective,3rd,singular,b,
643,utehohihsti,utehohihsti,root,,,,,
643,utehohihsti,utehohihsti,root,,3rd,singular,a,
643,utehohihsti,tehohihsti,root,,3rd,singular,b,
643,utehohihsti,'tehohihsti,root,,3rd,singular,b,
643,utehohihsti,atehohihsti,root,,3rd,singular,b,
644,utelihskalvhv'i,utelihskalvhv',agentive,imperfective,,,,tutelihskalvhv'i
644,utelihskalvhv'i,utelihskalvhv',agentive,imperfective,3rd,singular,a,tutelihskalvhv'i
644,utelihskalvhv'i,telihskalvhv',agentive,imperfective,3rd,singular,b,tutelihskalvhv'i
644,utelihskalvhv'i,'telihskalvhv',agentive,imperfective,3rd,singular,b,tutelihskalvhv'i
644,utelihskalvhv'i,atelihskalvhv',agentive,imperfective,3rd,singular,b,tutelihskalvhv'i
644,utelihskalvhv'i,utelihskalvh,completive,perfective,,,,tutelihskalvhv'i
644,utelihskalvhv'i,utelihskalvh,completive,perfective,3rd,singular,a,tutelihskalvhv'i
644,utelihskalvhv'i,telihskalvh,completive,perfective,3rd,singular,b,tutelihskalvhv'i
644,utelihskalvhv'i,'telihskalvh,completive,perfective,3rd,singular,b,tutelihskalvhv'i
644,utelihskalvhv'i,atelihskalvh,completive,perfective,3rd,singular,b,tutelihskalvhv'i
644,utelihskalvhv'i,utelihskalvh,incompletive,imperfective,,,,tutelihskalvhv'i
644,utelihskalvhv'i,utelihskalvh,incompletive,imperfective,3rd,singular,a,tutelihskalvhv'i
644,utelihskalvhv'i,telihskalvh,incompletive,imperfective,3rd,singular,b,tutelihskalvhv'i
644,utelihskalvhv'i,'telihskalvh,incompletive,imperfective,3rd,singular,b,tutelihskalvhv'i
644,utelihskalvhv'i,atelihskalvh,incompletive,imperfective,3rd,singular,b,tutelihskalvhv'i
644,utelihskalvhv'i,utelihskalvhv'i,root,,,,,tutelihskalvhv'i
644,utelihskalvhv'i,utelihskalvhv'i,root,,3rd,singular,a,tutelihskalvhv'i
644,utelihskalvhv'i,telihskalvhv'i,root,,3rd,singular,b,tutelihskalvhv'i
644,utelihskalvhv'i,'telihskalvhv'i,root,,3rd,singular,b,tutelihskalvhv'i
644,utelihskalvhv'i,atelihskalvhv'i,root,,3rd,singular,b,tutelihskalvhv'i
645,utikwalvteyita,utikwalvteyita,root,,,,,tsutikwalvteyita
645,utikwalvteyita,utikwalvteyita,root,,3rd,singular,a,tsutikwalvteyita
645,utikwalvteyita,tikwalvteyita,root,,3rd,singular,b,tsutikwalvteyita
645,utikwalvteyita,'tikwalvteyita,root,,3rd,singular,b,tsutikwalvteyita
645,utikwalvteyita,atikwalvteyita,root,,3rd,singular,b,tsutikwalvteyita
646,utiyvta'tv'i,utiyvta'tv',agentive,imperfective,,,,
646,utiyvta'tv'i,utiyvta'tv',agentive,imperfective,3rd,singular,a,
646,utiyvta'tv'i,tiyvta'tv',agentive,imperfective,3rd,singular,b,
646,utiyvta'tv'i,'tiyvta'tv',agentive,imperfective,3rd,singular,b,
646,utiyvta'tv'i,atiyvta'tv',agentive,imperfective,3rd,singular,b,
646,utiyvta'tv'i,utiyvta't,completive,perfective,,,,
646,utiyvta'tv'i,utiyvta't,completive,perfective,3rd,singular,a,
646,utiyvta'tv'i,tiyvta't,completive,perfective,3rd,singular,b,
646,utiyvta'tv'i,'tiyvta't,completive,perfective,3rd,singular,b,
646,utiyvta'tv'i,atiyvta't,completive,perfective,3rd,singular,b,
646,utiyvta'tv'i,utiyvta't,incompletive,imperfective,,,,
646,utiyvta'tv'i,utiyvta't,incompletive,imperfective,3rd,singular,a,
646,utiyvta'tv'i,tiyvta't,incompletive,imperfective,3rd,singular,b,
646,utiyvta'tv'i,'tiyvta't,incompletive,imperfective,3rd,singular,b,
646,utiyvta'tv'i,atiyvta't,incompletive,imperfective,3rd,singular,b,
646,utiyvta'tv'i,utiyvta'tv'i,root,,,,,
646,utiyvta'tv'i,utiyvta'tv'i,root,,3rd,singular,a,
646,utiyvta'tv'i,tiyvta'tv'i,root,,3rd,singular,b,
646,utiyvta'tv'i,'tiyvta'tv'i,root,,3rd,singular,b,
646,utiyvta'tv'i,atiyvta'tv'i,root,,3rd,singular,b,
647,utlahsithv'ehi,utlahsithv'eh,agentive,imperfective,,,,unatlahsithv'ehi
647,utlahsithv'ehi,utlahsithv'eh,agentive,imperfective,3rd,singular,a,unatlahsithv'ehi
647,utlahsithv'ehi,tlahsithv'eh,agentive,imperfective,3rd,singular,b,unatlahsithv'ehi
647,utlahsithv'ehi,'tlahsithv'eh,agentive,imperfective,3rd,singular,b,unatlahsithv'ehi
647,utlahsithv'ehi,atlahsithv'eh,agentive,imperfective,3rd,singular,b,unatlahsithv'ehi
647,utlahsithv'ehi,utlahsithv'ehi,root,,,,,unatlahsithv'ehi
647,utlahsithv'ehi,utlahsithv'ehi,root,,3rd,singular,a,unatlahsithv'ehi
647,utlahsithv'ehi,tlahsithv'ehi,root,,3rd,singular,b,unatlahsithv'ehi
647,utlahsithv'ehi,'tlahsithv'ehi,root,,3rd,singular,b,unatlahsithv'ehi
647,utlahsithv'ehi,atlahsithv'ehi,root,,3rd,singular,b,unatlahsithv'ehi
648,utlonahsti,utlonahst,agentive,imperfective,,,,unatlonahsti
648,utlonahsti,utlonahst,agentive,imperfective,3rd,singular,a,unatlonahsti
648,utlonahsti,tlonahst,agentive,imperfective,3rd,singular,b,unatlonahsti
648,utlonahsti,'tlonahst,agentive,imperfective,3rd,singular,b,unatlonahsti
648,utlonahsti,atlonahst,agentive,imperfective,3rd,singular,b,unatlonahsti
648,utlonahsti,utlonahsti,root,,,,,unatlonahsti
648,utlonahsti,utlonahsti,root,,3rd,singular,a,unatlonahsti
648,utlonahsti,tlonahsti,root,,3rd,singular,b,unatlonahsti
648,utlonahsti,'tlonahsti,root,,3rd,singular,b,unatlonahsti
648,utlonahsti,atlonahsti,root,,3rd,singular,b,unatlonahsti
649,utlohsinvta,utlohsinvta,root,,,,,
649,utlohsinvta,utlohsinvta,root,,3rd,singular,a,
649,utlohsinvta,tlohsinvta,root,,3rd,singular,b,
649,utlohsinvta,'tlohsinvta,root,,3rd,singular,b,
649,utlohsinvta,atlohsinvta,root,,3rd,singular,b,
650,utlvtalvta,utlvtalvta,root,,,,,tsutlvtalvta
650,utlvtalvta,utlvtalvta,root,,3rd,singular,a,tsutlvtalvta
650,utlvtalvta,tlvtalvta,root,,3rd,singular,b,tsutlvtalvta
650,utlvtalvta,'tlvtalvta,root,,3rd,singular,b,tsutlvtalvta
650,utlvtalvta,atlvtalvta,root,,3rd,singular,b,tsutlvtalvta
651,utlvki,utlvk,agentive,imperfective,,,,tsunitlvki
651,utlvki,utlvk,agentive,imperfective,3rd,singular,a,tsunitlvki
651,utlvki,tlvk,agentive,imperfective,3rd,singular,b,tsunitlvki
651,utlvki,'tlvk,agentive,imperfective,3rd,singular,b,tsunitlvki
651,utlvki,atlvk,agentive,imperfective,3rd,singular,b,tsunitlvki
651,utlvki,utlvki,root,,,,,tsunitlvki
651,utlvki,utlvki,root,,3rd,singular,a,tsunitlvki
651,utlvki,tlvki,root,,3rd,singular,b,tsunitlvki
651,utlvki,'tlvki,root,,3rd,singular,b,tsunitlvki
651,utlvki,atlvki,root,,3rd,singular,b,tsunitlvki
652,uto,uto,root,,,,,tsuto
652,uto,uto,root,,3rd,singular,a,tsuto
652,uto,to,root,,3rd,singular,b,tsuto
652,uto,'to,root,,3rd,singular,b,tsuto
652,uto,ato,root,,3rd,singular,b,tsuto
653,utota,utota,root,,,,,
653,utota,utota,root,,3rd,singular,a,
653,utota,tota,root,,3rd,singular,b,
653,utota,'tota,root,,3rd,singular,b,
653,utota,atota,root,,3rd,singular,b,
654,Unatotakwahskv'i,Unatotakwahskv',agentive,imperfective,,,,
654,Unatotakwahskv'i,Unatotakwahsk,completive,perfective,,,,
654,Unatotakwahskv'i,Unatotakwahsk,incompletive,imperfective,,,,
654,Unatotakwahskv'i,Unatotakwahskv'i,root,,,,,
655,Unatotakwitena,Unatotakwitena,root,,,,,
656,Unatotakwonhv'i,Unatotakwonhv',agentive,imperfective,,,,
656,Unatotakwonhv'i,Unatotakwonh,completive,perfective,,,,
656,Unatotakwonhv'i,Unatotakwonh,incompletive,imperfective,,,,
656,Unatotakwonhv'i,Unatotakwonhv'i,root,,,,,
657,ututu,ututu,root,,,,,
657,ututu,ututu,root,,3rd,singular,a,
657,ututu,tutu,root,,3rd,singular,b,
657,ututu,'tutu,root,,3rd,singular,b,
657,ututu,atutu,root,,3rd,singular,b,
658,ututsi,ututs,agentive,imperfective,,,,tsutuki
658,ututsi,ututs,agentive,imperfective,3rd,singular,a,tsutuki
658,ututsi,tuts,agentive,imperfective,3rd,singular,b,tsutuki
658,ututsi,'tuts,agentive,imperfective,3rd,singular,b,tsutuki
658,ututsi,atuts,agentive,imperfective,3rd,singular,b,tsutuki
658,ututsi,ututsi,root,,,,,tsutuki
658,ututsi,ututsi,root,,3rd,singular,a,tsutuki
658,ututsi,tutsi,root,,3rd,singular,b,tsutuki
658,ututsi,'tutsi,root,,3rd,singular,b,tsutuki
658,ututsi,atutsi,root,,3rd,singular,b,tsutuki
659,ukaloka,ukaloka,root,,,,,tsukaloka
659,ukaloka,ukaloka,root,,3rd,singular,a,tsukaloka
659,ukaloka,kaloka,root,,3rd,singular,b,tsukaloka
659,ukaloka,'kaloka,root,,3rd,singular,b,tsukaloka
659,ukaloka,akaloka,root,,3rd,singular,b,tsukaloka
660,ukama,ukama,root,,,,,
660,ukama,ukama,root,,3rd,singular,a,
660,ukama,kama,root,,3rd,singular,b,
660,ukama,'kama,root,,3rd,singular,b,
660,ukama,akama,root,,3rd,singular,b,
661,Ukanawa,Ukanawa,root,,,,,Unikanawa
662,ukanhta'tv'i,ukanhta'tv',agentive,imperfective,,,,
662,ukanhta'tv'i,ukanhta'tv',agentive,imperfective,3rd,singular,a,
662,ukanhta'tv'i,kanhta'tv',agentive,imperfective,3rd,singular,b,
662,ukanhta'tv'i,'kanhta'tv',agentive,imperfective,3rd,singular,b,
662,ukanhta'tv'i,akanhta'tv',agentive,imperfective,3rd,singular,b,
662,ukanhta'tv'i,ukanhta't,completive,perfective,,,,
662,ukanhta'tv'i,ukanhta't,completive,perfective,3rd,singular,a,
662,ukanhta'tv'i,kanhta't,completive,perfective,3rd,singular,b,
662,ukanhta'tv'i,'kanhta't,completive,perfective,3rd,singular,b,
662,ukanhta'tv'i,akanhta't,completive,perfective,3rd,singular,b,
662,ukanhta'tv'i,ukanhta't,incompletive,imperfective,,,,
662,ukanhta'tv'i,ukanhta't,incompletive,imperfective,3rd,singular,a,
662,ukanhta'tv'i,kanhta't,incompletive,imperfective,3rd,singular,b,
662,ukanhta'tv'i,'kanhta't,incompletive,imperfective,3rd,singular,b,
662,ukanhta'tv'i,akanhta't,incompletive,imperfective,3rd,singular,b,
662,ukanhta'tv'i,ukanhta'tv'i,root,,,,,
662,ukanhta'tv'i,ukanhta'tv'i,root,,3rd,singular,a,
662,ukanhta'tv'i,kanhta'tv'i,root,,3rd,singular,b,
662,ukanhta'tv'i,'kanhta'tv'i,root,,3rd,singular,b,
662,ukanhta'tv'i,akanhta'tv'i,root,,3rd,singular,b,
663,ukeyunha'i,ukeyunha',agentive,imperfective,,,,unikeyunha'i
663,ukeyunha'i,ukeyunha',agentive,imperfective,3rd,singular,a,unikeyunha'i
663,ukeyunha'i,keyunha',agentive,imperfective,3rd,singular,b,unikeyunha'i
663,ukeyunha'i,'keyunha',agentive,imperfective,3rd,singular,b,unikeyunha'i
663,ukeyunha'i,akeyunha',agentive,imperfective,3rd,singular,b,unikeyunha'i
663,ukeyunha'i,ukeyunha'i,root,,,,,unikeyunha'i
663,ukeyunha'i,ukeyunha'i,root,,3rd,singular,a,unikeyunha'i
663,ukeyunha'i,keyunha'i,root,,3rd,singular,b,unikeyunha'i
663,ukeyunha'i,'keyunha'i,root,,3rd,singular,b,unikeyunha'i
663,ukeyunha'i,akeyunha'i,root,,3rd,singular,b,unikeyunha'i
664,ukitalhi,ukitalh,agentive,imperfective,,,,tsukitalhi
664,ukitalhi,ukitalh,agentive,imperfective,3rd,singular,a,tsukitalhi
664,ukitalhi,kitalh,agentive,imperfective,3rd,singular,b,tsukitalhi
664,ukitalhi,'kitalh,agentive,imperfective,3rd,singular,b,tsukitalhi
664,ukitalhi,akitalh,agentive,imperfective,3rd,singular,b,tsukitalhi
664,ukitalhi,ukitalhi,root,,,,,tsukitalhi
664,ukitalhi,ukitalhi,root,,3rd,singular,a,tsukitalhi
664,ukitalhi,kitalhi,root,,3rd,singular,b,tsukitalhi
664,ukitalhi,'kitalhi,root,,3rd,singular,b,tsukitalhi
664,ukitalhi,akitalhi,root,,3rd,singular,b,tsukitalhi
665,ukitsteyi,ukitstey,agentive,imperfective,,,,
665,ukitsteyi,ukitstey,agentive,imperfective,3rd,singular,a,
665,ukitsteyi,kitstey,agentive,imperfective,3rd,singular,b,
665,ukitsteyi,'kitstey,agentive,imperfective,3rd,singular,b,
665,ukitsteyi,akitstey,agentive,imperfective,3rd,singular,b,
665,ukitsteyi,ukitsteyi,root,,,,,
665,ukitsteyi,ukitsteyi,root,,3rd,singular,a,
665,ukitsteyi,kitsteyi,root,,3rd,singular,b,
665,ukitsteyi,'kitsteyi,root,,3rd,singular,b,
665,ukitsteyi,akitsteyi,root,,3rd,singular,b,
666,ukukhu,ukukhu,root,,,,,unikukhu
666,ukukhu,ukukhu,root,,3rd,singular,a,unikukhu
666,ukukhu,kukhu,root,,3rd,singular,b,unikukhu
666,ukukhu,'kukhu,root,,3rd,singular,b,unikukhu
666,ukukhu,akukhu,root,,3rd,singular,b,unikukhu
667,ukvwiyuhi,ukvwiyuh,agentive,imperfective,,,,unikvwiyuhi
667,ukvwiyuhi,ukvwiyuh,agentive,imperfective,3rd,singular,a,unikvwiyuhi
667,ukvwiyuhi,kvwiyuh,agentive,imperfective,3rd,singular,b,unikvwiyuhi
667,ukvwiyuhi,'kvwiyuh,agentive,imperfective,3rd,singular,b,unikvwiyuhi
667,ukvwiyuhi,akvwiyuh,agentive,imperfective,3rd,singular,b,unikvwiyuhi
667,ukvwiyuhi,ukvwiyuhi,root,,,,,unikvwiyuhi
667,ukvwiyuhi,ukvwiyuhi,root,,3rd,singular,a,unikvwiyuhi
667,ukvwiyuhi,kvwiyuhi,root,,3rd,singular,b,unikvwiyuhi
667,ukvwiyuhi,'kvwiyuhi,root,,3rd,singular,b,unikvwiyuhi
667,ukvwiyuhi,akvwiyuhi,root,,3rd,singular,b,unikvwiyuhi
668,uhalvni,uhalvn,agentive,imperfective,,,,tsuhalvni
668,uhalvni,uhalvn,agentive,imperfective,3rd,singular,a,tsuhalvni
668,uhalvni,halvn,agentive,imperfective,3rd,singular,b,tsuhalvni
668,uhalvni,'halvn,agentive,imperfective,3rd,singular,b,tsuhalvni
668,uhalvni,ahalvn,agentive,imperfective,3rd,singular,b,tsuhalvni
668,uhalvni,uhalvni,root,,,,,tsuhalvni
668,uhalvni,uhalvni,root,,3rd,singular,a,tsuhalvni
668,uhalvni,halvni,root,,3rd,singular,b,tsuhalvni
668,uhalvni,'halvni,root,,3rd,singular,b,tsuhalvni
668,uhalvni,ahalvni,root,,3rd,singular,b,tsuhalvni
669,uhaneka'lv'i,uhaneka'lv',agentive,imperfective,,,,tuhaneka'lv'i
669,uhaneka'lv'i,uhaneka'lv',agentive,imperfective,3rd,singular,a,tuhaneka'lv'i
669,uhaneka'lv'i,haneka'lv',agentive,imperfective,3rd,singular,b,tuhaneka'lv'i
669,uhaneka'lv'i,'haneka'lv',agentive,imperfective,3rd,singular,b,tuhaneka'lv'i
669,uhaneka'lv'i,ahaneka'lv',agentive,imperfective,3rd,singular,b,tuhaneka'lv'i
669,uhaneka'lv'i,uhaneka'l,completive,perfective,,,,tuhaneka'lv'i
669,uhaneka'lv'i,uhaneka'l,completive,perfective,3rd,singular,a,tuhaneka'lv'i
669,uhaneka'lv'i,haneka'l,completive,perfective,3rd,singular,b,tuhaneka'lv'i
669,uhaneka'lv'i,'haneka'l,completive,perfective,3rd,singular,b,tuhaneka'lv'i
669,uhaneka'lv'i,ahaneka'l,completive,perfective,3rd,singular,b,tuhaneka'lv'i
669,uhaneka'lv'i,uhaneka'l,incompletive,imperfective,,,,tuhaneka'lv'i
669,uhaneka'lv'i,uhaneka'l,incompletive,imperfective,3rd,singular,a,tuhaneka'lv'i
669,uhaneka'lv'i,haneka'l,incompletive,imperfective,3rd,singular,b,tuhaneka'lv'i
669,uhaneka'lv'i,'haneka'l,incompletive,imperfective,3rd,singular,b,tuhaneka'lv'i
669,uhaneka'lv'i,ahaneka'l,incompletive,imperfective,3rd,singular,b,tuhaneka'lv'i
669,uhaneka'lv'i,uhaneka'lv'i,root,,,,,tuhaneka'lv'i
669,uhaneka'lv'i,uhaneka'lv'i,root,,3rd,singular,a,tuhaneka'lv'i
669,uhaneka'lv'i,haneka'lv'i,root,,3rd,singular,b,tuhaneka'lv'i
669,uhaneka'lv'i,'haneka'lv'i,root,,3rd,singular,b,tuhaneka'lv'i
669,uhaneka'lv'i,ahaneka'lv'i,root,,3rd,singular,b,tuhaneka'lv'i
670,ulhoki,ulhok,agentive,imperfective,,,,tsulhoki
670,ulhoki,ulhok,agentive,imperfective,3rd,singular,a,tsulhoki
670,ulhoki,lhok,agentive,imperfective,3rd,singular,b,tsulhoki
670,ulhoki,'lhok,agentive,imperfective,3rd,singular,b,tsulhoki
670,ulhoki,alhok,agentive,imperfective,3rd,singular,b,tsulhoki
670,ulhoki,ulhoki,root,,,,,tsulhoki
670,ulhoki,ulhoki,root,,3rd,singular,a,tsulhoki
670,ulhoki,lhoki,root,,3rd,singular,b,tsulhoki
670,ulhoki,'lhoki,root,,3rd,singular,b,tsulhoki
670,ulhoki,alhoki,root,,3rd,singular,b,tsulhoki
671,unhalutv'i,unhalutv',agentive,imperfective,,,,tunhalutv'i
671,unhalutv'i,unhalutv',agentive,imperfective,3rd,singular,a,tunhalutv'i
671,unhalutv'i,nhalutv',agentive,imperfective,3rd,singular,b,tunhalutv'i
671,unhalutv'i,'nhalutv',agentive,imperfective,3rd,singular,b,tunhalutv'i
671,unhalutv'i,anhalutv',agentive,imperfective,3rd,singular,b,tunhalutv'i
671,unhalutv'i,unhalut,completive,perfective,,,,tunhalutv'i
671,unhalutv'i,unhalut,completive,perfective,3rd,singular,a,tunhalutv'i
671,unhalutv'i,nhalut,completive,perfective,3rd,singular,b,tunhalutv'i
671,unhalutv'i,'nhalut,completive,perfective,3rd,singular,b,tunhalutv'i
671,unhalutv'i,anhalut,completive,perfective,3rd,singular,b,tunhalutv'i
671,unhalutv'i,unhalut,incompletive,imperfective,,,,tunhalutv'i
671,unhalutv'i,unhalut,incompletive,imperfective,3rd,singular,a,tunhalutv'i
671,unhalutv'i,nhalut,incompletive,imperfective,3rd,singular,b,tunhalutv'i
671,unhalutv'i,'nhalut,incompletive,imperfective,3rd,singular,b,tunhalutv'i
671,unhalutv'i,anhalut,incompletive,imperfective,3rd,singular,b,tunhalutv'i
671,unhalutv'i,unhalutv'i,root,,,,,tunhalutv'i
671,unhalutv'i,unhalutv'i,root,,3rd,singular,a,tunhalutv'i
671,unhalutv'i,nhalutv'i,root,,3rd,singular,b,tunhalutv'i
671,unhalutv'i,'nhalutv'i,root,,3rd,singular,b,tunhalutv'i
671,unhalutv'i,anhalutv'i,root,,3rd,singular,b,tunhalutv'i
672,unhahstetla,unhahstetla,root,,,,,tsunhahstetla
672,unhahstetla,unhahstetla,root,,3rd,singular,a,tsunhahstetla
672,unhahstetla,nhahstetla,root,,3rd,singular,b,tsunhahstetla
672,unhahstetla,'nhahstetla,root,,3rd,singular,b,tsunhahstetla
672,unhahstetla,anhahstetla,root,,3rd,singular,b,tsunhahstetla
673,unhahstetlv'i,unhahstetlv',agentive,imperfective,,,,tunhahstetlv'i
673,unhahstetlv'i,unhahstetlv',agentive,imperfective,3rd,singular,a,tunhahstetlv'i
673,unhahstetlv'i,nhahstetlv',agentive,imperfective,3rd,singular,b,tunhahstetlv'i
673,unhahstetlv'i,'nhahstetlv',agentive,imperfective,3rd,singular,b,tunhahstetlv'i
673,unhahstetlv'i,anhahstetlv',agentive,imperfective,3rd,singular,b,tunhahstetlv'i
673,unhahstetlv'i,unhahstetl,completive,perfective,,,,tunhahstetlv'i
673,unhahstetlv'i,unhahstetl,completive,perfective,3rd,singular,a,tunhahstetlv'i
673,unhahstetlv'i,nhahstetl,completive,perfective,3rd,singular,b,tunhahstetlv'i
673,unhahstetlv'i,'nhahstetl,completive,perfective,3rd,singular,b,tunhahstetlv'i
673,unhahstetlv'i,anhahstetl,completive,perfective,3rd,singular,b,tunhahstetlv'i
673,unhahstetlv'i,unhahstetl,incompletive,imperfective,,,,tunhahstetlv'i
673,unhahstetlv'i,unhahstetl,incompletive,imperfective,3rd,singular,a,tunhahstetlv'i
673,unhahstetlv'i,nhahstetl,incompletive,imperfective,3rd,singular,b,tunhahstetlv'i
673,unhahstetlv'i,'nhahstetl,incompletive,imperfective,3rd,singular,b,tunhahstetlv'i
673,unhahstetlv'i,anhahstetl,incompletive,imperfective,3rd,singular,b,tunhahstetlv'i
673,unhahstetlv'i,unhahstetlv'i,root,,,,,tunhahstetlv'i
673,unhahstetlv'i,unhahstetlv'i,root,,3rd,singular,a,tunhahstetlv'i
673,unhahstetlv'i,nhahstetlv'i,root,,3rd,singular,b,tunhahstetlv'i
673,unhahstetlv'i,'nhahstetlv'i,root,,3rd,singular,b,tunhahstetlv'i
673,unhahstetlv'i,anhahstetlv'i,root,,3rd,singular,b,tunhahstetlv'i
674,unhahsuka,unhahsuka,root,,,,,uninhahsuka
674,unhahsuka,unhahsuka,root,,3rd,singular,a,uninhahsuka
674,unhahsuka,nhahsuka,root,,3rd,singular,b,uninhahsuka
674,unhahsuka,'nhahsuka,root,,3rd,singular,b,uninhahsuka
674,unhahsuka,anhahsuka,root,,3rd,singular,b,uninhahsuka
675,unhahsuhkalhv'i,unhahsuhkalhv',agentive,imperfective,,,,tunhahsuhkalhv'i
675,unhahsuhkalhv'i,unhahsuhkalhv',agentive,imperfective,3rd,singular,a,tunhahsuhkalhv'i
675,unhahsuhkalhv'i,nhahsuhkalhv',agentive,imperfective,3rd,singular,b,tunhahsuhkalhv'i
675,unhahsuhkalhv'i,'nhahsuhkalhv',agentive,imperfective,3rd,singular,b,tunhahsuhkalhv'i
675,unhahsuhkalhv'i,anhahsuhkalhv',agentive,imperfective,3rd,singular,b,tunhahsuhkalhv'i
675,unhahsuhkalhv'i,unhahsuhkalh,completive,perfective,,,,tunhahsuhkalhv'i
675,unhahsuhkalhv'i,unhahsuhkalh,completive,perfective,3rd,singular,a,tunhahsuhkalhv'i
675,unhahsuhkalhv'i,nhahsuhkalh,completive,perfective,3rd,singular,b,tunhahsuhkalhv'i
675,unhahsuhkalhv'i,'nhahsuhkalh,completive,perfective,3rd,singular,b,tunhahsuhkalhv'i
675,unhahsuhkalhv'i,anhahsuhkalh,completive,perfective,3rd,singular,b,tunhahsuhkalhv'i
675,unhahsuhkalhv'i,unhahsuhkalh,incompletive,imperfective,,,,tunhahsuhkalhv'i
675,unhahsuhkalhv'i,unhahsuhkalh,incompletive,imperfective,3rd,singular,a,tunhahsuhkalhv'i
675,unhahsuhkalhv'i,nhahsuhkalh,incompletive,imperfective,3rd,singular,b,tunhahsuhkalhv'i
675,unhahsuhkalhv'i,'nhahsuhkalh,incompletive,imperfective,3rd,singular,b,tunhahsuhkalhv'i
675,unhahsuhkalhv'i,anhahsuhkalh,incompletive,imperfective,3rd,singular,b,tunhahsuhkalhv'i
675,unhahsuhkalhv'i,unhahsuhkalhv'i,root,,,,,tunhahsuhkalhv'i
675,unhahsuhkalhv'i,unhahsuhkalhv'i,root,,3rd,singular,a,tunhahsuhkalhv'i
675,unhahsuhkalhv'i,nhahsuhkalhv'i,root,,3rd,singular,b,tunhahsuhkalhv'i
675,unhahsuhkalhv'i,'nhahsuhkalhv'i,root,,3rd,singular,b,tunhahsuhkalhv'i
675,unhahsuhkalhv'i,anhahsuhkalhv'i,root,,3rd,singular,b,tunhahsuhkalhv'i
676,unhawo,unhawo,root,,,,,tsunhawo
676,unhawo,unhawo,root,,3rd,singular,a,tsunhawo
676,unhawo,nhawo,root,,3rd,singular,b,tsunhawo
676,unhawo,'nhawo,root,,3rd,singular,b,tsunhawo
676,unhawo,anhawo,root,,3rd,singular,b,tsunhawo
677,unhelvhsv'i,unhelvhsv',agentive,imperfective,,,,tunhelvhsv'i
677,unhelvhsv'i,unhelvhsv',agentive,imperfective,3rd,singular,a,tunhelvhsv'i
677,unhelvhsv'i,nhelvhsv',agentive,imperfective,3rd,singular,b,tunhelvhsv'i
677,unhelvhsv'i,'nhelvhsv',agentive,imperfective,3rd,singular,b,tunhelvhsv'i
677,unhelvhsv'i,anhelvhsv',agentive,imperfective,3rd,singular,b,tunhelvhsv'i
677,unhelvhsv'i,unhelvhs,completive,perfective,,,,tunhelvhsv'i
677,unhelvhsv'i,unhelvhs,completive,perfective,3rd,singular,a,tunhelvhsv'i
677,unhelvhsv'i,nhelvhs,completive,perfective,3rd,singular,b,tunhelvhsv'i
677,unhelvhsv'i,'nhelvhs,completive,perfective,3rd,singular,b,tunhelvhsv'i
677,unhelvhsv'i,anhelvhs,completive,perfective,3rd,singular,b,tunhelvhsv'i
677,unhelvhsv'i,unhelvhs,incompletive,imperfective,,,,tunhelvhsv'i
677,unhelvhsv'i,unhelvhs,incompletive,imperfective,3rd,singular,a,tunhelvhsv'i
677,unhelvhsv'i,nhelvhs,incompletive,imperfective,3rd,singular,b,tunhelvhsv'i
677,unhelvhsv'i,'nhelvhs,incompletive,imperfective,3rd,singular,b,tunhelvhsv'i
677,unhelvhsv'i,anhelvhs,incompletive,imperfective,3rd,singular,b,tunhelvhsv'i
677,unhelvhsv'i,unhelvhsv'i,root,,,,,tunhelvhsv'i
677,unhelvhsv'i,unhelvhsv'i,root,,3rd,singular,a,tunhelvhsv'i
677,unhelvhsv'i,nhelvhsv'i,root,,3rd,singular,b,tunhelvhsv'i
677,unhelvhsv'i,'nhelvhsv'i,root,,3rd,singular,b,tunhelvhsv'i
677,unhelvhsv'i,anhelvhsv'i,root,,3rd,singular,b,tunhelvhsv'i
678,unhilhkv'i,unhilhkv',agentive,imperfective,,,,tunhilhkv'i
678,unhilhkv'i,unhilhkv',agentive,imperfective,3rd,singular,a,tunhilhkv'i
678,unhilhkv'i,nhilhkv',agentive,imperfective,3rd,singular,b,tunhilhkv'i
678,unhilhkv'i,'nhilhkv',agentive,imperfective,3rd,singular,b,tunhilhkv'i
678,unhilhkv'i,anhilhkv',agentive,imperfective,3rd,singular,b,tunhilhkv'i
678,unhilhkv'i,unhilhk,completive,perfective,,,,tunhilhkv'i
678,unhilhkv'i,unhilhk,completive,perfective,3rd,singular,a,tunhilhkv'i
678,unhilhkv'i,nhilhk,completive,perfective,3rd,singular,b,tunhilhkv'i
678,unhilhkv'i,'nhilhk,completive,perfective,3rd,singular,b,tunhilhkv'i
678,unhilhkv'i,anhilhk,completive,perfective,3rd,singular,b,tunhilhkv'i
678,unhilhkv'i,unhilhk,incompletive,imperfective,,,,tunhilhkv'i
678,unhilhkv'i,unhilhk,incompletive,imperfective,3rd,singular,a,tunhilhkv'i
678,unhilhkv'i,nhilhk,incompletive,imperfective,3rd,singular,b,tunhilhkv'i
678,unhilhkv'i,'nhilhk,incompletive,imperfective,3rd,singular,b,tunhilhkv'i
678,unhilhkv'i,anhilhk,incompletive,imperfective,3rd,singular,b,tunhilhkv'i
678,unhilhkv'i,unhilhkv'i,root,,,,,tunhilhkv'i
678,unhilhkv'i,unhilhkv'i,root,,3rd,singular,a,tunhilhkv'i
678,unhilhkv'i,nhilhkv'i,root,,3rd,singular,b,tunhilhkv'i
678,unhilhkv'i,'nhilhkv'i,root,,3rd,singular,b,tunhilhkv'i
678,unhilhkv'i,anhilhkv'i,root,,3rd,singular,b,tunhilhkv'i
679,unhohsta,unhohsta,root,,,,,
679,unhohsta,unhohsta,root,,3rd,singular,a,
679,unhohsta,nhohsta,root,,3rd,singular,b,
679,unhohsta,'nhohsta,root,,3rd,singular,b,
679,unhohsta,anhohsta,root,,3rd,singular,b,
680,unhvkwholathv'i,unhvkwholathv',agentive,imperfective,,,,tunhvkwholathv'i
680,unhvkwholathv'i,unhvkwholathv',agentive,imperfective,3rd,singular,a,tunhvkwholathv'i
680,unhvkwholathv'i,nhvkwholathv',agentive,imperfective,3rd,singular,b,tunhvkwholathv'i
680,unhvkwholathv'i,'nhvkwholathv',agentive,imperfective,3rd,singular,b,tunhvkwholathv'i
680,unhvkwholathv'i,anhvkwholathv',agentive,imperfective,3rd,singular,b,tunhvkwholathv'i
680,unhvkwholathv'i,unhvkwholath,completive,perfective,,,,tunhvkwholathv'i
680,unhvkwholathv'i,unhvkwholath,completive,perfective,3rd,singular,a,tunhvkwholathv'i
680,unhvkwholathv'i,nhvkwholath,completive,perfective,3rd,singular,b,tunhvkwholathv'i
680,unhvkwholathv'i,'nhvkwholath,completive,perfective,3rd,singular,b,tunhvkwholathv'i
680,unhvkwholathv'i,anhvkwholath,completive,perfective,3rd,singular,b,tunhvkwholathv'i
680,unhvkwholathv'i,unhvkwholath,incompletive,imperfective,,,,tunhvkwholathv'i
680,unhvkwholathv'i,unhvkwholath,incompletive,imperfective,3rd,singular,a,tunhvkwholathv'i
680,unhvkwholathv'i,nhvkwholath,incompletive,imperfective,3rd,singular,b,tunhvkwholathv'i
680,unhvkwholathv'i,'nhvkwholath,incompletive,imperfective,3rd,singular,b,tunhvkwholathv'i
680,unhvkwholathv'i,anhvkwholath,incompletive,imperfective,3rd,singular,b,tunhvkwholathv'i
680,unhvkwholathv'i,unhvkwholathv'i,root,,,,,tunhvkwholathv'i
680,unhvkwholathv'i,unhvkwholathv'i,root,,3rd,singular,a,tunhvkwholathv'i
680,unhvkwholathv'i,nhvkwholathv'i,root,,3rd,singular,b,tunhvkwholathv'i
680,unhvkwholathv'i,'nhvkwholathv'i,root,,3rd,singular,b,tunhvkwholathv'i
680,unhvkwholathv'i,anhvkwholathv'i,root,,3rd,singular,b,tunhvkwholathv'i
681,unhvhsiyv'i,unhvhsiyv',agentive,imperfective,,,,tunhvhsiyv'i
681,unhvhsiyv'i,unhvhsiyv',agentive,imperfective,3rd,singular,a,tunhvhsiyv'i
681,unhvhsiyv'i,nhvhsiyv',agentive,imperfective,3rd,singular,b,tunhvhsiyv'i
681,unhvhsiyv'i,'nhvhsiyv',agentive,imperfective,3rd,singular,b,tunhvhsiyv'i
681,unhvhsiyv'i,anhvhsiyv',agentive,imperfective,3rd,singular,b,tunhvhsiyv'i
681,unhvhsiyv'i,unhvhsiy,completive,perfective,,,,tunhvhsiyv'i
681,unhvhsiyv'i,unhvhsiy,completive,perfective,3rd,singular,a,tunhvhsiyv'i
681,unhvhsiyv'i,nhvhsiy,completive,perfective,3rd,singular,b,tunhvhsiyv'i
681,unhvhsiyv'i,'nhvhsiy,completive,perfective,3rd,singular,b,tunhvhsiyv'i
681,unhvhsiyv'i,anhvhsiy,completive,perfective,3rd,singular,b,tunhvhsiyv'i
681,unhvhsiyv'i,unhvhsiy,incompletive,imperfective,,,,tunhvhsiyv'i
681,unhvhsiyv'i,unhvhsiy,incompletive,imperfective,3rd,singular,a,tunhvhsiyv'i
681,unhvhsiyv'i,nhvhsiy,incompletive,imperfective,3rd,singular,b,tunhvhsiyv'i
681,unhvhsiyv'i,'nhvhsiy,incompletive,imperfective,3rd,singular,b,tunhvhsiyv'i
681,unhvhsiyv'i,anhvhsiy,incompletive,imperfective,3rd,singular,b,tunhvhsiyv'i
681,unhvhsiyv'i,unhvhsiyv'i,root,,,,,tunhvhsiyv'i
681,unhvhsiyv'i,unhvhsiyv'i,root,,3rd,singular,a,tunhvhsiyv'i
681,unhvhsiyv'i,nhvhsiyv'i,root,,3rd,singular,b,tunhvhsiyv'i
681,unhvhsiyv'i,'nhvhsiyv'i,root,,3rd,singular,b,tunhvhsiyv'i
681,unhvhsiyv'i,anhvhsiyv'i,root,,3rd,singular,b,tunhvhsiyv'i
682,uyhehi,uyheh,agentive,imperfective,,,,
682,uyhehi,uyheh,agentive,imperfective,3rd,singular,a,
682,uyhehi,yheh,agentive,imperfective,3rd,singular,b,
682,uyhehi,'yheh,agentive,imperfective,3rd,singular,b,
682,uyhehi,ayheh,agentive,imperfective,3rd,singular,b,
682,uyhehi,uyhehi,root,,,,,
682,uyhehi,uyhehi,root,,3rd,singular,a,
682,uyhehi,yhehi,root,,3rd,singular,b,
682,uyhehi,'yhehi,root,,3rd,singular,b,
682,uyhehi,ayhehi,root,,3rd,singular,b,
683,uyhona,uyhona,root,,,,,tsuyhona
683,uyhona,uyhona,root,,3rd,singular,a,tsuyhona
683,uyhona,yhona,root,,3rd,singular,b,tsuyhona
683,uyhona,'yhona,root,,3rd,singular,b,tsuyhona
683,uyhona,ayhona,root,,3rd,singular,b,tsuyhona
684,uyhvtla,uyhvtla,root,,,,,
684,uyhvtla,uyhvtla,root,,3rd,singular,a,
684,uyhvtla,yhvtla,root,,3rd,singular,b,
684,uyhvtla,'yhvtla,root,,3rd,singular,b,
684,uyhvtla,ayhvtla,root,,3rd,singular,b,
685,uyhvtla,uyhvtla,root,,,,,Uniyhvtla
685,uyhvtla,uyhvtla,root,,3rd,singular,a,Uniyhvtla
685,uyhvtla,yhvtla,root,,3rd,singular,b,Uniyhvtla
685,uyhvtla,'yhvtla,root,,3rd,singular,b,Uniyhvtla
685,uyhvtla,ayhvtla,root,,3rd,singular,b,Uniyhvtla
686,uyhvhstehski,uyhvhstehsk,agentive,imperfective,,,,tsuniyhvhstehski
686,uyhvhstehski,uyhvhstehsk,agentive,imperfective,3rd,singular,a,tsuniyhvhstehski
686,uyhvhstehski,yhvhstehsk,agentive,imperfective,3rd,singular,b,tsuniyhvhstehski
686,uyhvhstehski,'yhvhstehsk,agentive,imperfective,3rd,singular,b,tsuniyhvhstehski
686,uyhvhstehski,ayhvhstehsk,agentive,imperfective,3rd,singular,b,tsuniyhvhstehski
686,uyhvhstehski,uyhvhstehski,root,,,,,tsuniyhvhstehski
686,uyhvhstehski,uyhvhstehski,root,,3rd,singular,a,tsuniyhvhstehski
686,uyhvhstehski,yhvhstehski,root,,3rd,singular,b,tsuniyhvhstehski
686,uyhvhstehski,'yhvhstehski,root,,3rd,singular,b,tsuniyhvhstehski
686,uyhvhstehski,ayhvhstehski,root,,3rd,singular,b,tsuniyhvhstehski
687,utsalehsti,utsalehst,agentive,imperfective,,,,
687,utsalehsti,utsalehst,agentive,imperfective,3rd,singular,a,
687,utsalehsti,tsalehst,agentive,imperfective,3rd,singular,b,
687,utsalehsti,'tsalehst,agentive,imperfective,3rd,singular,b,
687,utsalehsti,atsalehst,agentive,imperfective,3rd,singular,b,
687,utsalehsti,utsalehsti,root,,,,,
687,utsalehsti,utsalehsti,root,,3rd,singular,a,
687,utsalehsti,tsalehsti,root,,3rd,singular,b,
687,utsalehsti,'tsalehsti,root,,3rd,singular,b,
687,utsalehsti,atsalehsti,root,,3rd,singular,b,
688,utsetsti,utsetst,agentive,imperfective,,,,unatsetsti
688,utsetsti,utsetst,agentive,imperfective,3rd,singular,a,unatsetsti
688,utsetsti,tsetst,agentive,imperfective,3rd,singular,b,unatsetsti
688,utsetsti,'tsetst,agentive,imperfective,3rd,singular,b,unatsetsti
688,utsetsti,atsetst,agentive,imperfective,3rd,singular,b,unatsetsti
688,utsetsti,utsetsti,root,,,,,unatsetsti
688,utsetsti,utsetsti,root,,3rd,singular,a,unatsetsti
688,utsetsti,tsetsti,root,,3rd,singular,b,unatsetsti
688,utsetsti,'tsetsti,root,,3rd,singular,b,unatsetsti
688,utsetsti,atsetsti,root,,3rd,singular,b,unatsetsti
689,utsi,uts,agentive,imperfective,,,,
689,utsi,uts,agentive,imperfective,3rd,singular,a,
689,utsi,ts,agentive,imperfective,3rd,singular,b,
689,utsi,'ts,agentive,imperfective,3rd,singular,b,
689,utsi,ats,agentive,imperfective,3rd,singular,b,
689,utsi,utsi,root,,,,,
689,utsi,utsi,root,,3rd,singular,a,
689,utsi,tsi,root,,3rd,singular,b,
689,utsi,'tsi,root,,3rd,singular,b,
689,utsi,atsi,root,,3rd,singular,b,
690,utsilv'i,utsilv',agentive,imperfective,,,,
690,utsilv'i,utsilv',agentive,imperfective,3rd,singular,a,
690,utsilv'i,tsilv',agentive,imperfective,3rd,singular,b,
690,utsilv'i,'tsilv',agentive,imperfective,3rd,singular,b,
690,utsilv'i,atsilv',agentive,imperfective,3rd,singular,b,
690,utsilv'i,utsil,completive,perfective,,,,
690,utsilv'i,utsil,completive,perfective,3rd,singular,a,
690,utsilv'i,tsil,completive,perfective,3rd,singular,b,
690,utsilv'i,'tsil,completive,perfective,3rd,singular,b,
690,utsilv'i,atsil,completive,perfective,3rd,singular,b,
690,utsilv'i,utsil,incompletive,imperfective,,,,
690,utsilv'i,utsil,incompletive,imperfective,3rd,singular,a,
690,utsilv'i,tsil,incompletive,imperfective,3rd,singular,b,
690,utsilv'i,'tsil,incompletive,imperfective,3rd,singular,b,
690,utsilv'i,atsil,incompletive,imperfective,3rd,singular,b,
690,utsilv'i,utsilv'i,root,,,,,
690,utsilv'i,utsilv'i,root,,3rd,singular,a,
690,utsilv'i,tsilv'i,root,,3rd,singular,b,
690,utsilv'i,'tsilv'i,root,,3rd,singular,b,
690,utsilv'i,atsilv'i,root,,3rd,singular,b,
691,utsiya,utsiya,root,,,,,unitsiya
691,utsiya,utsiya,root,,3rd,singular,a,unitsiya
691,utsiya,tsiya,root,,3rd,singular,b,unitsiya
691,utsiya,'tsiya,root,,3rd,singular,b,unitsiya
691,utsiya,atsiya,root,,3rd,singular,b,unitsiya
692,utsonathi,utsonath,agentive,imperfective,,,,unatsonathi
692,utsonathi,utsonath,agentive,imperfective,3rd,singular,a,unatsonathi
692,utsonathi,tsonath,agentive,imperfective,3rd,singular,b,unatsonathi
692,utsonathi,'tsonath,agentive,imperfective,3rd,singular,b,unatsonathi
692,utsonathi,atsonath,agentive,imperfective,3rd,singular,b,unatsonathi
692,utsonathi,utsonathi,root,,,,,unatsonathi
692,utsonathi,utsonathi,root,,3rd,singular,a,unatsonathi
692,utsonathi,tsonathi,root,,3rd,singular,b,unatsonathi
692,utsonathi,'tsonathi,root,,3rd,singular,b,unatsonathi
692,utsonathi,atsonathi,root,,3rd,singular,b,unatsonathi
693,ukhayhotv'i,ukhayhotv',agentive,imperfective,,,,tsukhayhotv'i
693,ukhayhotv'i,ukhayhotv',agentive,imperfective,3rd,singular,a,tsukhayhotv'i
693,ukhayhotv'i,khayhotv',agentive,imperfective,3rd,singular,b,tsukhayhotv'i
693,ukhayhotv'i,'khayhotv',agentive,imperfective,3rd,singular,b,tsukhayhotv'i
693,ukhayhotv'i,akhayhotv',agentive,imperfective,3rd,singular,b,tsukhayhotv'i
693,ukhayhotv'i,ukhayhot,completive,perfective,,,,tsukhayhotv'i
693,ukhayhotv'i,ukhayhot,completive,perfective,3rd,singular,a,tsukhayhotv'i
693,ukhayhotv'i,khayhot,completive,perfective,3rd,singular,b,tsukhayhotv'i
693,ukhayhotv'i,'khayhot,completive,perfective,3rd,singular,b,tsukhayhotv'i
693,ukhayhotv'i,akhayhot,completive,perfective,3rd,singular,b,tsukhayhotv'i
693,ukhayhotv'i,ukhayhot,incompletive,imperfective,,,,tsukhayhotv'i
693,ukhayhotv'i,ukhayhot,incompletive,imperfective,3rd,singular,a,tsukhayhotv'i
693,ukhayhotv'i,khayhot,incompletive,imperfective,3rd,singular,b,tsukhayhotv'i
693,ukhayhotv'i,'khayhot,incompletive,imperfective,3rd,singular,b,tsukhayhotv'i
693,ukhayhotv'i,akhayhot,incompletive,imperfective,3rd,singular,b,tsukhayhotv'i
693,ukhayhotv'i,ukhayhotv'i,root,,,,,tsukhayhotv'i
693,ukhayhotv'i,ukhayhotv'i,root,,3rd,singular,a,tsukhayhotv'i
693,ukhayhotv'i,khayhotv'i,root,,3rd,singular,b,tsukhayhotv'i
693,ukhayhotv'i,'khayhotv'i,root,,3rd,singular,b,tsukhayhotv'i
693,ukhayhotv'i,akhayhotv'i,root,,3rd,singular,b,tsukhayhotv'i
694,ukhathv'i,ukhathv',agentive,imperfective,,,,
694,ukhathv'i,ukhathv',agentive,imperfective,3rd,singular,a,
694,ukhathv'i,khathv',agentive,imperfective,3rd,singular,b,
694,ukhathv'i,'khathv',agentive,imperfective,3rd,singular,b,
694,ukhathv'i,akhathv',agentive,imperfective,3rd,singular,b,
694,ukhathv'i,ukhath,completive,perfective,,,,
694,ukhathv'i,ukhath,completive,perfective,3rd,singular,a,
694,ukhathv'i,khath,completive,perfective,3rd,singular,b,
694,ukhathv'i,'khath,completive,perfective,3rd,singular,b,
694,ukhathv'i,akhath,completive,perfective,3rd,singular,b,
694,ukhathv'i,ukhath,incompletive,imperfective,,,,
694,ukhathv'i,ukhath,incompletive,imperfective,3rd,singular,a,
694,ukhathv'i,khath,incompletive,imperfective,3rd,singular,b,
694,ukhathv'i,'khath,incompletive,imperfective,3rd,singular,b,
694,ukhathv'i,akhath,incompletive,imperfective,3rd,singular,b,
694,ukhathv'i,ukhathv'i,root,,,,,
694,ukhathv'i,ukhathv'i,root,,3rd,singular,a,
694,ukhathv'i,khathv'i,root,,3rd,singular,b,
694,ukhathv'i,'khathv'i,root,,3rd,singular,b,
694,ukhathv'i,akhathv'i,root,,3rd,singular,b,
695,ukhetaliyv'i,ukhetaliyv',agentive,imperfective,,,,tukhetaliyv'i
695,ukhetaliyv'i,ukhetaliyv',agentive,imperfective,3rd,singular,a,tukhetaliyv'i
695,ukhetaliyv'i,khetaliyv',agentive,imperfective,3rd,singular,b,tukhetaliyv'i
695,ukhetaliyv'i,'khetaliyv',agentive,imperfective,3rd,singular,b,tukhetaliyv'i
695,ukhetaliyv'i,akhetaliyv',agentive,imperfective,3rd,singular,b,tukhetaliyv'i
695,ukhetaliyv'i,ukhetaliy,completive,perfective,,,,tukhetaliyv'i
695,ukhetaliyv'i,ukhetaliy,completive,perfective,3rd,singular,a,tukhetaliyv'i
695,ukhetaliyv'i,khetaliy,completive,perfective,3rd,singular,b,tukhetaliyv'i
695,ukhetaliyv'i,'khetaliy,completive,perfective,3rd,singular,b,tukhetaliyv'i
695,ukhetaliyv'i,akhetaliy,completive,perfective,3rd,singular,b,tukhetaliyv'i
695,ukhetaliyv'i,ukhetaliy,incompletive,imperfective,,,,tukhetaliyv'i
695,ukhetaliyv'i,ukhetaliy,incompletive,imperfective,3rd,singular,a,tukhetaliyv'i
695,ukhetaliyv'i,khetaliy,incompletive,imperfective,3rd,singular,b,tukhetaliyv'i
695,ukhetaliyv'i,'khetaliy,incompletive,imperfective,3rd,singular,b,tukhetaliyv'i
695,ukhetaliyv'i,akhetaliy,incompletive,imperfective,3rd,singular,b,tukhetaliyv'i
695,ukhetaliyv'i,ukhetaliyv'i,root,,,,,tukhetaliyv'i
695,ukhetaliyv'i,ukhetaliyv'i,root,,3rd,singular,a,tukhetaliyv'i
695,ukhetaliyv'i,khetaliyv'i,root,,3rd,singular,b,tukhetaliyv'i
695,ukhetaliyv'i,'khetaliyv'i,root,,3rd,singular,b,tukhetaliyv'i
695,ukhetaliyv'i,akhetaliyv'i,root,,3rd,singular,b,tukhetaliyv'i
696,ukhsotsaneta,ukhsotsaneta,root,,,,,unakhsotsaneta
696,ukhsotsaneta,ukhsotsaneta,root,,3rd,singular,a,unakhsotsaneta
696,ukhsotsaneta,khsotsaneta,root,,3rd,singular,b,unakhsotsaneta
696,ukhsotsaneta,'khsotsaneta,root,,3rd,singular,b,unakhsotsaneta
696,ukhsotsaneta,akhsotsaneta,root,,3rd,singular,b,unakhsotsaneta
697,ukhsuthi,ukhsuth,agentive,imperfective,,,,unakhsuthi
697,ukhsuthi,ukhsuth,agentive,imperfective,3rd,singular,a,unakhsuthi
697,ukhsuthi,khsuth,agentive,imperfective,3rd,singular,b,unakhsuthi
697,ukhsuthi,'khsuth,agentive,imperfective,3rd,singular,b,unakhsuthi
697,ukhsuthi,akhsuth,agentive,imperfective,3rd,singular,b,unakhsuthi
697,ukhsuthi,ukhsuthi,root,,,,,unakhsuthi
697,ukhsuthi,ukhsuthi,root,,3rd,singular,a,unakhsuthi
697,ukhsuthi,khsuthi,root,,3rd,singular,b,unakhsuthi
697,ukhsuthi,'khsuthi,root,,3rd,singular,b,unakhsuthi
697,ukhsuthi,akhsuthi,root,,3rd,singular,b,unakhsuthi
698,ukhtha,ukhtha,root,,,,,unikhtha
698,ukhtha,ukhtha,root,,3rd,singular,a,unikhtha
698,ukhtha,khtha,root,,3rd,singular,b,unikhtha
698,ukhtha,'khtha,root,,3rd,singular,b,unikhtha
698,ukhtha,akhtha,root,,3rd,singular,b,unikhtha
699,ulahsihteni,ulahsihten,agentive,imperfective,,,,tsulahsihteni
699,ulahsihteni,ulahsihten,agentive,imperfective,3rd,singular,a,tsulahsihteni
699,ulahsihteni,lahsihten,agentive,imperfective,3rd,singular,b,tsulahsihteni
699,ulahsihteni,'lahsihten,agentive,imperfective,3rd,singular,b,tsulahsihteni
699,ulahsihteni,alahsihten,agentive,imperfective,3rd,singular,b,tsulahsihteni
699,ulahsihteni,ulahsihteni,root,,,,,tsulahsihteni
699,ulahsihteni,ulahsihteni,root,,3rd,singular,a,tsulahsihteni
699,ulahsihteni,lahsihteni,root,,3rd,singular,b,tsulahsihteni
699,ulahsihteni,'lahsihteni,root,,3rd,singular,b,tsulahsihteni
699,ulahsihteni,alahsihteni,root,,3rd,singular,b,tsulahsihteni
700,ulahsulo,ulahsulo,root,,,,,tsulahsulo
700,ulahsulo,ulahsulo,root,,3rd,singular,a,tsulahsulo
700,ulahsulo,lahsulo,root,,3rd,singular,b,tsulahsulo
700,ulahsulo,'lahsulo,root,,3rd,singular,b,tsulahsulo
700,ulahsulo,alahsulo,root,,3rd,singular,b,tsulahsulo
701,ulikohvhsti,ulikohvhst,agentive,imperfective,,,,
701,ulikohvhsti,ulikohvhst,agentive,imperfective,3rd,singular,a,
701,ulikohvhsti,likohvhst,agentive,imperfective,3rd,singular,b,
701,ulikohvhsti,'likohvhst,agentive,imperfective,3rd,singular,b,
701,ulikohvhsti,alikohvhst,agentive,imperfective,3rd,singular,b,
701,ulikohvhsti,ulikohvhsti,root,,,,,
701,ulikohvhsti,ulikohvhsti,root,,3rd,singular,a,
701,ulikohvhsti,likohvhsti,root,,3rd,singular,b,
701,ulikohvhsti,'likohvhsti,root,,3rd,singular,b,
701,ulikohvhsti,alikohvhsti,root,,3rd,singular,b,
702,ulitsohita,ulitsohita,root,,,,,
702,ulitsohita,ulitsohita,root,,3rd,singular,a,
702,ulitsohita,litsohita,root,,3rd,singular,b,
702,ulitsohita,'litsohita,root,,3rd,singular,b,
702,ulitsohita,alitsohita,root,,3rd,singular,b,
703,ulikhsi,ulikhs,agentive,imperfective,,,,tsulikhsi
703,ulikhsi,ulikhs,agentive,imperfective,3rd,singular,a,tsulikhsi
703,ulikhsi,likhs,agentive,imperfective,3rd,singular,b,tsulikhsi
703,ulikhsi,'likhs,agentive,imperfective,3rd,singular,b,tsulikhsi
703,ulikhsi,alikhs,agentive,imperfective,3rd,singular,b,tsulikhsi
703,ulikhsi,ulikhsi,root,,,,,tsulikhsi
703,ulikhsi,ulikhsi,root,,3rd,singular,a,tsulikhsi
703,ulikhsi,likhsi,root,,3rd,singular,b,tsulikhsi
703,ulikhsi,'likhsi,root,,3rd,singular,b,tsulikhsi
703,ulikhsi,alikhsi,root,,3rd,singular,b,tsulikhsi
704,ulihsi,ulihs,agentive,imperfective,,,,
704,ulihsi,ulihs,agentive,imperfective,3rd,singular,a,
704,ulihsi,lihs,agentive,imperfective,3rd,singular,b,
704,ulihsi,'lihs,agentive,imperfective,3rd,singular,b,
704,ulihsi,alihs,agentive,imperfective,3rd,singular,b,
704,ulihsi,ulihsi,root,,,,,
704,ulihsi,ulihsi,root,,3rd,singular,a,
704,ulihsi,lihsi,root,,3rd,singular,b,
704,ulihsi,'lihsi,root,,3rd,singular,b,
704,ulihsi,alihsi,root,,3rd,singular,b,
705,ulokili,ulokil,agentive,imperfective,,,,
705,ulokili,ulokil,agentive,imperfective,3rd,singular,a,
705,ulokili,lokil,agentive,imperfective,3rd,singular,b,
705,ulokili,'lokil,agentive,imperfective,3rd,singular,b,
705,ulokili,alokil,agentive,imperfective,3rd,singular,b,
705,ulokili,ulokili,root,,,,,
705,ulokili,ulokili,root,,3rd,singular,a,
705,ulokili,lokili,root,,3rd,singular,b,
705,ulokili,'lokili,root,,3rd,singular,b,
705,ulokili,alokili,root,,3rd,singular,b,
706,ulvta,ulvta,root,,,,,
706,ulvta,ulvta,root,,3rd,singular,a,
706,ulvta,lvta,root,,3rd,singular,b,
706,ulvta,'lvta,root,,3rd,singular,b,
706,ulvta,alvta,root,,3rd,singular,b,
707,ulvhsa'ti,ulvhsa't,agentive,imperfective,,,,tsulvhsa'ti
707,ulvhsa'ti,ulvhsa't,agentive,imperfective,3rd,singular,a,tsulvhsa'ti
707,ulvhsa'ti,lvhsa't,agentive,imperfective,3rd,singular,b,tsulvhsa'ti
707,ulvhsa'ti,'lvhsa't,agentive,imperfective,3rd,singular,b,tsulvhsa'ti
707,ulvhsa'ti,alvhsa't,agentive,imperfective,3rd,singular,b,tsulvhsa'ti
707,ulvhsa'ti,ulvhsa'ti,root,,,,,tsulvhsa'ti
707,ulvhsa'ti,ulvhsa'ti,root,,3rd,singular,a,tsulvhsa'ti
707,ulvhsa'ti,lvhsa'ti,root,,3rd,singular,b,tsulvhsa'ti
707,ulvhsa'ti,'lvhsa'ti,root,,3rd,singular,b,tsulvhsa'ti
707,ulvhsa'ti,alvhsa'ti,root,,3rd,singular,b,tsulvhsa'ti
708,unatatehsvta,unatatehsvta,root,,,,,tsunatatehsvta
708,unatatehsvta,unatatehsvta,root,,3rd,singular,a,tsunatatehsvta
708,unatatehsvta,natatehsvta,root,,3rd,singular,b,tsunatatehsvta
708,unatatehsvta,'natatehsvta,root,,3rd,singular,b,tsunatatehsvta
708,unatatehsvta,anatatehsvta,root,,3rd,singular,b,tsunatatehsvta
708,unatatehsvta,atatehsvta,root,,3rd,plural,b,tsunatatehsvta
709,unalahskalhti'i,unalahskalhti',agentive,imperfective,,,,tsunalahskalhti'i
709,unalahskalhti'i,unalahskalhti',agentive,imperfective,3rd,singular,a,tsunalahskalhti'i
709,unalahskalhti'i,nalahskalhti',agentive,imperfective,3rd,singular,b,tsunalahskalhti'i
709,unalahskalhti'i,'nalahskalhti',agentive,imperfective,3rd,singular,b,tsunalahskalhti'i
709,unalahskalhti'i,analahskalhti',agentive,imperfective,3rd,singular,b,tsunalahskalhti'i
709,unalahskalhti'i,alahskalhti',agentive,imperfective,3rd,plural,b,tsunalahskalhti'i
709,unalahskalhti'i,unalahskalhti'i,root,,,,,tsunalahskalhti'i
709,unalahskalhti'i,unalahskalhti'i,root,,3rd,singular,a,tsunalahskalhti'i
709,unalahskalhti'i,nalahskalhti'i,root,,3rd,singular,b,tsunalahskalhti'i
709,unalahskalhti'i,'nalahskalhti'i,root,,3rd,singular,b,tsunalahskalhti'i
709,unalahskalhti'i,analahskalhti'i,root,,3rd,singular,b,tsunalahskalhti'i
709,unalahskalhti'i,alahskalhti'i,root,,3rd,plural,b,tsunalahskalhti'i
710,unali'i,unali',agentive,imperfective,,,,tsuli'i
710,unali'i,unali',agentive,imperfective,3rd,singular,a,tsuli'i
710,unali'i,nali',agentive,imperfective,3rd,singular,b,tsuli'i
710,unali'i,'nali',agentive,imperfective,3rd,singular,b,tsuli'i
710,unali'i,anali',agentive,imperfective,3rd,singular,b,tsuli'i
710,unali'i,ali',agentive,imperfective,3rd,plural,b,tsuli'i
710,unali'i,unali'i,root,,,,,tsuli'i
710,unali'i,unali'i,root,,3rd,singular,a,tsuli'i
710,unali'i,nali'i,root,,3rd,singular,b,tsuli'i
710,unali'i,'nali'i,root,,3rd,singular,b,tsuli'i
710,unali'i,anali'i,root,,3rd,singular,b,tsuli'i
710,unali'i,ali'i,root,,3rd,plural,b,tsuli'i
711,unalikhti,unalikht,agentive,imperfective,,,,
711,unalikhti,unalikht,agentive,imperfective,3rd,singular,a,
711,unalikhti,nalikht,agentive,imperfective,3rd,singular,b,
711,unalikhti,'nalikht,agentive,imperfective,3rd,singular,b,
711,unalikhti,analikht,agentive,imperfective,3rd,singular,b,
711,unalikhti,alikht,agentive,imperfective,3rd,plural,b,
711,unalikhti,unalikhti,root,,,,,
711,unalikhti,unalikhti,root,,3rd,singular,a,
711,unalikhti,nalikhti,root,,3rd,singular,b,
711,unalikhti,'nalikhti,root,,3rd,singular,b,
711,unalikhti,analikhti,root,,3rd,singular,b,
711,unalikhti,alikhti,root,,3rd,plural,b,
712,uneka'lv'i,uneka'lv',agentive,imperfective,,,,
712,uneka'lv'i,uneka'lv',agentive,imperfective,3rd,singular,a,
712,uneka'lv'i,neka'lv',agentive,imperfective,3rd,singular,b,
712,uneka'lv'i,'neka'lv',agentive,imperfective,3rd,singular,b,
712,uneka'lv'i,aneka'lv',agentive,imperfective,3rd,singular,b,
712,uneka'lv'i,eka'lv',agentive,imperfective,3rd,plural,b,
712,uneka'lv'i,uneka'l,completive,perfective,,,,
712,uneka'lv'i,uneka'l,completive,perfective,3rd,singular,a,
712,uneka'lv'i,neka'l,completive,perfective,3rd,singular,b,
712,uneka'lv'i,'neka'l,completive,perfective,3rd,singular,b,
712,uneka'lv'i,aneka'l,completive,perfective,3rd,singular,b,
712,uneka'lv'i,eka'l,completive,perfective,3rd,plural,b,
712,uneka'lv'i,uneka'l,incompletive,imperfective,,,,
712,uneka'lv'i,uneka'l,incompletive,imperfective,3rd,singular,a,
712,uneka'lv'i,neka'l,incompletive,imperfective,3rd,singular,b,
712,uneka'lv'i,'neka'l,incompletive,imperfective,3rd,singular,b,
712,uneka'lv'i,aneka'l,incompletive,imperfective,3rd,singular,b,
712,uneka'lv'i,eka'l,incompletive,imperfective,3rd,plural,b,
712,uneka'lv'i,uneka'lv'i,root,,,,,
712,uneka'lv'i,uneka'lv'i,root,,3rd,singular,a,
712,uneka'lv'i,neka'lv'i,root,,3rd,singular,b,
712,uneka'lv'i,'neka'lv'i,root,,3rd,singular,b,
712,uneka'lv'i,aneka'lv'i,root,,3rd,singular,b,
712,uneka'lv'i,eka'lv'i,root,,3rd,plural,b,
713,unekvha'i,unekvha',agentive,imperfective,,,,tsunekvha'i
713,unekvha'i,unekvha',agentive,imperfective,3rd,singular,a,tsunekvha'i
713,unekvha'i,nekvha',agentive,imperfective,3rd,singular,b,tsunekvha'i
713,unekvha'i,'nekvha',agentive,imperfective,3rd,singular,b,tsunekvha'i
713,unekvha'i,anekvha',agentive,imperfective,3rd,singular,b,tsunekvha'i
713,unekvha'i,ekvha',agentive,imperfective,3rd,plural,b,tsunekvha'i
713,unekvha'i,unekvha'i,root,,,,,tsunekvha'i
713,unekvha'i,unekvha'i,root,,3rd,singular,a,tsunekvha'i
713,unekvha'i,nekvha'i,root,,3rd,singular,b,tsunekvha'i
713,unekvha'i,'nekvha'i,root,,3rd,singular,b,tsunekvha'i
713,unekvha'i,anekvha'i,root,,3rd,singular,b,tsunekvha'i
713,unekvha'i,ekvha'i,root,,3rd,plural,b,tsunekvha'i
714,Unelhanvhi,Unelhanvh,agentive,imperfective,,,,unelhanvhi
714,Unelhanvhi,Unelhanvhi,root,,,,,unelhanvhi
715,unehstala,unehstala,root,,,,,
715,unehstala,unehstala,root,,3rd,singular,a,
715,unehstala,nehstala,root,,3rd,singular,b,
715,unehstala,'nehstala,root,,3rd,singular,b,
715,unehstala,anehstala,root,,3rd,singular,b,
715,unehstala,ehstala,root,,3rd,plural,b,
716,unhtsi,unhts,agentive,imperfective,,,,
716,unhtsi,unhts,agentive,imperfective,3rd,singular,a,
716,unhtsi,nhts,agentive,imperfective,3rd,singular,b,
716,unhtsi,'nhts,agentive,imperfective,3rd,singular,b,
716,unhtsi,anhts,agentive,imperfective,3rd,singular,b,
716,unhtsi,unhtsi,root,,,,,
716,unhtsi,unhtsi,root,,3rd,singular,a,
716,unhtsi,nhtsi,root,,3rd,singular,b,
716,unhtsi,'nhtsi,root,,3rd,singular,b,
716,unhtsi,anhtsi,root,,3rd,singular,b,
717,unihsi,unihs,agentive,imperfective,,,,tsunihsi
717,unihsi,unihs,agentive,imperfective,3rd,singular,a,tsunihsi
717,unihsi,nihs,agentive,imperfective,3rd,singular,b,tsunihsi
717,unihsi,'nihs,agentive,imperfective,3rd,singular,b,tsunihsi
717,unihsi,anihs,agentive,imperfective,3rd,singular,b,tsunihsi
717,unihsi,hs,agentive,imperfective,3rd,plural,b,tsunihsi
717,unihsi,'hs,agentive,imperfective,3rd,plural,b,tsunihsi
717,unihsi,:hs,agentive,imperfective,3rd,plural,b,tsunihsi
717,unihsi,unihsi,root,,,,,tsunihsi
717,unihsi,unihsi,root,,3rd,singular,a,tsunihsi
717,unihsi,nihsi,root,,3rd,singular,b,tsunihsi
717,unihsi,'nihsi,root,,3rd,singular,b,tsunihsi
717,unihsi,anihsi,root,,3rd,singular,b,tsunihsi
717,unihsi,hsi,root,,3rd,plural,b,tsunihsi
717,unihsi,'hsi,root,,3rd,plural,b,tsunihsi
717,unihsi,:hsi,root,,3rd,plural,b,tsunihsi
718,unotena,unotena,root,,,,,uninotena
718,unotena,unotena,root,,3rd,singular,a,uninotena
718,unotena,notena,root,,3rd,singular,b,uninotena
718,unotena,'notena,root,,3rd,singular,b,uninotena
718,unotena,anotena,root,,3rd,singular,b,uninotena
718,unotena,otena,root,,3rd,plural,b,uninotena
719,unole,unole,root,,,,,
719,unole,unole,root,,3rd,singular,a,
719,unole,nole,root,,3rd,singular,b,
719,unole,'nole,root,,3rd,singular,b,
719,unole,anole,root,,3rd,singular,b,
719,unole,ole,root,,3rd,plural,b,
720,Unolvthana,Unolvthana,root,,,,,
721,unvti,unvt,agentive,imperfective,,,,
721,unvti,unvt,agentive,imperfective,3rd,singular,a,
721,unvti,nvt,agentive,imperfective,3rd,singular,b,
721,unvti,'nvt,agentive,imperfective,3rd,singular,b,
721,unvti,anvt,agentive,imperfective,3rd,singular,b,
721,unvti,vt,agentive,imperfective,3rd,plural,b,
721,unvti,unvti,root,,,,,
721,unvti,unvti,root,,3rd,singular,a,
721,unvti,nvti,root,,3rd,singular,b,
721,unvti,'nvti,root,,3rd,singular,b,
721,unvti,anvti,root,,3rd,singular,b,
721,unvti,vti,root,,3rd,plural,b,
722,unvtsita,unvtsita,root,,,,,
722,unvtsita,unvtsita,root,,3rd,singular,a,
722,unvtsita,nvtsita,root,,3rd,singular,b,
722,unvtsita,'nvtsita,root,,3rd,singular,b,
722,unvtsita,anvtsita,root,,3rd,singular,b,
722,unvtsita,vtsita,root,,3rd,plural,b,
723,uhsano,uhsano,root,,,,,tsuhsano
723,uhsano,uhsano,root,,3rd,singular,a,tsuhsano
723,uhsano,hsano,root,,3rd,singular,b,tsuhsano
723,uhsano,'hsano,root,,3rd,singular,b,tsuhsano
723,uhsano,ahsano,root,,3rd,singular,b,tsuhsano
724,uhstakalv'i,uhstakalv',agentive,imperfective,,,,tuhstakalv'i
724,uhstakalv'i,uhstakalv',agentive,imperfective,3rd,singular,a,tuhstakalv'i
724,uhstakalv'i,hstakalv',agentive,imperfective,3rd,singular,b,tuhstakalv'i
724,uhstakalv'i,'hstakalv',agentive,imperfective,3rd,singular,b,tuhstakalv'i
724,uhstakalv'i,ahstakalv',agentive,imperfective,3rd,singular,b,tuhstakalv'i
724,uhstakalv'i,uhstakal,completive,perfective,,,,tuhstakalv'i
724,uhstakalv'i,uhstakal,completive,perfective,3rd,singular,a,tuhstakalv'i
724,uhstakalv'i,hstakal,completive,perfective,3rd,singular,b,tuhstakalv'i
724,uhstakalv'i,'hstakal,completive,perfective,3rd,singular,b,tuhstakalv'i
724,uhstakalv'i,ahstakal,completive,perfective,3rd,singular,b,tuhstakalv'i
724,uhstakalv'i,uhstakal,incompletive,imperfective,,,,tuhstakalv'i
724,uhstakalv'i,uhstakal,incompletive,imperfective,3rd,singular,a,tuhstakalv'i
724,uhstakalv'i,hstakal,incompletive,imperfective,3rd,singular,b,tuhstakalv'i
724,uhstakalv'i,'hstakal,incompletive,imperfective,3rd,singular,b,tuhstakalv'i
724,uhstakalv'i,ahstakal,incompletive,imperfective,3rd,singular,b,tuhstakalv'i
724,uhstakalv'i,uhstakalv'i,root,,,,,tuhstakalv'i
724,uhstakalv'i,uhstakalv'i,root,,3rd,singular,a,tuhstakalv'i
724,uhstakalv'i,hstakalv'i,root,,3rd,singular,b,tuhstakalv'i
724,uhstakalv'i,'hstakalv'i,root,,3rd,singular,b,tuhstakalv'i
724,uhstakalv'i,ahstakalv'i,root,,3rd,singular,b,tuhstakalv'i
725,uhstayvhvhski,uhstayvhvhsk,agentive,imperfective,,,,
725,uhstayvhvhski,uhstayvhvhsk,agentive,imperfective,3rd,singular,a,
725,uhstayvhvhski,hstayvhvhsk,agentive,imperfective,3rd,singular,b,
725,uhstayvhvhski,'hstayvhvhsk,agentive,imperfective,3rd,singular,b,
725,uhstayvhvhski,ahstayvhvhsk,agentive,imperfective,3rd,singular,b,
725,uhstayvhvhski,uhstayvhvhski,root,,,,,
725,uhstayvhvhski,uhstayvhvhski,root,,3rd,singular,a,
725,uhstayvhvhski,hstayvhvhski,root,,3rd,singular,b,
725,uhstayvhvhski,'hstayvhvhski,root,,3rd,singular,b,
725,uhstayvhvhski,ahstayvhvhski,root,,3rd,singular,b,
726,uhsti,uhst,agentive,imperfective,,,,tsunhsti
726,uhsti,uhst,agentive,imperfective,3rd,singular,a,tsunhsti
726,uhsti,hst,agentive,imperfective,3rd,singular,b,tsunhsti
726,uhsti,'hst,agentive,imperfective,3rd,singular,b,tsunhsti
726,uhsti,ahst,agentive,imperfective,3rd,singular,b,tsunhsti
726,uhsti,uhsti,root,,,,,tsunhsti
726,uhsti,uhsti,root,,3rd,singular,a,tsunhsti
726,uhsti,hsti,root,,3rd,singular,b,tsunhsti
726,uhsti,'hsti,root,,3rd,singular,b,tsunhsti
726,uhsti,ahsti,root,,3rd,singular,b,tsunhsti
727,uhsti kanvnhv'i,uhsti kanvnhv',agentive,imperfective,,,,tsuhsti tekanvnhv'i
727,uhsti kanvnhv'i,uhsti kanvnhv',agentive,imperfective,3rd,singular,a,tsuhsti tekanvnhv'i
727,uhsti kanvnhv'i,hsti kanvnhv',agentive,imperfective,3rd,singular,b,tsuhsti tekanvnhv'i
727,uhsti kanvnhv'i,'hsti kanvnhv',agentive,imperfective,3rd,singular,b,tsuhsti tekanvnhv'i
727,uhsti kanvnhv'i,ahsti kanvnhv',agentive,imperfective,3rd,singular,b,tsuhsti tekanvnhv'i
727,uhsti kanvnhv'i,uhsti kanvnh,completive,perfective,,,,tsuhsti tekanvnhv'i
727,uhsti kanvnhv'i,uhsti kanvnh,completive,perfective,3rd,singular,a,tsuhsti tekanvnhv'i
727,uhsti kanvnhv'i,hsti kanvnh,completive,perfective,3rd,singular,b,tsuhsti tekanvnhv'i
727,uhsti kanvnhv'i,'hsti kanvnh,completive,perfective,3rd,singular,b,tsuhsti tekanvnhv'i
727,uhsti kanvnhv'i,ahsti kanvnh,completive,perfective,3rd,singular,b,tsuhsti tekanvnhv'i
727,uhsti kanvnhv'i,uhsti kanvnh,incompletive,imperfective,,,,tsuhsti tekanvnhv'i
727,uhsti kanvnhv'i,uhsti kanvnh,incompletive,imperfective,3rd,singular,a,tsuhsti tekanvnhv'i
727,uhsti kanvnhv'i,hsti kanvnh,incompletive,imperfective,3rd,singular,b,tsuhsti tekanvnhv'i
727,uhsti kanvnhv'i,'hsti kanvnh,incompletive,imperfective,3rd,singular,b,tsuhsti tekanvnhv'i
727,uhsti kanvnhv'i,ahsti kanvnh,incompletive,imperfective,3rd,singular,b,tsuhsti tekanvnhv'i
727,uhsti kanvnhv'i,uhsti kanvnhv'i,root,,,,,tsuhsti tekanvnhv'i
727,uhsti kanvnhv'i,uhsti kanvnhv'i,root,,3rd,singular,a,tsuhsti tekanvnhv'i
727,uhsti kanvnhv'i,hsti kanvnhv'i,root,,3rd,singular,b,tsuhsti tekanvnhv'i
727,uhsti kanvnhv'i,'hsti kanvnhv'i,root,,3rd,singular,b,tsuhsti tekanvnhv'i
727,uhsti kanvnhv'i,ahsti kanvnhv'i,root,,3rd,singular,b,tsuhsti tekanvnhv'i
728,uhstineka'lv'i,uhstineka'lv',agentive,imperfective,,,,
728,uhstineka'lv'i,uhstineka'lv',agentive,imperfective,3rd,singular,a,
728,uhstineka'lv'i,hstineka'lv',agentive,imperfective,3rd,singular,b,
728,uhstineka'lv'i,'hstineka'lv',agentive,imperfective,3rd,singular,b,
728,uhstineka'lv'i,ahstineka'lv',agentive,imperfective,3rd,singular,b,
728,uhstineka'lv'i,uhstineka'l,completive,perfective,,,,
728,uhstineka'lv'i,uhstineka'l,completive,perfective,3rd,singular,a,
728,uhstineka'lv'i,hstineka'l,completive,perfective,3rd,singular,b,
728,uhstineka'lv'i,'hstineka'l,completive,perfective,3rd,singular,b,
728,uhstineka'lv'i,ahstineka'l,completive,perfective,3rd,singular,b,
728,uhstineka'lv'i,uhstineka'l,incompletive,imperfective,,,,
728,uhstineka'lv'i,uhstineka'l,incompletive,imperfective,3rd,singular,a,
728,uhstineka'lv'i,hstineka'l,incompletive,imperfective,3rd,singular,b,
728,uhstineka'lv'i,'hstineka'l,incompletive,imperfective,3rd,singular,b,
728,uhstineka'lv'i,ahstineka'l,incompletive,imperfective,3rd,singular,b,
728,uhstineka'lv'i,uhstineka'lv'i,root,,,,,
728,uhstineka'lv'i,uhstineka'lv'i,root,,3rd,singular,a,
728,uhstineka'lv'i,hstineka'lv'i,root,,3rd,singular,b,
728,uhstineka'lv'i,'hstineka'lv'i,root,,3rd,singular,b,
728,uhstineka'lv'i,ahstineka'lv'i,root,,3rd,singular,b,
729,uhskwolhi',uhskwolhi',root,,,,,
729,uhskwolhi',uhskwolhi',root,,3rd,singular,a,
729,uhskwolhi',hskwolhi',root,,3rd,singular,b,
729,uhskwolhi','hskwolhi',root,,3rd,singular,b,
729,uhskwolhi',ahskwolhi',root,,3rd,singular,b,
730,uhskha,uhskha,root,,,,,tsuhskha
730,uhskha,uhskha,root,,3rd,singular,a,tsuhskha
730,uhskha,hskha,root,,3rd,singular,b,tsuhskha
730,uhskha,'hskha,root,,3rd,singular,b,tsuhskha
730,uhskha,ahskha,root,,3rd,singular,b,tsuhskha
731,uhskholi,uhskhol,agentive,imperfective,,,,tsuhskholi
731,uhskholi,uhskhol,agentive,imperfective,3rd,singular,a,tsuhskholi
731,uhskholi,hskhol,agentive,imperfective,3rd,singular,b,tsuhskholi
731,uhskholi,'hskhol,agentive,imperfective,3rd,singular,b,tsuhskholi
731,uhskholi,ahskhol,agentive,imperfective,3rd,singular,b,tsuhskholi
731,uhskholi,uhskholi,root,,,,,tsuhskholi
731,uhskholi,uhskholi,root,,3rd,singular,a,tsuhskholi
731,uhskholi,hskholi,root,,3rd,singular,b,tsuhskholi
731,uhskholi,'hskholi,root,,3rd,singular,b,tsuhskholi
731,uhskholi,ahskholi,root,,3rd,singular,b,tsuhskholi
732,uhsthihkv'i,uhsthihkv',agentive,imperfective,,,,
732,uhsthihkv'i,uhsthihkv',agentive,imperfective,3rd,singular,a,
732,uhsthihkv'i,hsthihkv',agentive,imperfective,3rd,singular,b,
732,uhsthihkv'i,'hsthihkv',agentive,imperfective,3rd,singular,b,
732,uhsthihkv'i,ahsthihkv',agentive,imperfective,3rd,singular,b,
732,uhsthihkv'i,uhsthihk,completive,perfective,,,,
732,uhsthihkv'i,uhsthihk,completive,perfective,3rd,singular,a,
732,uhsthihkv'i,hsthihk,completive,perfective,3rd,singular,b,
732,uhsthihkv'i,'hsthihk,completive,perfective,3rd,singular,b,
732,uhsthihkv'i,ahsthihk,completive,perfective,3rd,singular,b,
732,uhsthihkv'i,uhsthihk,incompletive,imperfective,,,,
732,uhsthihkv'i,uhsthihk,incompletive,imperfective,3rd,singular,a,
732,uhsthihkv'i,hsthihk,incompletive,imperfective,3rd,singular,b,
732,uhsthihkv'i,'hsthihk,incompletive,imperfective,3rd,singular,b,
732,uhsthihkv'i,ahsthihk,incompletive,imperfective,3rd,singular,b,
732,uhsthihkv'i,uhsthihkv'i,root,,,,,
732,uhsthihkv'i,uhsthihkv'i,root,,3rd,singular,a,
732,uhsthihkv'i,hsthihkv'i,root,,3rd,singular,b,
732,uhsthihkv'i,'hsthihkv'i,root,,3rd,singular,b,
732,uhsthihkv'i,ahsthihkv'i,root,,3rd,singular,b,
733,uhsuhkalhv'i,uhsuhkalhv',agentive,imperfective,,,,tuhsuhkalhv'i
733,uhsuhkalhv'i,uhsuhkalhv',agentive,imperfective,3rd,singular,a,tuhsuhkalhv'i
733,uhsuhkalhv'i,hsuhkalhv',agentive,imperfective,3rd,singular,b,tuhsuhkalhv'i
733,uhsuhkalhv'i,'hsuhkalhv',agentive,imperfective,3rd,singular,b,tuhsuhkalhv'i
733,uhsuhkalhv'i,ahsuhkalhv',agentive,imperfective,3rd,singular,b,tuhsuhkalhv'i
733,uhsuhkalhv'i,uhsuhkalh,completive,perfective,,,,tuhsuhkalhv'i
733,uhsuhkalhv'i,uhsuhkalh,completive,perfective,3rd,singular,a,tuhsuhkalhv'i
733,uhsuhkalhv'i,hsuhkalh,completive,perfective,3rd,singular,b,tuhsuhkalhv'i
733,uhsuhkalhv'i,'hsuhkalh,completive,perfective,3rd,singular,b,tuhsuhkalhv'i
733,uhsuhkalhv'i,ahsuhkalh,completive,perfective,3rd,singular,b,tuhsuhkalhv'i
733,uhsuhkalhv'i,uhsuhkalh,incompletive,imperfective,,,,tuhsuhkalhv'i
733,uhsuhkalhv'i,uhsuhkalh,incompletive,imperfective,3rd,singular,a,tuhsuhkalhv'i
733,uhsuhkalhv'i,hsuhkalh,incompletive,imperfective,3rd,singular,b,tuhsuhkalhv'i
733,uhsuhkalhv'i,'hsuhkalh,incompletive,imperfective,3rd,singular,b,tuhsuhkalhv'i
733,uhsuhkalhv'i,ahsuhkalh,incompletive,imperfective,3rd,singular,b,tuhsuhkalhv'i
733,uhsuhkalhv'i,uhsuhkalhv'i,root,,,,,tuhsuhkalhv'i
733,uhsuhkalhv'i,uhsuhkalhv'i,root,,3rd,singular,a,tuhsuhkalhv'i
733,uhsuhkalhv'i,hsuhkalhv'i,root,,3rd,singular,b,tuhsuhkalhv'i
733,uhsuhkalhv'i,'hsuhkalhv'i,root,,3rd,singular,b,tuhsuhkalhv'i
733,uhsuhkalhv'i,ahsuhkalhv'i,root,,3rd,singular,b,tuhsuhkalhv'i
734,uhsulo,uhsulo,root,,,,,tsuhsulo
734,uhsulo,uhsulo,root,,3rd,singular,a,tsuhsulo
734,uhsulo,hsulo,root,,3rd,singular,b,tsuhsulo
734,uhsulo,'hsulo,root,,3rd,singular,b,tsuhsulo
734,uhsulo,ahsulo,root,,3rd,singular,b,tsuhsulo
735,uhsvtena,uhsvtena,root,,,,,tsuhsvtena
735,uhsvtena,uhsvtena,root,,3rd,singular,a,tsuhsvtena
735,uhsvtena,hsvtena,root,,3rd,singular,b,tsuhsvtena
735,uhsvtena,'hsvtena,root,,3rd,singular,b,tsuhsvtena
735,uhsvtena,ahsvtena,root,,3rd,singular,b,tsuhsvtena
736,uhsvtoni,uhsvton,agentive,imperfective,,,,tsuhsvtoni
736,uhsvtoni,uhsvton,agentive,imperfective,3rd,singular,a,tsuhsvtoni
736,uhsvtoni,hsvton,agentive,imperfective,3rd,singular,b,tsuhsvtoni
736,uhsvtoni,'hsvton,agentive,imperfective,3rd,singular,b,tsuhsvtoni
736,uhsvtoni,ahsvton,agentive,imperfective,3rd,singular,b,tsuhsvtoni
736,uhsvtoni,uhsvtoni,root,,,,,tsuhsvtoni
736,uhsvtoni,uhsvtoni,root,,3rd,singular,a,tsuhsvtoni
736,uhsvtoni,hsvtoni,root,,3rd,singular,b,tsuhsvtoni
736,uhsvtoni,'hsvtoni,root,,3rd,singular,b,tsuhsvtoni
736,uhsvtoni,ahsvtoni,root,,3rd,singular,b,tsuhsvtoni
737,uhsv'i,uhsv',agentive,imperfective,,,,
737,uhsv'i,uhsv',agentive,imperfective,3rd,singular,a,
737,uhsv'i,hsv',agentive,imperfective,3rd,singular,b,
737,uhsv'i,'hsv',agentive,imperfective,3rd,singular,b,
737,uhsv'i,ahsv',agentive,imperfective,3rd,singular,b,
737,uhsv'i,uhs,completive,perfective,,,,
737,uhsv'i,uhs,completive,perfective,3rd,singular,a,
737,uhsv'i,hs,completive,perfective,3rd,singular,b,
737,uhsv'i,'hs,completive,perfective,3rd,singular,b,
737,uhsv'i,ahs,completive,perfective,3rd,singular,b,
737,uhsv'i,uhs,incompletive,imperfective,,,,
737,uhsv'i,uhs,incompletive,imperfective,3rd,singular,a,
737,uhsv'i,hs,incompletive,imperfective,3rd,singular,b,
737,uhsv'i,'hs,incompletive,imperfective,3rd,singular,b,
737,uhsv'i,ahs,incompletive,imperfective,3rd,singular,b,
737,uhsv'i,uhsv'i,root,,,,,
737,uhsv'i,uhsv'i,root,,3rd,singular,a,
737,uhsv'i,hsv'i,root,,3rd,singular,b,
737,uhsv'i,'hsv'i,root,,3rd,singular,b,
737,uhsv'i,ahsv'i,root,,3rd,singular,b,
738,uthanolvta,uthanolvta,root,,,,,
738,uthanolvta,uthanolvta,root,,3rd,singular,a,
738,uthanolvta,thanolvta,root,,3rd,singular,b,
738,uthanolvta,'thanolvta,root,,3rd,singular,b,
738,uthanolvta,athanolvta,root,,3rd,singular,b,
739,uthiyvnhv'i,uthiyvnhv',agentive,imperfective,,,,
739,uthiyvnhv'i,uthiyvnhv',agentive,imperfective,3rd,singular,a,
739,uthiyvnhv'i,thiyvnhv',agentive,imperfective,3rd,singular,b,
739,uthiyvnhv'i,'thiyvnhv',agentive,imperfective,3rd,singular,b,
739,uthiyvnhv'i,athiyvnhv',agentive,imperfective,3rd,singular,b,
739,uthiyvnhv'i,uthiyvnh,completive,perfective,,,,
739,uthiyvnhv'i,uthiyvnh,completive,perfective,3rd,singular,a,
739,uthiyvnhv'i,thiyvnh,completive,perfective,3rd,singular,b,
739,uthiyvnhv'i,'thiyvnh,completive,perfective,3rd,singular,b,
739,uthiyvnhv'i,athiyvnh,completive,perfective,3rd,singular,b,
739,uthiyvnhv'i,uthiyvnh,incompletive,imperfective,,,,
739,uthiyvnhv'i,uthiyvnh,incompletive,imperfective,3rd,singular,a,
739,uthiyvnhv'i,thiyvnh,incompletive,imperfective,3rd,singular,b,
739,uthiyvnhv'i,'thiyvnh,incompletive,imperfective,3rd,singular,b,
739,uthiyvnhv'i,athiyvnh,incompletive,imperfective,3rd,singular,b,
739,uthiyvnhv'i,uthiyvnhv'i,root,,,,,
739,uthiyvnhv'i,uthiyvnhv'i,root,,3rd,singular,a,
739,uthiyvnhv'i,thiyvnhv'i,root,,3rd,singular,b,
739,uthiyvnhv'i,'thiyvnhv'i,root,,3rd,singular,b,
739,uthiyvnhv'i,athiyvnhv'i,root,,3rd,singular,b,
740,utskwalvthv'i,utskwalvthv',agentive,imperfective,,,,
740,utskwalvthv'i,utskwalvthv',agentive,imperfective,3rd,singular,a,
740,utskwalvthv'i,tskwalvthv',agentive,imperfective,3rd,singular,b,
740,utskwalvthv'i,'tskwalvthv',agentive,imperfective,3rd,singular,b,
740,utskwalvthv'i,atskwalvthv',agentive,imperfective,3rd,singular,b,
740,utskwalvthv'i,utskwalvth,completive,perfective,,,,
740,utskwalvthv'i,utskwalvth,completive,perfective,3rd,singular,a,
740,utskwalvthv'i,tskwalvth,completive,perfective,3rd,singular,b,
740,utskwalvthv'i,'tskwalvth,completive,perfective,3rd,singular,b,
740,utskwalvthv'i,atskwalvth,completive,perfective,3rd,singular,b,
740,utskwalvthv'i,utskwalvth,incompletive,imperfective,,,,
740,utskwalvthv'i,utskwalvth,incompletive,imperfective,3rd,singular,a,
740,utskwalvthv'i,tskwalvth,incompletive,imperfective,3rd,singular,b,
740,utskwalvthv'i,'tskwalvth,incompletive,imperfective,3rd,singular,b,
740,utskwalvthv'i,atskwalvth,incompletive,imperfective,3rd,singular,b,
740,utskwalvthv'i,utskwalvthv'i,root,,,,,
740,utskwalvthv'i,utskwalvthv'i,root,,3rd,singular,a,
740,utskwalvthv'i,tskwalvthv'i,root,,3rd,singular,b,
740,utskwalvthv'i,'tskwalvthv'i,root,,3rd,singular,b,
740,utskwalvthv'i,atskwalvthv'i,root,,3rd,singular,b,
741,tutskwalvthv'i,tutskwalvthv',agentive,imperfective,,,,
741,tutskwalvthv'i,tutskwalvth,completive,perfective,,,,
741,tutskwalvthv'i,tutskwalvth,incompletive,imperfective,,,,
741,tutskwalvthv'i,tutskwalvthv'i,root,,,,,
742,uthuki,uthuk,agentive,imperfective,,,,
742,uthuki,uthuk,agentive,imperfective,3rd,singular,a,
742,uthuki,thuk,agentive,imperfective,3rd,singular,b,
742,uthuki,'thuk,agentive,imperfective,3rd,singular,b,
742,uthuki,athuk,agentive,imperfective,3rd,singular,b,
742,uthuki,uthuki,root,,,,,
742,uthuki,uthuki,root,,3rd,singular,a,
742,uthuki,thuki,root,,3rd,singular,b,
742,uthuki,'thuki,root,,3rd,singular,b,
742,uthuki,athuki,root,,3rd,singular,b,
743,uthvhihsti,uthvhihst,agentive,imperfective,,,,tsunathvhihsti
743,uthvhihsti,uthvhihst,agentive,imperfective,3rd,singular,a,tsunathvhihsti
743,uthvhihsti,thvhihst,agentive,imperfective,3rd,singular,b,tsunathvhihsti
743,uthvhihsti,'thvhihst,agentive,imperfective,3rd,singular,b,tsunathvhihsti
743,uthvhihsti,athvhihst,agentive,imperfective,3rd,singular,b,tsunathvhihsti
743,uthvhihsti,uthvhihsti,root,,,,,tsunathvhihsti
743,uthvhihsti,uthvhihsti,root,,3rd,singular,a,tsunathvhihsti
743,uthvhihsti,thvhihsti,root,,3rd,singular,b,tsunathvhihsti
743,uthvhihsti,'thvhihsti,root,,3rd,singular,b,tsunathvhihsti
743,uthvhihsti,athvhihsti,root,,3rd,singular,b,tsunathvhihsti
744,uthvhsonhv'i,uthvhsonhv',agentive,imperfective,,,,tsunathvhsonhv'i
744,uthvhsonhv'i,uthvhsonhv',agentive,imperfective,3rd,singular,a,tsunathvhsonhv'i
744,uthvhsonhv'i,thvhsonhv',agentive,imperfective,3rd,singular,b,tsunathvhsonhv'i
744,uthvhsonhv'i,'thvhsonhv',agentive,imperfective,3rd,singular,b,tsunathvhsonhv'i
744,uthvhsonhv'i,athvhsonhv',agentive,imperfective,3rd,singular,b,tsunathvhsonhv'i
744,uthvhsonhv'i,uthvhsonh,completive,perfective,,,,tsunathvhsonhv'i
744,uthvhsonhv'i,uthvhsonh,completive,perfective,3rd,singular,a,tsunathvhsonhv'i
744,uthvhsonhv'i,thvhsonh,completive,perfective,3rd,singular,b,tsunathvhsonhv'i
744,uthvhsonhv'i,'thvhsonh,completive,perfective,3rd,singular,b,tsunathvhsonhv'i
744,uthvhsonhv'i,athvhsonh,completive,perfective,3rd,singular,b,tsunathvhsonhv'i
744,uthvhsonhv'i,uthvhsonh,incompletive,imperfective,,,,tsunathvhsonhv'i
744,uthvhsonhv'i,uthvhsonh,incompletive,imperfective,3rd,singular,a,tsunathvhsonhv'i
744,uthvhsonhv'i,thvhsonh,incompletive,imperfective,3rd,singular,b,tsunathvhsonhv'i
744,uthvhsonhv'i,'thvhsonh,incompletive,imperfective,3rd,singular,b,tsunathvhsonhv'i
744,uthvhsonhv'i,athvhsonh,incompletive,imperfective,3rd,singular,b,tsunathvhsonhv'i
744,uthvhsonhv'i,uthvhsonhv'i,root,,,,,tsunathvhsonhv'i
744,uthvhsonhv'i,uthvhsonhv'i,root,,3rd,singular,a,tsunathvhsonhv'i
744,uthvhsonhv'i,thvhsonhv'i,root,,3rd,singular,b,tsunathvhsonhv'i
744,uthvhsonhv'i,'thvhsonhv'i,root,,3rd,singular,b,tsunathvhsonhv'i
744,uthvhsonhv'i,athvhsonhv'i,root,,3rd,singular,b,tsunathvhsonhv'i
745,uwa'ilhv'i,uwa'ilhv',agentive,imperfective,,,,tuwa'ilhv'i
745,uwa'ilhv'i,uwa'ilhv',agentive,imperfective,3rd,singular,a,tuwa'ilhv'i
745,uwa'ilhv'i,wa'ilhv',agentive,imperfective,3rd,singular,b,tuwa'ilhv'i
745,uwa'ilhv'i,'wa'ilhv',agentive,imperfective,3rd,singular,b,tuwa'ilhv'i
745,uwa'ilhv'i,:'ilhv',agentive,imperfective,3rd,singular,b,tuwa'ilhv'i
745,uwa'ilhv'i,awa'ilhv',agentive,imperfective,3rd,singular,b,tuwa'ilhv'i
745,uwa'ilhv'i,uwa'ilh,completive,perfective,,,,tuwa'ilhv'i
745,uwa'ilhv'i,uwa'ilh,completive,perfective,3rd,singular,a,tuwa'ilhv'i
745,uwa'ilhv'i,wa'ilh,completive,perfective,3rd,singular,b,tuwa'ilhv'i
745,uwa'ilhv'i,'wa'ilh,completive,perfective,3rd,singular,b,tuwa'ilhv'i
745,uwa'ilhv'i,:'ilh,completive,perfective,3rd,singular,b,tuwa'ilhv'i
745,uwa'ilhv'i,awa'ilh,completive,perfective,3rd,singular,b,tuwa'ilhv'i
745,uwa'ilhv'i,uwa'ilh,incompletive,imperfective,,,,tuwa'ilhv'i
745,uwa'ilhv'i,uwa'ilh,incompletive,imperfective,3rd,singular,a,tuwa'ilhv'i
745,uwa'ilhv'i,wa'ilh,incompletive,imperfective,3rd,singular,b,tuwa'ilhv'i
745,uwa'ilhv'i,'wa'ilh,incompletive,imperfective,3rd,singular,b,tuwa'ilhv'i
745,uwa'ilhv'i,:'ilh,incompletive,imperfective,3rd,singular,b,tuwa'ilhv'i
745,uwa'ilhv'i,awa'ilh,incompletive,imperfective,3rd,singular,b,tuwa'ilhv'i
745,uwa'ilhv'i,uwa'ilhv'i,root,,,,,tuwa'ilhv'i
745,uwa'ilhv'i,uwa'ilhv'i,root,,3rd,singular,a,tuwa'ilhv'i
745,uwa'ilhv'i,wa'ilhv'i,root,,3rd,singular,b,tuwa'ilhv'i
745,uwa'ilhv'i,'wa'ilhv'i,root,,3rd,singular,b,tuwa'ilhv'i
745,uwa'ilhv'i,:'ilhv'i,root,,3rd,singular,b,tuwa'ilhv'i
745,uwa'ilhv'i,awa'ilhv'i,root,,3rd,singular,b,tuwa'ilhv'i
746,uwatsihskalhv'i,uwatsihskalhv',agentive,imperfective,,,,
746,uwatsihskalhv'i,uwatsihskalhv',agentive,imperfective,3rd,singular,a,
746,uwatsihskalhv'i,watsihskalhv',agentive,imperfective,3rd,singular,b,
746,uwatsihskalhv'i,'watsihskalhv',agentive,imperfective,3rd,singular,b,
746,uwatsihskalhv'i,:tsihskalhv',agentive,imperfective,3rd,singular,b,
746,uwatsihskalhv'i,awatsihskalhv',agentive,imperfective,3rd,singular,b,
746,uwatsihskalhv'i,uwatsihskalh,completive,perfective,,,,
746,uwatsihskalhv'i,uwatsihskalh,completive,perfective,3rd,singular,a,
746,uwatsihskalhv'i,watsihskalh,completive,perfective,3rd,singular,b,
746,uwatsihskalhv'i,'watsihskalh,completive,perfective,3rd,singular,b,
746,uwatsihskalhv'i,:tsihskalh,completive,perfective,3rd,singular,b,
746,uwatsihskalhv'i,awatsihskalh,completive,perfective,3rd,singular,b,
746,uwatsihskalhv'i,uwatsihskalh,incompletive,imperfective,,,,
746,uwatsihskalhv'i,uwatsihskalh,incompletive,imperfective,3rd,singular,a,
746,uwatsihskalhv'i,watsihskalh,incompletive,imperfective,3rd,singular,b,
746,uwatsihskalhv'i,'watsihskalh,incompletive,imperfective,3rd,singular,b,
746,uwatsihskalhv'i,:tsihskalh,incompletive,imperfective,3rd,singular,b,
746,uwatsihskalhv'i,awatsihskalh,incompletive,imperfective,3rd,singular,b,
746,uwatsihskalhv'i,uwatsihskalhv'i,root,,,,,
746,uwatsihskalhv'i,uwatsihskalhv'i,root,,3rd,singular,a,
746,uwatsihskalhv'i,watsihskalhv'i,root,,3rd,singular,b,
746,uwatsihskalhv'i,'watsihskalhv'i,root,,3rd,singular,b,
746,uwatsihskalhv'i,:tsihskalhv'i,root,,3rd,singular,b,
746,uwatsihskalhv'i,awatsihskalhv'i,root,,3rd,singular,b,
747,uwa'ni,uwa'n,agentive,imperfective,,,,
747,uwa'ni,uwa'n,agentive,imperfective,3rd,singular,a,
747,uwa'ni,wa'n,agentive,imperfective,3rd,singular,b,
747,uwa'ni,'wa'n,agentive,imperfective,3rd,singular,b,
747,uwa'ni,:'n,agentive,imperfective,3rd,singular,b,
747,uwa'ni,awa'n,agentive,imperfective,3rd,singular,b,
747,uwa'ni,uwa'ni,root,,,,,
747,uwa'ni,uwa'ni,root,,3rd,singular,a,
747,uwa'ni,wa'ni,root,,3rd,singular,b,
747,uwa'ni,'wa'ni,root,,3rd,singular,b,
747,uwa'ni,:'ni,root,,3rd,singular,b,
747,uwa'ni,awa'ni,root,,3rd,singular,b,
748,uwanikalhv'i,uwanikalhv',agentive,imperfective,,,,tuwanikalhv'i
748,uwanikalhv'i,uwanikalhv',agentive,imperfective,3rd,singular,a,tuwanikalhv'i
748,uwanikalhv'i,wanikalhv',agentive,imperfective,3rd,singular,b,tuwanikalhv'i
748,uwanikalhv'i,'wanikalhv',agentive,imperfective,3rd,singular,b,tuwanikalhv'i
748,uwanikalhv'i,:nikalhv',agentive,imperfective,3rd,singular,b,tuwanikalhv'i
748,uwanikalhv'i,awanikalhv',agentive,imperfective,3rd,singular,b,tuwanikalhv'i
748,uwanikalhv'i,uwanikalh,completive,perfective,,,,tuwanikalhv'i
748,uwanikalhv'i,uwanikalh,completive,perfective,3rd,singular,a,tuwanikalhv'i
748,uwanikalhv'i,wanikalh,completive,perfective,3rd,singular,b,tuwanikalhv'i
748,uwanikalhv'i,'wanikalh,completive,perfective,3rd,singular,b,tuwanikalhv'i
748,uwanikalhv'i,:nikalh,completive,perfective,3rd,singular,b,tuwanikalhv'i
748,uwanikalhv'i,awanikalh,completive,perfective,3rd,singular,b,tuwanikalhv'i
748,uwanikalhv'i,uwanikalh,incompletive,imperfective,,,,tuwanikalhv'i
748,uwanikalhv'i,uwanikalh,incompletive,imperfective,3rd,singular,a,tuwanikalhv'i
748,uwanikalhv'i,wanikalh,incompletive,imperfective,3rd,singular,b,tuwanikalhv'i
748,uwanikalhv'i,'wanikalh,incompletive,imperfective,3rd,singular,b,tuwanikalhv'i
748,uwanikalhv'i,:nikalh,incompletive,imperfective,3rd,singular,b,tuwanikalhv'i
748,uwanikalhv'i,awanikalh,incompletive,imperfective,3rd,singular,b,tuwanikalhv'i
748,uwanikalhv'i,uwanikalhv'i,root,,,,,tuwanikalhv'i
748,uwanikalhv'i,uwanikalhv'i,root,,3rd,singular,a,tuwanikalhv'i
748,uwanikalhv'i,wanikalhv'i,root,,3rd,singular,b,tuwanikalhv'i
748,uwanikalhv'i,'wanikalhv'i,root,,3rd,singular,b,tuwanikalhv'i
748,uwanikalhv'i,:nikalhv'i,root,,3rd,singular,b,tuwanikalhv'i
748,uwanikalhv'i,awanikalhv'i,root,,3rd,singular,b,tuwanikalhv'i
749,uwetsi,uwets,agentive,imperfective,,,,tsuwetsi
749,uwetsi,uwets,agentive,imperfective,3rd,singular,a,tsuwetsi
749,uwetsi,wets,agentive,imperfective,3rd,singular,b,tsuwetsi
749,uwetsi,'wets,agentive,imperfective,3rd,singular,b,tsuwetsi
749,uwetsi,awets,agentive,imperfective,3rd,singular,b,tsuwetsi
749,uwetsi,ets,agentive,imperfective,3rd,singular,b,tsuwetsi
749,uwetsi,uwetsi,root,,,,,tsuwetsi
749,uwetsi,uwetsi,root,,3rd,singular,a,tsuwetsi
749,uwetsi,wetsi,root,,3rd,singular,b,tsuwetsi
749,uwetsi,'wetsi,root,,3rd,singular,b,tsuwetsi
749,uwetsi,awetsi,root,,3rd,singular,b,tsuwetsi
749,uwetsi,etsi,root,,3rd,singular,b,tsuwetsi
750,uwetsi,uwets,agentive,imperfective,,,,tsuwetsi
750,uwetsi,uwets,agentive,imperfective,3rd,singular,a,tsuwetsi
750,uwetsi,wets,agentive,imperfective,3rd,singular,b,tsuwetsi
750,uwetsi,'wets,agentive,imperfective,3rd,singular,b,tsuwetsi
750,uwetsi,awets,agentive,imperfective,3rd,singular,b,tsuwetsi
750,uwetsi,ets,agentive,imperfective,3rd,singular,b,tsuwetsi
750,uwetsi,uwetsi,root,,,,,tsuwetsi
750,uwetsi,uwetsi,root,,3rd,singular,a,tsuwetsi
750,uwetsi,wetsi,root,,3rd,singular,b,tsuwetsi
750,uwetsi,'wetsi,root,,3rd,singular,b,tsuwetsi
750,uwetsi,awetsi,root,,3rd,singular,b,tsuwetsi
750,uwetsi,etsi,root,,3rd,singular,b,tsuwetsi
751,uwetsi atshutsa,uwetsi atshutsa,root,,,,,tsuwetsi anitshutsa
751,uwetsi atshutsa,uwetsi atshutsa,root,,3rd,singular,a,tsuwetsi anitshutsa
751,uwetsi atshutsa,wetsi atshutsa,root,,3rd,singular,b,tsuwetsi anitshutsa
751,uwetsi atshutsa,'wetsi atshutsa,root,,3rd,singular,b,tsuwetsi anitshutsa
751,uwetsi atshutsa,awetsi atshutsa,root,,3rd,singular,b,tsuwetsi anitshutsa
751,uwetsi atshutsa,etsi atshutsa,root,,3rd,singular,b,tsuwetsi anitshutsa
752,uwetsi akeyha,uwetsi akeyha,root,,,,,tsuwetsi anikeyha
752,uwetsi akeyha,uwetsi akeyha,root,,3rd,singular,a,tsuwetsi anikeyha
752,uwetsi akeyha,wetsi akeyha,root,,3rd,singular,b,tsuwetsi anikeyha
752,uwetsi akeyha,'wetsi akeyha,root,,3rd,singular,b,tsuwetsi anikeyha
752,uwetsi akeyha,awetsi akeyha,root,,3rd,singular,b,tsuwetsi anikeyha
752,uwetsi akeyha,etsi akeyha,root,,3rd,singular,b,tsuwetsi anikeyha
753,uwetsi akeyhutsa,uwetsi akeyhutsa,root,,,,,tsuwetsi anikeyhutsa
753,uwetsi akeyhutsa,uwetsi akeyhutsa,root,,3rd,singular,a,tsuwetsi anikeyhutsa
753,uwetsi akeyhutsa,wetsi akeyhutsa,root,,3rd,singular,b,tsuwetsi anikeyhutsa
753,uwetsi akeyhutsa,'wetsi akeyhutsa,root,,3rd,singular,b,tsuwetsi anikeyhutsa
753,uwetsi akeyhutsa,awetsi akeyhutsa,root,,3rd,singular,b,tsuwetsi anikeyhutsa
753,uwetsi akeyhutsa,etsi akeyhutsa,root,,3rd,singular,b,tsuwetsi anikeyhutsa
754,uwetsi ahskaya,uwetsi ahskaya,root,,,,,tsuwetsi anihskaya
754,uwetsi ahskaya,uwetsi ahskaya,root,,3rd,singular,a,tsuwetsi anihskaya
754,uwetsi ahskaya,wetsi ahskaya,root,,3rd,singular,b,tsuwetsi anihskaya
754,uwetsi ahskaya,'wetsi ahskaya,root,,3rd,singular,b,tsuwetsi anihskaya
754,uwetsi ahskaya,awetsi ahskaya,root,,3rd,singular,b,tsuwetsi anihskaya
754,uwetsi ahskaya,etsi ahskaya,root,,3rd,singular,b,tsuwetsi anihskaya
755,uwela,uwela,root,,,,,tsuwela
755,uwela,uwela,root,,3rd,singular,a,tsuwela
755,uwela,wela,root,,3rd,singular,b,tsuwela
755,uwela,'wela,root,,3rd,singular,b,tsuwela
755,uwela,awela,root,,3rd,singular,b,tsuwela
755,uwela,ela,root,,3rd,singular,b,tsuwela
756,uweyv'i,uweyv',agentive,imperfective,,,,tuweyv'i
756,uweyv'i,uweyv',agentive,imperfective,3rd,singular,a,tuweyv'i
756,uweyv'i,weyv',agentive,imperfective,3rd,singular,b,tuweyv'i
756,uweyv'i,'weyv',agentive,imperfective,3rd,singular,b,tuweyv'i
756,uweyv'i,aweyv',agentive,imperfective,3rd,singular,b,tuweyv'i
756,uweyv'i,eyv',agentive,imperfective,3rd,singular,b,tuweyv'i
756,uweyv'i,uwey,completive,perfective,,,,tuweyv'i
756,uweyv'i,uwey,completive,perfective,3rd,singular,a,tuweyv'i
756,uweyv'i,wey,completive,perfective,3rd,singular,b,tuweyv'i
756,uweyv'i,'wey,completive,perfective,3rd,singular,b,tuweyv'i
756,uweyv'i,awey,completive,perfective,3rd,singular,b,tuweyv'i
756,uweyv'i,ey,completive,perfective,3rd,singular,b,tuweyv'i
756,uweyv'i,uwey,incompletive,imperfective,,,,tuweyv'i
756,uweyv'i,uwey,incompletive,imperfective,3rd,singular,a,tuweyv'i
756,uweyv'i,wey,incompletive,imperfective,3rd,singular,b,tuweyv'i
756,uweyv'i,'wey,incompletive,imperfective,3rd,singular,b,tuweyv'i
756,uweyv'i,awey,incompletive,imperfective,3rd,singular,b,tuweyv'i
756,uweyv'i,ey,incompletive,imperfective,3rd,singular,b,tuweyv'i
756,uweyv'i,uweyv'i,root,,,,,tuweyv'i
756,uweyv'i,uweyv'i,root,,3rd,singular,a,tuweyv'i
756,uweyv'i,weyv'i,root,,3rd,singular,b,tuweyv'i
756,uweyv'i,'weyv'i,root,,3rd,singular,b,tuweyv'i
756,uweyv'i,aweyv'i,root,,3rd,singular,b,tuweyv'i
756,uweyv'i,eyv'i,root,,3rd,singular,b,tuweyv'i
757,uwokilhi,uwokilh,agentive,imperfective,,,,
757,uwokilhi,uwokilh,agentive,imperfective,3rd,singular,a,
757,uwokilhi,wokilh,agentive,imperfective,3rd,singular,b,
757,uwokilhi,'wokilh,agentive,imperfective,3rd,singular,b,
757,uwokilhi,awokilh,agentive,imperfective,3rd,singular,b,
757,uwokilhi,okilh,agentive,imperfective,3rd,singular,b,
757,uwokilhi,uwokilhi,root,,,,,
757,uwokilhi,uwokilhi,root,,3rd,singular,a,
757,uwokilhi,wokilhi,root,,3rd,singular,b,
757,uwokilhi,'wokilhi,root,,3rd,singular,b,
757,uwokilhi,awokilhi,root,,3rd,singular,b,
757,uwokilhi,okilhi,root,,3rd,singular,b,
758,uwolha'v'i,uwolha'v',agentive,imperfective,,,,tuwolha'v'i
758,uwolha'v'i,uwolha'v',agentive,imperfective,3rd,singular,a,tuwolha'v'i
758,uwolha'v'i,wolha'v',agentive,imperfective,3rd,singular,b,tuwolha'v'i
758,uwolha'v'i,'wolha'v',agentive,imperfective,3rd,singular,b,tuwolha'v'i
758,uwolha'v'i,awolha'v',agentive,imperfective,3rd,singular,b,tuwolha'v'i
758,uwolha'v'i,olha'v',agentive,imperfective,3rd,singular,b,tuwolha'v'i
758,uwolha'v'i,uwolha',completive,perfective,,,,tuwolha'v'i
758,uwolha'v'i,uwolha',completive,perfective,3rd,singular,a,tuwolha'v'i
758,uwolha'v'i,wolha',completive,perfective,3rd,singular,b,tuwolha'v'i
758,uwolha'v'i,'wolha',completive,perfective,3rd,singular,b,tuwolha'v'i
758,uwolha'v'i,awolha',completive,perfective,3rd,singular,b,tuwolha'v'i
758,uwolha'v'i,olha',completive,perfective,3rd,singular,b,tuwolha'v'i
758,uwolha'v'i,uwolha',incompletive,imperfective,,,,tuwolha'v'i
758,uwolha'v'i,uwolha',incompletive,imperfective,3rd,singular,a,tuwolha'v'i
758,uwolha'v'i,wolha',incompletive,imperfective,3rd,singular,b,tuwolha'v'i
758,uwolha'v'i,'wolha',incompletive,imperfective,3rd,singular,b,tuwolha'v'i
758,uwolha'v'i,awolha',incompletive,imperfective,3rd,singular,b,tuwolha'v'i
758,uwolha'v'i,olha',incompletive,imperfective,3rd,singular,b,tuwolha'v'i
758,uwolha'v'i,uwolha'v'i,root,,,,,tuwolha'v'i
758,uwolha'v'i,uwolha'v'i,root,,3rd,singular,a,tuwolha'v'i
758,uwolha'v'i,wolha'v'i,root,,3rd,singular,b,tuwolha'v'i
758,uwolha'v'i,'wolha'v'i,root,,3rd,singular,b,tuwolha'v'i
758,uwolha'v'i,awolha'v'i,root,,3rd,singular,b,tuwolha'v'i
758,uwolha'v'i,olha'v'i,root,,3rd,singular,b,tuwolha'v'i
759,uwoyeni,uwoyen,agentive,imperfective,,,,tsuwoyeni
759,uwoyeni,uwoyen,agentive,imperfective,3rd,singular,a,tsuwoyeni
759,uwoyeni,woyen,agentive,imperfective,3rd,singular,b,tsuwoyeni
759,uwoyeni,'woyen,agentive,imperfective,3rd,singular,b,tsuwoyeni
759,uwoyeni,awoyen,agentive,imperfective,3rd,singular,b,tsuwoyeni
759,uwoyeni,oyen,agentive,imperfective,3rd,singular,b,tsuwoyeni
759,uwoyeni,uwoyeni,root,,,,,tsuwoyeni
759,uwoyeni,uwoyeni,root,,3rd,singular,a,tsuwoyeni
759,uwoyeni,woyeni,root,,3rd,singular,b,tsuwoyeni
759,uwoyeni,'woyeni,root,,3rd,singular,b,tsuwoyeni
759,uwoyeni,awoyeni,root,,3rd,singular,b,tsuwoyeni
759,uwoyeni,oyeni,root,,3rd,singular,b,tsuwoyeni
760,uyelhti,uyelht,agentive,imperfective,,,,
760,uyelhti,uyelht,agentive,imperfective,3rd,singular,a,
760,uyelhti,yelht,agentive,imperfective,3rd,singular,b,
760,uyelhti,'yelht,agentive,imperfective,3rd,singular,b,
760,uyelhti,ayelht,agentive,imperfective,3rd,singular,b,
760,uyelhti,uyelhti,root,,,,,
760,uyelhti,uyelhti,root,,3rd,singular,a,
760,uyelhti,yelhti,root,,3rd,singular,b,
760,uyelhti,'yelhti,root,,3rd,singular,b,
760,uyelhti,ayelhti,root,,3rd,singular,b,
761,vtali,vtal,agentive,imperfective,,,,
761,vtali,vtal,agentive,imperfective,3rd,singular,a,
761,vtali,vtali,root,,,,,
761,vtali,vtali,root,,3rd,singular,a,
762,vyhuki,vyhuk,agentive,imperfective,,,,
762,vyhuki,vyhuk,agentive,imperfective,3rd,singular,a,
762,vyhuki,vyhuki,root,,,,,
762,vyhuki,vyhuki,root,,3rd,singular,a,
763,vle,vle,root,,,,,
763,vle,vle,root,,3rd,singular,a,
764,Vhskiyhi,Vhskiyh,agentive,imperfective,,,,
764,Vhskiyhi,Vhskiyhi,root,,,,,
765,watatuka,watatuka,root,,,,,
766,watulihsi,watulihs,agentive,imperfective,,,,
766,watulihsi,watulihsi,root,,,,,
767,watuna,watuna,root,,,,,tsuwatuna
768,wahka,wahka,root,,,,,
769,wahka hawiya,wahka hawiya,root,,,,,
770,wahuhi,wahuh,agentive,imperfective,,,,
770,wahuhi,wahuhi,root,,,,,
771,wayha,wayha,root,,,,,wahaya
772,watsi,wats,agentive,imperfective,,,,
772,watsi,watsi,root,,,,,
773,watsila,watsila,root,,,,,
774,walela,walela,root,,,,,
775,walohsi,walohs,agentive,imperfective,,,,
775,walohsi,walohsi,root,,,,,
776,wane'i,wane',agentive,imperfective,,,,
776,wane'i,wane'i,root,,,,,
777,wahsolha,wahsolha,root,,,,,
778,Wahsvta'na,Wahsvta'na,root,,,,,
779,Wahsvtano'i,Wahsvtano',agentive,imperfective,,,,
779,Wahsvtano'i,Wahsvtano'i,root,,,,,
780,wehsa,wehsa,root,,,,,
781,woyi,woy,agentive,imperfective,,,,woya
781,woyi,woyi,root,,,,,woya
782,wutelikv'i,wutelikv',agentive,imperfective,,,,
782,wutelikv'i,wutelik,completive,perfective,,,,
782,wutelikv'i,wutelik,incompletive,imperfective,,,,
782,wutelikv'i,wutelikv'i,root,,,,,
783,wuwakhtv'i,wuwakhtv',agentive,imperfective,,,,wunvkhtv'i
783,wuwakhtv'i,wuwakht,completive,perfective,,,,wunvkhtv'i
783,wuwakhtv'i,wuwakht,incompletive,imperfective,,,,wunvkhtv'i
783,wuwakhtv'i,wuwakhtv'i,root,,,,,wunvkhtv'i
784,yanhsa,yanhsa,root,,,,,
785,yiki,yik,agentive,imperfective,,,,
785,yiki,yiki,root,,,,,
786,yona,yona,root,,,,,
787,yoneka,yoneka,root,,,,,aniyoneka
788,yoneka,yoneka,root,,,,,aniyvwuneka
789,yvwuneka,yvwuneka,root,,,,,aniyoneka
790,yvwuneka,yvwuneka,root,,,,,aniyvwuneka
791,yvki,yvk,agentive,imperfective,,,,
791,yvki,yvki,root,,,,,
792,yvwakihski,yvwakihsk,agentive,imperfective,,,,aniyvwakihski
792,yvwakihski,yvwakihski,root,,,,,aniyvwakihski
