corpus_id,definition,class,mismatch_details
60,he/she is learning,a,"perfective: expected 'utelhohkwa'v'i', got [""utelhohkwv'i""]"
60,he/she is learning,a,"perfective: expected 'utelhohkwa'v'i', got [""utelhohkwv'i""]"
1484,he/she has time,apl,"imperative: expected 'tsatlanvtatihsi', got [""tsatlanvta'hsi""]"
1484,he/she has time,apl,"imperative: expected 'tsatlanvtatihsi', got [""tsatlanvta'hsi""]"
59,he/she is giving him/her it (refers to a long object),apl,"imperative: expected 'hitihsi', got ['hihsi']"
59,he/she is giving him/her it (refers to a long object),apl,"imperative: expected 'hitihsi', got [""hi'si"", 'hihsi', 'hisi']"
1741,he/she is losing it,apl,"imperative: expected 'tsayohuhsi', got ['tsayohuhhsi']"
850,he/she is overtaking him/her,apl,"imperative: expected 'hilo'ihsi', got [""hilo'ihhsi""]"
1040,he/she is saying to him/her,apl,"imperative: expected 'hiyohsi', got ['hiyohhsi']"
395,he/she is showing him/her,apl,"imperative: expected 'hiyahsehihsi', got ['hiyahsehsi']; infinitive: expected 'uhshehti', got ['uhsehehti']"
88,he/she is taking revenge against him/her,apl,"imperative: expected 'hiyatletshihsi', got ['hiyatletshsi']"
88,he/she is taking revenge against him/her,apl,"imperative: expected 'hiyatletshihsi', got ['hiyatletshsi']"
314,he/she is thanking him/her,apl,"imperative: expected 'hiyali'elitshihsi', got [""hiyali'elitshsi""]"
314,he/she is thanking him/her,apl,"imperative: expected 'hiyali'elitshihsi', got [""hiyali'elitshsi""]"
1616,it’s happening to him,apl,"imperative: expected 'tsalhstahsi', got ['tsalhstanhsi']"
1616,it’s happening to him,apl,"imperative: expected 'tsalhstahsi', got ['tsalhstanhsi']"
901,he/she is agitating liquid,apl-active-a,"imperative: expected 'hinhkwa'vla', got [""hinhkwa'a""]; infinitive: expected 'unhkwa'ehti', got [""unhkwa'hti""]"
901,he/she is agitating liquid,apl-active-a,"imperative: expected 'hinhkwa'vla', got [""hinhkwa'a""]; infinitive: expected 'unhkwa'ehti', got [""unhkwa'hti""]"
901,he/she is agitating liquid,apl-active-a,"imperative: expected 'hinhkwa'vla', got [""hinhkwa'a""]; infinitive: expected 'unhkwa'ehti', got [""unhkwa'hti""]"
901,he/she is agitating liquid,apl-active-a,"imperative: expected 'hinhkwa'vla', got [""hinhkwa'a""]; infinitive: expected 'unhkwa'ehti', got [""unhkwa'hti""]"
195,he/she is building a house,apl-active-a,"imperative: expected 'hanhehskvla', got ['hanhehska']; infinitive: expected 'unhehskehti', got ['unhehskhti']"
1249,he/she is fanning him/her,apl-active-a,"imperative: expected 'hinoyvla', got ['hinoya']; infinitive: expected 'unhoyehti', got ['unhoyhti']"
1249,he/she is fanning him/her,apl-active-a,"imperative: expected 'hinoyvla', got ['hinoya']; infinitive: expected 'unhoyehti', got ['unhoyhti']"
16,he/she is fanning himself/herself,apl-active-a,"imperative: expected 'hatanhoyvla', got ['hatanhoya']; infinitive: expected 'utanhoyehti', got ['utanhoyhti']"
16,he/she is fanning himself/herself,apl-active-a,"imperative: expected 'hatanhoyvla', got ['hatanhoya']; infinitive: expected 'utanhoyehti', got ['utanhoyhti']"
16,he/she is fanning himself/herself,apl-active-a,"imperative: expected 'hatanhoyvla', got ['hatanhoya']; infinitive: expected 'utanhoyehti', got ['utanhoyhti']"
16,he/she is fanning himself/herself,apl-active-a,"imperative: expected 'hatanhoyvla', got ['hatanhoya']; infinitive: expected 'utanhoyehti', got ['utanhoyhti']"
27,he/she is looking at himself/herself in a mirror,apl-active-a,"imperative: expected 'hatakhvla', got ['hatakha']; infinitive: expected 'utakhehti', got ['utakhhti']"
27,he/she is looking at himself/herself in a mirror,apl-active-a,"imperative: expected 'hatakhvla', got ['hatakha']; infinitive: expected 'utakhehti', got ['utakhhti']"
27,he/she is looking at himself/herself in a mirror,apl-active-a,"imperative: expected 'hatakhvla', got ['hatakha']; infinitive: expected 'utakhehti', got ['utakhhti']"
27,he/she is looking at himself/herself in a mirror,apl-active-a,"imperative: expected 'hatakhvla', got ['hatakha']; infinitive: expected 'utakhehti', got ['utakhhti']"
552,he/she is rocking,apl-active-a,"imperative: expected 'thalhihkvla', got ['thalhihka', 'tihalhihka', 'tshalhihka']; infinitive: expected 'tsulhihkehti', got ['tiulhihkhti', 'tsulhihkhti', 'tulhihkhti']"
453,he/she is stirring it,apl-active-a,"imperative: expected 'hahsuyvla', got ['hahsuya']; infinitive: expected 'uhsuyehti', got ['uhsuyhti']"
1531,he/she is yawning,apl-active-a,"imperative: expected 'tsahalhokvla', got ['tsahalhoka']; infinitive: expected 'uhalhokehti', got ['uhalhokhti']"
1484,he/she has time,apl[imp2],"imperative: expected 'tsatlanvtatihsi', got ['tsatlanvtahsi']"
1484,he/she has time,apl[imp2],"imperative: expected 'tsatlanvtatihsi', got ['tsatlanvtahsi']"
1710,he/she is aching,apl[imp2],"imperative: expected 'tsehihstahsi', got ['tsehihsthsi']"
1015,he/she is agreeing with him/her,apl[imp2],"imperative: expected 'hiyo'iyhtahsi', got [""hiyo'iyhthsi""]"
1485,he/she is disbelieving,apl[imp2],"imperative: expected 'tsatlahsithvhsi', got ['tsatlahsithhsi']"
1485,he/she is disbelieving,apl[imp2],"imperative: expected 'tsatlahsithvhsi', got ['tsatlahsithhsi']"
827,he/she is giving him/her a living thing,apl[imp2],"imperative: expected 'hiyakhahsi', got ['hiyakhhsi']"
950,he/she is giving him/her an object (refers to a flexible object),apl[imp2],"imperative: expected 'hinvhsi', got ['hinhsi']"
950,he/she is giving him/her an object (refers to a flexible object),apl[imp2],"imperative: expected 'hinvhsi', got [""hi'nsi"", 'hinhsi', 'hinsi']"
59,he/she is giving him/her it (refers to a long object),apl[imp2],"imperative: expected 'hitihsi', got ['hithsi']"
59,he/she is giving him/her it (refers to a long object),apl[imp2],"imperative: expected 'hitihsi', got [""hi'tsi"", 'hithsi', 'hitsi']"
1536,he/she is lonesome,apl[imp2],"imperative: expected 'tsahihsohtahsi', got ['tsahihsohthsi']"
294,he/she is paying him/her,apl[imp2],"imperative: expected 'hiyakwiyvhsi', got ['hiyakwiyhsi']"
337,he/she is permitting him/her,apl[imp2],"imperative: expected 'hiyalihskolhtahsi', got ['hiyalihskolhthsi']"
337,he/she is permitting him/her,apl[imp2],"imperative: expected 'hiyalihskolhtahsi', got ['hiyalihskolhthsi']"
395,he/she is showing him/her,apl[imp2],"imperative: expected 'hiyahsehihsi', got ['hiyahshsi']; infinitive: expected 'uhshehti', got ['uhsehehti']"
885,he/she is taking liquid from him/her,apl[imp2],"imperative: expected 'hinekihsi', got ['hinekhsi']"
885,he/she is taking liquid from him/her,apl[imp2],"imperative: expected 'hinekihsi', got [""hine'ksi"", 'hinekhsi', 'hineksi']"
88,he/she is taking revenge against him/her,apl[imp2],"imperative: expected 'hiyatletshihsi', got ['hiyatlethsi']"
88,he/she is taking revenge against him/her,apl[imp2],"imperative: expected 'hiyatletshihsi', got ['hiyatlethsi']"
314,he/she is thanking him/her,apl[imp2],"imperative: expected 'hiyali'elitshihsi', got [""hiyali'elithsi""]"
314,he/she is thanking him/her,apl[imp2],"imperative: expected 'hiyali'elitshihsi', got [""hiyali'elithsi""]"
735,he/she is working,apl[imp2],"imperative: expected 'titsalvwhihstahsi', got ['titsalvwhihsthsi', 'tstsalvwhihsthsi', 'ttsalvwhihsthsi']"
1484,he/she has time,apl[imp3],"imperative: expected 'tsatlanvtatihsi', got [""tsatlanvta'tihsi""]"
1484,he/she has time,apl[imp3],"imperative: expected 'tsatlanvtatihsi', got [""tsatlanvta'tihsi""]"
850,he/she is overtaking him/her,apl[imp3],"imperative: expected 'hilo'ihsi', got [""hilo'ihsihsi""]"
395,he/she is showing him/her,apl[imp3],"infinitive: expected 'uhshehti', got ['uhsehehti']"
885,he/she is taking liquid from him/her,apl[imp3],"imperative: expected 'hinekihsi', got [""hineki'ihsi""]"
885,he/she is taking liquid from him/her,apl[imp3],"imperative: expected 'hinekihsi', got [""hineki'i'si"", ""hineki'ihsi"", ""hineki'isi""]"
280,he/she is looking around,be-at,"imperative: expected 'hikhthenaka', got ['hikhthena']"
280,he/she is looking around,be-at,"imperative: expected 'hikhthenaka', got ['hikhthena']"
937,he/she is twisting him/her,be-at,"imperative: expected 'hinutheyaka', got ['hinutheya']"
937,he/she is twisting him/her,be-at,"imperative: expected 'hinutheyaka', got ['hinutheya']"
858,he/she is arriving,become,"infinitive: expected 'uluhihsti', got ['uluhhsti']"
1544,he/she is becoming angry,become,"infinitive: expected 'unhalv'ihsti', got ['unhalvhsti']"
568,he/she is becoming blind,become,"infinitive: expected 'tsukhewa'ihsti', got ['tiukhewahsti', 'tsukhewahsti', 'tukhewahsti']"
568,he/she is becoming blind,become,"infinitive: expected 'tsukhewa'ihsti', got ['tiukhewahsti', 'tsukhewahsti', 'tukhewahsti']"
568,he/she is becoming blind,become,"infinitive: expected 'tsukhewa'ihsti', got ['tiukhewahsti', 'tsukhewahsti', 'tukhewahsti']"
568,he/she is becoming blind,become,"infinitive: expected 'tsukhewa'ihsti', got ['tiukhewahsti', 'tsukhewahsti', 'tukhewahsti']"
1699,he/she is belching,become,"infinitive: expected 'uwakhule'ihsti', got ['uwakhulehsti']"
405,he/she is committing a crime,become,"infinitive: expected 'uhskanvyhsti', got ['uhskanvhsti']"
405,he/she is committing a crime,become,"infinitive: expected 'uhskanvyhsti', got ['uhskanvhsti']"
405,he/she is committing a crime,become,"infinitive: expected 'uhskanvyhsti', got ['uhskanvhsti']"
405,he/she is committing a crime,become,"infinitive: expected 'uhskanvyhsti', got ['uhskanvhsti']"
623,he/she is crossing it (refers to a body of water),become,"infinitive: expected 'tsuwahsohihsti', got ['tiuwahsohhsti', 'tsuwahsohhsti', 'tuwahsohhsti']"
940,he/she is falling from an upright position,become,"infinitive: expected 'unv'ihsti', got ['unvhsti']"
940,he/she is falling from an upright position,become,"infinitive: expected 'unv'ihsti', got ['unvhsti']"
130,he/she is in agony,become,"imperative: expected 'hikilhiyoki', got ['hikiliyoki']"
130,he/she is in agony,become,"imperative: expected 'hikilhiyoki', got ['hikiliyoki']"
1017,he/she is recognizing him/her,become,"infinitive: expected 'uwolhihsti', got ['uwolhhsti']"
400,he/she is reprimanding him/her,become,"infinitive: expected 'uhskayhsti', got ['uhskahsti']"
400,he/she is reprimanding him/her,become,"infinitive: expected 'uhskayhsti', got ['uhskahsti']"
400,he/she is reprimanding him/her,become,"infinitive: expected 'uhskayhsti', got ['uhskahsti']"
400,he/she is reprimanding him/her,become,"infinitive: expected 'uhskayhsti', got ['uhskahsti']"
400,he/she is reprimanding him/her,become,"infinitive: expected 'uhskayhsti', got ['uhskahsti']"
400,he/she is reprimanding him/her,become,"infinitive: expected 'uhskayhsti', got ['uhskahsti']"
400,he/she is reprimanding him/her,become,"infinitive: expected 'uhskayhsti', got ['uhskahsti']"
400,he/she is reprimanding him/her,become,"infinitive: expected 'uhskayhsti', got ['uhskahsti']"
928,he/she is sinking,become,"infinitive: expected 'unoyv'ihsti', got ['unoyvhsti']"
928,he/she is sinking,become,"infinitive: expected 'unoyv'ihsti', got ['unoyvhsti']"
1487,he/she is taking revenge,become,"infinitive: expected 'utle'ihsti', got ['utlehsti']"
1487,he/she is taking revenge,become,"infinitive: expected 'utle'ihsti', got ['utlehsti']"
507,he/she is waking up,become,"infinitive: expected 'uye'ihsti', got ['uyehsti']"
507,he/she is waking up,become,"infinitive: expected 'uye'ihsti', got ['uyehsti']"
968,he/she is whistling,become,"infinitive: expected 'uwahsvnhsti', got ['uwahsvnhhsti']"
1018,he/she understands it,become,"infinitive: expected 'uwolhihsti', got ['uwolhhsti']"
842,it is dying (refers to an animal or plant),become,"imperative: expected 'hiliwhoki', got ['hiliwoki']"
842,it is dying (refers to an animal or plant),become,"imperative: expected 'hiliwhoki', got ['hiliwoki']"
1233,it’s accumulating,become,"infinitive: expected 'unhehkwo'ihsti', got ['unhehkwohsti']"
1233,it’s accumulating,become,"imperative: expected 'hinhehkwoki', got []; infinitive: expected 'unhehkwo'ihsti', got ['unhehkwohsti']"
1233,it’s accumulating,become,"infinitive: expected 'unhehkwo'ihsti', got ['unhehkwohsti']"
1233,it’s accumulating,become,"imperative: expected 'hinhehkwoki', got []; infinitive: expected 'unhehkwo'ihsti', got ['unhehkwohsti']"
1233,it’s accumulating,become,"infinitive: expected 'unhehkwo'ihsti', got ['unhehkwohsti']"
1233,it’s accumulating,become,"imperative: expected 'hinhehkwoki', got []; infinitive: expected 'unhehkwo'ihsti', got ['unhehkwohsti']"
1233,it’s accumulating,become,"infinitive: expected 'unhehkwo'ihsti', got ['unhehkwohsti']"
1233,it’s accumulating,become,"imperative: expected 'hinhehkwoki', got []; infinitive: expected 'unhehkwo'ihsti', got ['unhehkwohsti']"
515,it’s breaking,become,"infinitive: expected 'uyoyhsti', got ['uyohsti']"
515,it’s breaking,become,"infinitive: expected 'uyoyhsti', got ['uyohsti']"
515,it’s breaking,become,"infinitive: expected 'uyoyhsti', got ['uyohsti']"
515,it’s breaking,become,"infinitive: expected 'uyoyhsti', got ['uyohsti']"
416,it’s fading,become,"infinitive: expected 'uhskolvyhsti', got ['uhskolvhsti']"
416,it’s fading,become,"infinitive: expected 'uhskolvyhsti', got ['uhskolvhsti']"
416,it’s fading,become,"infinitive: expected 'uhskolvyhsti', got ['uhskolvhsti']"
416,it’s fading,become,"infinitive: expected 'uhskolvyhsti', got ['uhskolvhsti']"
416,it’s fading,become,"infinitive: expected 'uhskolvyhsti', got ['uhskolvhsti']"
416,it’s fading,become,"infinitive: expected 'uhskolvyhsti', got ['uhskolvhsti']"
416,it’s fading,become,"infinitive: expected 'uhskolvyhsti', got ['uhskolvhsti']"
416,it’s fading,become,"infinitive: expected 'uhskolvyhsti', got ['uhskolvhsti']"
416,it’s fading,become,"infinitive: expected 'uhskolvyhsti', got ['uhskolvhsti']"
416,it’s fading,become,"infinitive: expected 'uhskolvyhsti', got ['uhskolvhsti']"
416,it’s fading,become,"infinitive: expected 'uhskolvyhsti', got ['uhskolvhsti']"
416,it’s fading,become,"infinitive: expected 'uhskolvyhsti', got ['uhskolvhsti']"
423,it’s getting shorter,become,"infinitive: expected 'uhskwaloyhsti', got ['uhskwalohsti']"
423,it’s getting shorter,become,"infinitive: expected 'uhskwaloyhsti', got ['uhskwalohsti']"
423,it’s getting shorter,become,"infinitive: expected 'uhskwaloyhsti', got ['uhskwalohsti']"
423,it’s getting shorter,become,"infinitive: expected 'uhskwaloyhsti', got ['uhskwalohsti']"
423,it’s getting shorter,become,"infinitive: expected 'uhskwaloyhsti', got ['uhskwalohsti']"
423,it’s getting shorter,become,"infinitive: expected 'uhskwaloyhsti', got ['uhskwalohsti']"
423,it’s getting shorter,become,"infinitive: expected 'uhskwaloyhsti', got ['uhskwalohsti']"
423,it’s getting shorter,become,"infinitive: expected 'uhskwaloyhsti', got ['uhskwalohsti']"
94,it’s pouring into a container (refers to liquid),become,"infinitive: expected 'utliyhsti', got ['utlihsti']"
94,it’s pouring into a container (refers to liquid),become,"infinitive: expected 'utliyhsti', got ['utlihsti']"
94,it’s pouring into a container (refers to liquid),become,"infinitive: expected 'utliyhsti', got ['utlihsti']"
94,it’s pouring into a container (refers to liquid),become,"infinitive: expected 'utliyhsti', got ['utlihsti']"
94,it’s pouring into a container (refers to liquid),become,"infinitive: expected 'utliyhsti', got ['utlihsti']"
94,it’s pouring into a container (refers to liquid),become,"infinitive: expected 'utliyhsti', got ['utlihsti']"
94,it’s pouring into a container (refers to liquid),become,"infinitive: expected 'utliyhsti', got ['utlihsti']"
94,it’s pouring into a container (refers to liquid),become,"infinitive: expected 'utliyhsti', got ['utlihsti']"
94,it’s pouring into a container (refers to liquid),become,"infinitive: expected 'utliyhsti', got ['utlihsti']"
94,it’s pouring into a container (refers to liquid),become,"infinitive: expected 'utliyhsti', got ['utlihsti']"
94,it’s pouring into a container (refers to liquid),become,"infinitive: expected 'utliyhsti', got ['utlihsti']"
94,it’s pouring into a container (refers to liquid),become,"infinitive: expected 'utliyhsti', got ['utlihsti']"
94,it’s pouring into a container (refers to liquid),become,"infinitive: expected 'utliyhsti', got ['utlihsti']"
94,it’s pouring into a container (refers to liquid),become,"infinitive: expected 'utliyhsti', got ['utlihsti']"
94,it’s pouring into a container (refers to liquid),become,"infinitive: expected 'utliyhsti', got ['utlihsti']"
94,it’s pouring into a container (refers to liquid),become,"infinitive: expected 'utliyhsti', got ['utlihsti']"
94,it’s pouring into a container (refers to liquid),become,"infinitive: expected 'utliyhsti', got ['utlihsti']"
94,it’s pouring into a container (refers to liquid),become,"infinitive: expected 'utliyhsti', got ['utlihsti']"
94,it’s pouring into a container (refers to liquid),become,"infinitive: expected 'utliyhsti', got ['utlihsti']"
94,it’s pouring into a container (refers to liquid),become,"infinitive: expected 'utliyhsti', got ['utlihsti']"
94,it’s pouring into a container (refers to liquid),become,"infinitive: expected 'utliyhsti', got ['utlihsti']"
94,it’s pouring into a container (refers to liquid),become,"infinitive: expected 'utliyhsti', got ['utlihsti']"
94,it’s pouring into a container (refers to liquid),become,"infinitive: expected 'utliyhsti', got ['utlihsti']"
94,it’s pouring into a container (refers to liquid),become,"infinitive: expected 'utliyhsti', got ['utlihsti']"
75,it’s scattering,become,"infinitive: expected 'utikaleyoyhsti', got ['utikaleyohsti']"
75,it’s scattering,become,"infinitive: expected 'utikaleyoyhsti', got ['utikaleyohsti']"
75,it’s scattering,become,"infinitive: expected 'utikaleyoyhsti', got ['utikaleyohsti']"
75,it’s scattering,become,"infinitive: expected 'utikaleyoyhsti', got ['utikaleyohsti']"
75,it’s scattering,become,"infinitive: expected 'utikaleyoyhsti', got ['utikaleyohsti']"
75,it’s scattering,become,"infinitive: expected 'utikaleyoyhsti', got ['utikaleyohsti']"
75,it’s scattering,become,"infinitive: expected 'utikaleyoyhsti', got ['utikaleyohsti']"
75,it’s scattering,become,"infinitive: expected 'utikaleyoyhsti', got ['utikaleyohsti']"
75,it’s scattering,become,"infinitive: expected 'utikaleyoyhsti', got ['utikaleyohsti']"
75,it’s scattering,become,"infinitive: expected 'utikaleyoyhsti', got ['utikaleyohsti']"
75,it’s scattering,become,"infinitive: expected 'utikaleyoyhsti', got ['utikaleyohsti']"
75,it’s scattering,become,"infinitive: expected 'utikaleyoyhsti', got ['utikaleyohsti']"
75,it’s scattering,become,"infinitive: expected 'utikaleyoyhsti', got ['utikaleyohsti']"
75,it’s scattering,become,"infinitive: expected 'utikaleyoyhsti', got ['utikaleyohsti']"
75,it’s scattering,become,"infinitive: expected 'utikaleyoyhsti', got ['utikaleyohsti']"
75,it’s scattering,become,"infinitive: expected 'utikaleyoyhsti', got ['utikaleyohsti']"
75,it’s scattering,become,"infinitive: expected 'utikaleyoyhsti', got ['utikaleyohsti']"
75,it’s scattering,become,"infinitive: expected 'utikaleyoyhsti', got ['utikaleyohsti']"
75,it’s scattering,become,"infinitive: expected 'utikaleyoyhsti', got ['utikaleyohsti']"
75,it’s scattering,become,"infinitive: expected 'utikaleyoyhsti', got ['utikaleyohsti']"
75,it’s scattering,become,"infinitive: expected 'utikaleyoyhsti', got ['utikaleyohsti']"
75,it’s scattering,become,"infinitive: expected 'utikaleyoyhsti', got ['utikaleyohsti']"
75,it’s scattering,become,"infinitive: expected 'utikaleyoyhsti', got ['utikaleyohsti']"
75,it’s scattering,become,"infinitive: expected 'utikaleyoyhsti', got ['utikaleyohsti']"
75,it’s scattering,become,"infinitive: expected 'utikaleyoyhsti', got ['utikaleyohsti']"
75,it’s scattering,become,"infinitive: expected 'utikaleyoyhsti', got ['utikaleyohsti']"
75,it’s scattering,become,"infinitive: expected 'utikaleyoyhsti', got ['utikaleyohsti']"
75,it’s scattering,become,"infinitive: expected 'utikaleyoyhsti', got ['utikaleyohsti']"
75,it’s scattering,become,"infinitive: expected 'utikaleyoyhsti', got ['utikaleyohsti']"
75,it’s scattering,become,"infinitive: expected 'utikaleyoyhsti', got ['utikaleyohsti']"
75,it’s scattering,become,"infinitive: expected 'utikaleyoyhsti', got ['utikaleyohsti']"
75,it’s scattering,become,"infinitive: expected 'utikaleyoyhsti', got ['utikaleyohsti']"
75,it’s scattering,become,"infinitive: expected 'utikaleyoyhsti', got ['utikaleyohsti']"
75,it’s scattering,become,"infinitive: expected 'utikaleyoyhsti', got ['utikaleyohsti']"
75,it’s scattering,become,"infinitive: expected 'utikaleyoyhsti', got ['utikaleyohsti']"
75,it’s scattering,become,"infinitive: expected 'utikaleyoyhsti', got ['utikaleyohsti']"
75,it’s scattering,become,"infinitive: expected 'utikaleyoyhsti', got ['utikaleyohsti']"
75,it’s scattering,become,"infinitive: expected 'utikaleyoyhsti', got ['utikaleyohsti']"
75,it’s scattering,become,"infinitive: expected 'utikaleyoyhsti', got ['utikaleyohsti']"
75,it’s scattering,become,"infinitive: expected 'utikaleyoyhsti', got ['utikaleyohsti']"
75,it’s scattering,become,"infinitive: expected 'utikaleyoyhsti', got ['utikaleyohsti']"
75,it’s scattering,become,"infinitive: expected 'utikaleyoyhsti', got ['utikaleyohsti']"
75,it’s scattering,become,"infinitive: expected 'utikaleyoyhsti', got ['utikaleyohsti']"
75,it’s scattering,become,"infinitive: expected 'utikaleyoyhsti', got ['utikaleyohsti']"
75,it’s scattering,become,"infinitive: expected 'utikaleyoyhsti', got ['utikaleyohsti']"
75,it’s scattering,become,"infinitive: expected 'utikaleyoyhsti', got ['utikaleyohsti']"
75,it’s scattering,become,"infinitive: expected 'utikaleyoyhsti', got ['utikaleyohsti']"
75,it’s scattering,become,"infinitive: expected 'utikaleyoyhsti', got ['utikaleyohsti']"
1233,it’s accumulating,become[inf2],"imperative: expected 'hinhehkwoki', got []"
1233,it’s accumulating,become[inf2],"imperative: expected 'hinhehkwoki', got []"
1233,it’s accumulating,become[inf2],"imperative: expected 'hinhehkwoki', got []"
1233,it’s accumulating,become[inf2],"imperative: expected 'hinhehkwoki', got []"
1544,he/she is becoming angry,become[inf4],"infinitive: expected 'unhalv'ihsti', got ['unhalvihsti']"
568,he/she is becoming blind,become[inf4],"infinitive: expected 'tsukhewa'ihsti', got ['tiukhewaihsti', 'tsukhewaihsti', 'tukhewaihsti']"
568,he/she is becoming blind,become[inf4],"infinitive: expected 'tsukhewa'ihsti', got ['tiukhewaihsti', 'tsukhewaihsti', 'tukhewaihsti']"
568,he/she is becoming blind,become[inf4],"infinitive: expected 'tsukhewa'ihsti', got ['tiukhewaihsti', 'tsukhewaihsti', 'tukhewaihsti']"
568,he/she is becoming blind,become[inf4],"infinitive: expected 'tsukhewa'ihsti', got ['tiukhewaihsti', 'tsukhewaihsti', 'tukhewaihsti']"
1699,he/she is belching,become[inf4],"infinitive: expected 'uwakhule'ihsti', got ['uwakhuleihsti']"
940,he/she is falling from an upright position,become[inf4],"infinitive: expected 'unv'ihsti', got ['unvihsti']"
940,he/she is falling from an upright position,become[inf4],"infinitive: expected 'unv'ihsti', got ['unvihsti']"
1778,he/she is going out of sight,become[inf4],"infinitive: expected 'wutelihsti', got ['wiuteliihsti', 'wuteliihsti']"
1778,he/she is going out of sight,become[inf4],"infinitive: expected 'wutelihsti', got ['wiuteliihsti', 'wuteliihsti']"
1778,he/she is going out of sight,become[inf4],"infinitive: expected 'wutelihsti', got ['wiuteliihsti', 'wuteliihsti']"
1778,he/she is going out of sight,become[inf4],"infinitive: expected 'wutelihsti', got ['wiuteliihsti', 'wuteliihsti']"
315,he/she is happy,become[inf4],"infinitive: expected 'ulihelihsti', got ['uliheliihsti']"
315,he/she is happy,become[inf4],"infinitive: expected 'ulihelihsti', got ['uliheliihsti']"
315,he/she is happy,become[inf4],"infinitive: expected 'ulihelihsti', got ['uliheliihsti']"
315,he/she is happy,become[inf4],"infinitive: expected 'ulihelihsti', got ['uliheliihsti']"
775,he/she is pitying him/her,become[inf4],"infinitive: expected 'uwatolihsti', got ['uwatoliihsti']"
775,he/she is pitying him/her,become[inf4],"infinitive: expected 'uwatolihsti', got ['uwatoliihsti']"
928,he/she is sinking,become[inf4],"infinitive: expected 'unoyv'ihsti', got ['unoyvihsti']"
928,he/she is sinking,become[inf4],"infinitive: expected 'unoyv'ihsti', got ['unoyvihsti']"
1487,he/she is taking revenge,become[inf4],"infinitive: expected 'utle'ihsti', got ['utleihsti']"
1487,he/she is taking revenge,become[inf4],"infinitive: expected 'utle'ihsti', got ['utleihsti']"
507,he/she is waking up,become[inf4],"infinitive: expected 'uye'ihsti', got ['uyeihsti']"
507,he/she is waking up,become[inf4],"infinitive: expected 'uye'ihsti', got ['uyeihsti']"
1233,it’s accumulating,become[inf4],"infinitive: expected 'unhehkwo'ihsti', got ['unhehkwoihsti']"
1233,it’s accumulating,become[inf4],"imperative: expected 'hinhehkwoki', got []; infinitive: expected 'unhehkwo'ihsti', got ['unhehkwoihsti']"
1233,it’s accumulating,become[inf4],"infinitive: expected 'unhehkwo'ihsti', got ['unhehkwoihsti']"
1233,it’s accumulating,become[inf4],"imperative: expected 'hinhehkwoki', got []; infinitive: expected 'unhehkwo'ihsti', got ['unhehkwoihsti']"
1233,it’s accumulating,become[inf4],"infinitive: expected 'unhehkwo'ihsti', got ['unhehkwoihsti']"
1233,it’s accumulating,become[inf4],"imperative: expected 'hinhehkwoki', got []; infinitive: expected 'unhehkwo'ihsti', got ['unhehkwoihsti']"
1233,it’s accumulating,become[inf4],"infinitive: expected 'unhehkwo'ihsti', got ['unhehkwoihsti']"
1233,it’s accumulating,become[inf4],"imperative: expected 'hinhehkwoki', got []; infinitive: expected 'unhehkwo'ihsti', got ['unhehkwoihsti']"
550,he/she is setting a price,cause,"imperative: expected 'thikvwalhta', got ['thikvwalota', 'tihikvwalota', 'tshikvwalota']"
117,he/she is warming it,cause,"imperative: expected 'hikanawhta', got ['hikanawota']"
1551,he/she has a chill,cause[perf3],"perfective: expected 'unhawahsthanv'i', got [""unhawahstanv'i""]"
1053,he/she is accusing him/her,cause[perf3],"perfective: expected 'uwuhihsthanv'i', got [""uwuhihstanv'i""]"
594,he/she is aiming at him/her,cause[perf3],"perfective: expected 'tulhsohsthanv'i', got [""teulhsohstanv'i"", ""tulhsohstanv'i""]"
594,he/she is aiming at him/her,cause[perf3],"perfective: expected 'tulhsohsthanv'i', got [""teulhsohstanv'i"", ""tulhsohstanv'i""]"
361,he/she is attempting it,cause[perf3],"perfective: expected 'unelhthanv'i', got [""unelhtanv'i""]"
852,he/she is bluffing him/her,cause[perf3],"perfective: expected 'ulonahsthanv'i', got [""ulonahstanv'i""]"
852,he/she is bluffing him/her,cause[perf3],"perfective: expected 'ulonahsthanv'i', got [""ulonahstanv'i""]"
6,he/she is bouncing it,cause[perf3],"perfective: expected 'utatinvthanv'i', got [""utatinvtanv'i""]"
6,he/she is bouncing it,cause[perf3],"perfective: expected 'utatinvthanv'i', got [""utatinvtanv'i""]"
6,he/she is bouncing it,cause[perf3],"perfective: expected 'utatinvthanv'i', got [""utatinvtanv'i""]"
6,he/she is bouncing it,cause[perf3],"perfective: expected 'utatinvthanv'i', got [""utatinvtanv'i""]"
6,he/she is bouncing it,cause[perf3],"perfective: expected 'utatinvthanv'i', got [""utatinvtanv'i""]"
524,he/she is breaking it,cause[perf3],"perfective: expected 'uyohsthanv'i', got [""uyohstanv'i""]"
524,he/she is breaking it,cause[perf3],"perfective: expected 'uyohsthanv'i', got [""uyohstanv'i""]"
135,he/she is burning him/her,cause[perf3],"perfective: expected 'ukohvhsthanv'i', got [""ukohvhstanv'i""]"
573,he/she is closing his eyes,cause[perf3],"perfective: expected 'tukhthahsthanv'i', got [""teukhthahstanv'i"", ""tukhthahstanv'i""]"
1071,he/she is cooking it (refers to a specific food),cause[perf3],"perfective: expected 'uwanhihsthanv'i', got [""uwanhihstanv'i""]"
626,he/she is deciding,cause[perf3],"perfective: expected 'tuwukhthanv'i', got [""teuwukhtanv'i"", ""tuwukhtanv'i""]"
543,he/she is dodging,cause[perf3],"perfective: expected 'tutanvtihsthanv'i', got [""teutanvtihstanv'i"", ""tutanvtihstanv'i""]"
543,he/she is dodging,cause[perf3],"perfective: expected 'tutanvtihsthanv'i', got [""teutanvtihstanv'i"", ""tutanvtihstanv'i""]"
543,he/she is dodging,cause[perf3],"perfective: expected 'tutanvtihsthanv'i', got [""teutanvtihstanv'i"", ""tutanvtihstanv'i""]"
543,he/she is dodging,cause[perf3],"perfective: expected 'tutanvtihsthanv'i', got [""teutanvtihstanv'i"", ""tutanvtihstanv'i""]"
553,he/she is drawing a picture of him/her,cause[perf3],"perfective: expected 'tulhilohsthanv'i', got [""teulhilohstanv'i"", ""tulhilohstanv'i""]"
776,he/she is dropping him/her (refers to flexible object),cause[perf3],"perfective: expected 'utonhthanv'i', got [""utonhtanv'i""]"
776,he/she is dropping him/her (refers to flexible object),cause[perf3],"perfective: expected 'utonhthanv'i', got [""utonhtanv'i""]"
61,he/she is embarrassing him/her,cause[perf3],"perfective: expected 'utehohihsthanv'i', got [""utehohihstanv'i""]"
61,he/she is embarrassing him/her,cause[perf3],"perfective: expected 'utehohihsthanv'i', got [""utehohihstanv'i""]"
1534,he/she is having trouble breathing,cause[perf3],"perfective: expected 'uhawohsthanv'i', got [""uhawohstanv'i""]"
585,he/she is helping him/her up,cause[perf3],"perfective: expected 'tulehthanv'i', got [""teulehtanv'i"", ""tulehtanv'i""]"
463,he/she is holding his/her breath,cause[perf3],"perfective: expected 'uthawhohsthanv'i', got [""uthawhohstanv'i""]"
397,he/she is including him/her (refers to in counting),cause[perf3],"perfective: expected 'uhsehsthanv'i', got [""uhsehstanv'i""]"
192,he/she is interpreting it,cause[perf3],"perfective: expected 'unhelhthanv'i', got [""unhelhtanv'i""]"
981,he/she is lecturing him/her,cause[perf3],"perfective: expected 'uwonhthanv'i', got [""uwonhtanv'i""]"
981,he/she is lecturing him/her,cause[perf3],"perfective: expected 'uwonhthanv'i', got [""uwonhtanv'i""]"
494,he/she is listening to him/her,cause[perf3],"perfective: expected 'uthvtahsthanv'i', got [""uthvtahstanv'i""]"
494,he/she is listening to him/her,cause[perf3],"perfective: expected 'uthvtahsthanv'i', got [""uthvtahstanv'i""]"
486,he/she is loaning it to him/her,cause[perf3],"perfective: expected 'utholhsthanv'i', got [""utholhstanv'i""]"
486,he/she is loaning it to him/her,cause[perf3],"perfective: expected 'utholhsthanv'i', got [""utholhstanv'i""]"
1604,he/she is making a mistake,cause[perf3],"perfective: expected 'ulitahsthanv'i', got [""ulitahstanv'i""]"
539,he/she is making an X,cause[perf3],"perfective: expected 'tutanhawhsthanv'i', got [""teutanhawhstanv'i"", ""tutanhawhstanv'i""]"
539,he/she is making an X,cause[perf3],"perfective: expected 'tutanhawhsthanv'i', got [""teutanhawhstanv'i"", ""tutanhawhstanv'i""]"
539,he/she is making an X,cause[perf3],"perfective: expected 'tutanhawhsthanv'i', got [""teutanhawhstanv'i"", ""tutanhawhstanv'i""]"
539,he/she is making an X,cause[perf3],"perfective: expected 'tutanhawhsthanv'i', got [""teutanhawhstanv'i"", ""tutanhawhstanv'i""]"
1224,he/she is making him/her angry,cause[perf3],"perfective: expected 'unhalvhsthanv'i', got [""unhalvhstanv'i""]"
1224,he/she is making him/her angry,cause[perf3],"perfective: expected 'unhalvhsthanv'i', got [""unhalvhstanv'i""]"
854,he/she is making him/her fall from an elevated position,cause[perf3],"perfective: expected 'ulonhthanv'i', got [""ulonhtanv'i""]"
854,he/she is making him/her fall from an elevated position,cause[perf3],"perfective: expected 'ulonhthanv'i', got [""ulonhtanv'i""]"
377,he/she is making it crisp,cause[perf3],"perfective: expected 'uhstakayhthanv'i', got [""uhstakayhtanv'i""]"
377,he/she is making it crisp,cause[perf3],"perfective: expected 'uhstakayhthanv'i', got [""uhstakayhtanv'i""]"
377,he/she is making it crisp,cause[perf3],"perfective: expected 'uhstakayhthanv'i', got [""uhstakayhtanv'i""]"
377,he/she is making it crisp,cause[perf3],"perfective: expected 'uhstakayhthanv'i', got [""uhstakayhtanv'i""]"
1023,he/she is making it fall (refers to a round‚ long object),cause[perf3],"perfective: expected 'uwohonhthanv'i', got [""uwohonhtanv'i""]"
571,he/she is making smoke,cause[perf3],"perfective: expected 'tukhsvhsthanv'i', got [""teukhsvhstanv'i"", ""tukhsvhstanv'i""]"
571,he/she is making smoke,cause[perf3],"perfective: expected 'tukhsvhsthanv'i', got [""teukhsvhstanv'i"", ""tukhsvhstanv'i""]"
1078,he/she is melting it,cause[perf3],"perfective: expected 'uwanawhthanv'i', got [""uwanawhtanv'i""]"
1234,he/she is mentioning it,cause[perf3],"perfective: expected 'unhe'ihsthanv'i', got [""unhe'ihstanv'i""]"
1234,he/she is mentioning it,cause[perf3],"perfective: expected 'unhe'ihsthanv'i', got [""unhe'ihstanv'i""]"
305,he/she is placing it in an upright position (refers to a long object),cause[perf3],"perfective: expected 'ulehthanv'i', got [""ulehtanv'i""]"
599,he/she is playing with him/her,cause[perf3],"perfective: expected 'tunelhthanv'i', got [""teunelhtanv'i"", ""tunelhtanv'i""]"
96,he/she is pouring a liquid into a container,cause[perf3],"perfective: expected 'utlihsthanv'i', got [""utlihstanv'i""]"
96,he/she is pouring a liquid into a container,cause[perf3],"perfective: expected 'utlihsthanv'i', got [""utlihstanv'i""]"
10,he/she is praying,cause[perf3],"perfective: expected 'utatolihsthanv'i', got [""utatolihstanv'i""]"
10,he/she is praying,cause[perf3],"perfective: expected 'utatolihsthanv'i', got [""utatolihstanv'i""]"
10,he/she is praying,cause[perf3],"perfective: expected 'utatolihsthanv'i', got [""utatolihstanv'i""]"
10,he/she is praying,cause[perf3],"perfective: expected 'utatolihsthanv'i', got [""utatolihstanv'i""]"
10,he/she is praying,cause[perf3],"perfective: expected 'utatolihsthanv'i', got [""utatolihstanv'i""]"
109,he/she is preparing it,cause[perf3],"perfective: expected 'utvnv'ihsthanv'i', got [""utvnv'ihstanv'i""]"
109,he/she is preparing it,cause[perf3],"perfective: expected 'utvnv'ihsthanv'i', got [""utvnv'ihstanv'i""]"
440,he/she is pressing down on him/her,cause[perf3],"perfective: expected 'uhsonhsthanv'i', got [""uhsonhstanv'i""]"
493,he/she is promising,cause[perf3],"perfective: expected 'uthu'ihsthanv'i', got [""uthu'ihstanv'i""]"
493,he/she is promising,cause[perf3],"perfective: expected 'uthu'ihsthanv'i', got [""uthu'ihstanv'i""]"
493,he/she is promising,cause[perf3],"perfective: expected 'uthu'ihsthanv'i', got [""uthu'ihstanv'i""]"
493,he/she is promising,cause[perf3],"perfective: expected 'uthu'ihsthanv'i', got [""uthu'ihstanv'i""]"
511,he/she is putting him/her inside (refers to somewhere large enough to move around in),cause[perf3],"perfective: expected 'uyhthanv'i', got [""uyhtanv'i""]"
511,he/she is putting him/her inside (refers to somewhere large enough to move around in),cause[perf3],"perfective: expected 'uyhthanv'i', got [""uyhtanv'i""]"
798,he/she is putting it into a container,cause[perf3],"perfective: expected 'ulhthanv'i', got [""ulhtanv'i""]"
798,he/she is putting it into a container,cause[perf3],"perfective: expected 'ulhthanv'i', got [""ulhtanv'i""]"
1309,he/she is putting it on,cause[perf3],"perfective: expected 'nuwanhthanv'i', got [""niuwanhtanv'i"", ""nuwanhtanv'i""]"
497,he/she is raising him/her,cause[perf3],"perfective: expected 'uthvhihsthanv'i', got [""uthvhihstanv'i""]"
738,he/she is releasing it (refers to involuntarily releasing),cause[perf3],"perfective: expected 'tuhskalehsthanv'i', got [""teuhskalehstanv'i"", ""tuhskalehstanv'i""]"
54,he/she is resting,cause[perf3],"perfective: expected 'utawehsolvhsthanv'i', got [""utawehsolvhstanv'i""]"
54,he/she is resting,cause[perf3],"perfective: expected 'utawehsolvhsthanv'i', got [""utawehsolvhstanv'i""]"
54,he/she is resting,cause[perf3],"perfective: expected 'utawehsolvhsthanv'i', got [""utawehsolvhstanv'i""]"
54,he/she is resting,cause[perf3],"perfective: expected 'utawehsolvhsthanv'i', got [""utawehsolvhstanv'i""]"
261,he/she is riding it (refers to anything that can be straddled),cause[perf3],"perfective: expected 'ukhilvthanv'i', got [""ukhilvtanv'i""]"
78,he/she is running over him/her,cause[perf3],"perfective: expected 'utinvthanv'i', got [""utinvtanv'i""]"
78,he/she is running over him/her,cause[perf3],"perfective: expected 'utinvthanv'i', got [""utinvtanv'i""]"
78,he/she is running over him/her,cause[perf3],"perfective: expected 'utinvthanv'i', got [""utinvtanv'i""]"
78,he/she is running over him/her,cause[perf3],"perfective: expected 'utinvthanv'i', got [""utinvtanv'i""]"
78,he/she is running over him/her,cause[perf3],"perfective: expected 'utinvthanv'i', got [""utinvtanv'i""]"
612,he/she is scheduling a time,cause[perf3],"perfective: expected 'tuhsvhsthanv'i', got [""teuhsvhstanv'i"", ""tuhsvhstanv'i""]"
612,he/she is scheduling a time,cause[perf3],"perfective: expected 'tuhsvhsthanv'i', got [""teuhsvhstanv'i"", ""tuhsvhstanv'i""]"
612,he/she is scheduling a time,cause[perf3],"perfective: expected 'tuhsvhsthanv'i', got [""teuhsvhstanv'i"", ""tuhsvhstanv'i""]"
612,he/she is scheduling a time,cause[perf3],"perfective: expected 'tuhsvhsthanv'i', got [""teuhsvhstanv'i"", ""tuhsvhstanv'i""]"
344,he/she is setting a goal,cause[perf3],"perfective: expected 'ulhsohsthanv'i', got [""ulhsohstanv'i""]"
344,he/she is setting a goal,cause[perf3],"perfective: expected 'ulhsohsthanv'i', got [""ulhsohstanv'i""]"
550,he/she is setting a price,cause[perf3],"perfective: expected 'tukvwalhthanv'i', got [""teukvwalhtanv'i"", ""tukvwalhtanv'i""]"
550,he/she is setting a price,cause[perf3],"perfective: expected 'tukvwalhthanv'i', got [""teukvwalhtanv'i"", ""tukvwalhtanv'i""]; imperative: expected 'thikvwalhta', got ['thikvwalota', 'tihikvwalota', 'tshikvwalota']"
180,he/she is shattering it,cause[perf3],"perfective: expected 'ulhkhoththanv'i', got [""ulhkhothtanv'i""]"
180,he/she is shattering it,cause[perf3],"perfective: expected 'ulhkhoththanv'i', got [""ulhkhothtanv'i""]"
145,he/she is showing it to him/her,cause[perf3],"perfective: expected 'ukowhthvhthanv'i', got [""ukowhthvhtanv'i""]"
145,he/she is showing it to him/her,cause[perf3],"perfective: expected 'ukowhthvhthanv'i', got [""ukowhthvhtanv'i""]"
1063,he/she is sifting it,cause[perf3],"perfective: expected 'uwakuhsthanv'i', got [""uwakuhstanv'i""]"
620,he/she is slamming him/her,cause[perf3],"perfective: expected 'tulvtvnihsthanv'i', got [""teulvtvnihstanv'i"", ""tulvtvnihstanv'i""]"
620,he/she is slamming him/her,cause[perf3],"perfective: expected 'tulvtvnihsthanv'i', got [""teulvtvnihstanv'i"", ""tulvtvnihstanv'i""]"
345,he/she is smelling it (refers to sniffing),cause[perf3],"perfective: expected 'ulhsvhsthanv'i', got [""ulhsvhstanv'i""]"
345,he/she is smelling it (refers to sniffing),cause[perf3],"perfective: expected 'ulhsvhsthanv'i', got [""ulhsvhstanv'i""]"
158,he/she is smothering him/her,cause[perf3],"perfective: expected 'uhawohsthanv'i', got [""uhawohstanv'i""]"
176,he/she is snorting,cause[perf3],"perfective: expected 'ulhiyvhsanawhsthanv'i', got [""ulhiyvhsanawhstanv'i""]"
176,he/she is snorting,cause[perf3],"perfective: expected 'ulhiyvhsanawhsthanv'i', got [""ulhiyvhsanawhstanv'i""]"
769,he/she is spinning it,cause[perf3],"perfective: expected 'uwatikwalvteyhsthanv'i', got [""uwatikwalvteyhstanv'i""]"
724,he/she is staggering,cause[perf3],"perfective: expected 'tutokhthanv'i', got [""teutokhtanv'i"", ""tutokhtanv'i""]"
724,he/she is staggering,cause[perf3],"perfective: expected 'tutokhthanv'i', got [""teutokhtanv'i"", ""tutokhtanv'i""]"
197,he/she is starting it,cause[perf3],"perfective: expected 'unhikihsthanv'i', got [""unhikihstanv'i""]"
307,he/she is stopping,cause[perf3],"perfective: expected 'ulewhihsthanv'i', got [""ulewhihstanv'i""]"
848,he/she is stopping by (where on the way somewhere),cause[perf3],"perfective: expected 'ulohihsthanv'i', got [""ulohihstanv'i""]"
308,he/she is stopping him/her,cause[perf3],"perfective: expected 'ulewhihstohthanv'i', got [""ulewhihstohtanv'i""]"
1254,he/she is straining it,cause[perf3],"perfective: expected 'unhvhsolvhsthanv'i', got [""unhvhsolvhstanv'i""]"
1254,he/she is straining it,cause[perf3],"perfective: expected 'unhvhsolvhsthanv'i', got [""unhvhsolvhstanv'i""]"
19,he/she is stretching,cause[perf3],"perfective: expected 'utayhahsthanv'i', got [""utayhahstanv'i""]"
19,he/she is stretching,cause[perf3],"perfective: expected 'utayhahsthanv'i', got [""utayhahstanv'i""]"
19,he/she is stretching,cause[perf3],"perfective: expected 'utayhahsthanv'i', got [""utayhahstanv'i""]"
19,he/she is stretching,cause[perf3],"perfective: expected 'utayhahsthanv'i', got [""utayhahstanv'i""]"
32,he/she is taking off running,cause[perf3],"perfective: expected 'utanawhsthanv'i', got [""utanawhstanv'i""]"
32,he/she is taking off running,cause[perf3],"perfective: expected 'utanawhsthanv'i', got [""utanawhstanv'i""]"
32,he/she is taking off running,cause[perf3],"perfective: expected 'utanawhsthanv'i', got [""utanawhstanv'i""]"
32,he/she is taking off running,cause[perf3],"perfective: expected 'utanawhsthanv'i', got [""utanawhstanv'i""]"
34,he/she is taking turns with him/her,cause[perf3],"perfective: expected 'utanetliyvhsthanv'i', got [""utanetliyvhstanv'i""]"
34,he/she is taking turns with him/her,cause[perf3],"perfective: expected 'utanetliyvhsthanv'i', got [""utanetliyvhstanv'i""]"
34,he/she is taking turns with him/her,cause[perf3],"perfective: expected 'utanetliyvhsthanv'i', got [""utanetliyvhstanv'i""]"
34,he/she is taking turns with him/her,cause[perf3],"perfective: expected 'utanetliyvhsthanv'i', got [""utanetliyvhstanv'i""]"
767,he/she is turning it,cause[perf3],"perfective: expected 'uwateyhsthanv'i', got [""uwateyhstanv'i""]"
728,he/she is vomiting,cause[perf3],"perfective: expected 'tukhsthanv'i', got [""teukhstanv'i"", ""tukhstanv'i""]"
509,he/she is waking him/her up,cause[perf3],"perfective: expected 'uye'ihsthanv'i', got [""uye'ihstanv'i""]"
509,he/she is waking him/her up,cause[perf3],"perfective: expected 'uye'ihsthanv'i', got [""uye'ihstanv'i""]"
117,he/she is warming it,cause[perf3],"perfective: expected 'ukanawhthanv'i', got [""ukanawhtanv'i""]"
117,he/she is warming it,cause[perf3],"perfective: expected 'ukanawhthanv'i', got [""ukanawhtanv'i""]; imperative: expected 'hikanawhta', got ['hikanawota']"
1612,he/she is whining,cause[perf3],"perfective: expected 'uliyethanv'i', got [""uliyetanv'i""]"
277,he/she is winking,cause[perf3],"perfective: expected 'ukhthahsthanv'i', got [""ukhthahstanv'i""]"
824,he/she is wringing it out,cause[perf3],"perfective: expected 'uwatsvwahsthanv'i', got [""uwatsvwahstanv'i""]"
914,he/she is burying him/her,cause[pres2-perf2],"imperfective: expected 'ka'nihsihsko'i', got [""ka'nihsihihsko'i""]; perfective: expected 'unihsanhv'i', got [""unihsihanhv'i""]; imperative: expected 'hinihsa', got ['hinihsiha']; infinitive: expected 'unihsohti', got ['unihsihohti']"
625,he/she is explaining it (refers to a Biblical text),cause[pres2-perf2],"imperfective: expected 'tekohsihsihsko'i', got [""tekohsihsihihsko'i"", ""tkohsihsihihsko'i""]; perfective: expected 'tuwohsihsanhv'i', got [""teuwohsihsihanhv'i"", ""tuwohsihsihanhv'i""]; imperative: expected 'thohsihsa', got ['thohsihsiha', 'tihohsihsiha', 'tshohsihsiha']; infinitive: expected 'tsuwohsihsohti', got ['tiuwohsihsihohti', 'tsuwohsihsihohti', 'tuwohsihsihohti']"
804,he/she is gathering it,cause[pres2-perf2],"imperfective: expected 'kalhihsihsko'i', got [""kalhihsihihsko'i""]; perfective: expected 'uwalhihsanhv'i', got [""uwalhihsihanhv'i""]; imperative: expected 'hilhihsa', got ['hilhihsiha']; infinitive: expected 'uwalhihsohti', got ['uwalhihsihohti']"
281,he/she is peeking through,cause[pres2-perf2],"imperfective: expected 'akhthihsko'i', got [""akhthihihsko'i""]; perfective: expected 'ukhthanhv'i', got [""ukhthihanhv'i""]; imperative: expected 'hakhtha', got ['hakhthiha']; infinitive: expected 'ukhthohti', got ['ukhthihohti']"
586,he/she is recuperating,cause[pres2-perf2],"imperfective: expected 'talehihsihsko'i', got [""talehihsihihsko'i"", ""tealehihsihihsko'i""]; perfective: expected 'tulehihsanhv'i', got [""teulehihsihanhv'i"", ""tulehihsihanhv'i""]; imperative: expected 'thalehihsa', got ['thalehihsiha', 'tihalehihsiha', 'tshalehihsiha']; infinitive: expected 'tsulehihsohti', got ['tiulehihsihohti', 'tsulehihsihohti', 'tulehihsihohti']"
757,he/she is straightening it,cause[pres2-perf2],"imperfective: expected 'katshinohsihsko'i', got [""katshinohsihihsko'i""]; perfective: expected 'uwatshinohsanhv'i', got [""uwatshinohsihanhv'i""]; imperative: expected 'hitshinohsa', got ['hitshinohsiha']; infinitive: expected 'uwatshinohsohti', got ['uwatshinohsihohti']"
1061,it’s snowing,cause[pres2-perf2],"imperfective: expected 'kuthihsko'i', got [""kuthihihsko'i""]; perfective: expected 'uwuthanhv'i', got [""uwuthihanhv'i""]; infinitive: expected 'uwuthohti', got ['uwuthihohti']"
1061,it’s snowing,cause[pres2-perf2],"imperfective: expected 'kuthihsko'i', got [""kuthihihsko'i""]; perfective: expected 'uwuthanhv'i', got [""uwuthihanhv'i""]; infinitive: expected 'uwuthohti', got ['uwuthihohti']"
1061,it’s snowing,cause[pres2-perf2],"imperfective: expected 'kuthihsko'i', got [""kuthihihsko'i""]; perfective: expected 'uwuthanhv'i', got [""uwuthihanhv'i""]; infinitive: expected 'uwuthohti', got ['uwuthihohti']"
1061,it’s snowing,cause[pres2-perf2],"imperfective: expected 'kuthihsko'i', got [""kuthihihsko'i""]; perfective: expected 'uwuthanhv'i', got [""uwuthihanhv'i""]; infinitive: expected 'uwuthohti', got ['uwuthihohti']"
355,they are gathering,cause[pres2-perf2],"imperfective: expected 'anatalhihsihsko'i', got [""anatalhihsihihsko'i""]; perfective: expected 'unatalhihsanhv'i', got [""unatalhihsihanhv'i""]; imperative: expected 'itsatalhihsa', got ['itsatalhihsiha']; infinitive: expected 'unatalhihsohti', got ['unatalhihsihohti']"
355,they are gathering,cause[pres2-perf2],"imperfective: expected 'anatalhihsihsko'i', got [""anatalhihsihihsko'i""]; perfective: expected 'unatalhihsanhv'i', got [""unatalhihsihanhv'i""]; imperative: expected 'itsatalhihsa', got ['itsatalhihsiha']; infinitive: expected 'unatalhihsohti', got ['unatalhihsihohti']"
355,they are gathering,cause[pres2-perf2],"imperfective: expected 'anatalhihsihsko'i', got [""anatalhihsihihsko'i""]; perfective: expected 'unatalhihsanhv'i', got [""unatalhihsihanhv'i""]; imperative: expected 'itsatalhihsa', got ['itsatalhihsiha']; infinitive: expected 'unatalhihsohti', got ['unatalhihsihohti']"
355,they are gathering,cause[pres2-perf2],"imperfective: expected 'anatalhihsihsko'i', got [""anatalhihsihihsko'i""]; perfective: expected 'unatalhihsanhv'i', got [""unatalhihsihanhv'i""]; imperative: expected 'itsatalhihsa', got ['itsatalhihsiha']; infinitive: expected 'unatalhihsohti', got ['unatalhihsihohti']"
355,they are gathering,cause[pres2-perf2],"imperfective: expected 'anatalhihsihsko'i', got [""anatalhihsihihsko'i""]; perfective: expected 'unatalhihsanhv'i', got [""unatalhihsihanhv'i""]; imperative: expected 'itsatalhihsa', got ['itsatalhihsiha']; infinitive: expected 'unatalhihsohti', got ['unatalhihsihohti']"
355,they are gathering,cause[pres2-perf2],"imperfective: expected 'anatalhihsihsko'i', got [""anatalhihsihihsko'i""]; perfective: expected 'unatalhihsanhv'i', got [""unatalhihsihanhv'i""]; imperative: expected 'itsatalhihsa', got ['itsatalhihsiha']; infinitive: expected 'unatalhihsohti', got ['unatalhihsihohti']"
355,they are gathering,cause[pres2-perf2],"imperfective: expected 'anatalhihsihsko'i', got [""anatalhihsihihsko'i""]; perfective: expected 'unatalhihsanhv'i', got [""unatalhihsihanhv'i""]; imperative: expected 'itsatalhihsa', got ['itsatalhihsiha']; infinitive: expected 'unatalhihsohti', got ['unatalhihsihohti']"
355,they are gathering,cause[pres2-perf2],"imperfective: expected 'anatalhihsihsko'i', got [""anatalhihsihihsko'i""]; perfective: expected 'unatalhihsanhv'i', got [""unatalhihsihanhv'i""]; imperative: expected 'itsatalhihsa', got ['itsatalhihsiha']; infinitive: expected 'unatalhihsohti', got ['unatalhihsihohti']"
1551,he/she has a chill,cause[pres2-perf3],"imperfective: expected 'unhawahstihsko'i', got [""unhawahstihihsko'i""]; perfective: expected 'unhawahsthanv'i', got [""unhawahstihanv'i""]; imperative: expected 'tshanawahsta', got ['tshanawahstiha']; infinitive: expected 'unhawahstohti', got ['unhawahstihohti']"
1053,he/she is accusing him/her,cause[pres2-perf3],"imperfective: expected 'kuhihstihsko'i', got [""kuhihstihihsko'i""]; perfective: expected 'uwuhihsthanv'i', got [""uwuhihstihanv'i""]; imperative: expected 'hiyu'ihsta', got [""hiyu'ihstiha""]; infinitive: expected 'uwuhihstohti', got ['uwuhihstihohti']"
594,he/she is aiming at him/her,cause[pres2-perf3],"imperfective: expected 'talhsohstihsko'i', got [""talhsohstihihsko'i"", ""tealhsohstihihsko'i""]; perfective: expected 'tulhsohsthanv'i', got [""teulhsohstihanv'i"", ""tulhsohstihanv'i""]; imperative: expected 'thiyalihsohsta', got ['thiyalihsohstiha', 'tihiyalihsohstiha', 'tshiyalihsohstiha']; infinitive: expected 'tsulhsohstohti', got ['tiulhsohstihohti', 'tsulhsohstihohti', 'tulhsohstihohti']"
594,he/she is aiming at him/her,cause[pres2-perf3],"imperfective: expected 'talhsohstihsko'i', got [""talhsohstihihsko'i"", ""tealhsohstihihsko'i""]; perfective: expected 'tulhsohsthanv'i', got [""teulhsohstihanv'i"", ""tulhsohstihanv'i""]; imperative: expected 'thiyalihsohsta', got ['thiyalihsohstiha', 'tihiyalihsohstiha', 'tshiyalihsohstiha']; infinitive: expected 'tsulhsohstohti', got ['tiulhsohstihohti', 'tsulhsohstihohti', 'tulhsohstihohti']"
361,he/she is attempting it,cause[pres2-perf3],"imperfective: expected 'anelhtihsko'i', got [""anelhtihihsko'i""]; perfective: expected 'unelhthanv'i', got [""unelhtihanv'i""]; imperative: expected 'hanelhta', got ['hanelhtiha']; infinitive: expected 'unelhtohti', got ['unelhtihohti']"
852,he/she is bluffing him/her,cause[pres2-perf3],"imperfective: expected 'kalonahstihsko'i', got [""kalonahstihihsko'i""]; perfective: expected 'ulonahsthanv'i', got [""ulonahstihanv'i""]; imperative: expected 'hilonahsta', got ['hilonahstiha']; infinitive: expected 'ulonahstohti', got ['ulonahstihohti']"
852,he/she is bluffing him/her,cause[pres2-perf3],"imperfective: expected 'kalonahstihsko'i', got [""kalonahstihihsko'i""]; perfective: expected 'ulonahsthanv'i', got [""ulonahstihanv'i""]; imperative: expected 'hilonahsta', got ['hilonahstiha']; infinitive: expected 'ulonahstohti', got ['ulonahstihohti']"
6,he/she is bouncing it,cause[pres2-perf3],"imperfective: expected 'atatinvtihsko'i', got [""atatinvtihihsko'i""]; perfective: expected 'utatinvthanv'i', got [""utatinvtihanv'i""]; imperative: expected 'hatatinvta', got ['hatatinvtiha']; infinitive: expected 'utatinvtohti', got ['utatinvtihohti']"
6,he/she is bouncing it,cause[pres2-perf3],"imperfective: expected 'atatinvtihsko'i', got [""atatinvtihihsko'i""]; perfective: expected 'utatinvthanv'i', got [""utatinvtihanv'i""]; imperative: expected 'hatatinvta', got ['hatatinvtiha']; infinitive: expected 'utatinvtohti', got ['utatinvtihohti']"
6,he/she is bouncing it,cause[pres2-perf3],"imperfective: expected 'atatinvtihsko'i', got [""atatinvtihihsko'i""]; perfective: expected 'utatinvthanv'i', got [""utatinvtihanv'i""]; imperative: expected 'hatatinvta', got ['hatatinvtiha']; infinitive: expected 'utatinvtohti', got ['utatinvtihohti']"
6,he/she is bouncing it,cause[pres2-perf3],"imperfective: expected 'atatinvtihsko'i', got [""atatinvtihihsko'i""]; perfective: expected 'utatinvthanv'i', got [""utatinvtihanv'i""]; imperative: expected 'hatatinvta', got ['hatatinvtiha']; infinitive: expected 'utatinvtohti', got ['utatinvtihohti']"
6,he/she is bouncing it,cause[pres2-perf3],"imperfective: expected 'atatinvtihsko'i', got [""atatinvtihihsko'i""]; perfective: expected 'utatinvthanv'i', got [""utatinvtihanv'i""]; imperative: expected 'hatatinvta', got ['hatatinvtiha']; infinitive: expected 'utatinvtohti', got ['utatinvtihohti']"
524,he/she is breaking it,cause[pres2-perf3],"imperfective: expected 'ayohstihsko'i', got [""ayohstihihsko'i""]; perfective: expected 'uyohsthanv'i', got [""uyohstihanv'i""]; imperative: expected 'hiyohsta', got ['hiyohstiha']; infinitive: expected 'uyohstohti', got ['uyohstihohti']"
524,he/she is breaking it,cause[pres2-perf3],"imperfective: expected 'ayohstihsko'i', got [""ayohstihihsko'i""]; perfective: expected 'uyohsthanv'i', got [""uyohstihanv'i""]; imperative: expected 'hiyohsta', got ['hiyohstiha']; infinitive: expected 'uyohstohti', got ['uyohstihohti']"
135,he/she is burning him/her,cause[pres2-perf3],"imperfective: expected 'akohvhstihsko'i', got [""akohvhstihihsko'i""]; perfective: expected 'ukohvhsthanv'i', got [""ukohvhstihanv'i""]; imperative: expected 'hiyakohvhsta', got ['hiyakohvhstiha']; infinitive: expected 'ukohvhstohti', got ['ukohvhstihohti']"
573,he/she is closing his eyes,cause[pres2-perf3],"imperfective: expected 'takhthahstihsko'i', got [""takhthahstihihsko'i"", ""teakhthahstihihsko'i""]; perfective: expected 'tukhthahsthanv'i', got [""teukhthahstihanv'i"", ""tukhthahstihanv'i""]; imperative: expected 'thakhthahsta', got ['thakhthahstiha', 'tihakhthahstiha', 'tshakhthahstiha']; infinitive: expected 'tsukhthahstohti', got ['tiukhthahstihohti', 'tsukhthahstihohti', 'tukhthahstihohti']"
1071,he/she is cooking it (refers to a specific food),cause[pres2-perf3],"imperfective: expected 'kvnhihstihsko'i', got [""kvnhihstihihsko'i""]; perfective: expected 'uwanhihsthanv'i', got [""uwanhihstihanv'i""]; imperative: expected 'hvnhihsta', got ['hvnhihstiha']; infinitive: expected 'uwanhihstohti', got ['uwanhihstihohti']"
626,he/she is deciding,cause[pres2-perf3],"imperfective: expected 'tekukhtihsko'i', got [""tekukhtihihsko'i"", ""tkukhtihihsko'i""]; perfective: expected 'tuwukhthanv'i', got [""teuwukhtihanv'i"", ""tuwukhtihanv'i""]; imperative: expected 'thukhta', got ['thukhtiha', 'tihukhtiha', 'tshukhtiha']; infinitive: expected 'tsuwukhtohti', got ['tiuwukhtihohti', 'tsuwukhtihohti', 'tuwukhtihohti']"
543,he/she is dodging,cause[pres2-perf3],"imperfective: expected 'tatanvtihstihsko'i', got [""tatanvtihstihihsko'i"", ""teatanvtihstihihsko'i""]; perfective: expected 'tutanvtihsthanv'i', got [""teutanvtihstihanv'i"", ""tutanvtihstihanv'i""]; imperative: expected 'thatanvtihsta', got ['thatanvtihstiha', 'tihatanvtihstiha', 'tshatanvtihstiha']; infinitive: expected 'tsutanvtihstohti', got ['tiutanvtihstihohti', 'tsutanvtihstihohti', 'tutanvtihstihohti']"
543,he/she is dodging,cause[pres2-perf3],"imperfective: expected 'tatanvtihstihsko'i', got [""tatanvtihstihihsko'i"", ""teatanvtihstihihsko'i""]; perfective: expected 'tutanvtihsthanv'i', got [""teutanvtihstihanv'i"", ""tutanvtihstihanv'i""]; imperative: expected 'thatanvtihsta', got ['thatanvtihstiha', 'tihatanvtihstiha', 'tshatanvtihstiha']; infinitive: expected 'tsutanvtihstohti', got ['tiutanvtihstihohti', 'tsutanvtihstihohti', 'tutanvtihstihohti']"
543,he/she is dodging,cause[pres2-perf3],"imperfective: expected 'tatanvtihstihsko'i', got [""tatanvtihstihihsko'i"", ""teatanvtihstihihsko'i""]; perfective: expected 'tutanvtihsthanv'i', got [""teutanvtihstihanv'i"", ""tutanvtihstihanv'i""]; imperative: expected 'thatanvtihsta', got ['thatanvtihstiha', 'tihatanvtihstiha', 'tshatanvtihstiha']; infinitive: expected 'tsutanvtihstohti', got ['tiutanvtihstihohti', 'tsutanvtihstihohti', 'tutanvtihstihohti']"
543,he/she is dodging,cause[pres2-perf3],"imperfective: expected 'tatanvtihstihsko'i', got [""tatanvtihstihihsko'i"", ""teatanvtihstihihsko'i""]; perfective: expected 'tutanvtihsthanv'i', got [""teutanvtihstihanv'i"", ""tutanvtihstihanv'i""]; imperative: expected 'thatanvtihsta', got ['thatanvtihstiha', 'tihatanvtihstiha', 'tshatanvtihstiha']; infinitive: expected 'tsutanvtihstohti', got ['tiutanvtihstihohti', 'tsutanvtihstihohti', 'tutanvtihstihohti']"
553,he/she is drawing a picture of him/her,cause[pres2-perf3],"imperfective: expected 'talhilohstihsko'i', got [""talhilohstihihsko'i"", ""tealhilohstihihsko'i""]; perfective: expected 'tulhilohsthanv'i', got [""teulhilohstihanv'i"", ""tulhilohstihanv'i""]; imperative: expected 'thiyatlilohsta', got ['thiyatlilohstiha', 'tihiyatlilohstiha', 'tshiyatlilohstiha']; infinitive: expected 'tsulhilohstohti', got ['tiulhilohstihohti', 'tsulhilohstihohti', 'tulhilohstihohti']"
776,he/she is dropping him/her (refers to flexible object),cause[pres2-perf3],"imperfective: expected 'katonhtihsko'i', got [""katonhtihihsko'i""]; perfective: expected 'utonhthanv'i', got [""utonhtihanv'i""]; imperative: expected 'hiyatonhta', got ['hiyatonhtiha']; infinitive: expected 'utonhtohti', got ['utonhtihohti']"
776,he/she is dropping him/her (refers to flexible object),cause[pres2-perf3],"imperfective: expected 'katonhtihsko'i', got [""katonhtihihsko'i""]; perfective: expected 'utonhthanv'i', got [""utonhtihanv'i""]; imperative: expected 'hiyatonhta', got ['hiyatonhtiha']; infinitive: expected 'utonhtohti', got ['utonhtihohti']"
61,he/she is embarrassing him/her,cause[pres2-perf3],"imperfective: expected 'atehohihstihsko'i', got [""atehohihstihihsko'i""]; perfective: expected 'utehohihsthanv'i', got [""utehohihstihanv'i""]; imperative: expected 'hiyate'ohihsta', got [""hiyate'ohihstiha""]; infinitive: expected 'utehohihstohti', got ['utehohihstihohti']"
61,he/she is embarrassing him/her,cause[pres2-perf3],"imperfective: expected 'atehohihstihsko'i', got [""atehohihstihihsko'i""]; perfective: expected 'utehohihsthanv'i', got [""utehohihstihanv'i""]; imperative: expected 'hiyate'ohihsta', got [""hiyate'ohihstiha""]; infinitive: expected 'utehohihstohti', got ['utehohihstihohti']"
1534,he/she is having trouble breathing,cause[pres2-perf3],"imperfective: expected 'uhawohstihsko'i', got [""uhawohstihihsko'i""]; perfective: expected 'uhawohsthanv'i', got [""uhawohstihanv'i""]; imperative: expected 'tsahawohsta', got ['tsahawohstiha']; infinitive: expected 'uhawohstohti', got ['uhawohstihohti']"
585,he/she is helping him/her up,cause[pres2-perf3],"imperfective: expected 'talehtihsko'i', got [""talehtihihsko'i"", ""tealehtihihsko'i""]; perfective: expected 'tulehthanv'i', got [""teulehtihanv'i"", ""tulehtihanv'i""]; imperative: expected 'thiyaleta', got ['thiyaletiha', 'tihiyaletiha', 'tshiyaletiha']; infinitive: expected 'tsulehtohti', got ['tiulehtihohti', 'tsulehtihohti', 'tulehtihohti']"
463,he/she is holding his/her breath,cause[pres2-perf3],"imperfective: expected 'athawhohstihsko'i', got [""athawhohstihihsko'i""]; perfective: expected 'uthawhohsthanv'i', got [""uthawhohstihanv'i""]; imperative: expected 'hathawhohsta', got ['hathawhohstiha']; infinitive: expected 'uthawhohstohti', got ['uthawhohstihohti']"
397,he/she is including him/her (refers to in counting),cause[pres2-perf3],"imperfective: expected 'ahsehstihsko'i', got [""ahsehstihihsko'i""]; perfective: expected 'uhsehsthanv'i', got [""uhsehstihanv'i""]; imperative: expected 'hiyahsehsta', got ['hiyahsehstiha']; infinitive: expected 'uhsehstohti', got ['uhsehstihohti']"
192,he/she is interpreting it,cause[pres2-perf3],"imperfective: expected 'anhelhtihsko'i', got [""anhelhtihihsko'i""]; perfective: expected 'unhelhthanv'i', got [""unhelhtihanv'i""]; imperative: expected 'hanhelhta', got ['hanhelhtiha']; infinitive: expected 'unhelhtohti', got ['unhelhtihohti']"
981,he/she is lecturing him/her,cause[pres2-perf3],"imperfective: expected 'kawonhtihsko'i', got [""kawonhtihihsko'i""]; perfective: expected 'uwonhthanv'i', got [""uwonhtihanv'i""]; imperative: expected 'hiwonhta', got ['hiwonhtiha']; infinitive: expected 'uwonhtohti', got ['uwonhtihohti']"
981,he/she is lecturing him/her,cause[pres2-perf3],"imperfective: expected 'kawonhtihsko'i', got [""kawonhtihihsko'i""]; perfective: expected 'uwonhthanv'i', got [""uwonhtihanv'i""]; imperative: expected 'hiwonhta', got ['hiwonhtiha']; infinitive: expected 'uwonhtohti', got ['uwonhtihohti']"
494,he/she is listening to him/her,cause[pres2-perf3],"imperfective: expected 'athvtahstihsko'i', got [""athvtahstihihsko'i""]; perfective: expected 'uthvtahsthanv'i', got [""uthvtahstihanv'i""]; imperative: expected 'hiyathvtahsta', got ['hiyathvtahstiha']; infinitive: expected 'uthvtahstohti', got ['uthvtahstihohti']"
494,he/she is listening to him/her,cause[pres2-perf3],"imperfective: expected 'athvtahstihsko'i', got [""athvtahstihihsko'i""]; perfective: expected 'uthvtahsthanv'i', got [""uthvtahstihanv'i""]; imperative: expected 'hiyathvtahsta', got ['hiyathvtahstiha']; infinitive: expected 'uthvtahstohti', got ['uthvtahstihohti']"
486,he/she is loaning it to him/her,cause[pres2-perf3],"imperfective: expected 'atholhstihsko'i', got [""atholhstihihsko'i""]; perfective: expected 'utholhsthanv'i', got [""utholhstihanv'i""]; imperative: expected 'hiyatholhsta', got ['hiyatholhstiha']; infinitive: expected 'utholhstohti', got ['utholhstihohti']"
486,he/she is loaning it to him/her,cause[pres2-perf3],"imperfective: expected 'atholhstihsko'i', got [""atholhstihihsko'i""]; perfective: expected 'utholhsthanv'i', got [""utholhstihanv'i""]; imperative: expected 'hiyatholhsta', got ['hiyatholhstiha']; infinitive: expected 'utholhstohti', got ['utholhstihohti']"
288,he/she is looking at him/her,cause[pres2-perf3],"perfective: expected 'ukhthohsthanv'i', got [""ukhthohstanv'i""]"
1604,he/she is making a mistake,cause[pres2-perf3],"imperfective: expected 'ulitahstihsko'i', got [""ulitahstihihsko'i""]; perfective: expected 'ulitahsthanv'i', got [""ulitahstihanv'i""]; imperative: expected 'tsalitahsta', got ['tsalitahstiha']; infinitive: expected 'ulitahstohti', got ['ulitahstihohti']"
539,he/she is making an X,cause[pres2-perf3],"imperfective: expected 'tatanhawhstihsko'i', got [""tatanhawhstihihsko'i"", ""teatanhawhstihihsko'i""]; perfective: expected 'tutanhawhsthanv'i', got [""teutanhawhstihanv'i"", ""tutanhawhstihanv'i""]; imperative: expected 'thatanhawhsta', got ['thatanhawhstiha', 'tihatanhawhstiha', 'tshatanhawhstiha']; infinitive: expected 'tsutanhawhstohti', got ['tiutanhawhstihohti', 'tsutanhawhstihohti', 'tutanhawhstihohti']"
539,he/she is making an X,cause[pres2-perf3],"imperfective: expected 'tatanhawhstihsko'i', got [""tatanhawhstihihsko'i"", ""teatanhawhstihihsko'i""]; perfective: expected 'tutanhawhsthanv'i', got [""teutanhawhstihanv'i"", ""tutanhawhstihanv'i""]; imperative: expected 'thatanhawhsta', got ['thatanhawhstiha', 'tihatanhawhstiha', 'tshatanhawhstiha']; infinitive: expected 'tsutanhawhstohti', got ['tiutanhawhstihohti', 'tsutanhawhstihohti', 'tutanhawhstihohti']"
539,he/she is making an X,cause[pres2-perf3],"imperfective: expected 'tatanhawhstihsko'i', got [""tatanhawhstihihsko'i"", ""teatanhawhstihihsko'i""]; perfective: expected 'tutanhawhsthanv'i', got [""teutanhawhstihanv'i"", ""tutanhawhstihanv'i""]; imperative: expected 'thatanhawhsta', got ['thatanhawhstiha', 'tihatanhawhstiha', 'tshatanhawhstiha']; infinitive: expected 'tsutanhawhstohti', got ['tiutanhawhstihohti', 'tsutanhawhstihohti', 'tutanhawhstihohti']"
539,he/she is making an X,cause[pres2-perf3],"imperfective: expected 'tatanhawhstihsko'i', got [""tatanhawhstihihsko'i"", ""teatanhawhstihihsko'i""]; perfective: expected 'tutanhawhsthanv'i', got [""teutanhawhstihanv'i"", ""tutanhawhstihanv'i""]; imperative: expected 'thatanhawhsta', got ['thatanhawhstiha', 'tihatanhawhstiha', 'tshatanhawhstiha']; infinitive: expected 'tsutanhawhstohti', got ['tiutanhawhstihohti', 'tsutanhawhstihohti', 'tutanhawhstihohti']"
1224,he/she is making him/her angry,cause[pres2-perf3],"imperfective: expected 'khanalvhstihsko'i', got [""khanalvhstihihsko'i""]; perfective: expected 'unhalvhsthanv'i', got [""unhalvhstihanv'i""]; imperative: expected 'hinalvhsta', got ['hinalvhstiha']; infinitive: expected 'unhalvhstohti', got ['unhalvhstihohti']"
1224,he/she is making him/her angry,cause[pres2-perf3],"imperfective: expected 'khanalvhstihsko'i', got [""khanalvhstihihsko'i""]; perfective: expected 'unhalvhsthanv'i', got [""unhalvhstihanv'i""]; imperative: expected 'hinalvhsta', got ['hinalvhstiha']; infinitive: expected 'unhalvhstohti', got ['unhalvhstihohti']"
854,he/she is making him/her fall from an elevated position,cause[pres2-perf3],"imperfective: expected 'kalonhtihsko'i', got [""kalonhtihihsko'i""]; perfective: expected 'ulonhthanv'i', got [""ulonhtihanv'i""]; imperative: expected 'hilonhta', got ['hilonhtiha']; infinitive: expected 'ulonhtohti', got ['ulonhtihohti']"
854,he/she is making him/her fall from an elevated position,cause[pres2-perf3],"imperfective: expected 'kalonhtihsko'i', got [""kalonhtihihsko'i""]; perfective: expected 'ulonhthanv'i', got [""ulonhtihanv'i""]; imperative: expected 'hilonhta', got ['hilonhtiha']; infinitive: expected 'ulonhtohti', got ['ulonhtihohti']"
169,he/she is making him/her fly,cause[pres2-perf3],"imperfective: expected 'alhawithtihsko'i', got [""alhawithtihihsko'i""]; perfective: expected 'ulhawithtanv'i', got [""ulhawithtihanv'i""]; imperative: expected 'hiyatlawithta', got ['hiyatlawithtiha']; infinitive: expected 'ulhawithtohti', got ['ulhawithtihohti']"
377,he/she is making it crisp,cause[pres2-perf3],"imperfective: expected 'ahstakayhtihsko'i', got [""ahstakayhtihihsko'i""]; perfective: expected 'uhstakayhthanv'i', got [""uhstakayhtihanv'i""]; imperative: expected 'hihstakayhta', got ['hihstakayhtiha']; infinitive: expected 'uhstakayhtohti', got ['uhstakayhtihohti']"
377,he/she is making it crisp,cause[pres2-perf3],"imperfective: expected 'ahstakayhtihsko'i', got [""ahstakayhtihihsko'i""]; perfective: expected 'uhstakayhthanv'i', got [""uhstakayhtihanv'i""]; imperative: expected 'hihstakayhta', got ['hihstakayhtiha']; infinitive: expected 'uhstakayhtohti', got ['uhstakayhtihohti']"
377,he/she is making it crisp,cause[pres2-perf3],"imperfective: expected 'ahstakayhtihsko'i', got [""ahstakayhtihihsko'i""]; perfective: expected 'uhstakayhthanv'i', got [""uhstakayhtihanv'i""]; imperative: expected 'hihstakayhta', got ['hihstakayhtiha']; infinitive: expected 'uhstakayhtohti', got ['uhstakayhtihohti']"
377,he/she is making it crisp,cause[pres2-perf3],"imperfective: expected 'ahstakayhtihsko'i', got [""ahstakayhtihihsko'i""]; perfective: expected 'uhstakayhthanv'i', got [""uhstakayhtihanv'i""]; imperative: expected 'hihstakayhta', got ['hihstakayhtiha']; infinitive: expected 'uhstakayhtohti', got ['uhstakayhtihohti']"
1023,he/she is making it fall (refers to a round‚ long object),cause[pres2-perf3],"imperfective: expected 'kohonhtihsko'i', got [""kohonhtihihsko'i""]; perfective: expected 'uwohonhthanv'i', got [""uwohonhtihanv'i""]; imperative: expected 'hohonhta', got ['hohonhtiha']; infinitive: expected 'uwohonhtohti', got ['uwohonhtihohti']"
571,he/she is making smoke,cause[pres2-perf3],"imperfective: expected 'takhsvhstihsko'i', got [""takhsvhstihihsko'i"", ""teakhsvhstihihsko'i""]; perfective: expected 'tukhsvhsthanv'i', got [""teukhsvhstihanv'i"", ""tukhsvhstihanv'i""]; imperative: expected 'thikhsvhsta', got ['thikhsvhstiha', 'tihikhsvhstiha', 'tshikhsvhstiha']; infinitive: expected 'tsukhsvhstohti', got ['tiukhsvhstihohti', 'tsukhsvhstihohti', 'tukhsvhstihohti']"
571,he/she is making smoke,cause[pres2-perf3],"imperfective: expected 'takhsvhstihsko'i', got [""takhsvhstihihsko'i"", ""teakhsvhstihihsko'i""]; perfective: expected 'tukhsvhsthanv'i', got [""teukhsvhstihanv'i"", ""tukhsvhstihanv'i""]; imperative: expected 'thikhsvhsta', got ['thikhsvhstiha', 'tihikhsvhstiha', 'tshikhsvhstiha']; infinitive: expected 'tsukhsvhstohti', got ['tiukhsvhstihohti', 'tsukhsvhstihohti', 'tukhsvhstihohti']"
1078,he/she is melting it,cause[pres2-perf3],"imperfective: expected 'kvnawhtihsko'i', got [""kvnawhtihihsko'i""]; perfective: expected 'uwanawhthanv'i', got [""uwanawhtihanv'i""]; imperative: expected 'hvnawhta', got ['hvnawhtiha']; infinitive: expected 'uwanawhtohti', got ['uwanawhtihohti']"
1234,he/she is mentioning it,cause[pres2-perf3],"imperfective: expected 'khane'ihstihsko'i', got [""khane'ihstihihsko'i""]; perfective: expected 'unhe'ihsthanv'i', got [""unhe'ihstihanv'i""]; imperative: expected 'hinhe'ihsta', got [""hinhe'ihstiha""]; infinitive: expected 'unhe'ihstohti', got [""unhe'ihstihohti""]"
1234,he/she is mentioning it,cause[pres2-perf3],"imperfective: expected 'khane'ihstihsko'i', got [""khane'ihstihihsko'i""]; perfective: expected 'unhe'ihsthanv'i', got [""unhe'ihstihanv'i""]; imperative: expected 'hinhe'ihsta', got [""hinhe'ihstiha""]; infinitive: expected 'unhe'ihstohti', got [""unhe'ihstihohti""]"
305,he/she is placing it in an upright position (refers to a long object),cause[pres2-perf3],"imperfective: expected 'alehtihsko'i', got [""alehtihihsko'i""]; perfective: expected 'ulehthanv'i', got [""ulehtihanv'i""]; imperative: expected 'halehta', got ['halehtiha']; infinitive: expected 'ulehtohti', got ['ulehtihohti']"
599,he/she is playing with him/her,cause[pres2-perf3],"imperfective: expected 'tanelhtihsko'i', got [""tanelhtihihsko'i"", ""teanelhtihihsko'i""]; perfective: expected 'tunelhthanv'i', got [""teunelhtihanv'i"", ""tunelhtihanv'i""]; imperative: expected 'thiyanelhta', got ['thiyanelhtiha', 'tihiyanelhtiha', 'tshiyanelhtiha']; infinitive: expected 'tsunelhtohti', got ['tiunelhtihohti', 'tsunelhtihohti', 'tunelhtihohti']"
96,he/she is pouring a liquid into a container,cause[pres2-perf3],"imperfective: expected 'atlihstihsko'i', got [""atlihstihihsko'i""]; perfective: expected 'utlihsthanv'i', got [""utlihstihanv'i""]; imperative: expected 'hitlihsta', got ['hitlihstiha']; infinitive: expected 'utlihstohti', got ['utlihstihohti']"
96,he/she is pouring a liquid into a container,cause[pres2-perf3],"imperfective: expected 'atlihstihsko'i', got [""atlihstihihsko'i""]; perfective: expected 'utlihsthanv'i', got [""utlihstihanv'i""]; imperative: expected 'hitlihsta', got ['hitlihstiha']; infinitive: expected 'utlihstohti', got ['utlihstihohti']"
10,he/she is praying,cause[pres2-perf3],"imperfective: expected 'atatolihstihsko'i', got [""atatolihstihihsko'i""]; perfective: expected 'utatolihsthanv'i', got [""utatolihstihanv'i""]; imperative: expected 'hatatolihsta', got ['hatatolihstiha']; infinitive: expected 'utatolihstohti', got ['utatolihstihohti']"
10,he/she is praying,cause[pres2-perf3],"imperfective: expected 'atatolihstihsko'i', got [""atatolihstihihsko'i""]; perfective: expected 'utatolihsthanv'i', got [""utatolihstihanv'i""]; imperative: expected 'hatatolihsta', got ['hatatolihstiha']; infinitive: expected 'utatolihstohti', got ['utatolihstihohti']"
10,he/she is praying,cause[pres2-perf3],"imperfective: expected 'atatolihstihsko'i', got [""atatolihstihihsko'i""]; perfective: expected 'utatolihsthanv'i', got [""utatolihstihanv'i""]; imperative: expected 'hatatolihsta', got ['hatatolihstiha']; infinitive: expected 'utatolihstohti', got ['utatolihstihohti']"
10,he/she is praying,cause[pres2-perf3],"imperfective: expected 'atatolihstihsko'i', got [""atatolihstihihsko'i""]; perfective: expected 'utatolihsthanv'i', got [""utatolihstihanv'i""]; imperative: expected 'hatatolihsta', got ['hatatolihstiha']; infinitive: expected 'utatolihstohti', got ['utatolihstihohti']"
10,he/she is praying,cause[pres2-perf3],"imperfective: expected 'atatolihstihsko'i', got [""atatolihstihihsko'i""]; perfective: expected 'utatolihsthanv'i', got [""utatolihstihanv'i""]; imperative: expected 'hatatolihsta', got ['hatatolihstiha']; infinitive: expected 'utatolihstohti', got ['utatolihstihohti']"
109,he/she is preparing it,cause[pres2-perf3],"imperfective: expected 'atvnv'ihstihsko'i', got [""atvnv'ihstihihsko'i""]; perfective: expected 'utvnv'ihsthanv'i', got [""utvnv'ihstihanv'i""]; imperative: expected 'hatvnv'ihsta', got [""hatvnv'ihstiha""]; infinitive: expected 'utvnv'ihstohti', got [""utvnv'ihstihohti""]"
109,he/she is preparing it,cause[pres2-perf3],"imperfective: expected 'atvnv'ihstihsko'i', got [""atvnv'ihstihihsko'i""]; perfective: expected 'utvnv'ihsthanv'i', got [""utvnv'ihstihanv'i""]; imperative: expected 'hatvnv'ihsta', got [""hatvnv'ihstiha""]; infinitive: expected 'utvnv'ihstohti', got [""utvnv'ihstihohti""]"
440,he/she is pressing down on him/her,cause[pres2-perf3],"imperfective: expected 'ahsonhstihsko'i', got [""ahsonhstihihsko'i""]; perfective: expected 'uhsonhsthanv'i', got [""uhsonhstihanv'i""]; imperative: expected 'hiyahsonhsta', got ['hiyahsonhstiha']; infinitive: expected 'uhsonhstohti', got ['uhsonhstihohti']"
493,he/she is promising,cause[pres2-perf3],"imperfective: expected 'athu'ihstihsko'i', got [""athu'ihstihihsko'i""]; perfective: expected 'uthu'ihsthanv'i', got [""uthu'ihstihanv'i""]; imperative: expected 'hithu'ihsta', got [""hithu'ihstiha""]; infinitive: expected 'uthu'ihstohti', got [""uthu'ihstihohti""]"
493,he/she is promising,cause[pres2-perf3],"imperfective: expected 'athu'ihstihsko'i', got [""athu'ihstihihsko'i""]; perfective: expected 'uthu'ihsthanv'i', got [""uthu'ihstihanv'i""]; imperative: expected 'hithu'ihsta', got [""hithu'ihstiha""]; infinitive: expected 'uthu'ihstohti', got [""uthu'ihstihohti""]"
493,he/she is promising,cause[pres2-perf3],"imperfective: expected 'athu'ihstihsko'i', got [""athu'ihstihihsko'i""]; perfective: expected 'uthu'ihsthanv'i', got [""uthu'ihstihanv'i""]; imperative: expected 'hithu'ihsta', got [""hithu'ihstiha""]; infinitive: expected 'uthu'ihstohti', got [""uthu'ihstihohti""]"
493,he/she is promising,cause[pres2-perf3],"imperfective: expected 'athu'ihstihsko'i', got [""athu'ihstihihsko'i""]; perfective: expected 'uthu'ihsthanv'i', got [""uthu'ihstihanv'i""]; imperative: expected 'hithu'ihsta', got [""hithu'ihstiha""]; infinitive: expected 'uthu'ihstohti', got [""uthu'ihstihohti""]"
511,he/she is putting him/her inside (refers to somewhere large enough to move around in),cause[pres2-perf3],"imperfective: expected 'ayhtihsko'i', got [""ayhtihihsko'i""]; perfective: expected 'uyhthanv'i', got [""uyhtihanv'i""]; imperative: expected 'hiyvta', got ['hiyvtiha']; infinitive: expected 'uyhtohti', got ['uyhtihohti']"
511,he/she is putting him/her inside (refers to somewhere large enough to move around in),cause[pres2-perf3],"imperfective: expected 'ayhtihsko'i', got [""ayhtihihsko'i""]; perfective: expected 'uyhthanv'i', got [""uyhtihanv'i""]; imperative: expected 'hiyvta', got ['hiyvtiha']; infinitive: expected 'uyhtohti', got ['uyhtihohti']"
798,he/she is putting it into a container,cause[pres2-perf3],"imperfective: expected 'kalhtihsko'i', got [""kalhtihihsko'i""]; perfective: expected 'ulhthanv'i', got [""ulhtihanv'i""]; imperative: expected 'hilhta', got ['hilhtiha']; infinitive: expected 'ulhtohti', got ['ulhtihohti']"
798,he/she is putting it into a container,cause[pres2-perf3],"imperfective: expected 'kalhtihsko'i', got [""kalhtihihsko'i""]; perfective: expected 'ulhthanv'i', got [""ulhtihanv'i""]; imperative: expected 'hilhta', got ['hilhtiha']; infinitive: expected 'ulhtohti', got ['ulhtihohti']"
1309,he/she is putting it on,cause[pres2-perf3],"imperfective: expected 'nikvnhtihsko'i', got [""nikvnhtihihsko'i"", ""nkvnhtihihsko'i""]; perfective: expected 'nuwanhthanv'i', got [""niuwanhtihanv'i"", ""nuwanhtihanv'i""]; imperative: expected 'nhvnhta', got ['nhvnhtiha', 'nihvnhtiha']; infinitive: expected 'iyuwanhtohti', got ['iuwanhtihohti', 'iyuwanhtihohti', 'uwanhtihohti']"
497,he/she is raising him/her,cause[pres2-perf3],"imperfective: expected 'athvhihstihsko'i', got [""athvhihstihihsko'i""]; perfective: expected 'uthvhihsthanv'i', got [""uthvhihstihanv'i""]; imperative: expected 'hiya'tvhihsta', got [""hiya'tvhihstiha""]; infinitive: expected 'uthvhihstohti', got ['uthvhihstihohti']"
738,he/she is releasing it (refers to involuntarily releasing),cause[pres2-perf3],"imperfective: expected 'tuhskalehstihsko'i', got [""teuhskalehstihihsko'i"", ""tuhskalehstihihsko'i""]; perfective: expected 'tuhskalehsthanv'i', got [""teuhskalehstihanv'i"", ""tuhskalehstihanv'i""]; imperative: expected 'titsahskalehsta', got ['titsahskalehstiha', 'tstsahskalehstiha', 'ttsahskalehstiha']; infinitive: expected 'tsuhskalehstohti', got ['tiuhskalehstihohti', 'tsuhskalehstihohti', 'tuhskalehstihohti']"
54,he/she is resting,cause[pres2-perf3],"imperfective: expected 'atawehsolvhstihsko'i', got [""atawehsolvhstihihsko'i""]; perfective: expected 'utawehsolvhsthanv'i', got [""utawehsolvhstihanv'i""]; imperative: expected 'hatawehsolvhsta', got ['hatawehsolvhstiha']; infinitive: expected 'utawehsolvhstohti', got ['utawehsolvhstihohti']"
54,he/she is resting,cause[pres2-perf3],"imperfective: expected 'atawehsolvhstihsko'i', got [""atawehsolvhstihihsko'i""]; perfective: expected 'utawehsolvhsthanv'i', got [""utawehsolvhstihanv'i""]; imperative: expected 'hatawehsolvhsta', got ['hatawehsolvhstiha']; infinitive: expected 'utawehsolvhstohti', got ['utawehsolvhstihohti']"
54,he/she is resting,cause[pres2-perf3],"imperfective: expected 'atawehsolvhstihsko'i', got [""atawehsolvhstihihsko'i""]; perfective: expected 'utawehsolvhsthanv'i', got [""utawehsolvhstihanv'i""]; imperative: expected 'hatawehsolvhsta', got ['hatawehsolvhstiha']; infinitive: expected 'utawehsolvhstohti', got ['utawehsolvhstihohti']"
54,he/she is resting,cause[pres2-perf3],"imperfective: expected 'atawehsolvhstihsko'i', got [""atawehsolvhstihihsko'i""]; perfective: expected 'utawehsolvhsthanv'i', got [""utawehsolvhstihanv'i""]; imperative: expected 'hatawehsolvhsta', got ['hatawehsolvhstiha']; infinitive: expected 'utawehsolvhstohti', got ['utawehsolvhstihohti']"
261,he/she is riding it (refers to anything that can be straddled),cause[pres2-perf3],"imperfective: expected 'akhilvtihsko'i', got [""akhilvtihihsko'i""]; perfective: expected 'ukhilvthanv'i', got [""ukhilvtihanv'i""]; imperative: expected 'hiyakhilvta', got ['hiyakhilvtiha']; infinitive: expected 'ukhilvtohti', got ['ukhilvtihohti']"
78,he/she is running over him/her,cause[pres2-perf3],"imperfective: expected 'atinvtihsko'i', got [""atinvtihihsko'i""]; perfective: expected 'utinvthanv'i', got [""utinvtihanv'i""]; imperative: expected 'hiyatinvta', got ['hiyatinvtiha']; infinitive: expected 'utinvtohti', got ['utinvtihohti']"
78,he/she is running over him/her,cause[pres2-perf3],"imperfective: expected 'atinvtihsko'i', got [""atinvtihihsko'i""]; perfective: expected 'utinvthanv'i', got [""utinvtihanv'i""]; imperative: expected 'hiyatinvta', got ['hiyatinvtiha']; infinitive: expected 'utinvtohti', got ['utinvtihohti']"
78,he/she is running over him/her,cause[pres2-perf3],"imperfective: expected 'atinvtihsko'i', got [""atinvtihihsko'i""]; perfective: expected 'utinvthanv'i', got [""utinvtihanv'i""]; imperative: expected 'hiyatinvta', got ['hiyatinvtiha']; infinitive: expected 'utinvtohti', got ['utinvtihohti']"
78,he/she is running over him/her,cause[pres2-perf3],"imperfective: expected 'atinvtihsko'i', got [""atinvtihihsko'i""]; perfective: expected 'utinvthanv'i', got [""utinvtihanv'i""]; imperative: expected 'hiyatinvta', got ['hiyatinvtiha']; infinitive: expected 'utinvtohti', got ['utinvtihohti']"
78,he/she is running over him/her,cause[pres2-perf3],"imperfective: expected 'atinvtihsko'i', got [""atinvtihihsko'i""]; perfective: expected 'utinvthanv'i', got [""utinvtihanv'i""]; imperative: expected 'hiyatinvta', got ['hiyatinvtiha']; infinitive: expected 'utinvtohti', got ['utinvtihohti']"
612,he/she is scheduling a time,cause[pres2-perf3],"imperfective: expected 'tahsvhstihsko'i', got [""tahsvhstihihsko'i"", ""teahsvhstihihsko'i""]; perfective: expected 'tuhsvhsthanv'i', got [""teuhsvhstihanv'i"", ""tuhsvhstihanv'i""]; imperative: expected 'thihsvhsta', got ['thihsvhstiha', 'tihihsvhstiha', 'tshihsvhstiha']; infinitive: expected 'tsuhsvhstohti', got ['tiuhsvhstihohti', 'tsuhsvhstihohti', 'tuhsvhstihohti']"
612,he/she is scheduling a time,cause[pres2-perf3],"imperfective: expected 'tahsvhstihsko'i', got [""tahsvhstihihsko'i"", ""teahsvhstihihsko'i""]; perfective: expected 'tuhsvhsthanv'i', got [""teuhsvhstihanv'i"", ""tuhsvhstihanv'i""]; imperative: expected 'thihsvhsta', got ['thihsvhstiha', 'tihihsvhstiha', 'tshihsvhstiha']; infinitive: expected 'tsuhsvhstohti', got ['tiuhsvhstihohti', 'tsuhsvhstihohti', 'tuhsvhstihohti']"
612,he/she is scheduling a time,cause[pres2-perf3],"imperfective: expected 'tahsvhstihsko'i', got [""tahsvhstihihsko'i"", ""teahsvhstihihsko'i""]; perfective: expected 'tuhsvhsthanv'i', got [""teuhsvhstihanv'i"", ""tuhsvhstihanv'i""]; imperative: expected 'thihsvhsta', got ['thihsvhstiha', 'tihihsvhstiha', 'tshihsvhstiha']; infinitive: expected 'tsuhsvhstohti', got ['tiuhsvhstihohti', 'tsuhsvhstihohti', 'tuhsvhstihohti']"
612,he/she is scheduling a time,cause[pres2-perf3],"imperfective: expected 'tahsvhstihsko'i', got [""tahsvhstihihsko'i"", ""teahsvhstihihsko'i""]; perfective: expected 'tuhsvhsthanv'i', got [""teuhsvhstihanv'i"", ""tuhsvhstihanv'i""]; imperative: expected 'thihsvhsta', got ['thihsvhstiha', 'tihihsvhstiha', 'tshihsvhstiha']; infinitive: expected 'tsuhsvhstohti', got ['tiuhsvhstihohti', 'tsuhsvhstihohti', 'tuhsvhstihohti']"
344,he/she is setting a goal,cause[pres2-perf3],"imperfective: expected 'alhsohstihsko'i', got [""alhsohstihihsko'i""]; perfective: expected 'ulhsohsthanv'i', got [""ulhsohstihanv'i""]; imperative: expected 'halhsohsta', got ['halhsohstiha']; infinitive: expected 'ulhsohstohti', got ['ulhsohstihohti']"
344,he/she is setting a goal,cause[pres2-perf3],"imperfective: expected 'alhsohstihsko'i', got [""alhsohstihihsko'i""]; perfective: expected 'ulhsohsthanv'i', got [""ulhsohstihanv'i""]; imperative: expected 'halhsohsta', got ['halhsohstiha']; infinitive: expected 'ulhsohstohti', got ['ulhsohstihohti']"
550,he/she is setting a price,cause[pres2-perf3],"imperfective: expected 'takvwalhtihsko'i', got [""takvwalhtihihsko'i"", ""teakvwalhtihihsko'i""]; perfective: expected 'tukvwalhthanv'i', got [""teukvwalhtihanv'i"", ""tukvwalhtihanv'i""]; imperative: expected 'thikvwalhta', got ['thikvwalhtiha', 'tihikvwalhtiha', 'tshikvwalhtiha']; infinitive: expected 'tsukvwalhtohti', got ['tiukvwalhtihohti', 'tsukvwalhtihohti', 'tukvwalhtihohti']"
550,he/she is setting a price,cause[pres2-perf3],"imperfective: expected 'takvwalhtihsko'i', got [""takvwalhtihihsko'i"", ""teakvwalhtihihsko'i""]; perfective: expected 'tukvwalhthanv'i', got [""teukvwalhtihanv'i"", ""tukvwalhtihanv'i""]; imperative: expected 'thikvwalhta', got ['thikvwalotiha', 'tihikvwalotiha', 'tshikvwalotiha']; infinitive: expected 'tsukvwalhtohti', got ['tiukvwalhtihohti', 'tsukvwalhtihohti', 'tukvwalhtihohti']"
180,he/she is shattering it,cause[pres2-perf3],"imperfective: expected 'alhkhothtihsko'i', got [""alhkhothtihihsko'i""]; perfective: expected 'ulhkhoththanv'i', got [""ulhkhothtihanv'i""]; imperative: expected 'halhkhothta', got ['halhkhothtiha']; infinitive: expected 'ulhkhothtohti', got ['ulhkhothtihohti']"
180,he/she is shattering it,cause[pres2-perf3],"imperfective: expected 'alhkhothtihsko'i', got [""alhkhothtihihsko'i""]; perfective: expected 'ulhkhoththanv'i', got [""ulhkhothtihanv'i""]; imperative: expected 'halhkhothta', got ['halhkhothtiha']; infinitive: expected 'ulhkhothtohti', got ['ulhkhothtihohti']"
145,he/she is showing it to him/her,cause[pres2-perf3],"imperfective: expected 'akowhthvhtihsko'i', got [""akowhthvhtihihsko'i""]; perfective: expected 'ukowhthvhthanv'i', got [""ukowhthvhtihanv'i""]; imperative: expected 'hikowhthvhta', got ['hikowhthvhtiha']; infinitive: expected 'ukowhthvhtohti', got ['ukowhthvhtihohti']"
145,he/she is showing it to him/her,cause[pres2-perf3],"imperfective: expected 'akowhthvhtihsko'i', got [""akowhthvhtihihsko'i""]; perfective: expected 'ukowhthvhthanv'i', got [""ukowhthvhtihanv'i""]; imperative: expected 'hikowhthvhta', got ['hikowhthvhtiha']; infinitive: expected 'ukowhthvhtohti', got ['ukowhthvhtihohti']"
1063,he/she is sifting it,cause[pres2-perf3],"imperfective: expected 'kvkuhstihsko'i', got [""kvkuhstihihsko'i""]; perfective: expected 'uwakuhsthanv'i', got [""uwakuhstihanv'i""]; imperative: expected 'hvkuhsta', got ['hvkuhstiha']; infinitive: expected 'uwakuhstohti', got ['uwakuhstihohti']"
620,he/she is slamming him/her,cause[pres2-perf3],"imperfective: expected 'tekalvtvnihstihsko'i', got [""tekalvtvnihstihihsko'i"", ""tkalvtvnihstihihsko'i""]; perfective: expected 'tulvtvnihsthanv'i', got [""teulvtvnihstihanv'i"", ""tulvtvnihstihanv'i""]; imperative: expected 'thilvtvnihsta', got ['thilvtvnihstiha', 'tihilvtvnihstiha', 'tshilvtvnihstiha']; infinitive: expected 'tsulvtvnihstohti', got ['tiulvtvnihstihohti', 'tsulvtvnihstihohti', 'tulvtvnihstihohti']"
620,he/she is slamming him/her,cause[pres2-perf3],"imperfective: expected 'tekalvtvnihstihsko'i', got [""tekalvtvnihstihihsko'i"", ""tkalvtvnihstihihsko'i""]; perfective: expected 'tulvtvnihsthanv'i', got [""teulvtvnihstihanv'i"", ""tulvtvnihstihanv'i""]; imperative: expected 'thilvtvnihsta', got ['thilvtvnihstiha', 'tihilvtvnihstiha', 'tshilvtvnihstiha']; infinitive: expected 'tsulvtvnihstohti', got ['tiulvtvnihstihohti', 'tsulvtvnihstihohti', 'tulvtvnihstihohti']"
345,he/she is smelling it (refers to sniffing),cause[pres2-perf3],"imperfective: expected 'alhsvhstihsko'i', got [""alhsvhstihihsko'i""]; perfective: expected 'ulhsvhsthanv'i', got [""ulhsvhstihanv'i""]; imperative: expected 'halhsvhsta', got ['halhsvhstiha']; infinitive: expected 'ulhsvhstohti', got ['ulhsvhstihohti']"
345,he/she is smelling it (refers to sniffing),cause[pres2-perf3],"imperfective: expected 'alhsvhstihsko'i', got [""alhsvhstihihsko'i""]; perfective: expected 'ulhsvhsthanv'i', got [""ulhsvhstihanv'i""]; imperative: expected 'halhsvhsta', got ['halhsvhstiha']; infinitive: expected 'ulhsvhstohti', got ['ulhsvhstihohti']"
158,he/she is smothering him/her,cause[pres2-perf3],"imperfective: expected 'ahawohstihsko'i', got [""ahawohstihihsko'i""]; perfective: expected 'uhawohsthanv'i', got [""uhawohstihanv'i""]; imperative: expected 'hi'awohsta', got [""hi'awohstiha""]; infinitive: expected 'uhawohstohti', got ['uhawohstihohti']"
176,he/she is snorting,cause[pres2-perf3],"imperfective: expected 'alhiyvhsanawhstihsko'i', got [""alhiyvhsanawhstihihsko'i""]; perfective: expected 'ulhiyvhsanawhsthanv'i', got [""ulhiyvhsanawhstihanv'i""]; imperative: expected 'halhiyvhsanawhsta', got ['halhiyvhsanawhstiha']; infinitive: expected 'ulhiyvhsanawhstohti', got ['ulhiyvhsanawhstihohti']"
176,he/she is snorting,cause[pres2-perf3],"imperfective: expected 'alhiyvhsanawhstihsko'i', got [""alhiyvhsanawhstihihsko'i""]; perfective: expected 'ulhiyvhsanawhsthanv'i', got [""ulhiyvhsanawhstihanv'i""]; imperative: expected 'halhiyvhsanawhsta', got ['halhiyvhsanawhstiha']; infinitive: expected 'ulhiyvhsanawhstohti', got ['ulhiyvhsanawhstihohti']"
769,he/she is spinning it,cause[pres2-perf3],"imperfective: expected 'katikwalvteyhstihsko'i', got [""katikwalvteyhstihihsko'i""]; perfective: expected 'uwatikwalvteyhsthanv'i', got [""uwatikwalvteyhstihanv'i""]; imperative: expected 'hitikwalvteyhsta', got ['hitikwalvteyhstiha']; infinitive: expected 'uwatikwalvteyhstohti', got ['uwatikwalvteyhstihohti']"
724,he/she is staggering,cause[pres2-perf3],"imperfective: expected 'tutokhtihsko'i', got [""teutokhtihihsko'i"", ""tutokhtihihsko'i""]; perfective: expected 'tutokhthanv'i', got [""teutokhtihanv'i"", ""tutokhtihanv'i""]; imperative: expected 'titsatokhta', got ['titsatokhtiha', 'tstsatokhtiha', 'ttsatokhtiha']; infinitive: expected 'tsutokhtohti', got ['tiutokhtihohti', 'tsutokhtihohti', 'tutokhtihohti']"
724,he/she is staggering,cause[pres2-perf3],"imperfective: expected 'tutokhtihsko'i', got [""teutokhtihihsko'i"", ""tutokhtihihsko'i""]; perfective: expected 'tutokhthanv'i', got [""teutokhtihanv'i"", ""tutokhtihanv'i""]; imperative: expected 'titsatokhta', got ['titsatokhtiha', 'tstsatokhtiha', 'ttsatokhtiha']; infinitive: expected 'tsutokhtohti', got ['tiutokhtihohti', 'tsutokhtihohti', 'tutokhtihohti']"
197,he/she is starting it,cause[pres2-perf3],"imperfective: expected 'anhikihstihsko'i', got [""anhikihstihihsko'i""]; perfective: expected 'unhikihsthanv'i', got [""unhikihstihanv'i""]; imperative: expected 'hanhikihsta', got ['hanhikihstiha']; infinitive: expected 'unhikihstohti', got ['unhikihstihohti']"
307,he/she is stopping,cause[pres2-perf3],"imperfective: expected 'alewhihstihsko'i', got [""alewhihstihihsko'i""]; perfective: expected 'ulewhihsthanv'i', got [""ulewhihstihanv'i""]; imperative: expected 'halewhihsta', got ['halewhihstiha']; infinitive: expected 'ulewhihstohti', got ['ulewhihstihohti']"
848,he/she is stopping by (where on the way somewhere),cause[pres2-perf3],"imperfective: expected 'kalohihstihsko'i', got [""kalohihstihihsko'i""]; perfective: expected 'ulohihsthanv'i', got [""ulohihstihanv'i""]; imperative: expected 'hilohihsta', got ['hilohihstiha']; infinitive: expected 'ulohihstohti', got ['ulohihstihohti']"
308,he/she is stopping him/her,cause[pres2-perf3],"imperfective: expected 'alewhihstohtihsko'i', got [""alewhihstohtihihsko'i""]; perfective: expected 'ulewhihstohthanv'i', got [""ulewhihstohtihanv'i""]; imperative: expected 'hiyalewihstohta', got ['hiyalewihstohtiha']; infinitive: expected 'ulewhihstohtohti', got ['ulewhihstohtihohti']"
1254,he/she is straining it,cause[pres2-perf3],"imperfective: expected 'khanvhsolvhstihsko'i', got [""khanvhsolvhstihihsko'i""]; perfective: expected 'unhvhsolvhsthanv'i', got [""unhvhsolvhstihanv'i""]; imperative: expected 'hinhvhsolvhsta', got ['hinhvhsolvhstiha']; infinitive: expected 'unhvhsolvhstohti', got ['unhvhsolvhstihohti']"
1254,he/she is straining it,cause[pres2-perf3],"imperfective: expected 'khanvhsolvhstihsko'i', got [""khanvhsolvhstihihsko'i""]; perfective: expected 'unhvhsolvhsthanv'i', got [""unhvhsolvhstihanv'i""]; imperative: expected 'hinhvhsolvhsta', got ['hinhvhsolvhstiha']; infinitive: expected 'unhvhsolvhstohti', got ['unhvhsolvhstihohti']"
19,he/she is stretching,cause[pres2-perf3],"imperfective: expected 'atayhahstihsko'i', got [""atayhahstihihsko'i""]; perfective: expected 'utayhahsthanv'i', got [""utayhahstihanv'i""]; imperative: expected 'hatayhahsta', got ['hatayhahstiha']; infinitive: expected 'utayhahstohti', got ['utayhahstihohti']"
19,he/she is stretching,cause[pres2-perf3],"imperfective: expected 'atayhahstihsko'i', got [""atayhahstihihsko'i""]; perfective: expected 'utayhahsthanv'i', got [""utayhahstihanv'i""]; imperative: expected 'hatayhahsta', got ['hatayhahstiha']; infinitive: expected 'utayhahstohti', got ['utayhahstihohti']"
19,he/she is stretching,cause[pres2-perf3],"imperfective: expected 'atayhahstihsko'i', got [""atayhahstihihsko'i""]; perfective: expected 'utayhahsthanv'i', got [""utayhahstihanv'i""]; imperative: expected 'hatayhahsta', got ['hatayhahstiha']; infinitive: expected 'utayhahstohti', got ['utayhahstihohti']"
19,he/she is stretching,cause[pres2-perf3],"imperfective: expected 'atayhahstihsko'i', got [""atayhahstihihsko'i""]; perfective: expected 'utayhahsthanv'i', got [""utayhahstihanv'i""]; imperative: expected 'hatayhahsta', got ['hatayhahstiha']; infinitive: expected 'utayhahstohti', got ['utayhahstihohti']"
32,he/she is taking off running,cause[pres2-perf3],"imperfective: expected 'atanawhstihsko'i', got [""atanawhstihihsko'i""]; perfective: expected 'utanawhsthanv'i', got [""utanawhstihanv'i""]; imperative: expected 'hatanawhsta', got ['hatanawhstiha']; infinitive: expected 'utanawhstohti', got ['utanawhstihohti']"
32,he/she is taking off running,cause[pres2-perf3],"imperfective: expected 'atanawhstihsko'i', got [""atanawhstihihsko'i""]; perfective: expected 'utanawhsthanv'i', got [""utanawhstihanv'i""]; imperative: expected 'hatanawhsta', got ['hatanawhstiha']; infinitive: expected 'utanawhstohti', got ['utanawhstihohti']"
32,he/she is taking off running,cause[pres2-perf3],"imperfective: expected 'atanawhstihsko'i', got [""atanawhstihihsko'i""]; perfective: expected 'utanawhsthanv'i', got [""utanawhstihanv'i""]; imperative: expected 'hatanawhsta', got ['hatanawhstiha']; infinitive: expected 'utanawhstohti', got ['utanawhstihohti']"
32,he/she is taking off running,cause[pres2-perf3],"imperfective: expected 'atanawhstihsko'i', got [""atanawhstihihsko'i""]; perfective: expected 'utanawhsthanv'i', got [""utanawhstihanv'i""]; imperative: expected 'hatanawhsta', got ['hatanawhstiha']; infinitive: expected 'utanawhstohti', got ['utanawhstihohti']"
34,he/she is taking turns with him/her,cause[pres2-perf3],"imperfective: expected 'atanetliyvhstihsko'i', got [""atanetliyvhstihihsko'i""]; perfective: expected 'utanetliyvhsthanv'i', got [""utanetliyvhstihanv'i""]; imperative: expected 'hatanetliyvhsta', got ['hatanetliyvhstiha']; infinitive: expected 'utanetliyvhstohti', got ['utanetliyvhstihohti']"
34,he/she is taking turns with him/her,cause[pres2-perf3],"imperfective: expected 'atanetliyvhstihsko'i', got [""atanetliyvhstihihsko'i""]; perfective: expected 'utanetliyvhsthanv'i', got [""utanetliyvhstihanv'i""]; imperative: expected 'hatanetliyvhsta', got ['hatanetliyvhstiha']; infinitive: expected 'utanetliyvhstohti', got ['utanetliyvhstihohti']"
34,he/she is taking turns with him/her,cause[pres2-perf3],"imperfective: expected 'atanetliyvhstihsko'i', got [""atanetliyvhstihihsko'i""]; perfective: expected 'utanetliyvhsthanv'i', got [""utanetliyvhstihanv'i""]; imperative: expected 'hatanetliyvhsta', got ['hatanetliyvhstiha']; infinitive: expected 'utanetliyvhstohti', got ['utanetliyvhstihohti']"
34,he/she is taking turns with him/her,cause[pres2-perf3],"imperfective: expected 'atanetliyvhstihsko'i', got [""atanetliyvhstihihsko'i""]; perfective: expected 'utanetliyvhsthanv'i', got [""utanetliyvhstihanv'i""]; imperative: expected 'hatanetliyvhsta', got ['hatanetliyvhstiha']; infinitive: expected 'utanetliyvhstohti', got ['utanetliyvhstihohti']"
767,he/she is turning it,cause[pres2-perf3],"imperfective: expected 'kateyhstihsko'i', got [""kateyhstihihsko'i""]; perfective: expected 'uwateyhsthanv'i', got [""uwateyhstihanv'i""]; imperative: expected 'hiteyhsta', got ['hiteyhstiha']; infinitive: expected 'uwateyhstohti', got ['uwateyhstihohti']"
728,he/she is vomiting,cause[pres2-perf3],"imperfective: expected 'tukhstihsko'i', got [""teukhstihihsko'i"", ""tukhstihihsko'i""]; perfective: expected 'tukhsthanv'i', got [""teukhstihanv'i"", ""tukhstihanv'i""]; imperative: expected 'titsakhsta', got ['titsakhstiha', 'tstsakhstiha', 'ttsakhstiha']; infinitive: expected 'tsukhstohti', got ['tiukhstihohti', 'tsukhstihohti', 'tukhstihohti']"
509,he/she is waking him/her up,cause[pres2-perf3],"imperfective: expected 'aye'ihstihsko'i', got [""aye'ihstihihsko'i""]; perfective: expected 'uye'ihsthanv'i', got [""uye'ihstihanv'i""]; imperative: expected 'hiye'ihsta', got [""hiye'ihstiha""]; infinitive: expected 'uye'ihstohti', got [""uye'ihstihohti""]"
509,he/she is waking him/her up,cause[pres2-perf3],"imperfective: expected 'aye'ihstihsko'i', got [""aye'ihstihihsko'i""]; perfective: expected 'uye'ihsthanv'i', got [""uye'ihstihanv'i""]; imperative: expected 'hiye'ihsta', got [""hiye'ihstiha""]; infinitive: expected 'uye'ihstohti', got [""uye'ihstihohti""]"
117,he/she is warming it,cause[pres2-perf3],"imperfective: expected 'akanawhtihsko'i', got [""akanawhtihihsko'i""]; perfective: expected 'ukanawhthanv'i', got [""ukanawhtihanv'i""]; imperative: expected 'hikanawhta', got ['hikanawhtiha']; infinitive: expected 'ukanawhtohti', got ['ukanawhtihohti']"
117,he/she is warming it,cause[pres2-perf3],"imperfective: expected 'akanawhtihsko'i', got [""akanawhtihihsko'i""]; perfective: expected 'ukanawhthanv'i', got [""ukanawhtihanv'i""]; imperative: expected 'hikanawhta', got ['hikanawotiha']; infinitive: expected 'ukanawhtohti', got ['ukanawhtihohti']"
1612,he/she is whining,cause[pres2-perf3],"imperfective: expected 'uliyetihsko'i', got [""uliyetihihsko'i""]; perfective: expected 'uliyethanv'i', got [""uliyetihanv'i""]; imperative: expected 'tsaliyeta', got ['tsaliyetiha']; infinitive: expected 'uliyetohti', got ['uliyetihohti']"
277,he/she is winking,cause[pres2-perf3],"imperfective: expected 'akhthahstihsko'i', got [""akhthahstihihsko'i""]; perfective: expected 'ukhthahsthanv'i', got [""ukhthahstihanv'i""]; imperative: expected 'hakhthahsta', got ['hakhthahstiha']; infinitive: expected 'ukhthahstohti', got ['ukhthahstihohti']"
824,he/she is wringing it out,cause[pres2-perf3],"imperfective: expected 'katsvwahstihsko'i', got [""katsvwahstihihsko'i""]; perfective: expected 'uwatsvwahsthanv'i', got [""uwatsvwahstihanv'i""]; imperative: expected 'hitsvwahsta', got ['hitsvwahstiha']; infinitive: expected 'uwatsvwahstohti', got ['uwatsvwahstihohti']"
1551,he/she has a chill,cause[pres2],"imperfective: expected 'unhawahstihsko'i', got [""unhawahstihihsko'i""]; perfective: expected 'unhawahsthanv'i', got [""unhawahstihhanv'i""]; imperative: expected 'tshanawahsta', got ['tshanawahstiha']; infinitive: expected 'unhawahstohti', got ['unhawahstihohti']"
1053,he/she is accusing him/her,cause[pres2],"imperfective: expected 'kuhihstihsko'i', got [""kuhihstihihsko'i""]; perfective: expected 'uwuhihsthanv'i', got [""uwuhihstihhanv'i""]; imperative: expected 'hiyu'ihsta', got [""hiyu'ihstiha""]; infinitive: expected 'uwuhihstohti', got ['uwuhihstihohti']"
594,he/she is aiming at him/her,cause[pres2],"imperfective: expected 'talhsohstihsko'i', got [""talhsohstihihsko'i"", ""tealhsohstihihsko'i""]; perfective: expected 'tulhsohsthanv'i', got [""teulhsohstihhanv'i"", ""tulhsohstihhanv'i""]; imperative: expected 'thiyalihsohsta', got ['thiyalihsohstiha', 'tihiyalihsohstiha', 'tshiyalihsohstiha']; infinitive: expected 'tsulhsohstohti', got ['tiulhsohstihohti', 'tsulhsohstihohti', 'tulhsohstihohti']"
594,he/she is aiming at him/her,cause[pres2],"imperfective: expected 'talhsohstihsko'i', got [""talhsohstihihsko'i"", ""tealhsohstihihsko'i""]; perfective: expected 'tulhsohsthanv'i', got [""teulhsohstihhanv'i"", ""tulhsohstihhanv'i""]; imperative: expected 'thiyalihsohsta', got ['thiyalihsohstiha', 'tihiyalihsohstiha', 'tshiyalihsohstiha']; infinitive: expected 'tsulhsohstohti', got ['tiulhsohstihohti', 'tsulhsohstihohti', 'tulhsohstihohti']"
361,he/she is attempting it,cause[pres2],"imperfective: expected 'anelhtihsko'i', got [""anelhtihihsko'i""]; perfective: expected 'unelhthanv'i', got [""unelhtihhanv'i""]; imperative: expected 'hanelhta', got ['hanelhtiha']; infinitive: expected 'unelhtohti', got ['unelhtihohti']"
852,he/she is bluffing him/her,cause[pres2],"imperfective: expected 'kalonahstihsko'i', got [""kalonahstihihsko'i""]; perfective: expected 'ulonahsthanv'i', got [""ulonahstihhanv'i""]; imperative: expected 'hilonahsta', got ['hilonahstiha']; infinitive: expected 'ulonahstohti', got ['ulonahstihohti']"
852,he/she is bluffing him/her,cause[pres2],"imperfective: expected 'kalonahstihsko'i', got [""kalonahstihihsko'i""]; perfective: expected 'ulonahsthanv'i', got [""ulonahstihhanv'i""]; imperative: expected 'hilonahsta', got ['hilonahstiha']; infinitive: expected 'ulonahstohti', got ['ulonahstihohti']"
6,he/she is bouncing it,cause[pres2],"imperfective: expected 'atatinvtihsko'i', got [""atatinvtihihsko'i""]; perfective: expected 'utatinvthanv'i', got [""utatinvtihhanv'i""]; imperative: expected 'hatatinvta', got ['hatatinvtiha']; infinitive: expected 'utatinvtohti', got ['utatinvtihohti']"
6,he/she is bouncing it,cause[pres2],"imperfective: expected 'atatinvtihsko'i', got [""atatinvtihihsko'i""]; perfective: expected 'utatinvthanv'i', got [""utatinvtihhanv'i""]; imperative: expected 'hatatinvta', got ['hatatinvtiha']; infinitive: expected 'utatinvtohti', got ['utatinvtihohti']"
6,he/she is bouncing it,cause[pres2],"imperfective: expected 'atatinvtihsko'i', got [""atatinvtihihsko'i""]; perfective: expected 'utatinvthanv'i', got [""utatinvtihhanv'i""]; imperative: expected 'hatatinvta', got ['hatatinvtiha']; infinitive: expected 'utatinvtohti', got ['utatinvtihohti']"
6,he/she is bouncing it,cause[pres2],"imperfective: expected 'atatinvtihsko'i', got [""atatinvtihihsko'i""]; perfective: expected 'utatinvthanv'i', got [""utatinvtihhanv'i""]; imperative: expected 'hatatinvta', got ['hatatinvtiha']; infinitive: expected 'utatinvtohti', got ['utatinvtihohti']"
6,he/she is bouncing it,cause[pres2],"imperfective: expected 'atatinvtihsko'i', got [""atatinvtihihsko'i""]; perfective: expected 'utatinvthanv'i', got [""utatinvtihhanv'i""]; imperative: expected 'hatatinvta', got ['hatatinvtiha']; infinitive: expected 'utatinvtohti', got ['utatinvtihohti']"
524,he/she is breaking it,cause[pres2],"imperfective: expected 'ayohstihsko'i', got [""ayohstihihsko'i""]; perfective: expected 'uyohsthanv'i', got [""uyohstihhanv'i""]; imperative: expected 'hiyohsta', got ['hiyohstiha']; infinitive: expected 'uyohstohti', got ['uyohstihohti']"
524,he/she is breaking it,cause[pres2],"imperfective: expected 'ayohstihsko'i', got [""ayohstihihsko'i""]; perfective: expected 'uyohsthanv'i', got [""uyohstihhanv'i""]; imperative: expected 'hiyohsta', got ['hiyohstiha']; infinitive: expected 'uyohstohti', got ['uyohstihohti']"
135,he/she is burning him/her,cause[pres2],"imperfective: expected 'akohvhstihsko'i', got [""akohvhstihihsko'i""]; perfective: expected 'ukohvhsthanv'i', got [""ukohvhstihhanv'i""]; imperative: expected 'hiyakohvhsta', got ['hiyakohvhstiha']; infinitive: expected 'ukohvhstohti', got ['ukohvhstihohti']"
573,he/she is closing his eyes,cause[pres2],"imperfective: expected 'takhthahstihsko'i', got [""takhthahstihihsko'i"", ""teakhthahstihihsko'i""]; perfective: expected 'tukhthahsthanv'i', got [""teukhthahstihhanv'i"", ""tukhthahstihhanv'i""]; imperative: expected 'thakhthahsta', got ['thakhthahstiha', 'tihakhthahstiha', 'tshakhthahstiha']; infinitive: expected 'tsukhthahstohti', got ['tiukhthahstihohti', 'tsukhthahstihohti', 'tukhthahstihohti']"
1071,he/she is cooking it (refers to a specific food),cause[pres2],"imperfective: expected 'kvnhihstihsko'i', got [""kvnhihstihihsko'i""]; perfective: expected 'uwanhihsthanv'i', got [""uwanhihstihhanv'i""]; imperative: expected 'hvnhihsta', got ['hvnhihstiha']; infinitive: expected 'uwanhihstohti', got ['uwanhihstihohti']"
626,he/she is deciding,cause[pres2],"imperfective: expected 'tekukhtihsko'i', got [""tekukhtihihsko'i"", ""tkukhtihihsko'i""]; perfective: expected 'tuwukhthanv'i', got [""teuwukhtihhanv'i"", ""tuwukhtihhanv'i""]; imperative: expected 'thukhta', got ['thukhtiha', 'tihukhtiha', 'tshukhtiha']; infinitive: expected 'tsuwukhtohti', got ['tiuwukhtihohti', 'tsuwukhtihohti', 'tuwukhtihohti']"
543,he/she is dodging,cause[pres2],"imperfective: expected 'tatanvtihstihsko'i', got [""tatanvtihstihihsko'i"", ""teatanvtihstihihsko'i""]; perfective: expected 'tutanvtihsthanv'i', got [""teutanvtihstihhanv'i"", ""tutanvtihstihhanv'i""]; imperative: expected 'thatanvtihsta', got ['thatanvtihstiha', 'tihatanvtihstiha', 'tshatanvtihstiha']; infinitive: expected 'tsutanvtihstohti', got ['tiutanvtihstihohti', 'tsutanvtihstihohti', 'tutanvtihstihohti']"
543,he/she is dodging,cause[pres2],"imperfective: expected 'tatanvtihstihsko'i', got [""tatanvtihstihihsko'i"", ""teatanvtihstihihsko'i""]; perfective: expected 'tutanvtihsthanv'i', got [""teutanvtihstihhanv'i"", ""tutanvtihstihhanv'i""]; imperative: expected 'thatanvtihsta', got ['thatanvtihstiha', 'tihatanvtihstiha', 'tshatanvtihstiha']; infinitive: expected 'tsutanvtihstohti', got ['tiutanvtihstihohti', 'tsutanvtihstihohti', 'tutanvtihstihohti']"
543,he/she is dodging,cause[pres2],"imperfective: expected 'tatanvtihstihsko'i', got [""tatanvtihstihihsko'i"", ""teatanvtihstihihsko'i""]; perfective: expected 'tutanvtihsthanv'i', got [""teutanvtihstihhanv'i"", ""tutanvtihstihhanv'i""]; imperative: expected 'thatanvtihsta', got ['thatanvtihstiha', 'tihatanvtihstiha', 'tshatanvtihstiha']; infinitive: expected 'tsutanvtihstohti', got ['tiutanvtihstihohti', 'tsutanvtihstihohti', 'tutanvtihstihohti']"
543,he/she is dodging,cause[pres2],"imperfective: expected 'tatanvtihstihsko'i', got [""tatanvtihstihihsko'i"", ""teatanvtihstihihsko'i""]; perfective: expected 'tutanvtihsthanv'i', got [""teutanvtihstihhanv'i"", ""tutanvtihstihhanv'i""]; imperative: expected 'thatanvtihsta', got ['thatanvtihstiha', 'tihatanvtihstiha', 'tshatanvtihstiha']; infinitive: expected 'tsutanvtihstohti', got ['tiutanvtihstihohti', 'tsutanvtihstihohti', 'tutanvtihstihohti']"
553,he/she is drawing a picture of him/her,cause[pres2],"imperfective: expected 'talhilohstihsko'i', got [""talhilohstihihsko'i"", ""tealhilohstihihsko'i""]; perfective: expected 'tulhilohsthanv'i', got [""teulhilohstihhanv'i"", ""tulhilohstihhanv'i""]; imperative: expected 'thiyatlilohsta', got ['thiyatlilohstiha', 'tihiyatlilohstiha', 'tshiyatlilohstiha']; infinitive: expected 'tsulhilohstohti', got ['tiulhilohstihohti', 'tsulhilohstihohti', 'tulhilohstihohti']"
776,he/she is dropping him/her (refers to flexible object),cause[pres2],"imperfective: expected 'katonhtihsko'i', got [""katonhtihihsko'i""]; perfective: expected 'utonhthanv'i', got [""utonhtihhanv'i""]; imperative: expected 'hiyatonhta', got ['hiyatonhtiha']; infinitive: expected 'utonhtohti', got ['utonhtihohti']"
776,he/she is dropping him/her (refers to flexible object),cause[pres2],"imperfective: expected 'katonhtihsko'i', got [""katonhtihihsko'i""]; perfective: expected 'utonhthanv'i', got [""utonhtihhanv'i""]; imperative: expected 'hiyatonhta', got ['hiyatonhtiha']; infinitive: expected 'utonhtohti', got ['utonhtihohti']"
61,he/she is embarrassing him/her,cause[pres2],"imperfective: expected 'atehohihstihsko'i', got [""atehohihstihihsko'i""]; perfective: expected 'utehohihsthanv'i', got [""utehohihstihhanv'i""]; imperative: expected 'hiyate'ohihsta', got [""hiyate'ohihstiha""]; infinitive: expected 'utehohihstohti', got ['utehohihstihohti']"
61,he/she is embarrassing him/her,cause[pres2],"imperfective: expected 'atehohihstihsko'i', got [""atehohihstihihsko'i""]; perfective: expected 'utehohihsthanv'i', got [""utehohihstihhanv'i""]; imperative: expected 'hiyate'ohihsta', got [""hiyate'ohihstiha""]; infinitive: expected 'utehohihstohti', got ['utehohihstihohti']"
1534,he/she is having trouble breathing,cause[pres2],"imperfective: expected 'uhawohstihsko'i', got [""uhawohstihihsko'i""]; perfective: expected 'uhawohsthanv'i', got [""uhawohstihhanv'i""]; imperative: expected 'tsahawohsta', got ['tsahawohstiha']; infinitive: expected 'uhawohstohti', got ['uhawohstihohti']"
585,he/she is helping him/her up,cause[pres2],"imperfective: expected 'talehtihsko'i', got [""talehtihihsko'i"", ""tealehtihihsko'i""]; perfective: expected 'tulehthanv'i', got [""teulehtihhanv'i"", ""tulehtihhanv'i""]; imperative: expected 'thiyaleta', got ['thiyaletiha', 'tihiyaletiha', 'tshiyaletiha']; infinitive: expected 'tsulehtohti', got ['tiulehtihohti', 'tsulehtihohti', 'tulehtihohti']"
463,he/she is holding his/her breath,cause[pres2],"imperfective: expected 'athawhohstihsko'i', got [""athawhohstihihsko'i""]; perfective: expected 'uthawhohsthanv'i', got [""uthawhohstihhanv'i""]; imperative: expected 'hathawhohsta', got ['hathawhohstiha']; infinitive: expected 'uthawhohstohti', got ['uthawhohstihohti']"
397,he/she is including him/her (refers to in counting),cause[pres2],"imperfective: expected 'ahsehstihsko'i', got [""ahsehstihihsko'i""]; perfective: expected 'uhsehsthanv'i', got [""uhsehstihhanv'i""]; imperative: expected 'hiyahsehsta', got ['hiyahsehstiha']; infinitive: expected 'uhsehstohti', got ['uhsehstihohti']"
192,he/she is interpreting it,cause[pres2],"imperfective: expected 'anhelhtihsko'i', got [""anhelhtihihsko'i""]; perfective: expected 'unhelhthanv'i', got [""unhelhtihhanv'i""]; imperative: expected 'hanhelhta', got ['hanhelhtiha']; infinitive: expected 'unhelhtohti', got ['unhelhtihohti']"
981,he/she is lecturing him/her,cause[pres2],"imperfective: expected 'kawonhtihsko'i', got [""kawonhtihihsko'i""]; perfective: expected 'uwonhthanv'i', got [""uwonhtihhanv'i""]; imperative: expected 'hiwonhta', got ['hiwonhtiha']; infinitive: expected 'uwonhtohti', got ['uwonhtihohti']"
981,he/she is lecturing him/her,cause[pres2],"imperfective: expected 'kawonhtihsko'i', got [""kawonhtihihsko'i""]; perfective: expected 'uwonhthanv'i', got [""uwonhtihhanv'i""]; imperative: expected 'hiwonhta', got ['hiwonhtiha']; infinitive: expected 'uwonhtohti', got ['uwonhtihohti']"
494,he/she is listening to him/her,cause[pres2],"imperfective: expected 'athvtahstihsko'i', got [""athvtahstihihsko'i""]; perfective: expected 'uthvtahsthanv'i', got [""uthvtahstihhanv'i""]; imperative: expected 'hiyathvtahsta', got ['hiyathvtahstiha']; infinitive: expected 'uthvtahstohti', got ['uthvtahstihohti']"
494,he/she is listening to him/her,cause[pres2],"imperfective: expected 'athvtahstihsko'i', got [""athvtahstihihsko'i""]; perfective: expected 'uthvtahsthanv'i', got [""uthvtahstihhanv'i""]; imperative: expected 'hiyathvtahsta', got ['hiyathvtahstiha']; infinitive: expected 'uthvtahstohti', got ['uthvtahstihohti']"
486,he/she is loaning it to him/her,cause[pres2],"imperfective: expected 'atholhstihsko'i', got [""atholhstihihsko'i""]; perfective: expected 'utholhsthanv'i', got [""utholhstihhanv'i""]; imperative: expected 'hiyatholhsta', got ['hiyatholhstiha']; infinitive: expected 'utholhstohti', got ['utholhstihohti']"
486,he/she is loaning it to him/her,cause[pres2],"imperfective: expected 'atholhstihsko'i', got [""atholhstihihsko'i""]; perfective: expected 'utholhsthanv'i', got [""utholhstihhanv'i""]; imperative: expected 'hiyatholhsta', got ['hiyatholhstiha']; infinitive: expected 'utholhstohti', got ['utholhstihohti']"
1604,he/she is making a mistake,cause[pres2],"imperfective: expected 'ulitahstihsko'i', got [""ulitahstihihsko'i""]; perfective: expected 'ulitahsthanv'i', got [""ulitahstihhanv'i""]; imperative: expected 'tsalitahsta', got ['tsalitahstiha']; infinitive: expected 'ulitahstohti', got ['ulitahstihohti']"
539,he/she is making an X,cause[pres2],"imperfective: expected 'tatanhawhstihsko'i', got [""tatanhawhstihihsko'i"", ""teatanhawhstihihsko'i""]; perfective: expected 'tutanhawhsthanv'i', got [""teutanhawhstihhanv'i"", ""tutanhawhstihhanv'i""]; imperative: expected 'thatanhawhsta', got ['thatanhawhstiha', 'tihatanhawhstiha', 'tshatanhawhstiha']; infinitive: expected 'tsutanhawhstohti', got ['tiutanhawhstihohti', 'tsutanhawhstihohti', 'tutanhawhstihohti']"
539,he/she is making an X,cause[pres2],"imperfective: expected 'tatanhawhstihsko'i', got [""tatanhawhstihihsko'i"", ""teatanhawhstihihsko'i""]; perfective: expected 'tutanhawhsthanv'i', got [""teutanhawhstihhanv'i"", ""tutanhawhstihhanv'i""]; imperative: expected 'thatanhawhsta', got ['thatanhawhstiha', 'tihatanhawhstiha', 'tshatanhawhstiha']; infinitive: expected 'tsutanhawhstohti', got ['tiutanhawhstihohti', 'tsutanhawhstihohti', 'tutanhawhstihohti']"
539,he/she is making an X,cause[pres2],"imperfective: expected 'tatanhawhstihsko'i', got [""tatanhawhstihihsko'i"", ""teatanhawhstihihsko'i""]; perfective: expected 'tutanhawhsthanv'i', got [""teutanhawhstihhanv'i"", ""tutanhawhstihhanv'i""]; imperative: expected 'thatanhawhsta', got ['thatanhawhstiha', 'tihatanhawhstiha', 'tshatanhawhstiha']; infinitive: expected 'tsutanhawhstohti', got ['tiutanhawhstihohti', 'tsutanhawhstihohti', 'tutanhawhstihohti']"
539,he/she is making an X,cause[pres2],"imperfective: expected 'tatanhawhstihsko'i', got [""tatanhawhstihihsko'i"", ""teatanhawhstihihsko'i""]; perfective: expected 'tutanhawhsthanv'i', got [""teutanhawhstihhanv'i"", ""tutanhawhstihhanv'i""]; imperative: expected 'thatanhawhsta', got ['thatanhawhstiha', 'tihatanhawhstiha', 'tshatanhawhstiha']; infinitive: expected 'tsutanhawhstohti', got ['tiutanhawhstihohti', 'tsutanhawhstihohti', 'tutanhawhstihohti']"
1224,he/she is making him/her angry,cause[pres2],"imperfective: expected 'khanalvhstihsko'i', got [""khanalvhstihihsko'i""]; perfective: expected 'unhalvhsthanv'i', got [""unhalvhstihhanv'i""]; imperative: expected 'hinalvhsta', got ['hinalvhstiha']; infinitive: expected 'unhalvhstohti', got ['unhalvhstihohti']"
1224,he/she is making him/her angry,cause[pres2],"imperfective: expected 'khanalvhstihsko'i', got [""khanalvhstihihsko'i""]; perfective: expected 'unhalvhsthanv'i', got [""unhalvhstihhanv'i""]; imperative: expected 'hinalvhsta', got ['hinalvhstiha']; infinitive: expected 'unhalvhstohti', got ['unhalvhstihohti']"
854,he/she is making him/her fall from an elevated position,cause[pres2],"imperfective: expected 'kalonhtihsko'i', got [""kalonhtihihsko'i""]; perfective: expected 'ulonhthanv'i', got [""ulonhtihhanv'i""]; imperative: expected 'hilonhta', got ['hilonhtiha']; infinitive: expected 'ulonhtohti', got ['ulonhtihohti']"
854,he/she is making him/her fall from an elevated position,cause[pres2],"imperfective: expected 'kalonhtihsko'i', got [""kalonhtihihsko'i""]; perfective: expected 'ulonhthanv'i', got [""ulonhtihhanv'i""]; imperative: expected 'hilonhta', got ['hilonhtiha']; infinitive: expected 'ulonhtohti', got ['ulonhtihohti']"
377,he/she is making it crisp,cause[pres2],"imperfective: expected 'ahstakayhtihsko'i', got [""ahstakayhtihihsko'i""]; perfective: expected 'uhstakayhthanv'i', got [""uhstakayhtihhanv'i""]; imperative: expected 'hihstakayhta', got ['hihstakayhtiha']; infinitive: expected 'uhstakayhtohti', got ['uhstakayhtihohti']"
377,he/she is making it crisp,cause[pres2],"imperfective: expected 'ahstakayhtihsko'i', got [""ahstakayhtihihsko'i""]; perfective: expected 'uhstakayhthanv'i', got [""uhstakayhtihhanv'i""]; imperative: expected 'hihstakayhta', got ['hihstakayhtiha']; infinitive: expected 'uhstakayhtohti', got ['uhstakayhtihohti']"
377,he/she is making it crisp,cause[pres2],"imperfective: expected 'ahstakayhtihsko'i', got [""ahstakayhtihihsko'i""]; perfective: expected 'uhstakayhthanv'i', got [""uhstakayhtihhanv'i""]; imperative: expected 'hihstakayhta', got ['hihstakayhtiha']; infinitive: expected 'uhstakayhtohti', got ['uhstakayhtihohti']"
377,he/she is making it crisp,cause[pres2],"imperfective: expected 'ahstakayhtihsko'i', got [""ahstakayhtihihsko'i""]; perfective: expected 'uhstakayhthanv'i', got [""uhstakayhtihhanv'i""]; imperative: expected 'hihstakayhta', got ['hihstakayhtiha']; infinitive: expected 'uhstakayhtohti', got ['uhstakayhtihohti']"
1023,he/she is making it fall (refers to a round‚ long object),cause[pres2],"imperfective: expected 'kohonhtihsko'i', got [""kohonhtihihsko'i""]; perfective: expected 'uwohonhthanv'i', got [""uwohonhtihhanv'i""]; imperative: expected 'hohonhta', got ['hohonhtiha']; infinitive: expected 'uwohonhtohti', got ['uwohonhtihohti']"
571,he/she is making smoke,cause[pres2],"imperfective: expected 'takhsvhstihsko'i', got [""takhsvhstihihsko'i"", ""teakhsvhstihihsko'i""]; perfective: expected 'tukhsvhsthanv'i', got [""teukhsvhstihhanv'i"", ""tukhsvhstihhanv'i""]; imperative: expected 'thikhsvhsta', got ['thikhsvhstiha', 'tihikhsvhstiha', 'tshikhsvhstiha']; infinitive: expected 'tsukhsvhstohti', got ['tiukhsvhstihohti', 'tsukhsvhstihohti', 'tukhsvhstihohti']"
571,he/she is making smoke,cause[pres2],"imperfective: expected 'takhsvhstihsko'i', got [""takhsvhstihihsko'i"", ""teakhsvhstihihsko'i""]; perfective: expected 'tukhsvhsthanv'i', got [""teukhsvhstihhanv'i"", ""tukhsvhstihhanv'i""]; imperative: expected 'thikhsvhsta', got ['thikhsvhstiha', 'tihikhsvhstiha', 'tshikhsvhstiha']; infinitive: expected 'tsukhsvhstohti', got ['tiukhsvhstihohti', 'tsukhsvhstihohti', 'tukhsvhstihohti']"
1078,he/she is melting it,cause[pres2],"imperfective: expected 'kvnawhtihsko'i', got [""kvnawhtihihsko'i""]; perfective: expected 'uwanawhthanv'i', got [""uwanawhtihhanv'i""]; imperative: expected 'hvnawhta', got ['hvnawhtiha']; infinitive: expected 'uwanawhtohti', got ['uwanawhtihohti']"
1234,he/she is mentioning it,cause[pres2],"imperfective: expected 'khane'ihstihsko'i', got [""khane'ihstihihsko'i""]; perfective: expected 'unhe'ihsthanv'i', got [""unhe'ihstihhanv'i""]; imperative: expected 'hinhe'ihsta', got [""hinhe'ihstiha""]; infinitive: expected 'unhe'ihstohti', got [""unhe'ihstihohti""]"
1234,he/she is mentioning it,cause[pres2],"imperfective: expected 'khane'ihstihsko'i', got [""khane'ihstihihsko'i""]; perfective: expected 'unhe'ihsthanv'i', got [""unhe'ihstihhanv'i""]; imperative: expected 'hinhe'ihsta', got [""hinhe'ihstiha""]; infinitive: expected 'unhe'ihstohti', got [""unhe'ihstihohti""]"
305,he/she is placing it in an upright position (refers to a long object),cause[pres2],"imperfective: expected 'alehtihsko'i', got [""alehtihihsko'i""]; perfective: expected 'ulehthanv'i', got [""ulehtihhanv'i""]; imperative: expected 'halehta', got ['halehtiha']; infinitive: expected 'ulehtohti', got ['ulehtihohti']"
599,he/she is playing with him/her,cause[pres2],"imperfective: expected 'tanelhtihsko'i', got [""tanelhtihihsko'i"", ""teanelhtihihsko'i""]; perfective: expected 'tunelhthanv'i', got [""teunelhtihhanv'i"", ""tunelhtihhanv'i""]; imperative: expected 'thiyanelhta', got ['thiyanelhtiha', 'tihiyanelhtiha', 'tshiyanelhtiha']; infinitive: expected 'tsunelhtohti', got ['tiunelhtihohti', 'tsunelhtihohti', 'tunelhtihohti']"
96,he/she is pouring a liquid into a container,cause[pres2],"imperfective: expected 'atlihstihsko'i', got [""atlihstihihsko'i""]; perfective: expected 'utlihsthanv'i', got [""utlihstihhanv'i""]; imperative: expected 'hitlihsta', got ['hitlihstiha']; infinitive: expected 'utlihstohti', got ['utlihstihohti']"
96,he/she is pouring a liquid into a container,cause[pres2],"imperfective: expected 'atlihstihsko'i', got [""atlihstihihsko'i""]; perfective: expected 'utlihsthanv'i', got [""utlihstihhanv'i""]; imperative: expected 'hitlihsta', got ['hitlihstiha']; infinitive: expected 'utlihstohti', got ['utlihstihohti']"
10,he/she is praying,cause[pres2],"imperfective: expected 'atatolihstihsko'i', got [""atatolihstihihsko'i""]; perfective: expected 'utatolihsthanv'i', got [""utatolihstihhanv'i""]; imperative: expected 'hatatolihsta', got ['hatatolihstiha']; infinitive: expected 'utatolihstohti', got ['utatolihstihohti']"
10,he/she is praying,cause[pres2],"imperfective: expected 'atatolihstihsko'i', got [""atatolihstihihsko'i""]; perfective: expected 'utatolihsthanv'i', got [""utatolihstihhanv'i""]; imperative: expected 'hatatolihsta', got ['hatatolihstiha']; infinitive: expected 'utatolihstohti', got ['utatolihstihohti']"
10,he/she is praying,cause[pres2],"imperfective: expected 'atatolihstihsko'i', got [""atatolihstihihsko'i""]; perfective: expected 'utatolihsthanv'i', got [""utatolihstihhanv'i""]; imperative: expected 'hatatolihsta', got ['hatatolihstiha']; infinitive: expected 'utatolihstohti', got ['utatolihstihohti']"
10,he/she is praying,cause[pres2],"imperfective: expected 'atatolihstihsko'i', got [""atatolihstihihsko'i""]; perfective: expected 'utatolihsthanv'i', got [""utatolihstihhanv'i""]; imperative: expected 'hatatolihsta', got ['hatatolihstiha']; infinitive: expected 'utatolihstohti', got ['utatolihstihohti']"
10,he/she is praying,cause[pres2],"imperfective: expected 'atatolihstihsko'i', got [""atatolihstihihsko'i""]; perfective: expected 'utatolihsthanv'i', got [""utatolihstihhanv'i""]; imperative: expected 'hatatolihsta', got ['hatatolihstiha']; infinitive: expected 'utatolihstohti', got ['utatolihstihohti']"
109,he/she is preparing it,cause[pres2],"imperfective: expected 'atvnv'ihstihsko'i', got [""atvnv'ihstihihsko'i""]; perfective: expected 'utvnv'ihsthanv'i', got [""utvnv'ihstihhanv'i""]; imperative: expected 'hatvnv'ihsta', got [""hatvnv'ihstiha""]; infinitive: expected 'utvnv'ihstohti', got [""utvnv'ihstihohti""]"
109,he/she is preparing it,cause[pres2],"imperfective: expected 'atvnv'ihstihsko'i', got [""atvnv'ihstihihsko'i""]; perfective: expected 'utvnv'ihsthanv'i', got [""utvnv'ihstihhanv'i""]; imperative: expected 'hatvnv'ihsta', got [""hatvnv'ihstiha""]; infinitive: expected 'utvnv'ihstohti', got [""utvnv'ihstihohti""]"
440,he/she is pressing down on him/her,cause[pres2],"imperfective: expected 'ahsonhstihsko'i', got [""ahsonhstihihsko'i""]; perfective: expected 'uhsonhsthanv'i', got [""uhsonhstihhanv'i""]; imperative: expected 'hiyahsonhsta', got ['hiyahsonhstiha']; infinitive: expected 'uhsonhstohti', got ['uhsonhstihohti']"
493,he/she is promising,cause[pres2],"imperfective: expected 'athu'ihstihsko'i', got [""athu'ihstihihsko'i""]; perfective: expected 'uthu'ihsthanv'i', got [""uthu'ihstihhanv'i""]; imperative: expected 'hithu'ihsta', got [""hithu'ihstiha""]; infinitive: expected 'uthu'ihstohti', got [""uthu'ihstihohti""]"
493,he/she is promising,cause[pres2],"imperfective: expected 'athu'ihstihsko'i', got [""athu'ihstihihsko'i""]; perfective: expected 'uthu'ihsthanv'i', got [""uthu'ihstihhanv'i""]; imperative: expected 'hithu'ihsta', got [""hithu'ihstiha""]; infinitive: expected 'uthu'ihstohti', got [""uthu'ihstihohti""]"
493,he/she is promising,cause[pres2],"imperfective: expected 'athu'ihstihsko'i', got [""athu'ihstihihsko'i""]; perfective: expected 'uthu'ihsthanv'i', got [""uthu'ihstihhanv'i""]; imperative: expected 'hithu'ihsta', got [""hithu'ihstiha""]; infinitive: expected 'uthu'ihstohti', got [""uthu'ihstihohti""]"
493,he/she is promising,cause[pres2],"imperfective: expected 'athu'ihstihsko'i', got [""athu'ihstihihsko'i""]; perfective: expected 'uthu'ihsthanv'i', got [""uthu'ihstihhanv'i""]; imperative: expected 'hithu'ihsta', got [""hithu'ihstiha""]; infinitive: expected 'uthu'ihstohti', got [""uthu'ihstihohti""]"
511,he/she is putting him/her inside (refers to somewhere large enough to move around in),cause[pres2],"imperfective: expected 'ayhtihsko'i', got [""ayhtihihsko'i""]; perfective: expected 'uyhthanv'i', got [""uyhtihhanv'i""]; imperative: expected 'hiyvta', got ['hiyvtiha']; infinitive: expected 'uyhtohti', got ['uyhtihohti']"
511,he/she is putting him/her inside (refers to somewhere large enough to move around in),cause[pres2],"imperfective: expected 'ayhtihsko'i', got [""ayhtihihsko'i""]; perfective: expected 'uyhthanv'i', got [""uyhtihhanv'i""]; imperative: expected 'hiyvta', got ['hiyvtiha']; infinitive: expected 'uyhtohti', got ['uyhtihohti']"
798,he/she is putting it into a container,cause[pres2],"imperfective: expected 'kalhtihsko'i', got [""kalhtihihsko'i""]; perfective: expected 'ulhthanv'i', got [""ulhtihhanv'i""]; imperative: expected 'hilhta', got ['hilhtiha']; infinitive: expected 'ulhtohti', got ['ulhtihohti']"
798,he/she is putting it into a container,cause[pres2],"imperfective: expected 'kalhtihsko'i', got [""kalhtihihsko'i""]; perfective: expected 'ulhthanv'i', got [""ulhtihhanv'i""]; imperative: expected 'hilhta', got ['hilhtiha']; infinitive: expected 'ulhtohti', got ['ulhtihohti']"
1309,he/she is putting it on,cause[pres2],"imperfective: expected 'nikvnhtihsko'i', got [""nikvnhtihihsko'i"", ""nkvnhtihihsko'i""]; perfective: expected 'nuwanhthanv'i', got [""niuwanhtihhanv'i"", ""nuwanhtihhanv'i""]; imperative: expected 'nhvnhta', got ['nhvnhtiha', 'nihvnhtiha']; infinitive: expected 'iyuwanhtohti', got ['iuwanhtihohti', 'iyuwanhtihohti', 'uwanhtihohti']"
497,he/she is raising him/her,cause[pres2],"imperfective: expected 'athvhihstihsko'i', got [""athvhihstihihsko'i""]; perfective: expected 'uthvhihsthanv'i', got [""uthvhihstihhanv'i""]; imperative: expected 'hiya'tvhihsta', got [""hiya'tvhihstiha""]; infinitive: expected 'uthvhihstohti', got ['uthvhihstihohti']"
738,he/she is releasing it (refers to involuntarily releasing),cause[pres2],"imperfective: expected 'tuhskalehstihsko'i', got [""teuhskalehstihihsko'i"", ""tuhskalehstihihsko'i""]; perfective: expected 'tuhskalehsthanv'i', got [""teuhskalehstihhanv'i"", ""tuhskalehstihhanv'i""]; imperative: expected 'titsahskalehsta', got ['titsahskalehstiha', 'tstsahskalehstiha', 'ttsahskalehstiha']; infinitive: expected 'tsuhskalehstohti', got ['tiuhskalehstihohti', 'tsuhskalehstihohti', 'tuhskalehstihohti']"
54,he/she is resting,cause[pres2],"imperfective: expected 'atawehsolvhstihsko'i', got [""atawehsolvhstihihsko'i""]; perfective: expected 'utawehsolvhsthanv'i', got [""utawehsolvhstihhanv'i""]; imperative: expected 'hatawehsolvhsta', got ['hatawehsolvhstiha']; infinitive: expected 'utawehsolvhstohti', got ['utawehsolvhstihohti']"
54,he/she is resting,cause[pres2],"imperfective: expected 'atawehsolvhstihsko'i', got [""atawehsolvhstihihsko'i""]; perfective: expected 'utawehsolvhsthanv'i', got [""utawehsolvhstihhanv'i""]; imperative: expected 'hatawehsolvhsta', got ['hatawehsolvhstiha']; infinitive: expected 'utawehsolvhstohti', got ['utawehsolvhstihohti']"
54,he/she is resting,cause[pres2],"imperfective: expected 'atawehsolvhstihsko'i', got [""atawehsolvhstihihsko'i""]; perfective: expected 'utawehsolvhsthanv'i', got [""utawehsolvhstihhanv'i""]; imperative: expected 'hatawehsolvhsta', got ['hatawehsolvhstiha']; infinitive: expected 'utawehsolvhstohti', got ['utawehsolvhstihohti']"
54,he/she is resting,cause[pres2],"imperfective: expected 'atawehsolvhstihsko'i', got [""atawehsolvhstihihsko'i""]; perfective: expected 'utawehsolvhsthanv'i', got [""utawehsolvhstihhanv'i""]; imperative: expected 'hatawehsolvhsta', got ['hatawehsolvhstiha']; infinitive: expected 'utawehsolvhstohti', got ['utawehsolvhstihohti']"
261,he/she is riding it (refers to anything that can be straddled),cause[pres2],"imperfective: expected 'akhilvtihsko'i', got [""akhilvtihihsko'i""]; perfective: expected 'ukhilvthanv'i', got [""ukhilvtihhanv'i""]; imperative: expected 'hiyakhilvta', got ['hiyakhilvtiha']; infinitive: expected 'ukhilvtohti', got ['ukhilvtihohti']"
78,he/she is running over him/her,cause[pres2],"imperfective: expected 'atinvtihsko'i', got [""atinvtihihsko'i""]; perfective: expected 'utinvthanv'i', got [""utinvtihhanv'i""]; imperative: expected 'hiyatinvta', got ['hiyatinvtiha']; infinitive: expected 'utinvtohti', got ['utinvtihohti']"
78,he/she is running over him/her,cause[pres2],"imperfective: expected 'atinvtihsko'i', got [""atinvtihihsko'i""]; perfective: expected 'utinvthanv'i', got [""utinvtihhanv'i""]; imperative: expected 'hiyatinvta', got ['hiyatinvtiha']; infinitive: expected 'utinvtohti', got ['utinvtihohti']"
78,he/she is running over him/her,cause[pres2],"imperfective: expected 'atinvtihsko'i', got [""atinvtihihsko'i""]; perfective: expected 'utinvthanv'i', got [""utinvtihhanv'i""]; imperative: expected 'hiyatinvta', got ['hiyatinvtiha']; infinitive: expected 'utinvtohti', got ['utinvtihohti']"
78,he/she is running over him/her,cause[pres2],"imperfective: expected 'atinvtihsko'i', got [""atinvtihihsko'i""]; perfective: expected 'utinvthanv'i', got [""utinvtihhanv'i""]; imperative: expected 'hiyatinvta', got ['hiyatinvtiha']; infinitive: expected 'utinvtohti', got ['utinvtihohti']"
78,he/she is running over him/her,cause[pres2],"imperfective: expected 'atinvtihsko'i', got [""atinvtihihsko'i""]; perfective: expected 'utinvthanv'i', got [""utinvtihhanv'i""]; imperative: expected 'hiyatinvta', got ['hiyatinvtiha']; infinitive: expected 'utinvtohti', got ['utinvtihohti']"
612,he/she is scheduling a time,cause[pres2],"imperfective: expected 'tahsvhstihsko'i', got [""tahsvhstihihsko'i"", ""teahsvhstihihsko'i""]; perfective: expected 'tuhsvhsthanv'i', got [""teuhsvhstihhanv'i"", ""tuhsvhstihhanv'i""]; imperative: expected 'thihsvhsta', got ['thihsvhstiha', 'tihihsvhstiha', 'tshihsvhstiha']; infinitive: expected 'tsuhsvhstohti', got ['tiuhsvhstihohti', 'tsuhsvhstihohti', 'tuhsvhstihohti']"
612,he/she is scheduling a time,cause[pres2],"imperfective: expected 'tahsvhstihsko'i', got [""tahsvhstihihsko'i"", ""teahsvhstihihsko'i""]; perfective: expected 'tuhsvhsthanv'i', got [""teuhsvhstihhanv'i"", ""tuhsvhstihhanv'i""]; imperative: expected 'thihsvhsta', got ['thihsvhstiha', 'tihihsvhstiha', 'tshihsvhstiha']; infinitive: expected 'tsuhsvhstohti', got ['tiuhsvhstihohti', 'tsuhsvhstihohti', 'tuhsvhstihohti']"
612,he/she is scheduling a time,cause[pres2],"imperfective: expected 'tahsvhstihsko'i', got [""tahsvhstihihsko'i"", ""teahsvhstihihsko'i""]; perfective: expected 'tuhsvhsthanv'i', got [""teuhsvhstihhanv'i"", ""tuhsvhstihhanv'i""]; imperative: expected 'thihsvhsta', got ['thihsvhstiha', 'tihihsvhstiha', 'tshihsvhstiha']; infinitive: expected 'tsuhsvhstohti', got ['tiuhsvhstihohti', 'tsuhsvhstihohti', 'tuhsvhstihohti']"
612,he/she is scheduling a time,cause[pres2],"imperfective: expected 'tahsvhstihsko'i', got [""tahsvhstihihsko'i"", ""teahsvhstihihsko'i""]; perfective: expected 'tuhsvhsthanv'i', got [""teuhsvhstihhanv'i"", ""tuhsvhstihhanv'i""]; imperative: expected 'thihsvhsta', got ['thihsvhstiha', 'tihihsvhstiha', 'tshihsvhstiha']; infinitive: expected 'tsuhsvhstohti', got ['tiuhsvhstihohti', 'tsuhsvhstihohti', 'tuhsvhstihohti']"
344,he/she is setting a goal,cause[pres2],"imperfective: expected 'alhsohstihsko'i', got [""alhsohstihihsko'i""]; perfective: expected 'ulhsohsthanv'i', got [""ulhsohstihhanv'i""]; imperative: expected 'halhsohsta', got ['halhsohstiha']; infinitive: expected 'ulhsohstohti', got ['ulhsohstihohti']"
344,he/she is setting a goal,cause[pres2],"imperfective: expected 'alhsohstihsko'i', got [""alhsohstihihsko'i""]; perfective: expected 'ulhsohsthanv'i', got [""ulhsohstihhanv'i""]; imperative: expected 'halhsohsta', got ['halhsohstiha']; infinitive: expected 'ulhsohstohti', got ['ulhsohstihohti']"
550,he/she is setting a price,cause[pres2],"imperfective: expected 'takvwalhtihsko'i', got [""takvwalhtihihsko'i"", ""teakvwalhtihihsko'i""]; perfective: expected 'tukvwalhthanv'i', got [""teukvwalhtihhanv'i"", ""tukvwalhtihhanv'i""]; imperative: expected 'thikvwalhta', got ['thikvwalhtiha', 'tihikvwalhtiha', 'tshikvwalhtiha']; infinitive: expected 'tsukvwalhtohti', got ['tiukvwalhtihohti', 'tsukvwalhtihohti', 'tukvwalhtihohti']"
550,he/she is setting a price,cause[pres2],"imperfective: expected 'takvwalhtihsko'i', got [""takvwalhtihihsko'i"", ""teakvwalhtihihsko'i""]; perfective: expected 'tukvwalhthanv'i', got [""teukvwalhtihhanv'i"", ""tukvwalhtihhanv'i""]; imperative: expected 'thikvwalhta', got ['thikvwalotiha', 'tihikvwalotiha', 'tshikvwalotiha']; infinitive: expected 'tsukvwalhtohti', got ['tiukvwalhtihohti', 'tsukvwalhtihohti', 'tukvwalhtihohti']"
180,he/she is shattering it,cause[pres2],"imperfective: expected 'alhkhothtihsko'i', got [""alhkhothtihihsko'i""]; perfective: expected 'ulhkhoththanv'i', got [""ulhkhothtihhanv'i""]; imperative: expected 'halhkhothta', got ['halhkhothtiha']; infinitive: expected 'ulhkhothtohti', got ['ulhkhothtihohti']"
180,he/she is shattering it,cause[pres2],"imperfective: expected 'alhkhothtihsko'i', got [""alhkhothtihihsko'i""]; perfective: expected 'ulhkhoththanv'i', got [""ulhkhothtihhanv'i""]; imperative: expected 'halhkhothta', got ['halhkhothtiha']; infinitive: expected 'ulhkhothtohti', got ['ulhkhothtihohti']"
145,he/she is showing it to him/her,cause[pres2],"imperfective: expected 'akowhthvhtihsko'i', got [""akowhthvhtihihsko'i""]; perfective: expected 'ukowhthvhthanv'i', got [""ukowhthvhtihhanv'i""]; imperative: expected 'hikowhthvhta', got ['hikowhthvhtiha']; infinitive: expected 'ukowhthvhtohti', got ['ukowhthvhtihohti']"
145,he/she is showing it to him/her,cause[pres2],"imperfective: expected 'akowhthvhtihsko'i', got [""akowhthvhtihihsko'i""]; perfective: expected 'ukowhthvhthanv'i', got [""ukowhthvhtihhanv'i""]; imperative: expected 'hikowhthvhta', got ['hikowhthvhtiha']; infinitive: expected 'ukowhthvhtohti', got ['ukowhthvhtihohti']"
1063,he/she is sifting it,cause[pres2],"imperfective: expected 'kvkuhstihsko'i', got [""kvkuhstihihsko'i""]; perfective: expected 'uwakuhsthanv'i', got [""uwakuhstihhanv'i""]; imperative: expected 'hvkuhsta', got ['hvkuhstiha']; infinitive: expected 'uwakuhstohti', got ['uwakuhstihohti']"
620,he/she is slamming him/her,cause[pres2],"imperfective: expected 'tekalvtvnihstihsko'i', got [""tekalvtvnihstihihsko'i"", ""tkalvtvnihstihihsko'i""]; perfective: expected 'tulvtvnihsthanv'i', got [""teulvtvnihstihhanv'i"", ""tulvtvnihstihhanv'i""]; imperative: expected 'thilvtvnihsta', got ['thilvtvnihstiha', 'tihilvtvnihstiha', 'tshilvtvnihstiha']; infinitive: expected 'tsulvtvnihstohti', got ['tiulvtvnihstihohti', 'tsulvtvnihstihohti', 'tulvtvnihstihohti']"
620,he/she is slamming him/her,cause[pres2],"imperfective: expected 'tekalvtvnihstihsko'i', got [""tekalvtvnihstihihsko'i"", ""tkalvtvnihstihihsko'i""]; perfective: expected 'tulvtvnihsthanv'i', got [""teulvtvnihstihhanv'i"", ""tulvtvnihstihhanv'i""]; imperative: expected 'thilvtvnihsta', got ['thilvtvnihstiha', 'tihilvtvnihstiha', 'tshilvtvnihstiha']; infinitive: expected 'tsulvtvnihstohti', got ['tiulvtvnihstihohti', 'tsulvtvnihstihohti', 'tulvtvnihstihohti']"
345,he/she is smelling it (refers to sniffing),cause[pres2],"imperfective: expected 'alhsvhstihsko'i', got [""alhsvhstihihsko'i""]; perfective: expected 'ulhsvhsthanv'i', got [""ulhsvhstihhanv'i""]; imperative: expected 'halhsvhsta', got ['halhsvhstiha']; infinitive: expected 'ulhsvhstohti', got ['ulhsvhstihohti']"
345,he/she is smelling it (refers to sniffing),cause[pres2],"imperfective: expected 'alhsvhstihsko'i', got [""alhsvhstihihsko'i""]; perfective: expected 'ulhsvhsthanv'i', got [""ulhsvhstihhanv'i""]; imperative: expected 'halhsvhsta', got ['halhsvhstiha']; infinitive: expected 'ulhsvhstohti', got ['ulhsvhstihohti']"
158,he/she is smothering him/her,cause[pres2],"imperfective: expected 'ahawohstihsko'i', got [""ahawohstihihsko'i""]; perfective: expected 'uhawohsthanv'i', got [""uhawohstihhanv'i""]; imperative: expected 'hi'awohsta', got [""hi'awohstiha""]; infinitive: expected 'uhawohstohti', got ['uhawohstihohti']"
176,he/she is snorting,cause[pres2],"imperfective: expected 'alhiyvhsanawhstihsko'i', got [""alhiyvhsanawhstihihsko'i""]; perfective: expected 'ulhiyvhsanawhsthanv'i', got [""ulhiyvhsanawhstihhanv'i""]; imperative: expected 'halhiyvhsanawhsta', got ['halhiyvhsanawhstiha']; infinitive: expected 'ulhiyvhsanawhstohti', got ['ulhiyvhsanawhstihohti']"
176,he/she is snorting,cause[pres2],"imperfective: expected 'alhiyvhsanawhstihsko'i', got [""alhiyvhsanawhstihihsko'i""]; perfective: expected 'ulhiyvhsanawhsthanv'i', got [""ulhiyvhsanawhstihhanv'i""]; imperative: expected 'halhiyvhsanawhsta', got ['halhiyvhsanawhstiha']; infinitive: expected 'ulhiyvhsanawhstohti', got ['ulhiyvhsanawhstihohti']"
769,he/she is spinning it,cause[pres2],"imperfective: expected 'katikwalvteyhstihsko'i', got [""katikwalvteyhstihihsko'i""]; perfective: expected 'uwatikwalvteyhsthanv'i', got [""uwatikwalvteyhstihhanv'i""]; imperative: expected 'hitikwalvteyhsta', got ['hitikwalvteyhstiha']; infinitive: expected 'uwatikwalvteyhstohti', got ['uwatikwalvteyhstihohti']"
724,he/she is staggering,cause[pres2],"imperfective: expected 'tutokhtihsko'i', got [""teutokhtihihsko'i"", ""tutokhtihihsko'i""]; perfective: expected 'tutokhthanv'i', got [""teutokhtihhanv'i"", ""tutokhtihhanv'i""]; imperative: expected 'titsatokhta', got ['titsatokhtiha', 'tstsatokhtiha', 'ttsatokhtiha']; infinitive: expected 'tsutokhtohti', got ['tiutokhtihohti', 'tsutokhtihohti', 'tutokhtihohti']"
724,he/she is staggering,cause[pres2],"imperfective: expected 'tutokhtihsko'i', got [""teutokhtihihsko'i"", ""tutokhtihihsko'i""]; perfective: expected 'tutokhthanv'i', got [""teutokhtihhanv'i"", ""tutokhtihhanv'i""]; imperative: expected 'titsatokhta', got ['titsatokhtiha', 'tstsatokhtiha', 'ttsatokhtiha']; infinitive: expected 'tsutokhtohti', got ['tiutokhtihohti', 'tsutokhtihohti', 'tutokhtihohti']"
197,he/she is starting it,cause[pres2],"imperfective: expected 'anhikihstihsko'i', got [""anhikihstihihsko'i""]; perfective: expected 'unhikihsthanv'i', got [""unhikihstihhanv'i""]; imperative: expected 'hanhikihsta', got ['hanhikihstiha']; infinitive: expected 'unhikihstohti', got ['unhikihstihohti']"
307,he/she is stopping,cause[pres2],"imperfective: expected 'alewhihstihsko'i', got [""alewhihstihihsko'i""]; perfective: expected 'ulewhihsthanv'i', got [""ulewhihstihhanv'i""]; imperative: expected 'halewhihsta', got ['halewhihstiha']; infinitive: expected 'ulewhihstohti', got ['ulewhihstihohti']"
848,he/she is stopping by (where on the way somewhere),cause[pres2],"imperfective: expected 'kalohihstihsko'i', got [""kalohihstihihsko'i""]; perfective: expected 'ulohihsthanv'i', got [""ulohihstihhanv'i""]; imperative: expected 'hilohihsta', got ['hilohihstiha']; infinitive: expected 'ulohihstohti', got ['ulohihstihohti']"
308,he/she is stopping him/her,cause[pres2],"imperfective: expected 'alewhihstohtihsko'i', got [""alewhihstohtihihsko'i""]; perfective: expected 'ulewhihstohthanv'i', got [""ulewhihstohtihhanv'i""]; imperative: expected 'hiyalewihstohta', got ['hiyalewihstohtiha']; infinitive: expected 'ulewhihstohtohti', got ['ulewhihstohtihohti']"
1254,he/she is straining it,cause[pres2],"imperfective: expected 'khanvhsolvhstihsko'i', got [""khanvhsolvhstihihsko'i""]; perfective: expected 'unhvhsolvhsthanv'i', got [""unhvhsolvhstihhanv'i""]; imperative: expected 'hinhvhsolvhsta', got ['hinhvhsolvhstiha']; infinitive: expected 'unhvhsolvhstohti', got ['unhvhsolvhstihohti']"
1254,he/she is straining it,cause[pres2],"imperfective: expected 'khanvhsolvhstihsko'i', got [""khanvhsolvhstihihsko'i""]; perfective: expected 'unhvhsolvhsthanv'i', got [""unhvhsolvhstihhanv'i""]; imperative: expected 'hinhvhsolvhsta', got ['hinhvhsolvhstiha']; infinitive: expected 'unhvhsolvhstohti', got ['unhvhsolvhstihohti']"
19,he/she is stretching,cause[pres2],"imperfective: expected 'atayhahstihsko'i', got [""atayhahstihihsko'i""]; perfective: expected 'utayhahsthanv'i', got [""utayhahstihhanv'i""]; imperative: expected 'hatayhahsta', got ['hatayhahstiha']; infinitive: expected 'utayhahstohti', got ['utayhahstihohti']"
19,he/she is stretching,cause[pres2],"imperfective: expected 'atayhahstihsko'i', got [""atayhahstihihsko'i""]; perfective: expected 'utayhahsthanv'i', got [""utayhahstihhanv'i""]; imperative: expected 'hatayhahsta', got ['hatayhahstiha']; infinitive: expected 'utayhahstohti', got ['utayhahstihohti']"
19,he/she is stretching,cause[pres2],"imperfective: expected 'atayhahstihsko'i', got [""atayhahstihihsko'i""]; perfective: expected 'utayhahsthanv'i', got [""utayhahstihhanv'i""]; imperative: expected 'hatayhahsta', got ['hatayhahstiha']; infinitive: expected 'utayhahstohti', got ['utayhahstihohti']"
19,he/she is stretching,cause[pres2],"imperfective: expected 'atayhahstihsko'i', got [""atayhahstihihsko'i""]; perfective: expected 'utayhahsthanv'i', got [""utayhahstihhanv'i""]; imperative: expected 'hatayhahsta', got ['hatayhahstiha']; infinitive: expected 'utayhahstohti', got ['utayhahstihohti']"
32,he/she is taking off running,cause[pres2],"imperfective: expected 'atanawhstihsko'i', got [""atanawhstihihsko'i""]; perfective: expected 'utanawhsthanv'i', got [""utanawhstihhanv'i""]; imperative: expected 'hatanawhsta', got ['hatanawhstiha']; infinitive: expected 'utanawhstohti', got ['utanawhstihohti']"
32,he/she is taking off running,cause[pres2],"imperfective: expected 'atanawhstihsko'i', got [""atanawhstihihsko'i""]; perfective: expected 'utanawhsthanv'i', got [""utanawhstihhanv'i""]; imperative: expected 'hatanawhsta', got ['hatanawhstiha']; infinitive: expected 'utanawhstohti', got ['utanawhstihohti']"
32,he/she is taking off running,cause[pres2],"imperfective: expected 'atanawhstihsko'i', got [""atanawhstihihsko'i""]; perfective: expected 'utanawhsthanv'i', got [""utanawhstihhanv'i""]; imperative: expected 'hatanawhsta', got ['hatanawhstiha']; infinitive: expected 'utanawhstohti', got ['utanawhstihohti']"
32,he/she is taking off running,cause[pres2],"imperfective: expected 'atanawhstihsko'i', got [""atanawhstihihsko'i""]; perfective: expected 'utanawhsthanv'i', got [""utanawhstihhanv'i""]; imperative: expected 'hatanawhsta', got ['hatanawhstiha']; infinitive: expected 'utanawhstohti', got ['utanawhstihohti']"
34,he/she is taking turns with him/her,cause[pres2],"imperfective: expected 'atanetliyvhstihsko'i', got [""atanetliyvhstihihsko'i""]; perfective: expected 'utanetliyvhsthanv'i', got [""utanetliyvhstihhanv'i""]; imperative: expected 'hatanetliyvhsta', got ['hatanetliyvhstiha']; infinitive: expected 'utanetliyvhstohti', got ['utanetliyvhstihohti']"
34,he/she is taking turns with him/her,cause[pres2],"imperfective: expected 'atanetliyvhstihsko'i', got [""atanetliyvhstihihsko'i""]; perfective: expected 'utanetliyvhsthanv'i', got [""utanetliyvhstihhanv'i""]; imperative: expected 'hatanetliyvhsta', got ['hatanetliyvhstiha']; infinitive: expected 'utanetliyvhstohti', got ['utanetliyvhstihohti']"
34,he/she is taking turns with him/her,cause[pres2],"imperfective: expected 'atanetliyvhstihsko'i', got [""atanetliyvhstihihsko'i""]; perfective: expected 'utanetliyvhsthanv'i', got [""utanetliyvhstihhanv'i""]; imperative: expected 'hatanetliyvhsta', got ['hatanetliyvhstiha']; infinitive: expected 'utanetliyvhstohti', got ['utanetliyvhstihohti']"
34,he/she is taking turns with him/her,cause[pres2],"imperfective: expected 'atanetliyvhstihsko'i', got [""atanetliyvhstihihsko'i""]; perfective: expected 'utanetliyvhsthanv'i', got [""utanetliyvhstihhanv'i""]; imperative: expected 'hatanetliyvhsta', got ['hatanetliyvhstiha']; infinitive: expected 'utanetliyvhstohti', got ['utanetliyvhstihohti']"
767,he/she is turning it,cause[pres2],"imperfective: expected 'kateyhstihsko'i', got [""kateyhstihihsko'i""]; perfective: expected 'uwateyhsthanv'i', got [""uwateyhstihhanv'i""]; imperative: expected 'hiteyhsta', got ['hiteyhstiha']; infinitive: expected 'uwateyhstohti', got ['uwateyhstihohti']"
728,he/she is vomiting,cause[pres2],"imperfective: expected 'tukhstihsko'i', got [""teukhstihihsko'i"", ""tukhstihihsko'i""]; perfective: expected 'tukhsthanv'i', got [""teukhstihhanv'i"", ""tukhstihhanv'i""]; imperative: expected 'titsakhsta', got ['titsakhstiha', 'tstsakhstiha', 'ttsakhstiha']; infinitive: expected 'tsukhstohti', got ['tiukhstihohti', 'tsukhstihohti', 'tukhstihohti']"
509,he/she is waking him/her up,cause[pres2],"imperfective: expected 'aye'ihstihsko'i', got [""aye'ihstihihsko'i""]; perfective: expected 'uye'ihsthanv'i', got [""uye'ihstihhanv'i""]; imperative: expected 'hiye'ihsta', got [""hiye'ihstiha""]; infinitive: expected 'uye'ihstohti', got [""uye'ihstihohti""]"
509,he/she is waking him/her up,cause[pres2],"imperfective: expected 'aye'ihstihsko'i', got [""aye'ihstihihsko'i""]; perfective: expected 'uye'ihsthanv'i', got [""uye'ihstihhanv'i""]; imperative: expected 'hiye'ihsta', got [""hiye'ihstiha""]; infinitive: expected 'uye'ihstohti', got [""uye'ihstihohti""]"
117,he/she is warming it,cause[pres2],"imperfective: expected 'akanawhtihsko'i', got [""akanawhtihihsko'i""]; perfective: expected 'ukanawhthanv'i', got [""ukanawhtihhanv'i""]; imperative: expected 'hikanawhta', got ['hikanawhtiha']; infinitive: expected 'ukanawhtohti', got ['ukanawhtihohti']"
117,he/she is warming it,cause[pres2],"imperfective: expected 'akanawhtihsko'i', got [""akanawhtihihsko'i""]; perfective: expected 'ukanawhthanv'i', got [""ukanawhtihhanv'i""]; imperative: expected 'hikanawhta', got ['hikanawotiha']; infinitive: expected 'ukanawhtohti', got ['ukanawhtihohti']"
1612,he/she is whining,cause[pres2],"imperfective: expected 'uliyetihsko'i', got [""uliyetihihsko'i""]; perfective: expected 'uliyethanv'i', got [""uliyetihhanv'i""]; imperative: expected 'tsaliyeta', got ['tsaliyetiha']; infinitive: expected 'uliyetohti', got ['uliyetihohti']"
277,he/she is winking,cause[pres2],"imperfective: expected 'akhthahstihsko'i', got [""akhthahstihihsko'i""]; perfective: expected 'ukhthahsthanv'i', got [""ukhthahstihhanv'i""]; imperative: expected 'hakhthahsta', got ['hakhthahstiha']; infinitive: expected 'ukhthahstohti', got ['ukhthahstihohti']"
824,he/she is wringing it out,cause[pres2],"imperfective: expected 'katsvwahstihsko'i', got [""katsvwahstihihsko'i""]; perfective: expected 'uwatsvwahsthanv'i', got [""uwatsvwahstihhanv'i""]; imperative: expected 'hitsvwahsta', got ['hitsvwahstiha']; infinitive: expected 'uwatsvwahstohti', got ['uwatsvwahstihohti']"
214,it’s becoming frosty (refers to the ground),episodic,"infinitive: expected 'uyhahthvthti', got ['uyhahthhti']"
214,it’s becoming frosty (refers to the ground),episodic,"infinitive: expected 'uyhahthvthti', got ['uyhahthhti']"
214,it’s becoming frosty (refers to the ground),episodic,"infinitive: expected 'uyhahthvthti', got ['uyhahthhti']"
214,it’s becoming frosty (refers to the ground),episodic,"infinitive: expected 'uyhahthvthti', got ['uyhahthhti']"
214,it’s becoming frosty (refers to the ground),episodic,"infinitive: expected 'uyhahthvthti', got ['uyhahthhti']"
214,it’s becoming frosty (refers to the ground),episodic,"infinitive: expected 'uyhahthvthti', got ['uyhahthhti']"
214,it’s becoming frosty (refers to the ground),episodic,"infinitive: expected 'uyhahthvthti', got ['uyhahthhti']"
214,it’s becoming frosty (refers to the ground),episodic,"infinitive: expected 'uyhahthvthti', got ['uyhahthhti']"
214,it’s becoming frosty (refers to the ground),episodic,"infinitive: expected 'uyhahthvthti', got ['uyhahthhti']"
214,it’s becoming frosty (refers to the ground),episodic,"infinitive: expected 'uyhahthvthti', got ['uyhahthhti']"
214,it’s becoming frosty (refers to the ground),episodic,"infinitive: expected 'uyhahthvthti', got ['uyhahthhti']"
214,it’s becoming frosty (refers to the ground),episodic,"infinitive: expected 'uyhahthvthti', got ['uyhahthhti']"
216,he/she is taking it somewhere by hand,go,"imperative: expected 'hiyhuka', got ['hiyuka']"
216,he/she is taking it somewhere by hand,go,"imperative: expected 'hiyhuka', got ['hiyuka']"
574,he/she is attacking him/her,go[pres2],"imperfective: expected 'takhthileko'i', got [""takhthilekeko'i"", ""teakhthilekeko'i""]; perfective: expected 'tukhthilvhsv'i', got [""teukhthilekvhsv'i"", ""tukhthilekvhsv'i""]; imperative: expected 'thikathiluka', got ['thikathilekuka', 'tihikathilekuka', 'tshikathilekuka']; infinitive: expected 'tsukhthilvhsti', got ['tiukhthilekvhsti', 'tsukhthilekvhsti', 'tukhthilekvhsti']"
574,he/she is attacking him/her,go[pres2],"imperfective: expected 'takhthileko'i', got [""takhthilekeko'i"", ""teakhthilekeko'i""]; perfective: expected 'tukhthilvhsv'i', got [""teukhthilekvhsv'i"", ""tukhthilekvhsv'i""]; imperative: expected 'thikathiluka', got ['thikathilekuka', 'tihikathilekuka', 'tshikathilekuka']; infinitive: expected 'tsukhthilvhsti', got ['tiukhthilekvhsti', 'tsukhthilekvhsti', 'tukhthilekvhsti']"
432,he/she is backing up,go[pres2],"imperfective: expected 'ahsineko'i', got [""ahsinekeko'i""]; perfective: expected 'uhsinvhsv'i', got [""uhsinekvhsv'i""]; imperative: expected 'hahsinuka', got ['hahsinekuka']; infinitive: expected 'uhsinvhsti', got ['uhsinekvhsti']"
198,he/she is carrying it on his/her shoulder (refers to a long object),go[pres2],"imperfective: expected 'anholhineko'i', got [""anholhinekeko'i""]; perfective: expected 'unholhinvhsv'i', got [""unholhinekvhsv'i""]; imperative: expected 'hanholhinuka', got ['hanholhinekuka']; infinitive: expected 'unholhinvhsti', got ['unholhinekvhsti']"
259,he/she is chasing him/her,go[pres2],"imperfective: expected 'akheheko'i', got [""akhehekeko'i""]; perfective: expected 'ukhehvhsv'i', got [""ukhehekvhsv'i""]; imperative: expected 'hikhehuka', got ['hikhehekuka']; infinitive: expected 'ukhehvhsti', got ['ukhehekvhsti']"
259,he/she is chasing him/her,go[pres2],"imperfective: expected 'akheheko'i', got [""akhehekeko'i""]; perfective: expected 'ukhehvhsv'i', got [""ukhehekvhsv'i""]; imperative: expected 'hikhehuka', got ['hikhehekuka']; infinitive: expected 'ukhehvhsti', got ['ukhehekvhsti']"
259,he/she is chasing him/her,go[pres2],"imperfective: expected 'akheheko'i', got [""akhehekeko'i""]; perfective: expected 'ukhehvhsv'i', got [""ukhehekvhsv'i""]; imperative: expected 'hikhehuka', got ['hikhehekuka']; infinitive: expected 'ukhehvhsti', got ['ukhehekvhsti']"
259,he/she is chasing him/her,go[pres2],"imperfective: expected 'akheheko'i', got [""akhehekeko'i""]; perfective: expected 'ukhehvhsv'i', got [""ukhehekvhsv'i""]; imperative: expected 'hikhehuka', got ['hikhehekuka']; infinitive: expected 'ukhehvhsti', got ['ukhehekvhsti']"
834,he/she is climbing it,go[pres2],"imperfective: expected 'ka'leko'i', got [""ka'lekeko'i""]; perfective: expected 'ulvhsv'i', got [""ulekvhsv'i""]; imperative: expected 'hi'luka', got [""hi'lekuka""]; infinitive: expected 'ulvhsti', got ['ulekvhsti']"
931,he/she is dragging him/her,go[pres2],"imperfective: expected 'kanhsineko'i', got [""kanhsinekeko'i""]; perfective: expected 'unhsinvhsv'i', got [""unhsinekvhsv'i""]; imperative: expected 'hinahsinuka', got ['hinahsinekuka']; infinitive: expected 'unhsinvhsti', got ['unhsinekvhsti']"
931,he/she is dragging him/her,go[pres2],"imperfective: expected 'kanhsineko'i', got [""kanhsinekeko'i""]; perfective: expected 'unhsinvhsv'i', got [""unhsinekvhsv'i""]; imperative: expected 'hinahsinuka', got ['hinahsinekuka']; infinitive: expected 'unhsinvhsti', got ['unhsinekvhsti']"
381,he/she is following him/her,go[pres2],"imperfective: expected 'ahstawateko'i', got [""ahstawatekeko'i""]; perfective: expected 'uhstawatvhsv'i', got [""uhstawatekvhsv'i""]; imperative: expected 'hihstawatuka', got ['hihstawatekuka']; infinitive: expected 'uhstawatvhsti', got ['uhstawatekvhsti']"
381,he/she is following him/her,go[pres2],"imperfective: expected 'ahstawateko'i', got [""ahstawatekeko'i""]; perfective: expected 'uhstawatvhsv'i', got [""uhstawatekvhsv'i""]; imperative: expected 'hihstawatuka', got ['hihstawatekuka']; infinitive: expected 'uhstawatvhsti', got ['uhstawatekvhsti']"
381,he/she is following him/her,go[pres2],"imperfective: expected 'ahstawateko'i', got [""ahstawatekeko'i""]; perfective: expected 'uhstawatvhsv'i', got [""uhstawatekvhsv'i""]; imperative: expected 'hihstawatuka', got ['hihstawatekuka']; infinitive: expected 'uhstawatvhsti', got ['uhstawatekvhsti']"
381,he/she is following him/her,go[pres2],"imperfective: expected 'ahstawateko'i', got [""ahstawatekeko'i""]; perfective: expected 'uhstawatvhsv'i', got [""uhstawatekvhsv'i""]; imperative: expected 'hihstawatuka', got ['hihstawatekuka']; infinitive: expected 'uhstawatvhsti', got ['uhstawatekvhsti']"
1014,he/she is leading him/her by the hand,go[pres2],"imperfective: expected 'kohineko'i', got [""kohinekeko'i""]; perfective: expected 'uwohinvhsv'i', got [""uwohinekvhsv'i""]; imperative: expected 'hiyo'inuka', got [""hiyo'inekuka""]; infinitive: expected 'uwohinvhsti', got ['uwohinekvhsti']"
1599,he/she is not having luck at hunting,go[pres2],"imperfective: expected 'ukwholeko'i', got [""ukwholekeko'i""]; perfective: expected 'ukwholvhsv'i', got [""ukwholekvhsv'i""]; imperative: expected 'tsakwholuka', got ['tsakwholekuka']; infinitive: expected 'ukwholvhsti', got ['ukwholekvhsti']"
223,he/she is swimming (refers to propelling oneself through the water),go[pres2],"imperfective: expected 'ayhu'ineko'i', got [""ayhu'inekeko'i""]; perfective: expected 'uyhu'invhsv'i', got [""uyhu'inekvhsv'i""]; imperative: expected 'hayhu'inuka', got [""hayhu'inekuka""]; infinitive: expected 'uyhu'invhsti', got [""uyhu'inekvhsti""]"
902,he/she is taking a liquid somewhere by hand,go[pres2],"imperfective: expected 'kanhtseko'i', got [""kanhtsekeko'i""]; perfective: expected 'unhtsvhsv'i', got [""unhtsekvhsv'i""]; imperative: expected 'hinhtsuka', got ['hinhtsekuka']; infinitive: expected 'unhtsvhsti', got ['unhtsekvhsti']"
902,he/she is taking a liquid somewhere by hand,go[pres2],"imperfective: expected 'kanhtseko'i', got [""kanhtsekeko'i""]; perfective: expected 'unhtsvhsv'i', got [""unhtsekvhsv'i""]; imperative: expected 'hinhtsuka', got ['hinhtsekuka']; infinitive: expected 'unhtsvhsti', got ['unhtsekvhsti']"
216,he/she is taking it somewhere by hand,go[pres2],"imperfective: expected 'ayheko'i', got [""ayhekeko'i""]; perfective: expected 'uyhvhsv'i', got [""uyhekvhsv'i""]; imperative: expected 'hiyhuka', got ['hiyhekuka']; infinitive: expected 'uyhvhsti', got ['uyhekvhsti']"
216,he/she is taking it somewhere by hand,go[pres2],"imperfective: expected 'ayheko'i', got [""ayhekeko'i""]; perfective: expected 'uyhvhsv'i', got [""uyhekvhsv'i""]; imperative: expected 'hiyhuka', got ['hiyhekuka']; infinitive: expected 'uyhvhsti', got ['uyhekvhsti']"
813,he/she is taking it somewhere by hand (refers to a flexible object),go[pres2],"imperfective: expected 'kanheko'i', got [""kanhekeko'i""]; perfective: expected 'unhvhsv'i', got [""unhekvhsv'i""]; imperative: expected 'hinhuka', got ['hinhekuka']; infinitive: expected 'unhvhsti', got ['unhekvhsti']"
813,he/she is taking it somewhere by hand (refers to a flexible object),go[pres2],"imperfective: expected 'kanheko'i', got [""kanhekeko'i""]; perfective: expected 'unhvhsv'i', got [""unhekvhsv'i""]; imperative: expected 'hinhuka', got ['hinhekuka']; infinitive: expected 'unhvhsti', got ['unhekvhsti']"
882,he/she is taking it somewhere by hand (refers to a long object),go[pres2],"imperfective: expected 'kaneko'i', got [""kanekeko'i""]; perfective: expected 'uwanvhsv'i', got [""uwanekvhsv'i""]; imperative: expected 'hinuka', got ['hinekuka']; infinitive: expected 'uwanvhsti', got ['uwanekvhsti']"
467,it’s steaming,go[pres2],"imperfective: expected 'athanoleko'i', got [""athanolekeko'i""]; perfective: expected 'uthanolvhsv'i', got [""uthanolekvhsv'i""]; infinitive: expected 'uthanolvhsti', got ['uthanolekvhsti']"
467,it’s steaming,go[pres2],"imperfective: expected 'athanoleko'i', got [""athanolekeko'i""]; perfective: expected 'uthanolvhsv'i', got [""uthanolekvhsv'i""]; infinitive: expected 'uthanolvhsti', got ['uthanolekvhsti']"
467,it’s steaming,go[pres2],"imperfective: expected 'athanoleko'i', got [""athanolekeko'i""]; perfective: expected 'uthanolvhsv'i', got [""uthanolekvhsv'i""]; infinitive: expected 'uthanolvhsti', got ['uthanolekvhsti']"
467,it’s steaming,go[pres2],"imperfective: expected 'athanoleko'i', got [""athanolekeko'i""]; perfective: expected 'uthanolvhsv'i', got [""uthanolekvhsv'i""]; infinitive: expected 'uthanolvhsti', got ['uthanolekvhsti']"
467,it’s steaming,go[pres2],"imperfective: expected 'athanoleko'i', got [""athanolekeko'i""]; perfective: expected 'uthanolvhsv'i', got [""uthanolekvhsv'i""]; infinitive: expected 'uthanolvhsti', got ['uthanolekvhsti']"
467,it’s steaming,go[pres2],"imperfective: expected 'athanoleko'i', got [""athanolekeko'i""]; perfective: expected 'uthanolvhsv'i', got [""uthanolekvhsv'i""]; infinitive: expected 'uthanolvhsti', got ['uthanolekvhsti']"
467,it’s steaming,go[pres2],"imperfective: expected 'athanoleko'i', got [""athanolekeko'i""]; perfective: expected 'uthanolvhsv'i', got [""uthanolekvhsv'i""]; infinitive: expected 'uthanolvhsti', got ['uthanolekvhsti']"
467,it’s steaming,go[pres2],"imperfective: expected 'athanoleko'i', got [""athanolekeko'i""]; perfective: expected 'uthanolvhsv'i', got [""uthanolekvhsv'i""]; infinitive: expected 'uthanolvhsti', got ['uthanolekvhsti']"
467,it’s steaming,go[pres2],"imperfective: expected 'athanoleko'i', got [""athanolekeko'i""]; perfective: expected 'uthanolvhsv'i', got [""uthanolekvhsv'i""]; infinitive: expected 'uthanolvhsti', got ['uthanolekvhsti']"
467,it’s steaming,go[pres2],"imperfective: expected 'athanoleko'i', got [""athanolekeko'i""]; perfective: expected 'uthanolvhsv'i', got [""uthanolekvhsv'i""]; infinitive: expected 'uthanolvhsti', got ['uthanolekvhsti']"
467,it’s steaming,go[pres2],"imperfective: expected 'athanoleko'i', got [""athanolekeko'i""]; perfective: expected 'uthanolvhsv'i', got [""uthanolekvhsv'i""]; infinitive: expected 'uthanolvhsti', got ['uthanolekvhsti']"
467,it’s steaming,go[pres2],"imperfective: expected 'athanoleko'i', got [""athanolekeko'i""]; perfective: expected 'uthanolvhsv'i', got [""uthanolekvhsv'i""]; infinitive: expected 'uthanolvhsti', got ['uthanolekvhsti']"
467,it’s steaming,go[pres2],"imperfective: expected 'athanoleko'i', got [""athanolekeko'i""]; perfective: expected 'uthanolvhsv'i', got [""uthanolekvhsv'i""]; infinitive: expected 'uthanolvhsti', got ['uthanolekvhsti']"
467,it’s steaming,go[pres2],"imperfective: expected 'athanoleko'i', got [""athanolekeko'i""]; perfective: expected 'uthanolvhsv'i', got [""uthanolekvhsv'i""]; infinitive: expected 'uthanolvhsti', got ['uthanolekvhsti']"
467,it’s steaming,go[pres2],"imperfective: expected 'athanoleko'i', got [""athanolekeko'i""]; perfective: expected 'uthanolvhsv'i', got [""uthanolekvhsv'i""]; infinitive: expected 'uthanolvhsti', got ['uthanolekvhsti']"
467,it’s steaming,go[pres2],"imperfective: expected 'athanoleko'i', got [""athanolekeko'i""]; perfective: expected 'uthanolvhsv'i', got [""uthanolekvhsv'i""]; infinitive: expected 'uthanolvhsti', got ['uthanolekvhsti']"
467,it’s steaming,go[pres2],"imperfective: expected 'athanoleko'i', got [""athanolekeko'i""]; perfective: expected 'uthanolvhsv'i', got [""uthanolekvhsv'i""]; infinitive: expected 'uthanolvhsti', got ['uthanolekvhsti']"
467,it’s steaming,go[pres2],"imperfective: expected 'athanoleko'i', got [""athanolekeko'i""]; perfective: expected 'uthanolvhsv'i', got [""uthanolekvhsv'i""]; infinitive: expected 'uthanolvhsti', got ['uthanolekvhsti']"
467,it’s steaming,go[pres2],"imperfective: expected 'athanoleko'i', got [""athanolekeko'i""]; perfective: expected 'uthanolvhsv'i', got [""uthanolekvhsv'i""]; infinitive: expected 'uthanolvhsti', got ['uthanolekvhsti']"
467,it’s steaming,go[pres2],"imperfective: expected 'athanoleko'i', got [""athanolekeko'i""]; perfective: expected 'uthanolvhsv'i', got [""uthanolekvhsv'i""]; infinitive: expected 'uthanolvhsti', got ['uthanolekvhsti']"
161,he/she is killing him/her,hih-lh,"imperative: expected 'hiluka', got ['hika']; infinitive: expected 'uhihsti', got ['uhsti']"
161,he/she is killing him/her,hih-lh,"imperative: expected 'hiluka', got ['hika']; infinitive: expected 'uhihsti', got ['uhsti']"
161,he/she is killing him/her,hih-lh,"imperative: expected 'hiluka', got ['hika']; infinitive: expected 'uhihsti', got ['uhsti']"
161,he/she is killing him/her,hih-lh,"imperative: expected 'hiluka', got ['hika']; infinitive: expected 'uhihsti', got ['uhsti']"
161,he/she is killing him/her,hih-lh,"perfective: expected 'ulhv'i', got [""uhv'i""]; imperative: expected 'hiluka', got ['hika']; infinitive: expected 'uhihsti', got ['usti']"
161,he/she is killing him/her,hih-lh,"imperative: expected 'hiluka', got ['hika']; infinitive: expected 'uhihsti', got ['uhsti']"
161,he/she is killing him/her,hih-lh,"imperative: expected 'hiluka', got ['hika']; infinitive: expected 'uhihsti', got ['uhsti']"
516,he/she is shooting him/her,hih-lh[imp2],"imperative: expected 'hiyo'a', got ['hiyoha']"
1761,he/she is sending it,hvsk-nh,"perfective: expected 'wunhv'i', got [""wiuhv'i"", ""wuhv'i""]; infinitive: expected 'wuhti', got ['wiuti', 'wuti']"
206,he/she is setting it down,hvsk-nh,"perfective: expected 'unhv'i', got [""uhv'i""]; infinitive: expected 'uhti', got ['uti']"
546,he/she is teaching,hvsk-nh,"perfective: expected 'tuteyonhv'i', got [""teuteyhonhv'i"", ""tuteyhonhv'i""]"
546,he/she is teaching,hvsk-nh,"perfective: expected 'tuteyonhv'i', got [""teuteyhonhv'i"", ""tuteyhonhv'i""]"
63,he/she is being born,hvsk-nh[inf2],"infinitive: expected 'utehti', got ['uthti']"
63,he/she is being born,hvsk-nh[inf2],"infinitive: expected 'utehti', got ['uthti']"
444,he/she is fishing,hvsk-nh[inf2],"infinitive: expected 'uhsuhti', got ['uhshti']"
587,he/she is getting up (from sitting or from involuntarily assumed prone position),hvsk-nh[inf2],"infinitive: expected 'tsulehti', got ['tiulhti', 'tsulhti', 'tulhti']"
278,he/she is hitting him/her on the eye,hvsk-nh[inf2],"infinitive: expected 'ukhtheluhti', got ['ukhthelhti']"
278,he/she is hitting him/her on the eye,hvsk-nh[inf2],"infinitive: expected 'ukhtheluhti', got ['ukhthelhti']"
233,he/she is hitting him/her on the nose,hvsk-nh[inf2],"infinitive: expected 'uyhvhsteluhti', got ['uyhvhstelhti']"
233,he/she is hitting him/her on the nose,hvsk-nh[inf2],"infinitive: expected 'uyhvhsteluhti', got ['uyhvhstelhti']"
1056,he/she is putting it in water,hvsk-nh[inf2],"infinitive: expected 'uwuhti', got ['uwhti']"
1761,he/she is sending it,hvsk-nh[inf2],"perfective: expected 'wunhv'i', got [""wiuhv'i"", ""wuhv'i""]; infinitive: expected 'wuhti', got ['wiuti', 'wuti']"
1775,he/she is sending it (refers to something liquid),hvsk-nh[inf2],"infinitive: expected 'wunehti', got ['wiunhti', 'wunhti']"
1775,he/she is sending it (refers to something liquid),hvsk-nh[inf2],"infinitive: expected 'wunehti', got ['wiunhti', 'wunhti']"
206,he/she is setting it down,hvsk-nh[inf2],"perfective: expected 'unhv'i', got [""uhv'i""]; infinitive: expected 'uhti', got ['uti']"
306,he/she is standing in a certain spot,hvsk-nh[inf2],"infinitive: expected 'ulehti', got ['ulhti']"
546,he/she is teaching,hvsk-nh[inf2],"perfective: expected 'tuteyonhv'i', got [""teuteyhonhv'i"", ""tuteyhonhv'i""]; infinitive: expected 'tsuteyhohti', got ['tiuteyhhti', 'tsuteyhhti', 'tuteyhhti']"
546,he/she is teaching,hvsk-nh[inf2],"perfective: expected 'tuteyonhv'i', got [""teuteyhonhv'i"", ""tuteyhonhv'i""]; infinitive: expected 'tsuteyhohti', got ['tiuteyhhti', 'tsuteyhhti', 'tuteyhhti']"
214,it’s becoming frosty (refers to the ground),hvsk-nh[inf2],"infinitive: expected 'uyhahthvthti', got ['uyhahthhti']"
214,it’s becoming frosty (refers to the ground),hvsk-nh[inf2],"infinitive: expected 'uyhahthvthti', got ['uyhahthhti']"
214,it’s becoming frosty (refers to the ground),hvsk-nh[inf2],"infinitive: expected 'uyhahthvthti', got ['uyhahthhti']"
214,it’s becoming frosty (refers to the ground),hvsk-nh[inf2],"infinitive: expected 'uyhahthvthti', got ['uyhahthhti']"
214,it’s becoming frosty (refers to the ground),hvsk-nh[inf2],"infinitive: expected 'uyhahthvthti', got ['uyhahthhti']"
214,it’s becoming frosty (refers to the ground),hvsk-nh[inf2],"infinitive: expected 'uyhahthvthti', got ['uyhahthhti']"
214,it’s becoming frosty (refers to the ground),hvsk-nh[inf2],"infinitive: expected 'uyhahthvthti', got ['uyhahthhti']"
214,it’s becoming frosty (refers to the ground),hvsk-nh[inf2],"infinitive: expected 'uyhahthvthti', got ['uyhahthhti']"
214,it’s becoming frosty (refers to the ground),hvsk-nh[inf2],"infinitive: expected 'uyhahthvthti', got ['uyhahthhti']"
214,it’s becoming frosty (refers to the ground),hvsk-nh[inf2],"infinitive: expected 'uyhahthvthti', got ['uyhahthhti']"
214,it’s becoming frosty (refers to the ground),hvsk-nh[inf2],"infinitive: expected 'uyhahthvthti', got ['uyhahthhti']"
214,it’s becoming frosty (refers to the ground),hvsk-nh[inf2],"infinitive: expected 'uyhahthvthti', got ['uyhahthhti']"
546,he/she is teaching,hvsk-nh[inf4],"perfective: expected 'tuteyonhv'i', got [""teuteyhonhv'i"", ""tuteyhonhv'i""]"
546,he/she is teaching,hvsk-nh[inf4],"perfective: expected 'tuteyonhv'i', got [""teuteyhonhv'i"", ""tuteyhonhv'i""]"
414,he/she is erasing it,i-a-i,"perfective: expected 'uhskolvti'i', got [""uhskolvtv'i""]"
414,he/she is erasing it,i-a-i,"perfective: expected 'uhskolvti'i', got [""uhskolvtv'i""]"
414,he/she is erasing it,i-a-i,"perfective: expected 'uhskolvti'i', got [""uhskolvtv'i""]"
414,he/she is erasing it,i-a-i,"perfective: expected 'uhskolvti'i', got [""uhskolvtv'i""]"
414,he/she is erasing it,i-a-i,"perfective: expected 'uhskolvti'i', got [""uhskolvtv'i""]"
414,he/she is erasing it,i-a-i,"perfective: expected 'uhskolvti'i', got [""uhskolvtv'i""]"
414,he/she is erasing it,i-a-i,"perfective: expected 'uhskolvti'i', got [""uhskolvtv'i""]"
414,he/she is erasing it,i-a-i,"perfective: expected 'uhskolvti'i', got [""uhskolvtv'i""]"
220,he/she is imitating him/her,i-a-i,"perfective: expected 'uyhelihsv'i', got [""uyhelv'i""]"
220,he/she is imitating him/her,i-a-i,"perfective: expected 'uyhelihsv'i', got [""uyhelv'i""]"
92,he/she is pouring liquid into a container,i-a-i,"imperative: expected 'hitlika', got ['hitla']"
92,he/she is pouring liquid into a container,i-a-i,"imperative: expected 'hitlika', got ['hitla']"
752,he/she thinks so,i-a-i,"perfective: expected 'uwelihsv'i', got [""uwelv'i""]"
1253,it’s misting,i-a-i,"perfective: expected 'unhuyola'tv'i', got [""unhuyolatv'i""]"
1253,it’s misting,i-a-i,"perfective: expected 'unhuyola'tv'i', got [""unhuyolatv'i""]"
1253,it’s misting,i-a-i,"perfective: expected 'unhuyola'tv'i', got [""unhuyolatv'i""]"
1253,it’s misting,i-a-i,"perfective: expected 'unhuyola'tv'i', got [""unhuyolatv'i""]"
1253,it’s misting,i-a-i,"perfective: expected 'unhuyola'tv'i', got [""unhuyolatv'i""]"
1253,it’s misting,i-a-i,"perfective: expected 'unhuyola'tv'i', got [""unhuyolatv'i""]"
1253,it’s misting,i-a-i,"perfective: expected 'unhuyola'tv'i', got [""unhuyolatv'i""]"
1253,it’s misting,i-a-i,"perfective: expected 'unhuyola'tv'i', got [""unhuyolatv'i""]"
1253,it’s misting,i-a-i,"perfective: expected 'unhuyola'tv'i', got [""unhuyolatv'i""]"
1253,it’s misting,i-a-i,"perfective: expected 'unhuyola'tv'i', got [""unhuyolatv'i""]"
1253,it’s misting,i-a-i,"perfective: expected 'unhuyola'tv'i', got [""unhuyolatv'i""]"
1253,it’s misting,i-a-i,"perfective: expected 'unhuyola'tv'i', got [""unhuyolatv'i""]"
1253,it’s misting,i-a-i,"perfective: expected 'unhuyola'tv'i', got [""unhuyolatv'i""]"
1253,it’s misting,i-a-i,"perfective: expected 'unhuyola'tv'i', got [""unhuyolatv'i""]"
1253,it’s misting,i-a-i,"perfective: expected 'unhuyola'tv'i', got [""unhuyolatv'i""]"
1253,it’s misting,i-a-i,"perfective: expected 'unhuyola'tv'i', got [""unhuyolatv'i""]"
1253,it’s misting,i-a-i,"perfective: expected 'unhuyola'tv'i', got [""unhuyolatv'i""]"
1253,it’s misting,i-a-i,"perfective: expected 'unhuyola'tv'i', got [""unhuyolatv'i""]"
1253,it’s misting,i-a-i,"perfective: expected 'unhuyola'tv'i', got [""unhuyolatv'i""]"
1253,it’s misting,i-a-i,"perfective: expected 'unhuyola'tv'i', got [""unhuyolatv'i""]"
1253,it’s misting,i-a-i,"perfective: expected 'unhuyola'tv'i', got [""unhuyolatv'i""]"
1253,it’s misting,i-a-i,"perfective: expected 'unhuyola'tv'i', got [""unhuyolatv'i""]"
1253,it’s misting,i-a-i,"perfective: expected 'unhuyola'tv'i', got [""unhuyolatv'i""]"
1253,it’s misting,i-a-i,"perfective: expected 'unhuyola'tv'i', got [""unhuyolatv'i""]"
1253,it’s misting,i-a-i,"perfective: expected 'unhuyola'tv'i', got [""unhuyolatv'i""]"
1253,it’s misting,i-a-i,"perfective: expected 'unhuyola'tv'i', got [""unhuyolatv'i""]"
1253,it’s misting,i-a-i,"perfective: expected 'unhuyola'tv'i', got [""unhuyolatv'i""]"
1253,it’s misting,i-a-i,"perfective: expected 'unhuyola'tv'i', got [""unhuyolatv'i""]"
1253,it’s misting,i-a-i,"perfective: expected 'unhuyola'tv'i', got [""unhuyolatv'i""]"
1253,it’s misting,i-a-i,"perfective: expected 'unhuyola'tv'i', got [""unhuyolatv'i""]"
1253,it’s misting,i-a-i,"perfective: expected 'unhuyola'tv'i', got [""unhuyolatv'i""]"
1253,it’s misting,i-a-i,"perfective: expected 'unhuyola'tv'i', got [""unhuyolatv'i""]"
1253,it’s misting,i-a-i,"perfective: expected 'unhuyola'tv'i', got [""unhuyolatv'i""]"
1253,it’s misting,i-a-i,"perfective: expected 'unhuyola'tv'i', got [""unhuyolatv'i""]"
1253,it’s misting,i-a-i,"perfective: expected 'unhuyola'tv'i', got [""unhuyolatv'i""]"
1253,it’s misting,i-a-i,"perfective: expected 'unhuyola'tv'i', got [""unhuyolatv'i""]"
95,he/she is drawing a liquid out of a container,ih-vh,"infinitive: expected 'utlvhti', got ['utlhti']"
95,he/she is drawing a liquid out of a container,ih-vh,"infinitive: expected 'utlvhti', got ['utlhti']"
207,he/she is finding him/her,ih-vh,"infinitive: expected 'uwhahthvhti', got ['uwhahthhti']"
207,he/she is finding him/her,ih-vh,"infinitive: expected 'uwhahthvhti', got ['uwhahthhti']"
876,he/she is finding it (refers to a flexible object),ih-vh,"infinitive: expected 'unawhthvhti', got ['unawhthhti']"
876,he/she is finding it (refers to a flexible object),ih-vh,"infinitive: expected 'unawhthvhti', got ['unawhthhti']"
530,he/she is finding it (refers to a long object),ih-vh,"infinitive: expected 'uyvwhahthvhti', got ['uyvwhahthhti']"
530,he/she is finding it (refers to a long object),ih-vh,"imperative: expected 'hiyvwhahtha', got ['hiyvwahtha']; infinitive: expected 'uyvwhahthvhti', got ['uyvwhahthhti']"
890,he/she is finding some liquid,ih-vh,"infinitive: expected 'unewhahthvhti', got ['unewhahthhti']"
890,he/she is finding some liquid,ih-vh,"imperative: expected 'hinewhahtha', got ['hinewahtha']; infinitive: expected 'unewhahthvhti', got ['unewhahthhti']"
1227,he/she is rooting it out,ih-vh,"infinitive: expected 'unhahstelhti', got ['unhahstetlhti']"
1227,he/she is rooting it out,ih-vh,"infinitive: expected 'unhahstelhti', got ['unhahstetlhti']"
577,he/she is shelling corn,ih-vh,"infinitive: expected 'tsukhtlhvhti', got ['tiukhtlhhti', 'tsukhtlhhti', 'tukhtlhhti']"
577,he/she is shelling corn,ih-vh,"infinitive: expected 'tsukhtlhvhti', got ['tiukhtlhhti', 'tsukhtlhhti', 'tukhtlhhti']"
531,he/she is taking it somewhere (refers to a long object),ih-vh,"imperative: expected 'hiyvwhita', got ['hiyvwita']"
891,he/she is taking some liquid somewhere,ih-vh,"imperative: expected 'hinewhita', got ['hinewita']"
566,he/she is untying it,ih-vh,"infinitive: expected 'tsukhaneyhvhti', got ['tiukhaneyhhti', 'tsukhaneyhhti', 'tukhaneyhhti']"
566,he/she is untying it,ih-vh,"infinitive: expected 'tsukhaneyhvhti', got ['tiukhaneyhhti', 'tsukhaneyhhti', 'tukhaneyhhti']"
398,he/she is withdrawing (refers to a motion),ih-vh,"infinitive: expected 'uhsehsvhti', got ['uhsehshti']"
311,it’s boiling,ih-vh,"infinitive: expected 'ulilhti', got ['ulitlhti']"
311,it’s boiling,ih-vh,"infinitive: expected 'ulilhti', got ['ulitlhti']"
311,it’s boiling,ih-vh,"infinitive: expected 'ulilhti', got ['ulitlhti']"
311,it’s boiling,ih-vh,"infinitive: expected 'ulilhti', got ['ulitlhti']"
311,it’s boiling,ih-vh,"infinitive: expected 'ulilhti', got ['ulitlhti']"
311,it’s boiling,ih-vh,"infinitive: expected 'ulilhti', got ['ulitlhti']"
311,it’s boiling,ih-vh,"infinitive: expected 'ulilhti', got ['ulitlhti']"
311,it’s boiling,ih-vh,"infinitive: expected 'ulilhti', got ['ulitlhti']"
593,he/she is changing his/her socks,ih-vh[imperf2],"infinitive: expected 'tsuliyohsvhti', got ['tiuliyohshti', 'tsuliyohshti', 'tuliyohshti']"
593,he/she is changing his/her socks,ih-vh[imperf2],"infinitive: expected 'tsuliyohsvhti', got ['tiuliyohshti', 'tsuliyohshti', 'tuliyohshti']"
803,he/she is sleeping,ih-vh[imperf2],"imperative: expected 'hilhvna', got ['hilha']; infinitive: expected 'ulhvnhti', got ['ulhhti']"
803,he/she is sleeping,ih-vh[imperf2],"imperative: expected 'hilhvna', got ['hilha']; infinitive: expected 'ulhvnhti', got ['ulhhti']"
530,he/she is finding it (refers to a long object),ih-vh[inf2],"imperative: expected 'hiyvwhahtha', got ['hiyvwahtha']"
890,he/she is finding some liquid,ih-vh[inf2],"imperative: expected 'hinewhahtha', got ['hinewahtha']"
473,he/she is combing someone’s hair,o,"infinitive: expected 'uthahsohsti', got ['uthawohsti']"
473,he/she is combing someone’s hair,o,"infinitive: expected 'uthahsohsti', got ['uthawohsti']"
473,he/she is combing someone’s hair,o,"infinitive: expected 'uthahsohsti', got ['uthawohsti']"
473,he/she is combing someone’s hair,o,"infinitive: expected 'uthahsohsti', got ['uthawohsti']"
992,he/she is feeding him/her,oh-al,"imperative: expected 'hiyeloka', got [""hiye'lka"", 'hiyelhka', 'hiyelka']"
219,he/she is making an incision,oh-al,"imperative: expected 'hiyelaka', got ['hiyelhka']"
219,he/she is making an incision,oh-al,"imperative: expected 'hiyelaka', got ['hiyelhka']"
280,he/she is looking around,oh-ol[inf2],"infinitive: expected 'ukhthenahsti', got ['ukhthenhsti']"
280,he/she is looking around,oh-ol[inf2],"infinitive: expected 'ukhthenahsti', got ['ukhthenhsti']"
937,he/she is twisting him/her,oh-ol[inf2],"infinitive: expected 'unutheyahsti', got ['unutheyhsti']"
937,he/she is twisting him/her,oh-ol[inf2],"infinitive: expected 'unutheyahsti', got ['unutheyhsti']"
172,it’s taking time,oh-ol[inf2],"infinitive: expected 'ulhi'ilitahsti', got [""ulhi'ilithsti""]"
172,it’s taking time,oh-ol[inf2],"infinitive: expected 'ulhi'ilitahsti', got [""ulhi'ilithsti""]"
172,it’s taking time,oh-ol[inf2],"infinitive: expected 'ulhi'ilitahsti', got [""ulhi'ilithsti""]"
172,it’s taking time,oh-ol[inf2],"infinitive: expected 'ulhi'ilitahsti', got [""ulhi'ilithsti""]"
172,it’s taking time,oh-ol[inf2],"infinitive: expected 'ulhi'ilitahsti', got [""ulhi'ilithsti""]"
172,it’s taking time,oh-ol[inf2],"infinitive: expected 'ulhi'ilitahsti', got [""ulhi'ilithsti""]"
172,it’s taking time,oh-ol[inf2],"infinitive: expected 'ulhi'ilitahsti', got [""ulhi'ilithsti""]"
172,it’s taking time,oh-ol[inf2],"infinitive: expected 'ulhi'ilitahsti', got [""ulhi'ilithsti""]"
172,it’s taking time,oh-ol[inf2],"infinitive: expected 'ulhi'ilitahsti', got [""ulhi'ilithsti""]"
172,it’s taking time,oh-ol[inf2],"infinitive: expected 'ulhi'ilitahsti', got [""ulhi'ilithsti""]"
172,it’s taking time,oh-ol[inf2],"infinitive: expected 'ulhi'ilitahsti', got [""ulhi'ilithsti""]"
172,it’s taking time,oh-ol[inf2],"infinitive: expected 'ulhi'ilitahsti', got [""ulhi'ilithsti""]"
172,it’s taking time,oh-ol[inf2],"infinitive: expected 'ulhi'ilitahsti', got [""ulhi'ilithsti""]"
172,it’s taking time,oh-ol[inf2],"infinitive: expected 'ulhi'ilitahsti', got [""ulhi'ilithsti""]"
172,it’s taking time,oh-ol[inf2],"infinitive: expected 'ulhi'ilitahsti', got [""ulhi'ilithsti""]"
172,it’s taking time,oh-ol[inf2],"infinitive: expected 'ulhi'ilitahsti', got [""ulhi'ilithsti""]"
172,it’s taking time,oh-ol[inf2],"infinitive: expected 'ulhi'ilitahsti', got [""ulhi'ilithsti""]"
172,it’s taking time,oh-ol[inf2],"infinitive: expected 'ulhi'ilitahsti', got [""ulhi'ilithsti""]"
172,it’s taking time,oh-ol[inf2],"infinitive: expected 'ulhi'ilitahsti', got [""ulhi'ilithsti""]"
172,it’s taking time,oh-ol[inf2],"infinitive: expected 'ulhi'ilitahsti', got [""ulhi'ilithsti""]"
128,he/she is picking it up,rev-gi,"perfective: expected 'ukihsv'i', got [""uihsv'i""]; infinitive: expected 'ukihsti', got ['uihsti']"
254,he/she is blowing,sk-h,"imperative: expected 'hatsotha', got ['hatsothaha']"
101,he/she is catching up with him/her,sk-h,"imperative: expected 'hiyatlvtha', got ['hiyatlvthaha']"
101,he/she is catching up with him/her,sk-h,"imperative: expected 'hiyatlvtha', got ['hiyatlvthaha']"
526,he/she is destroying it,sk-h,"perfective: expected 'uyohsthanonhv'i', got [""uyohsthanohvhv'i""]; imperative: expected 'hiyohsthanonha', got ['hiyohsthanohvha']"
526,he/she is destroying it,sk-h,"perfective: expected 'uyohsthanonhv'i', got [""uyohsthanohvhv'i""]; imperative: expected 'hiyohsthanonha', got ['hiyohsthanohvha']"
82,he/she is drinking it,sk-h,"imperative: expected 'hatitha', got ['hatithaha']"
82,he/she is drinking it,sk-h,"imperative: expected 'hatitha', got ['hatithaha']"
82,he/she is drinking it,sk-h,"imperative: expected 'hatitha', got ['hatithaha']"
82,he/she is drinking it,sk-h,"imperative: expected 'hatitha', got ['hatithaha']"
82,he/she is drinking it,sk-h,"imperative: expected 'hatitha', got ['hatithaha']"
459,he/she is drinking it up,sk-h,"perfective: expected 'uhsvnhv'i', got [""uhsvhvhv'i""]; imperative: expected 'hihsvnha', got ['hihsvhvha']"
459,he/she is drinking it up,sk-h,"perfective: expected 'uhsvnhv'i', got [""uhsvhvhv'i""]; imperative: expected 'hihsvnha', got ['hihsvhvha']"
459,he/she is drinking it up,sk-h,"perfective: expected 'uhsvnhv'i', got [""uhsvhvhv'i""]; imperative: expected 'hihsvnha', got ['hihsvhvha']"
459,he/she is drinking it up,sk-h,"perfective: expected 'uhsvnhv'i', got [""uhsvhvhv'i""]; imperative: expected 'hihsvnha', got ['hihsvhvha']"
993,he/she is howling,sk-h,"perfective: expected 'uwelhunhv'i', got [""uwelhuhvhv'i""]; imperative: expected 'helhuhvka', got ['helhuhvha']"
338,he/she is nodding his/her head,sk-h,"perfective: expected 'ulhskuyhv'i', got [""ulhskuhv'i""]; imperative: expected 'halhskuyha', got ['halhskuha']"
338,he/she is nodding his/her head,sk-h,"perfective: expected 'ulhskuyhv'i', got [""ulhskuhv'i""]; imperative: expected 'halhskuyha', got ['halhskuha']"
955,he/she is pushing him/her,sk-h,"perfective: expected 'uwahsatoyhv'i', got [""uwahsatohv'i""]; imperative: expected 'hiyahsatoyha', got ['hiyahsatoha']"
342,he/she is putting his/her hat on,sk-h,"perfective: expected 'ulhskwethunhv'i', got [""ulhskwethuhvhv'i""]; imperative: expected 'halhskwethuhvka', got ['halhskwethuhvha']; infinitive: expected 'ulhskwethuhsti', got ['ulhskwethuhvhsti']"
342,he/she is putting his/her hat on,sk-h,"perfective: expected 'ulhskwethunhv'i', got [""ulhskwethuhvhv'i""]; imperative: expected 'halhskwethuhvka', got ['halhskwethuhvha']; infinitive: expected 'ulhskwethuhsti', got ['ulhskwethuhvhsti']"
30,he/she is shopping,sk-h,"perfective: expected 'utananehsvnhv'i', got [""utananehsvhvhv'i""]; imperative: expected 'hatananehsvhvka', got ['hatananehsvhvha']"
30,he/she is shopping,sk-h,"perfective: expected 'utananehsvnhv'i', got [""utananehsvhvhv'i""]; imperative: expected 'hatananehsvhvka', got ['hatananehsvhvha']"
30,he/she is shopping,sk-h,"perfective: expected 'utananehsvnhv'i', got [""utananehsvhvhv'i""]; imperative: expected 'hatananehsvhvka', got ['hatananehsvhvha']"
30,he/she is shopping,sk-h,"perfective: expected 'utananehsvnhv'i', got [""utananehsvhvhv'i""]; imperative: expected 'hatananehsvhvka', got ['hatananehsvhvha']"
605,he/she is splitting it,sk-h,"perfective: expected 'tuhstluyhv'i', got [""teuhstluhv'i"", ""tuhstluhv'i""]; imperative: expected 'thihstluyha', got ['thihstluha', 'tihihstluha', 'tshihstluha']"
605,he/she is splitting it,sk-h,"perfective: expected 'tuhstluyhv'i', got [""teuhstluhv'i"", ""tuhstluhv'i""]; imperative: expected 'thihstluyha', got ['thihstluha', 'tihihstluha', 'tshihstluha']"
605,he/she is splitting it,sk-h,"perfective: expected 'tuhstluyhv'i', got [""teuhstluhv'i"", ""tuhstluhv'i""]; imperative: expected 'thihstluyha', got ['thihstluha', 'tihihstluha', 'tshihstluha']"
605,he/she is splitting it,sk-h,"perfective: expected 'tuhstluyhv'i', got [""teuhstluhv'i"", ""tuhstluhv'i""]; imperative: expected 'thihstluyha', got ['thihstluha', 'tihihstluha', 'tshihstluha']"
1081,he/she is sweeping it,sk-h,"imperative: expected 'hvnohsa', got ['hvnohsaha']"
441,he/she is wounding him/her,sk-h,"perfective: expected 'uhsonvnhv'i', got [""uhsonvhv'i""]; imperative: expected 'hihsonvna', got ['hihsonvha']"
441,he/she is wounding him/her,sk-h,"perfective: expected 'uhsonvnhv'i', got [""uhsonvhv'i""]; imperative: expected 'hihsonvna', got ['hihsonvha']"
441,he/she is wounding him/her,sk-h,"perfective: expected 'uhsonvnhv'i', got [""uhsonvhv'i""]; imperative: expected 'hihsonvna', got ['hihsonvha']"
441,he/she is wounding him/her,sk-h,"perfective: expected 'uhsonvnhv'i', got [""uhsonvhv'i""]; imperative: expected 'hihsonvna', got ['hihsonvha']"
136,it’s burning,sk-h,"perfective: expected 'ukonhv'i', got [""ukohvhv'i""]; imperative: expected 'hakonha', got ['hakohvha']"
862,he/she is chopping it,sk-h[imp2],"imperative: expected 'hiluyha', got ['hiluy']"
862,he/she is chopping it,sk-h[imp2],"imperative: expected 'hiluyha', got ['hiluy']"
149,he/she is chopping it up,sk-h[imp2],"imperative: expected 'hikvhaluyha', got ['hikvhaluy']"
526,he/she is destroying it,sk-h[imp2],"perfective: expected 'uyohsthanonhv'i', got [""uyohsthanohvhv'i""]; imperative: expected 'hiyohsthanonha', got ['hiyohsthanohv']"
526,he/she is destroying it,sk-h[imp2],"perfective: expected 'uyohsthanonhv'i', got [""uyohsthanohvhv'i""]; imperative: expected 'hiyohsthanonha', got ['hiyohsthanohv']"
459,he/she is drinking it up,sk-h[imp2],"perfective: expected 'uhsvnhv'i', got [""uhsvhvhv'i""]; imperative: expected 'hihsvnha', got ['hihsvhv']"
459,he/she is drinking it up,sk-h[imp2],"perfective: expected 'uhsvnhv'i', got [""uhsvhvhv'i""]; imperative: expected 'hihsvnha', got ['hihsvhv']"
459,he/she is drinking it up,sk-h[imp2],"perfective: expected 'uhsvnhv'i', got [""uhsvhvhv'i""]; imperative: expected 'hihsvnha', got ['hihsvhv']"
459,he/she is drinking it up,sk-h[imp2],"perfective: expected 'uhsvnhv'i', got [""uhsvhvhv'i""]; imperative: expected 'hihsvnha', got ['hihsvhv']"
993,he/she is howling,sk-h[imp2],"perfective: expected 'uwelhunhv'i', got [""uwelhuhvhv'i""]; imperative: expected 'helhuhvka', got ['helhuhv']"
338,he/she is nodding his/her head,sk-h[imp2],"perfective: expected 'ulhskuyhv'i', got [""ulhskuhv'i""]; imperative: expected 'halhskuyha', got ['halhsku']"
338,he/she is nodding his/her head,sk-h[imp2],"perfective: expected 'ulhskuyhv'i', got [""ulhskuhv'i""]; imperative: expected 'halhskuyha', got ['halhsku']"
955,he/she is pushing him/her,sk-h[imp2],"perfective: expected 'uwahsatoyhv'i', got [""uwahsatohv'i""]; imperative: expected 'hiyahsatoyha', got ['hiyahsato']"
342,he/she is putting his/her hat on,sk-h[imp2],"perfective: expected 'ulhskwethunhv'i', got [""ulhskwethuhvhv'i""]; imperative: expected 'halhskwethuhvka', got ['halhskwethuhv']; infinitive: expected 'ulhskwethuhsti', got ['ulhskwethuhvhsti']"
342,he/she is putting his/her hat on,sk-h[imp2],"perfective: expected 'ulhskwethunhv'i', got [""ulhskwethuhvhv'i""]; imperative: expected 'halhskwethuhvka', got ['halhskwethuhv']; infinitive: expected 'ulhskwethuhsti', got ['ulhskwethuhvhsti']"
30,he/she is shopping,sk-h[imp2],"perfective: expected 'utananehsvnhv'i', got [""utananehsvhvhv'i""]; imperative: expected 'hatananehsvhvka', got ['hatananehsvhv']"
30,he/she is shopping,sk-h[imp2],"perfective: expected 'utananehsvnhv'i', got [""utananehsvhvhv'i""]; imperative: expected 'hatananehsvhvka', got ['hatananehsvhv']"
30,he/she is shopping,sk-h[imp2],"perfective: expected 'utananehsvnhv'i', got [""utananehsvhvhv'i""]; imperative: expected 'hatananehsvhvka', got ['hatananehsvhv']"
30,he/she is shopping,sk-h[imp2],"perfective: expected 'utananehsvnhv'i', got [""utananehsvhvhv'i""]; imperative: expected 'hatananehsvhvka', got ['hatananehsvhv']"
727,he/she is sneezing,sk-h[imp2],"imperative: expected 'titshayvhstoyha', got ['titshayvhstoy', 'tstshayvhstoy', 'ttshayvhstoy']"
324,he/she is spitting,sk-h[imp2],"imperative: expected 'haltsikwha', got ['haltsikw']"
605,he/she is splitting it,sk-h[imp2],"perfective: expected 'tuhstluyhv'i', got [""teuhstluhv'i"", ""tuhstluhv'i""]; imperative: expected 'thihstluyha', got ['thihstlu', 'tihihstlu', 'tshihstlu']"
605,he/she is splitting it,sk-h[imp2],"perfective: expected 'tuhstluyhv'i', got [""teuhstluhv'i"", ""tuhstluhv'i""]; imperative: expected 'thihstluyha', got ['thihstlu', 'tihihstlu', 'tshihstlu']"
605,he/she is splitting it,sk-h[imp2],"perfective: expected 'tuhstluyhv'i', got [""teuhstluhv'i"", ""tuhstluhv'i""]; imperative: expected 'thihstluyha', got ['thihstlu', 'tihihstlu', 'tshihstlu']"
605,he/she is splitting it,sk-h[imp2],"perfective: expected 'tuhstluyhv'i', got [""teuhstluhv'i"", ""tuhstluhv'i""]; imperative: expected 'thihstluyha', got ['thihstlu', 'tihihstlu', 'tshihstlu']"
825,he/she is stinging it,sk-h[imp2],"imperative: expected 'hiyatsvyha', got ['hiyatsvy']"
441,he/she is wounding him/her,sk-h[imp2],"perfective: expected 'uhsonvnhv'i', got [""uhsonvhv'i""]; imperative: expected 'hihsonvna', got ['hihsonv']"
441,he/she is wounding him/her,sk-h[imp2],"perfective: expected 'uhsonvnhv'i', got [""uhsonvhv'i""]; imperative: expected 'hihsonvna', got ['hihsonv']"
441,he/she is wounding him/her,sk-h[imp2],"perfective: expected 'uhsonvnhv'i', got [""uhsonvhv'i""]; imperative: expected 'hihsonvna', got ['hihsonv']"
441,he/she is wounding him/her,sk-h[imp2],"perfective: expected 'uhsonvnhv'i', got [""uhsonvhv'i""]; imperative: expected 'hihsonvna', got ['hihsonv']"
136,it’s burning,sk-h[imp2],"perfective: expected 'ukonhv'i', got [""ukohvhv'i""]; imperative: expected 'hakonha', got ['hakohv']"
179,it’s shattering,sk-h[imp2],"perfective: expected 'ulhkhotvnhv'i', got [""ulhkhotvhv'i""]"
179,it’s shattering,sk-h[imp2],"perfective: expected 'ulhkhotvnhv'i', got [""ulhkhotvhv'i""]"
179,it’s shattering,sk-h[imp2],"perfective: expected 'ulhkhotvnhv'i', got [""ulhkhotvhv'i""]"
179,it’s shattering,sk-h[imp2],"perfective: expected 'ulhkhotvnhv'i', got [""ulhkhotvhv'i""]"
179,it’s shattering,sk-h[imp2],"perfective: expected 'ulhkhotvnhv'i', got [""ulhkhotvhv'i""]"
179,it’s shattering,sk-h[imp2],"perfective: expected 'ulhkhotvnhv'i', got [""ulhkhotvhv'i""]"
179,it’s shattering,sk-h[imp2],"perfective: expected 'ulhkhotvnhv'i', got [""ulhkhotvhv'i""]"
179,it’s shattering,sk-h[imp2],"perfective: expected 'ulhkhotvnhv'i', got [""ulhkhotvhv'i""]"
179,it’s shattering,sk-h[imp2],"perfective: expected 'ulhkhotvnhv'i', got [""ulhkhotvhv'i""]"
179,it’s shattering,sk-h[imp2],"perfective: expected 'ulhkhotvnhv'i', got [""ulhkhotvhv'i""]"
179,it’s shattering,sk-h[imp2],"perfective: expected 'ulhkhotvnhv'i', got [""ulhkhotvhv'i""]"
179,it’s shattering,sk-h[imp2],"perfective: expected 'ulhkhotvnhv'i', got [""ulhkhotvhv'i""]"
179,it’s shattering,sk-h[imp2],"perfective: expected 'ulhkhotvnhv'i', got [""ulhkhotvhv'i""]"
179,it’s shattering,sk-h[imp2],"perfective: expected 'ulhkhotvnhv'i', got [""ulhkhotvhv'i""]"
179,it’s shattering,sk-h[imp2],"perfective: expected 'ulhkhotvnhv'i', got [""ulhkhotvhv'i""]"
179,it’s shattering,sk-h[imp2],"perfective: expected 'ulhkhotvnhv'i', got [""ulhkhotvhv'i""]"
100,he/she is bragging,sk-s-a,"imperative: expected 'hatlvkwha', got ['hatlvkwa']"
100,he/she is bragging,sk-s-a,"imperative: expected 'hatlvkwha', got ['hatlvkwa']"
572,he/she is blinking,sk-s-a[inf2],"imperative: expected 'thakhthanawha', got ['thakhthanawa', 'tihakhthanawa', 'tshakhthanawa']"
286,he/she is becoming wise,sk-s-hi-hihst,"imperative: expected 'hikhtho'vhi', got ['hikhthohvhi']; infinitive: expected 'ukhtho'vhihsti', got ['ukhthohvhihsti']"
286,he/she is becoming wise,sk-s-hi-hihst,"imperative: expected 'hikhtho'vhi', got ['hikhthohvhi']; infinitive: expected 'ukhtho'vhihsti', got ['ukhthohvhihsti']"
725,he/she is getting a rash,sk-s-hi-hihst,"infinitive: expected 'tsukwenothihsti', got ['tiukwenothihihsti', 'tsukwenothihihsti', 'tukwenothihihsti']"
99,he/she is getting off,sk-s-hi-hihst,"imperative: expected 'hatlohi', got ['hatloyhi']; infinitive: expected 'utlohihsti', got ['utloyhihsti']"
99,he/she is getting off,sk-s-hi-hihst,"imperative: expected 'hatlohi', got ['hatloyhi']; infinitive: expected 'utlohihsti', got ['utloyhihsti']"
210,he/she is planting it,sk-s-hi-hihst,"imperative: expected 'hiwhi', got ['hiwhihi']; infinitive: expected 'uwhihsti', got ['uwhihihsti']"
210,he/she is planting it,sk-s-hi-hihst,"imperative: expected 'hiwhi', got ['hiwihi']; infinitive: expected 'uwhihsti', got ['uwhihihsti']"
210,he/she is planting it,sk-s-hi-hihst,"imperative: expected 'hiwhi', got ['hiwhihi']; infinitive: expected 'uwhihsti', got ['uwhihihsti']"
210,he/she is planting it,sk-s-hi-hihst,"imperative: expected 'hiwhi', got ['hiwihi']; infinitive: expected 'uwhihsti', got ['uwhihihsti']"
427,he/she is amazed,sk-s-hst,"imperative: expected 'hihskwanikohi', got ['hihskwaniko']; infinitive: expected 'uhskwanikohihsti', got ['uhskwanikohsti']"
427,he/she is amazed,sk-s-hst,"imperative: expected 'hihskwanikohi', got ['hihskwaniko']; infinitive: expected 'uhskwanikohihsti', got ['uhskwanikohsti']"
427,he/she is amazed,sk-s-hst,"imperative: expected 'hihskwanikohi', got ['hihskwaniko']; infinitive: expected 'uhskwanikohihsti', got ['uhskwanikohsti']"
427,he/she is amazed,sk-s-hst,"imperative: expected 'hihskwanikohi', got ['hihskwaniko']; infinitive: expected 'uhskwanikohihsti', got ['uhskwanikohsti']"
1221,he/she is ascending an incline,sk-s-hst,"imperative: expected 'hinhaluhi', got ['hinhalu']; infinitive: expected 'unhaluhihsti', got ['unhaluhsti']"
1221,he/she is ascending an incline,sk-s-hst,"imperative: expected 'hinhaluhi', got ['hinhalu']; infinitive: expected 'unhaluhihsti', got ['unhaluhsti']"
182,he/she is beating him/her at a game,sk-s-hst,"imperative: expected 'hilhohi', got ['hilho']; infinitive: expected 'ulhohihsti', got ['ulhohsti']"
182,he/she is beating him/her at a game,sk-s-hst,"imperative: expected 'hilhohi', got ['hilho']; infinitive: expected 'ulhohihsti', got ['ulhohsti']"
182,he/she is beating him/her at a game,sk-s-hst,"imperative: expected 'hilhohi', got ['hilho']; infinitive: expected 'ulhohihsti', got ['ulhohsti']"
182,he/she is beating him/her at a game,sk-s-hst,"imperative: expected 'hilhohi', got ['hilho']; infinitive: expected 'ulhohihsti', got ['ulhohsti']"
1684,he/she is becoming enraged,sk-s-hst,"imperative: expected 'tsthalhawohi', got ['tsthalhawo']; infinitive: expected 'uthalhawohihsti', got ['uthalhawohsti']"
1514,he/she is becoming warm,sk-s-hst,"imperative: expected 'tsakanawohi', got ['tsakanawo']; infinitive: expected 'ukanawohihsti', got ['ukanawohsti']"
286,he/she is becoming wise,sk-s-hst,"imperative: expected 'hikhtho'vhi', got ['hikhthohv']; infinitive: expected 'ukhtho'vhihsti', got ['ukhthohvhsti']"
286,he/she is becoming wise,sk-s-hst,"imperative: expected 'hikhtho'vhi', got ['hikhthohv']; infinitive: expected 'ukhtho'vhihsti', got ['ukhthohvhsti']"
837,he/she is burning,sk-s-hst,"imperative: expected 'hileyvhi', got ['hileyv']; infinitive: expected 'uleyvhihsti', got ['uleyvhsti']"
837,he/she is burning,sk-s-hst,"imperative: expected 'hileyvhi', got ['hileyv']; infinitive: expected 'uleyvhihsti', got ['uleyvhsti']"
1561,he/she is buying it,sk-s-hst,"imperative: expected 'tshawahi', got ['tshawa']; infinitive: expected 'uwhahihsti', got ['uwhahsti']"
632,he/she is clawing him/her,sk-s-hst,"imperative: expected 'thinukola', got ['thinuko', 'tihinuko', 'tshinuko']"
632,he/she is clawing him/her,sk-s-hst,"imperative: expected 'thinukola', got ['thinuko', 'tihinuko', 'tshinuko']"
722,he/she is confronted with it,sk-s-hst,"imperative: expected 'titsatlohi', got ['titsatlo', 'tstsatlo', 'ttsatlo']; infinitive: expected 'tsutlohihsti', got ['tiutlohsti', 'tsutlohsti', 'tutlohsti']"
722,he/she is confronted with it,sk-s-hst,"imperative: expected 'titsatlohi', got ['titsatlo', 'tstsatlo', 'ttsatlo']; infinitive: expected 'tsutlohihsti', got ['tiutlohsti', 'tsutlohsti', 'tutlohsti']"
417,he/she is digging it,sk-s-hst,"imperative: expected 'hahskola', got ['hahsko']"
465,he/she is drilling a hole,sk-s-hst,"imperative: expected 'hithalaka', got ['hithale']"
465,he/she is drilling a hole,sk-s-hst,"imperative: expected 'hithalaka', got ['hithale']"
465,he/she is drilling a hole,sk-s-hst,"imperative: expected 'hithalaka', got ['hithale']"
465,he/she is drilling a hole,sk-s-hst,"imperative: expected 'hithalaka', got ['hithale']"
62,he/she is embarrassed,sk-s-hst,"imperative: expected 'hatehohi', got ['hateho']; infinitive: expected 'utehohihsti', got ['utehohsti']"
62,he/she is embarrassed,sk-s-hst,"imperative: expected 'hatehohi', got ['hateho']; infinitive: expected 'utehohihsti', got ['utehohsti']"
857,he/she is falling from an elevated position,sk-s-hst,"imperative: expected 'hilohi', got ['hilo']; infinitive: expected 'ulohihsti', got ['ulohsti']"
857,he/she is falling from an elevated position,sk-s-hst,"imperative: expected 'hilohi', got ['hilo']; infinitive: expected 'ulohihsti', got ['ulohsti']"
67,he/she is finding it out,sk-s-hst,"imperative: expected 'hatelohohi', got ['hateloho']; infinitive: expected 'utelohohihsti', got ['utelohohsti']"
67,he/she is finding it out,sk-s-hst,"imperative: expected 'hatelohohi', got ['hateloho']; infinitive: expected 'utelohohihsti', got ['utelohohsti']"
725,he/she is getting a rash,sk-s-hst,"imperative: expected 'titsakwenothihi', got ['titsakwenothi', 'tstsakwenothi', 'ttsakwenothi']"
610,he/she is getting exhausted,sk-s-hst,"imperative: expected 'thahsthayehi', got ['thahsthaye', 'tihahsthaye', 'tshahsthaye']; infinitive: expected 'tsuhsthayehihsti', got ['tiuhsthayehsti', 'tsuhsthayehsti', 'tuhsthayehsti']"
1021,he/she is getting full,sk-s-hst,"imperative: expected 'holhvhi', got ['holhv']; infinitive: expected 'uwolhvhihsti', got ['uwolhvhsti']"
545,he/she is giving up,sk-s-hst,"imperative: expected 'thatayohi', got ['thatayo', 'tihatayo', 'tshatayo']; infinitive: expected 'tsutayohihsti', got ['tiutayohsti', 'tsutayohsti', 'tutayohsti']"
545,he/she is giving up,sk-s-hst,"imperative: expected 'thatayohi', got ['thatayo', 'tihatayo', 'tshatayo']; infinitive: expected 'tsutayohihsti', got ['tiutayohsti', 'tsutayohsti', 'tutayohsti']"
545,he/she is giving up,sk-s-hst,"imperative: expected 'thatayohi', got ['thatayo', 'tihatayo', 'tshatayo']; infinitive: expected 'tsutayohihsti', got ['tiutayohsti', 'tsutayohsti', 'tutayohsti']"
545,he/she is giving up,sk-s-hst,"imperative: expected 'thatayohi', got ['thatayo', 'tihatayo', 'tshatayo']; infinitive: expected 'tsutayohihsti', got ['tiutayohsti', 'tsutayohsti', 'tutayohsti']"
270,he/she is going down-hill,sk-s-hst,"imperative: expected 'hikhsohi', got ['hikhso']; infinitive: expected 'ukhsohihsti', got ['ukhsohsti']"
270,he/she is going down-hill,sk-s-hst,"imperative: expected 'hikhsohi', got ['hikhso']; infinitive: expected 'ukhsohihsti', got ['ukhsohsti']"
290,he/she is going through it,sk-s-hst,"imperative: expected 'hikhthvlehi', got ['hikhthvle']; infinitive: expected 'ukhthvlehihsti', got ['ukhthvlehsti']"
290,he/she is going through it,sk-s-hst,"imperative: expected 'hikhthvlehi', got ['hikhthvle']; infinitive: expected 'ukhthvlehihsti', got ['ukhthvlehsti']"
498,he/she is growing,sk-s-hst,"imperative: expected 'hathvhi', got ['hathv']; infinitive: expected 'uthvhihsti', got ['uthvhsti']"
46,he/she is ordering it,sk-s-hst,"imperative: expected 'hatanvla', got ['hatanv']"
46,he/she is ordering it,sk-s-hst,"imperative: expected 'hatanvla', got ['hatanv']"
46,he/she is ordering it,sk-s-hst,"imperative: expected 'hatanvla', got ['hatanv']"
46,he/she is ordering it,sk-s-hst,"imperative: expected 'hatanvla', got ['hatanv']"
445,he/she is painting it,sk-s-hst,"imperative: expected 'hihsuwha', got ['hihsuwhi']"
445,he/she is painting it,sk-s-hst,"imperative: expected 'hihsuwha', got ['hihsuwhi']"
445,he/she is painting it,sk-s-hst,"imperative: expected 'hihsuwha', got ['hihsuwhi']"
445,he/she is painting it,sk-s-hst,"imperative: expected 'hihsuwha', got ['hihsuwhi']"
856,he/she is passing by without stopping,sk-s-hst,"imperative: expected 'hilohi', got ['hilo']; infinitive: expected 'ulohihsti', got ['ulohsti']"
856,he/she is passing by without stopping,sk-s-hst,"imperative: expected 'hilohi', got ['hilo']; infinitive: expected 'ulohihsti', got ['ulohsti']"
618,he/she is releasing him/her,sk-s-hst,"imperative: expected 'thiyohi', got ['thiyo', 'tihiyo', 'tshiyo']; infinitive: expected 'tsuyohihsti', got ['tiuyohsti', 'tsuyohsti', 'tuyohsti']"
618,he/she is releasing him/her,sk-s-hst,"imperative: expected 'thiyohi', got ['thiyo', 'tihiyo', 'tshiyo']; infinitive: expected 'tsuyohihsti', got ['tiuyohsti', 'tsuyohsti', 'tuyohsti']"
740,he/she is releasing it (refers to voluntarily releasing),sk-s-hst,"imperative: expected 'titsayohi', got ['titsayo', 'tstsayo', 'ttsayo']; infinitive: expected 'tsuyohihsti', got ['tiuyohsti', 'tsuyohsti', 'tuyohsti']"
791,he/she is rowing,sk-s-hst,"imperative: expected 'hikawehi', got ['hikawe']"
85,he/she is scratching,sk-s-hst,"imperative: expected 'hatlakola', got ['hatlako']"
85,he/she is scratching,sk-s-hst,"imperative: expected 'hatlakola', got ['hatlako']"
821,he/she is scratching him/her,sk-s-hst,"imperative: expected 'hiyatsalikola', got ['hiyatsaliko']"
263,he/she is swallowing it,sk-s-hst,"imperative: expected 'hikhihi', got ['hikhi']; infinitive: expected 'ukhihihsti', got ['ukhihsti']"
263,he/she is swallowing it,sk-s-hst,"imperative: expected 'hikhihi', got ['hikhi']; infinitive: expected 'ukhihihsti', got ['ukhihsti']"
777,it is falling from a hanging position (refers to flexible object),sk-s-hst,"imperative: expected 'hatohi', got ['hato']; infinitive: expected 'utohihsti', got ['utohsti']"
777,it is falling from a hanging position (refers to flexible object),sk-s-hst,"imperative: expected 'hatohi', got ['hato']; infinitive: expected 'utohihsti', got ['utohsti']"
838,it is falling from an upright position (refers to a long object eg tree‚ pole),sk-s-hst,"imperative: expected 'hileyvhi', got ['hileyv']; infinitive: expected 'uleyvhihsti', got ['uleyvhsti']"
838,it is falling from an upright position (refers to a long object eg tree‚ pole),sk-s-hst,"imperative: expected 'hileyvhi', got ['hileyv']; infinitive: expected 'uleyvhihsti', got ['uleyvhsti']"
611,it’s barking,sk-s-hst,"imperative: expected 'thahsuwha', got ['thahsuwhi', 'tihahsuwhi', 'tshahsuwhi']"
1524,it’s decaying,sk-s-hst,"imperative: expected 'tsakohi', got ['tsako']; infinitive: expected 'ukohihsti', got ['ukohsti']"
1024,it’s falling (refers to a round‚ long object),sk-s-hst,"imperative: expected 'hohohi', got ['hoho']; infinitive: expected 'uwohohihsti', got ['uwohohsti']"
118,it’s getting warm,sk-s-hst,"infinitive: expected 'ukanawohihsti', got ['ukanawohsti']"
118,it’s getting warm,sk-s-hst,"infinitive: expected 'ukanawohihsti', got ['ukanawohsti']"
118,it’s getting warm,sk-s-hst,"infinitive: expected 'ukanawohihsti', got ['ukanawohsti']"
118,it’s getting warm,sk-s-hst,"infinitive: expected 'ukanawohihsti', got ['ukanawohsti']"
118,it’s getting warm,sk-s-hst,"infinitive: expected 'ukanawohihsti', got ['ukanawohsti']"
118,it’s getting warm,sk-s-hst,"infinitive: expected 'ukanawohihsti', got ['ukanawohsti']"
118,it’s getting warm,sk-s-hst,"infinitive: expected 'ukanawohihsti', got ['ukanawohsti']"
118,it’s getting warm,sk-s-hst,"infinitive: expected 'ukanawohihsti', got ['ukanawohsti']"
1079,it’s melting,sk-s-hst,"imperative: expected 'hvnawohi', got ['hvnawo']; infinitive: expected 'uwanawohihsti', got ['uwanawohsti']"
1041,it’s swelling,sk-s-hst,"imperative: expected 'hothihi', got ['hothi']; infinitive: expected 'uwothihihsti', got ['uwothihsti']"
427,he/she is amazed,sk-s-hst[imp2],"infinitive: expected 'uhskwanikohihsti', got ['uhskwanikohsti']"
427,he/she is amazed,sk-s-hst[imp2],"infinitive: expected 'uhskwanikohihsti', got ['uhskwanikohsti']"
427,he/she is amazed,sk-s-hst[imp2],"infinitive: expected 'uhskwanikohihsti', got ['uhskwanikohsti']"
427,he/she is amazed,sk-s-hst[imp2],"infinitive: expected 'uhskwanikohihsti', got ['uhskwanikohsti']"
1221,he/she is ascending an incline,sk-s-hst[imp2],"infinitive: expected 'unhaluhihsti', got ['unhaluhsti']"
1221,he/she is ascending an incline,sk-s-hst[imp2],"infinitive: expected 'unhaluhihsti', got ['unhaluhsti']"
182,he/she is beating him/her at a game,sk-s-hst[imp2],"infinitive: expected 'ulhohihsti', got ['ulhohsti']"
182,he/she is beating him/her at a game,sk-s-hst[imp2],"infinitive: expected 'ulhohihsti', got ['ulhohsti']"
182,he/she is beating him/her at a game,sk-s-hst[imp2],"infinitive: expected 'ulhohihsti', got ['ulhohsti']"
182,he/she is beating him/her at a game,sk-s-hst[imp2],"infinitive: expected 'ulhohihsti', got ['ulhohsti']"
1684,he/she is becoming enraged,sk-s-hst[imp2],"infinitive: expected 'uthalhawohihsti', got ['uthalhawohsti']"
1514,he/she is becoming warm,sk-s-hst[imp2],"infinitive: expected 'ukanawohihsti', got ['ukanawohsti']"
286,he/she is becoming wise,sk-s-hst[imp2],"imperative: expected 'hikhtho'vhi', got ['hikhthohvhi']; infinitive: expected 'ukhtho'vhihsti', got ['ukhthohvhsti']"
286,he/she is becoming wise,sk-s-hst[imp2],"imperative: expected 'hikhtho'vhi', got ['hikhthohvhi']; infinitive: expected 'ukhtho'vhihsti', got ['ukhthohvhsti']"
837,he/she is burning,sk-s-hst[imp2],"infinitive: expected 'uleyvhihsti', got ['uleyvhsti']"
837,he/she is burning,sk-s-hst[imp2],"infinitive: expected 'uleyvhihsti', got ['uleyvhsti']"
1561,he/she is buying it,sk-s-hst[imp2],"infinitive: expected 'uwhahihsti', got ['uwhahsti']"
722,he/she is confronted with it,sk-s-hst[imp2],"infinitive: expected 'tsutlohihsti', got ['tiutlohsti', 'tsutlohsti', 'tutlohsti']"
722,he/she is confronted with it,sk-s-hst[imp2],"infinitive: expected 'tsutlohihsti', got ['tiutlohsti', 'tsutlohsti', 'tutlohsti']"
62,he/she is embarrassed,sk-s-hst[imp2],"infinitive: expected 'utehohihsti', got ['utehohsti']"
62,he/she is embarrassed,sk-s-hst[imp2],"infinitive: expected 'utehohihsti', got ['utehohsti']"
857,he/she is falling from an elevated position,sk-s-hst[imp2],"infinitive: expected 'ulohihsti', got ['ulohsti']"
857,he/she is falling from an elevated position,sk-s-hst[imp2],"infinitive: expected 'ulohihsti', got ['ulohsti']"
67,he/she is finding it out,sk-s-hst[imp2],"infinitive: expected 'utelohohihsti', got ['utelohohsti']"
67,he/she is finding it out,sk-s-hst[imp2],"infinitive: expected 'utelohohihsti', got ['utelohohsti']"
610,he/she is getting exhausted,sk-s-hst[imp2],"infinitive: expected 'tsuhsthayehihsti', got ['tiuhsthayehsti', 'tsuhsthayehsti', 'tuhsthayehsti']"
1021,he/she is getting full,sk-s-hst[imp2],"infinitive: expected 'uwolhvhihsti', got ['uwolhvhsti']"
545,he/she is giving up,sk-s-hst[imp2],"infinitive: expected 'tsutayohihsti', got ['tiutayohsti', 'tsutayohsti', 'tutayohsti']"
545,he/she is giving up,sk-s-hst[imp2],"infinitive: expected 'tsutayohihsti', got ['tiutayohsti', 'tsutayohsti', 'tutayohsti']"
545,he/she is giving up,sk-s-hst[imp2],"infinitive: expected 'tsutayohihsti', got ['tiutayohsti', 'tsutayohsti', 'tutayohsti']"
545,he/she is giving up,sk-s-hst[imp2],"infinitive: expected 'tsutayohihsti', got ['tiutayohsti', 'tsutayohsti', 'tutayohsti']"
270,he/she is going down-hill,sk-s-hst[imp2],"infinitive: expected 'ukhsohihsti', got ['ukhsohsti']"
270,he/she is going down-hill,sk-s-hst[imp2],"infinitive: expected 'ukhsohihsti', got ['ukhsohsti']"
290,he/she is going through it,sk-s-hst[imp2],"infinitive: expected 'ukhthvlehihsti', got ['ukhthvlehsti']"
290,he/she is going through it,sk-s-hst[imp2],"infinitive: expected 'ukhthvlehihsti', got ['ukhthvlehsti']"
498,he/she is growing,sk-s-hst[imp2],"infinitive: expected 'uthvhihsti', got ['uthvhsti']"
856,he/she is passing by without stopping,sk-s-hst[imp2],"infinitive: expected 'ulohihsti', got ['ulohsti']"
856,he/she is passing by without stopping,sk-s-hst[imp2],"infinitive: expected 'ulohihsti', got ['ulohsti']"
618,he/she is releasing him/her,sk-s-hst[imp2],"infinitive: expected 'tsuyohihsti', got ['tiuyohsti', 'tsuyohsti', 'tuyohsti']"
618,he/she is releasing him/her,sk-s-hst[imp2],"infinitive: expected 'tsuyohihsti', got ['tiuyohsti', 'tsuyohsti', 'tuyohsti']"
740,he/she is releasing it (refers to voluntarily releasing),sk-s-hst[imp2],"infinitive: expected 'tsuyohihsti', got ['tiuyohsti', 'tsuyohsti', 'tuyohsti']"
263,he/she is swallowing it,sk-s-hst[imp2],"infinitive: expected 'ukhihihsti', got ['ukhihsti']"
263,he/she is swallowing it,sk-s-hst[imp2],"infinitive: expected 'ukhihihsti', got ['ukhihsti']"
777,it is falling from a hanging position (refers to flexible object),sk-s-hst[imp2],"infinitive: expected 'utohihsti', got ['utohsti']"
777,it is falling from a hanging position (refers to flexible object),sk-s-hst[imp2],"infinitive: expected 'utohihsti', got ['utohsti']"
838,it is falling from an upright position (refers to a long object eg tree‚ pole),sk-s-hst[imp2],"infinitive: expected 'uleyvhihsti', got ['uleyvhsti']"
838,it is falling from an upright position (refers to a long object eg tree‚ pole),sk-s-hst[imp2],"infinitive: expected 'uleyvhihsti', got ['uleyvhsti']"
1524,it’s decaying,sk-s-hst[imp2],"infinitive: expected 'ukohihsti', got ['ukohsti']"
1024,it’s falling (refers to a round‚ long object),sk-s-hst[imp2],"infinitive: expected 'uwohohihsti', got ['uwohohsti']"
1079,it’s melting,sk-s-hst[imp2],"infinitive: expected 'uwanawohihsti', got ['uwanawohsti']"
1041,it’s swelling,sk-s-hst[imp2],"infinitive: expected 'uwothihihsti', got ['uwothihsti']"
1642,he/she has a liquid,stative,"infinitive: expected 'unehti', got ['unehhti']"
1545,he/she is angry,stative,"imperfective: expected 'unhalvhso'i', got [""unhalvho'i""]; perfective: expected 'unhalvhsv'i', got [""unhalvhv'i""]; imperative: expected 'tshanalvhsehsti', got ['tshanalvhehsti']"
1729,he/she is confident,stative,"imperfective: expected 'uwohiyuhso'i', got [""uwohiyuho'i""]; perfective: expected 'uwohiyuhsv'i', got [""uwohiyuhv'i""]; imperative: expected 'tsohiyuhsehsti', got ['tsohiyuhehsti']"
920,he/she is flying,stative,"imperfective: expected 'kanohilihso'i', got [""kanohilo'i""]; imperative: expected 'hinohilihsehsti', got ['hinohilehsti']"
920,he/she is flying,stative,"imperfective: expected 'kanohilihso'i', got [""kanohilo'i""]; imperative: expected 'hinohilihsehsti', got ['hinohilehsti']"
1480,he/she is in hiding,stative,"infinitive: expected 'utihskalhti', got ['utihskalhhti']"
1480,he/she is in hiding,stative,"infinitive: expected 'utihskalhti', got ['utihskalhhti']"
1480,he/she is in hiding,stative,"infinitive: expected 'utihskalhti', got ['utihskalhhti']"
1480,he/she is in hiding,stative,"infinitive: expected 'utihskalhti', got ['utihskalhhti']"
1480,he/she is in hiding,stative,"infinitive: expected 'utihskalhti', got ['utihskalhhti']"
1450,he/she is in prayer,stative,"infinitive: expected 'utatolihstohti', got ['utatolihsthti']"
1450,he/she is in prayer,stative,"infinitive: expected 'utatolihstohti', got ['utatolihsthti']"
1450,he/she is in prayer,stative,"infinitive: expected 'utatolihstohti', got ['utatolihsthti']"
1450,he/she is in prayer,stative,"infinitive: expected 'utatolihstohti', got ['utatolihsthti']"
1450,he/she is in prayer,stative,"infinitive: expected 'utatolihstohti', got ['utatolihsthti']"
1693,he/she is listening to him/her,stative,"infinitive: expected 'uthvtahstohti', got ['uthvtahsthti']"
1693,he/she is listening to him/her,stative,"infinitive: expected 'uthvtahstohti', got ['uthvtahsthti']"
1516,he/she is possessive of him/her,stative,"imperfective: expected 'ukeyuhso'i', got [""ukeyuho'i""]; perfective: expected 'ukeyuhsv'i', got [""ukeyuhv'i""]; imperative: expected 'hikeyuhsehsti', got [""hikeyu'ehsti""]; infinitive: expected 'ukeyhti', got ['ukeyuhhti']"
1516,he/she is possessive of him/her,stative,"imperfective: expected 'ukeyuhso'i', got [""ukeyuho'i""]; perfective: expected 'ukeyuhsv'i', got [""ukeyuhv'i""]; imperative: expected 'hikeyuhsehsti', got [""hikeyu'ehsti""]; infinitive: expected 'ukeyhti', got ['ukeyuhhti']"
1505,he/she is standing in liquid,stative,"imperfective: expected 'utuhso'i', got [""utuho'i""]; perfective: expected 'utuhsv'i', got [""utuhv'i""]; imperative: expected 'tsatuhsehsti', got ['tsatuhehsti']; infinitive: expected 'utuhti', got ['utuhhti']"
1505,he/she is standing in liquid,stative,"imperfective: expected 'utuhso'i', got [""utuho'i""]; perfective: expected 'utuhsv'i', got [""utuhv'i""]; imperative: expected 'tsatuhsehsti', got ['tsatuhehsti']; infinitive: expected 'utuhti', got ['utuhhti']"
1593,he/she is watching him/her,stative,"infinitive: expected 'ukhsehstohti', got ['ukhsehsthti']"
1451,he/she loves,stative,"imperfective: expected 'utakeyuhso'i', got [""utakeyuho'i""]; perfective: expected 'utakeyuhsv'i', got [""utakeyuhv'i""]; imperative: expected 'tsatakeyuhsehsti', got ['tsatakeyuhehsti']; infinitive: expected 'utakeyhti', got ['utakeyuhhti']"
1451,he/she loves,stative,"imperfective: expected 'utakeyuhso'i', got [""utakeyuho'i""]; perfective: expected 'utakeyuhsv'i', got [""utakeyuhv'i""]; imperative: expected 'tsatakeyuhsehsti', got ['tsatakeyuhehsti']; infinitive: expected 'utakeyhti', got ['utakeyuhhti']"
1451,he/she loves,stative,"imperfective: expected 'utakeyuhso'i', got [""utakeyuho'i""]; perfective: expected 'utakeyuhsv'i', got [""utakeyuhv'i""]; imperative: expected 'tsatakeyuhsehsti', got ['tsatakeyuhehsti']; infinitive: expected 'utakeyhti', got ['utakeyuhhti']"
1451,he/she loves,stative,"imperfective: expected 'utakeyuhso'i', got [""utakeyuho'i""]; perfective: expected 'utakeyuhsv'i', got [""utakeyuhv'i""]; imperative: expected 'tsatakeyuhsehsti', got ['tsatakeyuhehsti']; infinitive: expected 'utakeyhti', got ['utakeyuhhti']"
840,it is burning (refers to forest or grass),stative,"perfective: expected 'ulitsv'i', got [""ulikv'i""]"
840,it is burning (refers to forest or grass),stative,"perfective: expected 'ulitsv'i', got [""ulikv'i""]"
840,it is burning (refers to forest or grass),stative,"perfective: expected 'ulitsv'i', got [""ulikv'i""]"
840,it is burning (refers to forest or grass),stative,"perfective: expected 'ulitsv'i', got [""ulikv'i""]"
840,it is burning (refers to forest or grass),stative,"perfective: expected 'ulitsv'i', got [""ulikv'i""]"
840,it is burning (refers to forest or grass),stative,"perfective: expected 'ulitsv'i', got [""ulikv'i""]"
840,it is burning (refers to forest or grass),stative,"perfective: expected 'ulitsv'i', got [""ulikv'i""]"
840,it is burning (refers to forest or grass),stative,"perfective: expected 'ulitsv'i', got [""ulikv'i""]"
378,it’s becoming crisp,stative,"perfective: expected 'uhstakayvlhv'i', got [""uhstakayvhihv'i""]"
378,it’s becoming crisp,stative,"perfective: expected 'uhstakayvlhv'i', got [""uhstakayvhihv'i""]"
378,it’s becoming crisp,stative,"perfective: expected 'uhstakayvlhv'i', got [""uhstakayvhihv'i""]"
378,it’s becoming crisp,stative,"perfective: expected 'uhstakayvlhv'i', got [""uhstakayvhihv'i""]"
378,it’s becoming crisp,stative,"perfective: expected 'uhstakayvlhv'i', got [""uhstakayvhihv'i""]"
378,it’s becoming crisp,stative,"perfective: expected 'uhstakayvlhv'i', got [""uhstakayvhihv'i""]"
378,it’s becoming crisp,stative,"perfective: expected 'uhstakayvlhv'i', got [""uhstakayvhihv'i""]"
378,it’s becoming crisp,stative,"perfective: expected 'uhstakayvlhv'i', got [""uhstakayvhihv'i""]"
378,it’s becoming crisp,stative,"perfective: expected 'uhstakayvlhv'i', got [""uhstakayvhihv'i""]"
378,it’s becoming crisp,stative,"perfective: expected 'uhstakayvlhv'i', got [""uhstakayvhihv'i""]"
378,it’s becoming crisp,stative,"perfective: expected 'uhstakayvlhv'i', got [""uhstakayvhihv'i""]"
378,it’s becoming crisp,stative,"perfective: expected 'uhstakayvlhv'i', got [""uhstakayvhihv'i""]"
214,it’s becoming frosty (refers to the ground),stative,"perfective: expected 'uyhahthvnhv'i', got [""uyhahthvhvhskv'i""]; infinitive: expected 'uyhahthvthti', got ['uyhahthvhvhskhti']"
214,it’s becoming frosty (refers to the ground),stative,"perfective: expected 'uyhahthvnhv'i', got [""uyhahthvhvhskv'i""]; infinitive: expected 'uyhahthvthti', got ['uyhahthvhvhskhti']"
214,it’s becoming frosty (refers to the ground),stative,"perfective: expected 'uyhahthvnhv'i', got [""uyhahthvhvhskv'i""]; infinitive: expected 'uyhahthvthti', got ['uyhahthvhvhskhti']"
214,it’s becoming frosty (refers to the ground),stative,"perfective: expected 'uyhahthvnhv'i', got [""uyhahthvhvhskv'i""]; infinitive: expected 'uyhahthvthti', got ['uyhahthvhvhskhti']"
214,it’s becoming frosty (refers to the ground),stative,"perfective: expected 'uyhahthvnhv'i', got [""uyhahthvhvhskv'i""]; infinitive: expected 'uyhahthvthti', got ['uyhahthvhvhskhti']"
214,it’s becoming frosty (refers to the ground),stative,"perfective: expected 'uyhahthvnhv'i', got [""uyhahthvhvhskv'i""]; infinitive: expected 'uyhahthvthti', got ['uyhahthvhvhskhti']"
214,it’s becoming frosty (refers to the ground),stative,"perfective: expected 'uyhahthvnhv'i', got [""uyhahthvhvhskv'i""]; infinitive: expected 'uyhahthvthti', got ['uyhahthvhvhskhti']"
214,it’s becoming frosty (refers to the ground),stative,"perfective: expected 'uyhahthvnhv'i', got [""uyhahthvhvhskv'i""]; infinitive: expected 'uyhahthvthti', got ['uyhahthvhvhskhti']"
214,it’s becoming frosty (refers to the ground),stative,"perfective: expected 'uyhahthvnhv'i', got [""uyhahthvhvhskv'i""]; infinitive: expected 'uyhahthvthti', got ['uyhahthvhvhskhti']"
214,it’s becoming frosty (refers to the ground),stative,"perfective: expected 'uyhahthvnhv'i', got [""uyhahthvhvhskv'i""]; infinitive: expected 'uyhahthvthti', got ['uyhahthvhvhskhti']"
214,it’s becoming frosty (refers to the ground),stative,"perfective: expected 'uyhahthvnhv'i', got [""uyhahthvhvhskv'i""]; infinitive: expected 'uyhahthvthti', got ['uyhahthvhvhskhti']"
214,it’s becoming frosty (refers to the ground),stative,"perfective: expected 'uyhahthvnhv'i', got [""uyhahthvhvhskv'i""]; infinitive: expected 'uyhahthvthti', got ['uyhahthvhvhskhti']"
29,it’s beginning,stative,"imperfective: expected 'atalenihsko'i', got [""ataleniho'i""]; perfective: expected 'utalenvhv'i', got [""utalenihv'i""]; infinitive: expected 'utalenhti', got ['utalenihhti']"
29,it’s beginning,stative,"imperfective: expected 'atalenihsko'i', got [""ataleniho'i""]; perfective: expected 'utalenvhv'i', got [""utalenihv'i""]; infinitive: expected 'utalenhti', got ['utalenihhti']"
29,it’s beginning,stative,"imperfective: expected 'atalenihsko'i', got [""ataleniho'i""]; perfective: expected 'utalenvhv'i', got [""utalenihv'i""]; infinitive: expected 'utalenhti', got ['utalenihhti']"
29,it’s beginning,stative,"imperfective: expected 'atalenihsko'i', got [""ataleniho'i""]; perfective: expected 'utalenvhv'i', got [""utalenihv'i""]; infinitive: expected 'utalenhti', got ['utalenihhti']"
29,it’s beginning,stative,"imperfective: expected 'atalenihsko'i', got [""ataleniho'i""]; perfective: expected 'utalenvhv'i', got [""utalenihv'i""]; infinitive: expected 'utalenhti', got ['utalenihhti']"
29,it’s beginning,stative,"imperfective: expected 'atalenihsko'i', got [""ataleniho'i""]; perfective: expected 'utalenvhv'i', got [""utalenihv'i""]; infinitive: expected 'utalenhti', got ['utalenihhti']"
29,it’s beginning,stative,"imperfective: expected 'atalenihsko'i', got [""ataleniho'i""]; perfective: expected 'utalenvhv'i', got [""utalenihv'i""]; infinitive: expected 'utalenhti', got ['utalenihhti']"
29,it’s beginning,stative,"imperfective: expected 'atalenihsko'i', got [""ataleniho'i""]; perfective: expected 'utalenvhv'i', got [""utalenihv'i""]; infinitive: expected 'utalenhti', got ['utalenihhti']"
29,it’s beginning,stative,"imperfective: expected 'atalenihsko'i', got [""ataleniho'i""]; perfective: expected 'utalenvhv'i', got [""utalenihv'i""]; infinitive: expected 'utalenhti', got ['utalenihhti']"
29,it’s beginning,stative,"imperfective: expected 'atalenihsko'i', got [""ataleniho'i""]; perfective: expected 'utalenvhv'i', got [""utalenihv'i""]; infinitive: expected 'utalenhti', got ['utalenihhti']"
29,it’s beginning,stative,"imperfective: expected 'atalenihsko'i', got [""ataleniho'i""]; perfective: expected 'utalenvhv'i', got [""utalenihv'i""]; infinitive: expected 'utalenhti', got ['utalenihhti']"
29,it’s beginning,stative,"imperfective: expected 'atalenihsko'i', got [""ataleniho'i""]; perfective: expected 'utalenvhv'i', got [""utalenihv'i""]; infinitive: expected 'utalenhti', got ['utalenihhti']"
29,it’s beginning,stative,"imperfective: expected 'atalenihsko'i', got [""ataleniho'i""]; perfective: expected 'utalenvhv'i', got [""utalenihv'i""]; infinitive: expected 'utalenhti', got ['utalenihhti']"
29,it’s beginning,stative,"imperfective: expected 'atalenihsko'i', got [""ataleniho'i""]; perfective: expected 'utalenvhv'i', got [""utalenihv'i""]; infinitive: expected 'utalenhti', got ['utalenihhti']"
29,it’s beginning,stative,"imperfective: expected 'atalenihsko'i', got [""ataleniho'i""]; perfective: expected 'utalenvhv'i', got [""utalenihv'i""]; infinitive: expected 'utalenhti', got ['utalenihhti']"
29,it’s beginning,stative,"imperfective: expected 'atalenihsko'i', got [""ataleniho'i""]; perfective: expected 'utalenvhv'i', got [""utalenihv'i""]; infinitive: expected 'utalenhti', got ['utalenihhti']"
29,it’s beginning,stative,"imperfective: expected 'atalenihsko'i', got [""ataleniho'i""]; perfective: expected 'utalenvhv'i', got [""utalenihv'i""]; infinitive: expected 'utalenhti', got ['utalenihhti']"
29,it’s beginning,stative,"imperfective: expected 'atalenihsko'i', got [""ataleniho'i""]; perfective: expected 'utalenvhv'i', got [""utalenihv'i""]; infinitive: expected 'utalenhti', got ['utalenihhti']"
29,it’s beginning,stative,"imperfective: expected 'atalenihsko'i', got [""ataleniho'i""]; perfective: expected 'utalenvhv'i', got [""utalenihv'i""]; infinitive: expected 'utalenhti', got ['utalenihhti']"
29,it’s beginning,stative,"imperfective: expected 'atalenihsko'i', got [""ataleniho'i""]; perfective: expected 'utalenvhv'i', got [""utalenihv'i""]; infinitive: expected 'utalenhti', got ['utalenihhti']"
250,it’s blooming,stative,"perfective: expected 'utsilvnhv'i', got [""utsilvhskv'i""]; infinitive: expected 'utsilhti', got ['utsilvhskhti']"
250,it’s blooming,stative,"perfective: expected 'utsilvnhv'i', got [""utsilvhskv'i""]; infinitive: expected 'utsilhti', got ['utsilvhskhti']"
250,it’s blooming,stative,"perfective: expected 'utsilvnhv'i', got [""utsilvhskv'i""]; infinitive: expected 'utsilhti', got ['utsilvhskhti']"
250,it’s blooming,stative,"perfective: expected 'utsilvnhv'i', got [""utsilvhskv'i""]; infinitive: expected 'utsilhti', got ['utsilvhskhti']"
250,it’s blooming,stative,"perfective: expected 'utsilvnhv'i', got [""utsilvhskv'i""]; infinitive: expected 'utsilhti', got ['utsilvhskhti']"
250,it’s blooming,stative,"perfective: expected 'utsilvnhv'i', got [""utsilvhskv'i""]; infinitive: expected 'utsilhti', got ['utsilvhskhti']"
250,it’s blooming,stative,"perfective: expected 'utsilvnhv'i', got [""utsilvhskv'i""]; infinitive: expected 'utsilhti', got ['utsilvhskhti']"
250,it’s blooming,stative,"perfective: expected 'utsilvnhv'i', got [""utsilvhskv'i""]; infinitive: expected 'utsilhti', got ['utsilvhskhti']"
311,it’s boiling,stative,"imperfective: expected 'alitlihsko'i', got [""alitliho'i""]; perfective: expected 'ulitlvhv'i', got [""ulitlihv'i""]; infinitive: expected 'ulilhti', got ['ulitlihhti']"
311,it’s boiling,stative,"imperfective: expected 'alitlihsko'i', got [""alitliho'i""]; perfective: expected 'ulitlvhv'i', got [""ulitlihv'i""]; infinitive: expected 'ulilhti', got ['ulitlihhti']"
311,it’s boiling,stative,"imperfective: expected 'alitlihsko'i', got [""alitliho'i""]; perfective: expected 'ulitlvhv'i', got [""ulitlihv'i""]; infinitive: expected 'ulilhti', got ['ulitlihhti']"
311,it’s boiling,stative,"imperfective: expected 'alitlihsko'i', got [""alitliho'i""]; perfective: expected 'ulitlvhv'i', got [""ulitlihv'i""]; infinitive: expected 'ulilhti', got ['ulitlihhti']"
311,it’s boiling,stative,"imperfective: expected 'alitlihsko'i', got [""alitliho'i""]; perfective: expected 'ulitlvhv'i', got [""ulitlihv'i""]; infinitive: expected 'ulilhti', got ['ulitlihhti']"
311,it’s boiling,stative,"imperfective: expected 'alitlihsko'i', got [""alitliho'i""]; perfective: expected 'ulitlvhv'i', got [""ulitlihv'i""]; infinitive: expected 'ulilhti', got ['ulitlihhti']"
311,it’s boiling,stative,"imperfective: expected 'alitlihsko'i', got [""alitliho'i""]; perfective: expected 'ulitlvhv'i', got [""ulitlihv'i""]; infinitive: expected 'ulilhti', got ['ulitlihhti']"
311,it’s boiling,stative,"imperfective: expected 'alitlihsko'i', got [""alitliho'i""]; perfective: expected 'ulitlvhv'i', got [""ulitlihv'i""]; infinitive: expected 'ulilhti', got ['ulitlihhti']"
1470,it’s in view,stative,"infinitive: expected 'utayvlathti', got ['utayvlathhti']"
1470,it’s in view,stative,"infinitive: expected 'utayvlathti', got ['utayvlathhti']"
1470,it’s in view,stative,"infinitive: expected 'utayvlathti', got ['utayvlathhti']"
1470,it’s in view,stative,"infinitive: expected 'utayvlathti', got ['utayvlathhti']"
356,it’s lightning,stative,"imperfective: expected 'anakalihsko'i', got [""anakaliho'i""]; perfective: expected 'unakalvhv'i', got [""unakalihv'i""]"
356,it’s lightning,stative,"imperfective: expected 'anakalihsko'i', got [""anakaliho'i""]; perfective: expected 'unakalvhv'i', got [""unakalihv'i""]"
356,it’s lightning,stative,"imperfective: expected 'anakalihsko'i', got [""anakaliho'i""]; perfective: expected 'unakalvhv'i', got [""unakalihv'i""]"
356,it’s lightning,stative,"imperfective: expected 'anakalihsko'i', got [""anakaliho'i""]; perfective: expected 'unakalvhv'i', got [""unakalihv'i""]"
356,it’s lightning,stative,"imperfective: expected 'anakalihsko'i', got [""anakaliho'i""]; perfective: expected 'unakalvhv'i', got [""unakalihv'i""]"
356,it’s lightning,stative,"imperfective: expected 'anakalihsko'i', got [""anakaliho'i""]; perfective: expected 'unakalvhv'i', got [""unakalihv'i""]"
356,it’s lightning,stative,"imperfective: expected 'anakalihsko'i', got [""anakaliho'i""]; perfective: expected 'unakalvhv'i', got [""unakalihv'i""]"
356,it’s lightning,stative,"imperfective: expected 'anakalihsko'i', got [""anakaliho'i""]; perfective: expected 'unakalvhv'i', got [""unakalihv'i""]"
356,it’s lightning,stative,"imperfective: expected 'anakalihsko'i', got [""anakaliho'i""]; perfective: expected 'unakalvhv'i', got [""unakalihv'i""]"
356,it’s lightning,stative,"imperfective: expected 'anakalihsko'i', got [""anakaliho'i""]; perfective: expected 'unakalvhv'i', got [""unakalihv'i""]"
356,it’s lightning,stative,"imperfective: expected 'anakalihsko'i', got [""anakaliho'i""]; perfective: expected 'unakalvhv'i', got [""unakalihv'i""]"
356,it’s lightning,stative,"imperfective: expected 'anakalihsko'i', got [""anakaliho'i""]; perfective: expected 'unakalvhv'i', got [""unakalihv'i""]"
119,it’s raining,stative,"perfective: expected 'ukanhanv'i', got [""ukahskv'i""]; infinitive: expected 'ukanhti', got ['ukahskhti']"
119,it’s raining,stative,"perfective: expected 'ukanhanv'i', got [""ukahskv'i""]; infinitive: expected 'ukanhti', got ['ukahskhti']"
119,it’s raining,stative,"perfective: expected 'ukanhanv'i', got [""ukahskv'i""]; infinitive: expected 'ukanhti', got ['ukahskhti']"
119,it’s raining,stative,"perfective: expected 'ukanhanv'i', got [""ukahskv'i""]; infinitive: expected 'ukanhti', got ['ukahskhti']"
179,it’s shattering,stative,"perfective: expected 'ulhkhotvnhv'i', got [""ulhkhotvhskv'i""]"
179,it’s shattering,stative,"perfective: expected 'ulhkhotvnhv'i', got [""ulhkhotvhskv'i""]"
179,it’s shattering,stative,"perfective: expected 'ulhkhotvnhv'i', got [""ulhkhotvhskv'i""]"
179,it’s shattering,stative,"perfective: expected 'ulhkhotvnhv'i', got [""ulhkhotvhskv'i""]"
179,it’s shattering,stative,"perfective: expected 'ulhkhotvnhv'i', got [""ulhkhotvhskv'i""]"
179,it’s shattering,stative,"perfective: expected 'ulhkhotvnhv'i', got [""ulhkhotvhskv'i""]"
179,it’s shattering,stative,"perfective: expected 'ulhkhotvnhv'i', got [""ulhkhotvhskv'i""]"
179,it’s shattering,stative,"perfective: expected 'ulhkhotvnhv'i', got [""ulhkhotvhskv'i""]"
179,it’s shattering,stative,"perfective: expected 'ulhkhotvnhv'i', got [""ulhkhotvhskv'i""]"
179,it’s shattering,stative,"perfective: expected 'ulhkhotvnhv'i', got [""ulhkhotvhskv'i""]"
179,it’s shattering,stative,"perfective: expected 'ulhkhotvnhv'i', got [""ulhkhotvhskv'i""]"
179,it’s shattering,stative,"perfective: expected 'ulhkhotvnhv'i', got [""ulhkhotvhskv'i""]"
179,it’s shattering,stative,"perfective: expected 'ulhkhotvnhv'i', got [""ulhkhotvhskv'i""]"
179,it’s shattering,stative,"perfective: expected 'ulhkhotvnhv'i', got [""ulhkhotvhskv'i""]"
179,it’s shattering,stative,"perfective: expected 'ulhkhotvnhv'i', got [""ulhkhotvhskv'i""]"
179,it’s shattering,stative,"perfective: expected 'ulhkhotvnhv'i', got [""ulhkhotvhskv'i""]"
1061,it’s snowing,stative,"imperfective: expected 'kuthihsko'i', got [""kuthiho'i""]; perfective: expected 'uwuthanhv'i', got [""uwuthihv'i""]; infinitive: expected 'uwuthohti', got ['uwuthihhti']"
1061,it’s snowing,stative,"imperfective: expected 'kuthihsko'i', got [""kuthiho'i""]; perfective: expected 'uwuthanhv'i', got [""uwuthihv'i""]; infinitive: expected 'uwuthohti', got ['uwuthihhti']"
1061,it’s snowing,stative,"imperfective: expected 'kuthihsko'i', got [""kuthiho'i""]; perfective: expected 'uwuthanhv'i', got [""uwuthihv'i""]; infinitive: expected 'uwuthohti', got ['uwuthihhti']"
1061,it’s snowing,stative,"imperfective: expected 'kuthihsko'i', got [""kuthiho'i""]; perfective: expected 'uwuthanhv'i', got [""uwuthihv'i""]; infinitive: expected 'uwuthohti', got ['uwuthihhti']"
1592,it’s sticking out,stative,"infinitive: expected 'ukhsathti', got ['ukhsathhti']"
1459,it’s wrinkled,stative,"imperfective: expected 'utanekoyuhso'i', got [""utanekoyuho'i""]; perfective: expected 'utanekoyuhsv'i', got [""utanekoyuhv'i""]; imperative: expected 'tsatanekoyuhsehsti', got ['tsatanekoyuhehsti']"
1459,it’s wrinkled,stative,"imperfective: expected 'utanekoyuhso'i', got [""utanekoyuho'i""]; perfective: expected 'utanekoyuhsv'i', got [""utanekoyuhv'i""]; imperative: expected 'tsatanekoyuhsehsti', got ['tsatanekoyuhehsti']"
1459,it’s wrinkled,stative,"imperfective: expected 'utanekoyuhso'i', got [""utanekoyuho'i""]; perfective: expected 'utanekoyuhsv'i', got [""utanekoyuhv'i""]; imperative: expected 'tsatanekoyuhsehsti', got ['tsatanekoyuhehsti']"
1459,it’s wrinkled,stative,"imperfective: expected 'utanekoyuhso'i', got [""utanekoyuho'i""]; perfective: expected 'utanekoyuhsv'i', got [""utanekoyuhv'i""]; imperative: expected 'tsatanekoyuhsehsti', got ['tsatanekoyuhehsti']"
1629,he/she has an object (refers to a flexible object),stative-a',"perfective: expected 'una'v'i', got [""unv'i""]; imperative: expected 'tsana'ehsti', got ['tsan']"
1576,he/she is inside it,stative-a',"perfective: expected 'utsa'v'i', got [""utsv'i""]; imperative: expected 'tsatsa'ehsti', got ['tsats']"
759,it is hanging (refers to flexible object),stative-a',"imperative: expected 'hata'ehsti', got ['hat']"
759,it is hanging (refers to flexible object),stative-a',"imperative: expected 'hata'ehsti', got ['hat']"
759,it is hanging (refers to flexible object),stative-a',"imperative: expected 'hata'ehsti', got ['hat']"
1642,he/she has a liquid,stative-eh,"perfective: expected 'unehv'i', got [""unv'i""]; imperative: expected 'tsanehehsti', got ['tsan']; infinitive: expected 'unehti', got ['uni']"
1484,he/she has time,stative-eh,"perfective: expected 'utlanvta'telv'i', got [""utlanvta'tv'i""]; imperative: expected 'tsatlanvtatihsi', got [""tsatlanvta't""]; infinitive: expected 'utlanvta'tehti', got [""utlanvta'ti""]"
1484,he/she has time,stative-eh,"perfective: expected 'utlanvta'telv'i', got [""utlanvta'tv'i""]; imperative: expected 'tsatlanvtatihsi', got [""tsatlanvta't""]; infinitive: expected 'utlanvta'tehti', got [""utlanvta'ti""]"
1710,he/she is aching,stative-eh,"perfective: expected 'uwehihstanelv'i', got [""uwehihstanv'i""]; imperative: expected 'tsehihstahsi', got ['tsehihstan']; infinitive: expected 'uwehihstanehti', got ['uwehihstani']"
1015,he/she is agreeing with him/her,stative-eh,"perfective: expected 'uwohiyhtanelv'i', got [""uwohiyhtanv'i""]; imperative: expected 'hiyo'iyhtahsi', got [""hiyo'iyhtan""]; infinitive: expected 'uwohiyhtanehti', got ['uwohiyhtani']"
22,he/she is committing adultery,stative-eh,"perfective: expected 'utayhonelv'i', got [""utayhonv'i""]; imperative: expected 'hatayhonvla', got ['hatayhon']; infinitive: expected 'utayhonehti', got ['utayhoni']"
22,he/she is committing adultery,stative-eh,"perfective: expected 'utayhonelv'i', got [""utayhonv'i""]; imperative: expected 'hatayhonvla', got ['hatayhon']; infinitive: expected 'utayhonehti', got ['utayhoni']"
22,he/she is committing adultery,stative-eh,"perfective: expected 'utayhonelv'i', got [""utayhonv'i""]; imperative: expected 'hatayhonvla', got ['hatayhon']; infinitive: expected 'utayhonehti', got ['utayhoni']"
22,he/she is committing adultery,stative-eh,"perfective: expected 'utayhonelv'i', got [""utayhonv'i""]; imperative: expected 'hatayhonvla', got ['hatayhon']; infinitive: expected 'utayhonehti', got ['utayhoni']"
1485,he/she is disbelieving,stative-eh,"perfective: expected 'utlahsithv'elv'i', got [""utlahsithv'v'i""]; imperative: expected 'tsatlahsithvhsi', got [""tsatlahsithv'""]; infinitive: expected 'utlahsithv'ehti', got [""utlahsithv'i""]"
1485,he/she is disbelieving,stative-eh,"perfective: expected 'utlahsithv'elv'i', got [""utlahsithv'v'i""]; imperative: expected 'tsatlahsithvhsi', got [""tsatlahsithv'""]; infinitive: expected 'utlahsithv'ehti', got [""utlahsithv'i""]"
106,he/she is doing it,stative-eh,"perfective: expected 'utvnelv'i', got [""utvnv'i""]; imperative: expected 'hatvka', got ['hatvn']; infinitive: expected 'utvnhti', got ['utvni']"
106,he/she is doing it,stative-eh,"perfective: expected 'utvnelv'i', got [""utvnv'i""]; imperative: expected 'hatvka', got ['hatvn']; infinitive: expected 'utvnhti', got ['utvni']"
827,he/she is giving him/her a living thing,stative-eh,"perfective: expected 'uwakhanelv'i', got [""uwakhanv'i""]; imperative: expected 'hiyakhahsi', got ['hiyakhan']; infinitive: expected 'uwakhanehti', got ['uwakhani']"
59,he/she is giving him/her it (refers to a long object),stative-eh,"perfective: expected 'utelv'i', got [""utv'i""]; imperative: expected 'hitihsi', got ['hit']; infinitive: expected 'utehti', got ['uti']"
59,he/she is giving him/her it (refers to a long object),stative-eh,"perfective: expected 'utelv'i', got [""utv'i""]; imperative: expected 'hitihsi', got ['hit']; infinitive: expected 'utehti', got ['uti']"
887,he/she is holding it in his/her hand (refers to a long object),stative-eh,"imperative: expected 'hinehehsti', got ['hin']"
887,he/she is holding it in his/her hand (refers to a long object),stative-eh,"imperative: expected 'hinehehsti', got ['hin']"
887,he/she is holding it in his/her hand (refers to a long object),stative-eh,"imperative: expected 'hinehehsti', got ['hin']"
903,he/she is holding some liquid,stative-eh,"imperative: expected 'hinhtsehehsti', got ['hinhts']"
903,he/she is holding some liquid,stative-eh,"imperative: expected 'hinhtsehehsti', got ['hinhts']"
903,he/she is holding some liquid,stative-eh,"imperative: expected 'hinhtsehehsti', got ['hinhts']"
997,he/she is leading it by a leash,stative-eh,"imperative: expected 'hiyelihsinehehsti', got ['hiyelihsin']; infinitive: expected 'uwelihsinvhsti', got ['uwelihsini']"
1536,he/she is lonesome,stative-eh,"perfective: expected 'uhihsohtanelv'i', got [""uhihsohtanv'i""]; imperative: expected 'tsahihsohtahsi', got ['tsahihsohtan']; infinitive: expected 'uhihsohtanehti', got ['uhihsohtani']"
1741,he/she is losing it,stative-eh,"perfective: expected 'uyohuhselv'i', got [""uyohuhsv'i""]; imperative: expected 'tsayohuhsi', got ['tsayohuhs']; infinitive: expected 'uyohuhsehti', got ['uyohuhsi']"
850,he/she is overtaking him/her,stative-eh,"perfective: expected 'ulohihselv'i', got [""ulohihsv'i""]; imperative: expected 'hilo'ihsi', got [""hilo'ihs""]; infinitive: expected 'ulohihsehti', got ['ulohihsi']"
294,he/she is paying him/her,stative-eh,"perfective: expected 'ukwhiyv'elv'i', got [""ukwhiyv'v'i""]; imperative: expected 'hiyakwiyvhsi', got [""hiyakwiyv'""]; infinitive: expected 'ukwhiyv'ehti', got [""ukwhiyv'i""]"
337,he/she is permitting him/her,stative-eh,"perfective: expected 'ulhskolhtanelv'i', got [""ulhskolhtanv'i""]; imperative: expected 'hiyalihskolhtahsi', got ['hiyalihskolhtan']; infinitive: expected 'ulhskolhtanehti', got ['ulhskolhtani']"
337,he/she is permitting him/her,stative-eh,"perfective: expected 'ulhskolhtanelv'i', got [""ulhskolhtanv'i""]; imperative: expected 'hiyalihskolhtahsi', got ['hiyalihskolhtan']; infinitive: expected 'ulhskolhtanehti', got ['ulhskolhtani']"
1040,he/she is saying to him/her,stative-eh,"perfective: expected 'uwohselv'i', got [""uwohsv'i""]; imperative: expected 'hiyohsi', got ['hiyohs']; infinitive: expected 'uwohsehti', got ['uwohsi']"
395,he/she is showing him/her,stative-eh,"perfective: expected 'uhsehelv'i', got [""uhsehv'i""]; imperative: expected 'hiyahsehihsi', got ['hiyahseh']; infinitive: expected 'uhshehti', got ['uhsehi']"
885,he/she is taking liquid from him/her,stative-eh,"perfective: expected 'uneki'elv'i', got [""uneki'v'i""]; imperative: expected 'hinekihsi', got [""hineki'""]; infinitive: expected 'uneki'ehti', got [""uneki'i""]"
885,he/she is taking liquid from him/her,stative-eh,"perfective: expected 'uneki'elv'i', got [""uneki'v'i""]; imperative: expected 'hinekihsi', got [""hineki'""]; infinitive: expected 'uneki'ehti', got [""uneki'i""]"
88,he/she is taking revenge against him/her,stative-eh,"perfective: expected 'utletshelv'i', got [""utletshv'i""]; imperative: expected 'hiyatletshihsi', got ['hiyatletsh']; infinitive: expected 'utletshehti', got ['utletshi']"
88,he/she is taking revenge against him/her,stative-eh,"perfective: expected 'utletshelv'i', got [""utletshv'i""]; imperative: expected 'hiyatletshihsi', got ['hiyatletsh']; infinitive: expected 'utletshehti', got ['utletshi']"
314,he/she is thanking him/her,stative-eh,"perfective: expected 'ulihelitshelv'i', got [""ulihelitshv'i""]; imperative: expected 'hiyali'elitshihsi', got [""hiyali'elitsh""]; infinitive: expected 'ulihelitshehti', got ['ulihelitshi']"
314,he/she is thanking him/her,stative-eh,"perfective: expected 'ulihelitshelv'i', got [""ulihelitshv'i""]; imperative: expected 'hiyali'elitshihsi', got [""hiyali'elitsh""]; infinitive: expected 'ulihelitshehti', got ['ulihelitshi']"
735,he/she is working,stative-eh,"perfective: expected 'tulvwhihstanelv'i', got [""teulvwhihstanv'i"", ""tulvwhihstanv'i""]; imperative: expected 'titsalvwhihstahsi', got ['titsalvwhihstan', 'tstsalvwhihstan', 'ttsalvwhihstan']; infinitive: expected 'tsulvwhihstanehti', got ['tiulvwhihstani', 'tsulvwhihstani', 'tulvwhihstani']"
746,he/she lives,stative-eh,"imperative: expected 'hehehsti', got ['h']"
746,he/she lives,stative-eh,"imperative: expected 'hehehsti', got ['h']"
746,he/she lives,stative-eh,"imperative: expected 'hehehsti', got ['h']"
746,he/she lives,stative-eh,"imperative: expected 'hehehsti', got ['h']"
1616,it’s happening to him,stative-eh,"perfective: expected 'ulhstanhelv'i', got [""ulhstanhv'i""]; imperative: expected 'tsalhstahsi', got ['tsalhstanh']; infinitive: expected 'ulhstanhehti', got ['ulhstanhi']"
1616,it’s happening to him,stative-eh,"perfective: expected 'ulhstanhelv'i', got [""ulhstanhv'i""]; imperative: expected 'tsalhstahsi', got ['tsalhstanh']; infinitive: expected 'ulhstanhehti', got ['ulhstanhi']"
1462,he/she feels,stative-h,"perfective: expected 'utanhthv'i', got [""utanhtv'i""]; imperative: expected 'tsatanhthehsti', got ['tsatanht']; infinitive: expected 'utanhtatihsti', got ['utanhti']"
1462,he/she feels,stative-h,"perfective: expected 'utanhthv'i', got [""utanhtv'i""]; imperative: expected 'tsatanhthehsti', got ['tsatanht']; infinitive: expected 'utanhtatihsti', got ['utanhti']"
1462,he/she feels,stative-h,"perfective: expected 'utanhthv'i', got [""utanhtv'i""]; imperative: expected 'tsatanhthehsti', got ['tsatanht']; infinitive: expected 'utanhtatihsti', got ['utanhti']"
1462,he/she feels,stative-h,"perfective: expected 'utanhthv'i', got [""utanhtv'i""]; imperative: expected 'tsatanhthehsti', got ['tsatanht']; infinitive: expected 'utanhtatihsti', got ['utanhti']"
1642,he/she has a liquid,stative-h,"perfective: expected 'unehv'i', got [""unev'i""]; imperative: expected 'tsanehehsti', got ['tsane']; infinitive: expected 'unehti', got ['unei']"
1530,he/she has an object (refers to a solid object),stative-h,"perfective: expected 'uhv'i', got [""uv'i""]; imperative: expected 'tsahehsti', got ['tsa']"
1530,he/she has an object (refers to a solid object),stative-h,"present_1sg: expected 'akiha', got [""aki'ha"", ""aki'hi""]; imperative: expected 'tsahehsti', got [""tsa'hehsti""]"
1530,he/she has an object (refers to a solid object),stative-h,"present_1sg: expected 'akiha', got [""aki'ha"", ""aki'hi""]; imperative: expected 'tsahehsti', got [""tsa'hehsti""]"
1484,he/she has time,stative-h,"perfective: expected 'utlanvta'telv'i', got [""utlanvta'tev'i""]; imperative: expected 'tsatlanvtatihsi', got [""tsatlanvta'te""]; infinitive: expected 'utlanvta'tehti', got [""utlanvta'tei""]"
1484,he/she has time,stative-h,"perfective: expected 'utlanvta'telv'i', got [""utlanvta'tev'i""]; imperative: expected 'tsatlanvtatihsi', got [""tsatlanvta'te""]; infinitive: expected 'utlanvta'tehti', got [""utlanvta'tei""]"
909,he/she hates him/her,stative-h,"perfective: expected 'unikwathilhv'i', got [""unikwathiv'i""]; imperative: expected 'hinikwathika', got ['hinikwathi']; infinitive: expected 'unikwathihsti', got ['unikwathii']"
909,he/she hates him/her,stative-h,"perfective: expected 'unikwathilhv'i', got [""unikwathiv'i""]; imperative: expected 'hinikwathika', got ['hinikwathi']; infinitive: expected 'unikwathihsti', got ['unikwathii']"
1710,he/she is aching,stative-h,"perfective: expected 'uwehihstanelv'i', got [""uwehihstanev'i""]; imperative: expected 'tsehihstahsi', got ['tsehihstane']; infinitive: expected 'uwehihstanehti', got ['uwehihstanei']"
401,he/she is afraid,stative-h,"perfective: expected 'uhskalv'i', got [""uhskav'i""]; imperative: expected 'hihskaya', got ['hihska']; infinitive: expected 'uhskahsti', got ['uhskai']"
401,he/she is afraid,stative-h,"perfective: expected 'uhskalv'i', got [""uhskav'i""]; imperative: expected 'hihskaya', got ['hihska']; infinitive: expected 'uhskahsti', got ['uhskai']"
401,he/she is afraid,stative-h,"perfective: expected 'uhskalv'i', got [""uhskav'i""]; imperative: expected 'hihskaya', got ['hihska']; infinitive: expected 'uhskahsti', got ['uhskai']"
401,he/she is afraid,stative-h,"perfective: expected 'uhskalv'i', got [""uhskav'i""]; imperative: expected 'hihskaya', got ['hihska']; infinitive: expected 'uhskahsti', got ['uhskai']"
1015,he/she is agreeing with him/her,stative-h,"perfective: expected 'uwohiyhtanelv'i', got [""uwohiyhtanev'i""]; imperative: expected 'hiyo'iyhtahsi', got [""hiyo'iyhtane""]; infinitive: expected 'uwohiyhtanehti', got ['uwohiyhtanei']"
1067,he/she is alive,stative-h,"imperative: expected 'hvnhehsti', got ['hvn']"
480,he/she is arguing,stative-h,"perfective: expected 'uthiyolhv'i', got [""uthiyohiv'i""]; imperative: expected 'hathiyoka', got ['hathiyohi']; infinitive: expected 'uthiyohsti', got ['uthiyohii']"
474,he/she is asking for it,stative-h,"perfective: expected 'uthayolhv'i', got [""uthayohiv'i""]; imperative: expected 'hithayoha', got ['hithayohi']; infinitive: expected 'uthayohsti', got ['uthayohii']"
474,he/she is asking for it,stative-h,"perfective: expected 'uthayolhv'i', got [""uthayohiv'i""]; imperative: expected 'hithayoha', got ['hithayohi']; infinitive: expected 'uthayohsti', got ['uthayohii']"
474,he/she is asking for it,stative-h,"perfective: expected 'uthayolhv'i', got [""uthayohiv'i""]; imperative: expected 'hithayoha', got ['hithayohi']; infinitive: expected 'uthayohsti', got ['uthayohii']"
474,he/she is asking for it,stative-h,"perfective: expected 'uthayolhv'i', got [""uthayohiv'i""]; imperative: expected 'hithayoha', got ['hithayohi']; infinitive: expected 'uthayohsti', got ['uthayohii']"
1038,he/she is batting it,stative-h,"perfective: expected 'uwohstvnilv'i', got [""uwohstvniv'i""]; imperative: expected 'hohstvnika', got ['hohstvni']; infinitive: expected 'uwohstvnihsti', got ['uwohstvnii']"
864,he/she is beating him/her up,stative-h,"perfective: expected 'ulvnhilv'i', got [""ulvnhiv'i""]; imperative: expected 'hilvnhka', got ['hilvnhi']; infinitive: expected 'ulvnhsti', got ['ulvnhii']"
864,he/she is beating him/her up,stative-h,"perfective: expected 'ulvnhilv'i', got [""ulvnhiv'i""]; imperative: expected 'hilvnhka', got ['hilvnhi']; infinitive: expected 'ulvnhsti', got ['ulvnhii']"
383,he/she is braiding it,stative-h,"perfective: expected 'uhsteyolv'i', got [""uhsteyov'i""]; imperative: expected 'hihsteyaka', got ['hihsteyo']; infinitive: expected 'uhsteyoti', got ['uhsteyoi']"
383,he/she is braiding it,stative-h,"perfective: expected 'uhsteyolv'i', got [""uhsteyov'i""]; imperative: expected 'hihsteyaka', got ['hihsteyo']; infinitive: expected 'uhsteyoti', got ['uhsteyoi']"
383,he/she is braiding it,stative-h,"perfective: expected 'uhsteyolv'i', got [""uhsteyov'i""]; imperative: expected 'hihsteyaka', got ['hihsteyo']; infinitive: expected 'uhsteyoti', got ['uhsteyoi']"
383,he/she is braiding it,stative-h,"perfective: expected 'uhsteyolv'i', got [""uhsteyov'i""]; imperative: expected 'hihsteyaka', got ['hihsteyo']; infinitive: expected 'uhsteyoti', got ['uhsteyoi']"
437,he/she is building a fence,stative-h,"perfective: expected 'uhsoyhalv'i', got [""uhsoyhov'i""]; imperative: expected 'hahsoyhka', got ['hahsoyho']; infinitive: expected 'uhsoyhsti', got ['uhsoyhoi']"
593,he/she is changing his/her socks,stative-h,"perfective: expected 'tuliyohsvhv'i', got [""teuliyohsiv'i"", ""tuliyohsiv'i""]; imperative: expected 'thaliyohsa', got ['thaliyohsi', 'tihaliyohsi', 'tshaliyohsi']; infinitive: expected 'tsuliyohsvhti', got ['tiuliyohsii', 'tsuliyohsii', 'tuliyohsii']"
593,he/she is changing his/her socks,stative-h,"perfective: expected 'tuliyohsvhv'i', got [""teuliyohsiv'i"", ""tuliyohsiv'i""]; imperative: expected 'thaliyohsa', got ['thaliyohsi', 'tihaliyohsi', 'tshaliyohsi']; infinitive: expected 'tsuliyohsvhti', got ['tiuliyohsii', 'tsuliyohsii', 'tuliyohsii']"
609,he/she is clapping his/her hands,stative-h,"perfective: expected 'tuhsihthvnilv'i', got [""teuhsihthvniv'i"", ""tuhsihthvniv'i""]; imperative: expected 'thahsihthvnika', got ['thahsihthvni', 'tihahsihthvni', 'tshahsihthvni']; infinitive: expected 'tsuhsihthvnihsti', got ['tiuhsihthvnii', 'tsuhsihthvnii', 'tuhsihthvnii']"
839,he/she is climbing around,stative-h,"perfective: expected 'ulitolv'i', got [""ulitov'i""]; imperative: expected 'hi'lita', got [""hi'lito""]; infinitive: expected 'ulitahsti', got ['ulitoi']"
22,he/she is committing adultery,stative-h,"perfective: expected 'utayhonelv'i', got [""utayhonev'i""]; imperative: expected 'hatayhonvla', got ['hatayhone']; infinitive: expected 'utayhonehti', got ['utayhonei']"
22,he/she is committing adultery,stative-h,"perfective: expected 'utayhonelv'i', got [""utayhonev'i""]; imperative: expected 'hatayhonvla', got ['hatayhone']; infinitive: expected 'utayhonehti', got ['utayhonei']"
22,he/she is committing adultery,stative-h,"perfective: expected 'utayhonelv'i', got [""utayhonev'i""]; imperative: expected 'hatayhonvla', got ['hatayhone']; infinitive: expected 'utayhonehti', got ['utayhonei']"
22,he/she is committing adultery,stative-h,"perfective: expected 'utayhonelv'i', got [""utayhonev'i""]; imperative: expected 'hatayhonvla', got ['hatayhone']; infinitive: expected 'utayhonehti', got ['utayhonei']"
607,he/she is counting it,stative-h,"perfective: expected 'tuhselhv'i', got [""teuhsehiv'i"", ""tuhsehiv'i""]; imperative: expected 'thahseka', got ['thahsehi', 'tihahsehi', 'tshahsehi']; infinitive: expected 'tsuhsehsti', got ['tiuhsehii', 'tsuhsehii', 'tuhsehii']"
98,he/she is crying,stative-h,"perfective: expected 'utloyhilv'i', got [""utloyhiv'i""]; imperative: expected 'hatloyhka', got ['hatloyhi']; infinitive: expected 'utloyhsti', got ['utloyhii']"
98,he/she is crying,stative-h,"perfective: expected 'utloyhilv'i', got [""utloyhiv'i""]; imperative: expected 'hatloyhka', got ['hatloyhi']; infinitive: expected 'utloyhsti', got ['utloyhii']"
21,he/she is denying him/her,stative-h,"perfective: expected 'utayhilv'i', got [""utayhiv'i""]; imperative: expected 'hiyatayika', got [""hiyata'yi""]; infinitive: expected 'utayhsti', got ['utayhii']"
21,he/she is denying him/her,stative-h,"perfective: expected 'utayhilv'i', got [""utayhiv'i""]; imperative: expected 'hiyatayika', got [""hiyata'yi""]; infinitive: expected 'utayhsti', got ['utayhii']"
21,he/she is denying him/her,stative-h,"perfective: expected 'utayhilv'i', got [""utayhiv'i""]; imperative: expected 'hiyatayika', got [""hiyata'yi""]; infinitive: expected 'utayhsti', got ['utayhii']"
1485,he/she is disbelieving,stative-h,"perfective: expected 'utlahsithv'elv'i', got [""utlahsithv'ev'i""]; imperative: expected 'tsatlahsithvhsi', got [""tsatlahsithv'e""]; infinitive: expected 'utlahsithv'ehti', got [""utlahsithv'ei""]"
1485,he/she is disbelieving,stative-h,"perfective: expected 'utlahsithv'elv'i', got [""utlahsithv'ev'i""]; imperative: expected 'tsatlahsithvhsi', got [""tsatlahsithv'e""]; infinitive: expected 'utlahsithv'ehti', got [""utlahsithv'ei""]"
504,he/she is distributing it,stative-h,"perfective: expected 'uyatholhv'i', got [""uyathohiv'i""]; infinitive: expected 'uyathohihsti', got ['uyathohii']"
504,he/she is distributing it,stative-h,"perfective: expected 'uyatholhv'i', got [""uyathohiv'i""]; infinitive: expected 'uyathohihsti', got ['uyathohii']"
106,he/she is doing it,stative-h,"perfective: expected 'utvnelv'i', got [""utvnev'i""]; imperative: expected 'hatvka', got ['hatvne']; infinitive: expected 'utvnhti', got ['utvnei']"
106,he/she is doing it,stative-h,"perfective: expected 'utvnelv'i', got [""utvnev'i""]; imperative: expected 'hatvka', got ['hatvne']; infinitive: expected 'utvnhti', got ['utvnei']"
992,he/she is feeding him/her,stative-h,"perfective: expected 'uwelhalv'i', got [""uwelhov'i""]; imperative: expected 'hiyeloka', got ['hiyelo']; infinitive: expected 'uwelhsti', got ['uwelhoi']"
827,he/she is giving him/her a living thing,stative-h,"perfective: expected 'uwakhanelv'i', got [""uwakhanev'i""]; imperative: expected 'hiyakhahsi', got ['hiyakhane']; infinitive: expected 'uwakhanehti', got ['uwakhanei']"
70,he/she is going around a curve,stative-h,"perfective: expected 'uteyolv'i', got [""uteyov'i""]; imperative: expected 'hateyaka', got ['hateyo']; infinitive: expected 'uteyhsti', got ['uteyoi']"
70,he/she is going around a curve,stative-h,"perfective: expected 'uteyolv'i', got [""uteyov'i""]; imperative: expected 'hateyaka', got ['hateyo']; infinitive: expected 'uteyhsti', got ['uteyoi']"
523,he/she is greeting him/her,stative-h,"perfective: expected 'uyolilv'i', got [""uyoliv'i""]; imperative: expected 'hiyolika', got ['hiyoli']; infinitive: expected 'uyolihsti', got ['uyolii']"
523,he/she is greeting him/her,stative-h,"perfective: expected 'uyolilv'i', got [""uyoliv'i""]; imperative: expected 'hiyolika', got ['hiyoli']; infinitive: expected 'uyolihsti', got ['uyolii']"
160,he/she is handling it,stative-h,"perfective: expected 'uhitolv'i', got [""uhitov'i""]; imperative: expected 'hihita', got ['hihito']; infinitive: expected 'uhitahsti', got ['uhitoi']"
815,he/she is handling it (refers to a flexible object),stative-h,"perfective: expected 'unhitolv'i', got [""unhitov'i""]; imperative: expected 'hinhita', got ['hinhito']; infinitive: expected 'unhitahsti', got ['unhitoi']"
815,he/she is handling it (refers to a flexible object),stative-h,"perfective: expected 'unhitolv'i', got [""unhitov'i""]; imperative: expected 'hinhita', got ['hinhito']; infinitive: expected 'unhitahsti', got ['unhitoi']"
908,he/she is handling it (refers to a long object),stative-h,"perfective: expected 'uwanitolv'i', got [""uwanitov'i""]; imperative: expected 'hinita', got ['hinito']; infinitive: expected 'uwanitahsti', got ['uwanitoi']"
904,he/she is handling some liquid,stative-h,"perfective: expected 'unhtsitolv'i', got [""unhtsitov'i""]; imperative: expected 'hinhtsita', got ['hinhtsito']; infinitive: expected 'unhtsitahsti', got ['unhtsitoi']"
904,he/she is handling some liquid,stative-h,"perfective: expected 'unhtsitolv'i', got [""unhtsitov'i""]; imperative: expected 'hinhtsita', got ['hinhtsito']; infinitive: expected 'unhtsitahsti', got ['unhtsitoi']"
1070,he/she is hitting him/her,stative-h,"perfective: expected 'uwanhilv'i', got [""uwanhiv'i""]; imperative: expected 'hiyvnika', got ['hiyvni']; infinitive: expected 'uwanhsti', got ['uwanhii']"
429,he/she is hitting him/her on the abdomen with it (refers to a long object),stative-h,"perfective: expected 'uhskwohalvnilv'i', got [""uhskwohalvniv'i""]; imperative: expected 'hihskwohalvnika', got ['hihskwohalvni']; infinitive: expected 'uhskwohalvnihsti', got ['uhskwohalvnii']"
429,he/she is hitting him/her on the abdomen with it (refers to a long object),stative-h,"perfective: expected 'uhskwohalvnilv'i', got [""uhskwohalvniv'i""]; imperative: expected 'hihskwohalvnika', got ['hihskwohalvni']; infinitive: expected 'uhskwohalvnihsti', got ['uhskwohalvnii']"
429,he/she is hitting him/her on the abdomen with it (refers to a long object),stative-h,"perfective: expected 'uhskwohalvnilv'i', got [""uhskwohalvniv'i""]; imperative: expected 'hihskwohalvnika', got ['hihskwohalvni']; infinitive: expected 'uhskwohalvnihsti', got ['uhskwohalvnii']"
429,he/she is hitting him/her on the abdomen with it (refers to a long object),stative-h,"perfective: expected 'uhskwohalvnilv'i', got [""uhskwohalvniv'i""]; imperative: expected 'hihskwohalvnika', got ['hihskwohalvni']; infinitive: expected 'uhskwohalvnihsti', got ['uhskwohalvnii']"
425,he/she is hitting him/her on the head with it (refers to a long object),stative-h,"perfective: expected 'uhskwalvnilv'i', got [""uhskwalvniv'i""]; imperative: expected 'hihskwalvnika', got ['hihskwalvni']; infinitive: expected 'uhskwalvnihsti', got ['uhskwalvnii']"
425,he/she is hitting him/her on the head with it (refers to a long object),stative-h,"perfective: expected 'uhskwalvnilv'i', got [""uhskwalvniv'i""]; imperative: expected 'hihskwalvnika', got ['hihskwalvni']; infinitive: expected 'uhskwalvnihsti', got ['uhskwalvnii']"
425,he/she is hitting him/her on the head with it (refers to a long object),stative-h,"perfective: expected 'uhskwalvnilv'i', got [""uhskwalvniv'i""]; imperative: expected 'hihskwalvnika', got ['hihskwalvni']; infinitive: expected 'uhskwalvnihsti', got ['uhskwalvnii']"
425,he/she is hitting him/her on the head with it (refers to a long object),stative-h,"perfective: expected 'uhskwalvnilv'i', got [""uhskwalvniv'i""]; imperative: expected 'hihskwalvnika', got ['hihskwalvni']; infinitive: expected 'uhskwalvnihsti', got ['uhskwalvnii']"
204,he/she is hitting him/her on the mouth,stative-h,"perfective: expected 'uhulvnilv'i', got [""uhulvniv'i""]; imperative: expected 'hi'ulvnika', got [""hi'ulvni""]; infinitive: expected 'uhulvnihsti', got ['uhulvnii']"
887,he/she is holding it in his/her hand (refers to a long object),stative-h,"imperative: expected 'hinehehsti', got ['hine']"
887,he/she is holding it in his/her hand (refers to a long object),stative-h,"imperative: expected 'hinehehsti', got ['hine']"
887,he/she is holding it in his/her hand (refers to a long object),stative-h,"imperative: expected 'hinehehsti', got ['hine']"
903,he/she is holding some liquid,stative-h,"imperative: expected 'hinhtsehehsti', got ['hinhtse']"
903,he/she is holding some liquid,stative-h,"imperative: expected 'hinhtsehehsti', got ['hinhtse']"
903,he/she is holding some liquid,stative-h,"imperative: expected 'hinhtsehehsti', got ['hinhtse']"
918,he/she is hunting,stative-h,"perfective: expected 'unohalitolv'i', got [""unohalitov'i""]; imperative: expected 'hinohalita', got ['hinohalito']; infinitive: expected 'unohalitahsti', got ['unohalitoi']"
1554,he/she is in bed,stative-h,"perfective: expected 'unhihv'i', got [""unhiv'i""]; imperative: expected 'tsanhihehsti', got ['tsanhi']"
1480,he/she is in hiding,stative-h,"perfective: expected 'utihskalhv'i', got [""utihskalv'i""]; imperative: expected 'tsatihskalhehsti', got ['tsatihskal']; infinitive: expected 'utihskalhti', got ['utihskali']"
1480,he/she is in hiding,stative-h,"perfective: expected 'utihskalhv'i', got [""utihskalv'i""]; imperative: expected 'tsatihskalhehsti', got ['tsatihskal']; infinitive: expected 'utihskalhti', got ['utihskali']"
1480,he/she is in hiding,stative-h,"perfective: expected 'utihskalhv'i', got [""utihskalv'i""]; imperative: expected 'tsatihskalhehsti', got ['tsatihskal']; infinitive: expected 'utihskalhti', got ['utihskali']"
1480,he/she is in hiding,stative-h,"perfective: expected 'utihskalhv'i', got [""utihskalv'i""]; imperative: expected 'tsatihskalhehsti', got ['tsatihskal']; infinitive: expected 'utihskalhti', got ['utihskali']"
1480,he/she is in hiding,stative-h,"perfective: expected 'utihskalhv'i', got [""utihskalv'i""]; imperative: expected 'tsatihskalhehsti', got ['tsatihskal']; infinitive: expected 'utihskalhti', got ['utihskali']"
997,he/she is leading it by a leash,stative-h,"imperative: expected 'hiyelihsinehehsti', got ['hiyelihsine']; infinitive: expected 'uwelihsinvhsti', got ['uwelihsinei']"
1536,he/she is lonesome,stative-h,"perfective: expected 'uhihsohtanelv'i', got [""uhihsohtanev'i""]; imperative: expected 'tsahihsohtahsi', got ['tsahihsohtane']; infinitive: expected 'uhihsohtanehti', got ['uhihsohtanei']"
567,he/she is looking after him/her,stative-h,"perfective: expected 'tukhanowatitolv'i', got [""teukhanowatitov'i"", ""tukhanowatitov'i""]; imperative: expected 'thikanowatita', got ['thikanowatito', 'tihikanowatito', 'tshikanowatito']; infinitive: expected 'tsukhanowatitahsti', got ['tiukhanowatitoi', 'tsukhanowatitoi', 'tukhanowatitoi']"
567,he/she is looking after him/her,stative-h,"perfective: expected 'tukhanowatitolv'i', got [""teukhanowatitov'i"", ""tukhanowatitov'i""]; imperative: expected 'thikanowatita', got ['thikanowatito', 'tihikanowatito', 'tshikanowatito']; infinitive: expected 'tsukhanowatitahsti', got ['tiukhanowatitoi', 'tsukhanowatitoi', 'tukhanowatitoi']"
280,he/she is looking around,stative-h,"perfective: expected 'ukhthenolv'i', got [""ukhthenov'i""]; imperative: expected 'hikhthenaka', got ['hikhtheno']; infinitive: expected 'ukhthenahsti', got ['ukhthenoi']"
280,he/she is looking around,stative-h,"perfective: expected 'ukhthenolv'i', got [""ukhthenov'i""]; imperative: expected 'hikhthenaka', got ['hikhtheno']; infinitive: expected 'ukhthenahsti', got ['ukhthenoi']"
1602,he/she is losing his/her way,stative-h,"perfective: expected 'ulenalhv'i', got [""ulenahiv'i""]; imperative: expected 'tsalenaka', got ['tsalenahi']; infinitive: expected 'ulenahsti', got ['ulenahii']"
1741,he/she is losing it,stative-h,"perfective: expected 'uyohuhselv'i', got [""uyohuhsev'i""]; imperative: expected 'tsayohuhsi', got ['tsayohuhse']; infinitive: expected 'uyohuhsehti', got ['uyohuhsei']"
219,he/she is making an incision,stative-h,"perfective: expected 'uyhelhalv'i', got [""uyhelhov'i""]; imperative: expected 'hiyelaka', got ['hiyelho']; infinitive: expected 'uyhelhsti', got ['uyhelhoi']"
219,he/she is making an incision,stative-h,"perfective: expected 'uyhelhalv'i', got [""uyhelhov'i""]; imperative: expected 'hiyelaka', got ['hiyelho']; infinitive: expected 'uyhelhsti', got ['uyhelhoi']"
412,he/she is mourning for him/her,stative-h,"perfective: expected 'uhskonhilv'i', got [""uhskonhiv'i""]; imperative: expected 'hihskonhka', got ['hihskonhi']; infinitive: expected 'uhskonhsti', got ['uhskonhii']"
412,he/she is mourning for him/her,stative-h,"perfective: expected 'uhskonhilv'i', got [""uhskonhiv'i""]; imperative: expected 'hihskonhka', got ['hihskonhi']; infinitive: expected 'uhskonhsti', got ['uhskonhii']"
412,he/she is mourning for him/her,stative-h,"perfective: expected 'uhskonhilv'i', got [""uhskonhiv'i""]; imperative: expected 'hihskonhka', got ['hihskonhi']; infinitive: expected 'uhskonhsti', got ['uhskonhii']"
412,he/she is mourning for him/her,stative-h,"perfective: expected 'uhskonhilv'i', got [""uhskonhiv'i""]; imperative: expected 'hihskonhka', got ['hihskonhi']; infinitive: expected 'uhskonhsti', got ['uhskonhii']"
850,he/she is overtaking him/her,stative-h,"perfective: expected 'ulohihselv'i', got [""ulohihsev'i""]; imperative: expected 'hilo'ihsi', got [""hilo'ihse""]; infinitive: expected 'ulohihsehti', got ['ulohihsei']"
294,he/she is paying him/her,stative-h,"perfective: expected 'ukwhiyv'elv'i', got [""ukwhiyv'ev'i""]; imperative: expected 'hiyakwiyvhsi', got [""hiyakwiyv'e""]; infinitive: expected 'ukwhiyv'ehti', got [""ukwhiyv'ei""]"
796,he/she is pecking it,stative-h,"perfective: expected 'uwakwayolhv'i', got [""uwakwayohiv'i""]; imperative: expected 'hiyakwayo'a', got [""hiyakwayo'i""]; infinitive: expected 'uwakwayohsti', got ['uwakwayohii']"
337,he/she is permitting him/her,stative-h,"perfective: expected 'ulhskolhtanelv'i', got [""ulhskolhtanev'i""]; imperative: expected 'hiyalihskolhtahsi', got ['hiyalihskolhtane']; infinitive: expected 'ulhskolhtanehti', got ['ulhskolhtanei']"
337,he/she is permitting him/her,stative-h,"perfective: expected 'ulhskolhtanelv'i', got [""ulhskolhtanev'i""]; imperative: expected 'hiyalihskolhtahsi', got ['hiyalihskolhtane']; infinitive: expected 'ulhskolhtanehti', got ['ulhskolhtanei']"
823,he/she is pricking him/her,stative-h,"perfective: expected 'uwatsayolhv'i', got [""uwatsayohiv'i""]; imperative: expected 'hiyatsayo'a', got [""hiyatsayo'i""]; infinitive: expected 'uwatsayohsti', got ['uwatsayohii']"
7,he/she is putting on a belt,stative-h,"perfective: expected 'utatlolhv'i', got [""utatlohiv'i""]; imperative: expected 'hatatloka', got ['hatatlohi']; infinitive: expected 'utatlohsti', got ['utatlohii']"
7,he/she is putting on a belt,stative-h,"perfective: expected 'utatlolhv'i', got [""utatlohiv'i""]; imperative: expected 'hatatloka', got ['hatatlohi']; infinitive: expected 'utatlohsti', got ['utatlohii']"
7,he/she is putting on a belt,stative-h,"perfective: expected 'utatlolhv'i', got [""utatlohiv'i""]; imperative: expected 'hatatloka', got ['hatatlohi']; infinitive: expected 'utatlohsti', got ['utatlohii']"
7,he/she is putting on a belt,stative-h,"perfective: expected 'utatlolhv'i', got [""utatlohiv'i""]; imperative: expected 'hatatloka', got ['hatatlohi']; infinitive: expected 'utatlohsti', got ['utatlohii']"
592,he/she is putting on his/her socks,stative-h,"perfective: expected 'tuliyolhv'i', got [""teuliyohiv'i"", ""tuliyohiv'i""]; imperative: expected 'thaliyoka', got ['thaliyohi', 'tihaliyohi', 'tshaliyohi']; infinitive: expected 'tsuliyohsti', got ['tiuliyohii', 'tsuliyohii', 'tuliyohii']"
592,he/she is putting on his/her socks,stative-h,"perfective: expected 'tuliyolhv'i', got [""teuliyohiv'i"", ""tuliyohiv'i""]; imperative: expected 'thaliyoka', got ['thaliyohi', 'tihaliyohi', 'tshaliyohi']; infinitive: expected 'tsuliyohsti', got ['tiuliyohii', 'tsuliyohii', 'tuliyohii']"
956,he/she is rolling him/her,stative-h,"perfective: expected 'uwahsakwalelhv'i', got [""uwahsakwalehiv'i""]; imperative: expected 'hiyahsakwaleka', got ['hiyahsakwalehi']; infinitive: expected 'uwahsakwalehsti', got ['uwahsakwalehii']"
1040,he/she is saying to him/her,stative-h,"perfective: expected 'uwohselv'i', got [""uwohsev'i""]; imperative: expected 'hiyohsi', got ['hiyohse']; infinitive: expected 'uwohsehti', got ['uwohsei']"
335,he/she is shaking his/her head,stative-h,"perfective: expected 'ulhstvnhilv'i', got [""ulhstvnhiv'i""]; imperative: expected 'halhstvnhka', got ['halhstvnhi']; infinitive: expected 'ulhstvnhti', got ['ulhstvnhii']"
335,he/she is shaking his/her head,stative-h,"perfective: expected 'ulhstvnhilv'i', got [""ulhstvnhiv'i""]; imperative: expected 'halhstvnhka', got ['halhstvnhi']; infinitive: expected 'ulhstvnhti', got ['ulhstvnhii']"
604,he/she is shooting at him/her,stative-h,"perfective: expected 'tuhstayolhv'i', got [""teuhstayohiv'i"", ""tuhstayohiv'i""]; imperative: expected 'thihstayoha', got ['thihstayohi', 'tihihstayohi', 'tshihstayohi']; infinitive: expected 'tsuhstayohsti', got ['tiuhstayohii', 'tsuhstayohii', 'tuhstayohii']"
604,he/she is shooting at him/her,stative-h,"perfective: expected 'tuhstayolhv'i', got [""teuhstayohiv'i"", ""tuhstayohiv'i""]; imperative: expected 'thihstayoha', got ['thihstayohi', 'tihihstayohi', 'tshihstayohi']; infinitive: expected 'tsuhstayohsti', got ['tiuhstayohii', 'tsuhstayohii', 'tuhstayohii']"
604,he/she is shooting at him/her,stative-h,"perfective: expected 'tuhstayolhv'i', got [""teuhstayohiv'i"", ""tuhstayohiv'i""]; imperative: expected 'thihstayoha', got ['thihstayohi', 'tihihstayohi', 'tshihstayohi']; infinitive: expected 'tsuhstayohsti', got ['tiuhstayohii', 'tsuhstayohii', 'tuhstayohii']"
604,he/she is shooting at him/her,stative-h,"perfective: expected 'tuhstayolhv'i', got [""teuhstayohiv'i"", ""tuhstayohiv'i""]; imperative: expected 'thihstayoha', got ['thihstayohi', 'tihihstayohi', 'tshihstayohi']; infinitive: expected 'tsuhstayohsti', got ['tiuhstayohii', 'tsuhstayohii', 'tuhstayohii']"
395,he/she is showing him/her,stative-h,"perfective: expected 'uhsehelv'i', got [""uhsehev'i""]; imperative: expected 'hiyahsehihsi', got ['hiyahsehe']; infinitive: expected 'uhshehti', got ['uhsehei']"
1730,he/she is sitting,stative-h,"perfective: expected 'uwolhv'i', got [""uwolv'i""]; imperative: expected 'tsolhehsti', got ['tsol']"
431,he/she is slapping him/her,stative-h,"perfective: expected 'uhsihthvnilv'i', got [""uhsihthvniv'i""]; imperative: expected 'hiyahsihthvnika', got ['hiyahsihthvni']; infinitive: expected 'uhsihthvnihsti', got ['uhsihthvnii']"
76,he/she is spinning,stative-h,"perfective: expected 'utikwalvteyolv'i', got [""utikwalvteyov'i""]; imperative: expected 'hatikwalvteyaka', got ['hatikwalvteyo']; infinitive: expected 'utikwalvteyhsti', got ['utikwalvteyoi']"
76,he/she is spinning,stative-h,"perfective: expected 'utikwalvteyolv'i', got [""utikwalvteyov'i""]; imperative: expected 'hatikwalvteyaka', got ['hatikwalvteyo']; infinitive: expected 'utikwalvteyhsti', got ['utikwalvteyoi']"
76,he/she is spinning,stative-h,"perfective: expected 'utikwalvteyolv'i', got [""utikwalvteyov'i""]; imperative: expected 'hatikwalvteyaka', got ['hatikwalvteyo']; infinitive: expected 'utikwalvteyhsti', got ['utikwalvteyoi']"
76,he/she is spinning,stative-h,"perfective: expected 'utikwalvteyolv'i', got [""utikwalvteyov'i""]; imperative: expected 'hatikwalvteyaka', got ['hatikwalvteyo']; infinitive: expected 'utikwalvteyhsti', got ['utikwalvteyoi']"
76,he/she is spinning,stative-h,"perfective: expected 'utikwalvteyolv'i', got [""utikwalvteyov'i""]; imperative: expected 'hatikwalvteyaka', got ['hatikwalvteyo']; infinitive: expected 'utikwalvteyhsti', got ['utikwalvteyoi']"
973,he/she is stabbing him/her,stative-h,"perfective: expected 'uwathilhv'i', got [""uwathiv'i""]; imperative: expected 'hiyathika', got ['hiyathi']; infinitive: expected 'uwathihsti', got ['uwathii']"
770,he/she is strapping it,stative-h,"perfective: expected 'uwatlolhv'i', got [""uwatlohiv'i""]; imperative: expected 'hitloka', got ['hitlohi']; infinitive: expected 'uwatlohsti', got ['uwatlohii']"
885,he/she is taking liquid from him/her,stative-h,"perfective: expected 'uneki'elv'i', got [""uneki'ev'i""]; imperative: expected 'hinekihsi', got [""hineki'e""]; infinitive: expected 'uneki'ehti', got [""uneki'ei""]"
885,he/she is taking liquid from him/her,stative-h,"perfective: expected 'uneki'elv'i', got [""uneki'ev'i""]; imperative: expected 'hinekihsi', got [""hineki'e""]; infinitive: expected 'uneki'ehti', got [""uneki'ei""]"
88,he/she is taking revenge against him/her,stative-h,"perfective: expected 'utletshelv'i', got [""utletshev'i""]; imperative: expected 'hiyatletshihsi', got ['hiyatletshe']; infinitive: expected 'utletshehti', got ['utletshei']"
88,he/she is taking revenge against him/her,stative-h,"perfective: expected 'utletshelv'i', got [""utletshev'i""]; imperative: expected 'hiyatletshihsi', got ['hiyatletshe']; infinitive: expected 'utletshehti', got ['utletshei']"
314,he/she is thanking him/her,stative-h,"perfective: expected 'ulihelitshelv'i', got [""ulihelitshev'i""]; imperative: expected 'hiyali'elitshihsi', got [""hiyali'elitshe""]; infinitive: expected 'ulihelitshehti', got ['ulihelitshei']"
314,he/she is thanking him/her,stative-h,"perfective: expected 'ulihelitshelv'i', got [""ulihelitshev'i""]; imperative: expected 'hiyali'elitshihsi', got [""hiyali'elitshe""]; infinitive: expected 'ulihelitshehti', got ['ulihelitshei']"
949,he/she is tossing about,stative-h,"perfective: expected 'unvtsitolv'i', got [""unvtsitov'i""]; imperative: expected 'hinvtsita', got ['hinvtsito']; infinitive: expected 'unvtsitahsti', got ['unvtsitoi']"
949,he/she is tossing about,stative-h,"perfective: expected 'unvtsitolv'i', got [""unvtsitov'i""]; imperative: expected 'hinvtsita', got ['hinvtsito']; infinitive: expected 'unvtsitahsti', got ['unvtsitoi']"
458,he/she is touching him/her,stative-h,"perfective: expected 'uhsvnhilv'i', got [""uhsvnhiv'i""]; imperative: expected 'hiyahsvnhka', got ['hiyahsvnhi']; infinitive: expected 'uhsvnhsti', got ['uhsvnhii']"
937,he/she is twisting him/her,stative-h,"perfective: expected 'unutheyolv'i', got [""unutheyov'i""]; imperative: expected 'hinutheyaka', got ['hinutheyo']; infinitive: expected 'unutheyahsti', got ['unutheyoi']"
937,he/she is twisting him/her,stative-h,"perfective: expected 'unutheyolv'i', got [""unutheyov'i""]; imperative: expected 'hinutheyaka', got ['hinutheyo']; infinitive: expected 'unutheyahsti', got ['unutheyoi']"
810,he/she is tying him/her up,stative-h,"perfective: expected 'ulhvlv'i', got [""ulhv'iv'i""]; imperative: expected 'hiya'lvtsa', got [""hiya'lv'i""]; infinitive: expected 'ulhvhsti', got [""ulhv'ii""]"
565,he/she is tying it,stative-h,"perfective: expected 'tukhanelhv'i', got [""teukhanehiv'i"", ""tukhanehiv'i""]; imperative: expected 'thikhaneka', got ['thikhanehi', 'tihikhanehi', 'tshikhanehi']; infinitive: expected 'tsukhanehsti', got ['tiukhanehii', 'tsukhanehii', 'tukhanehii']"
565,he/she is tying it,stative-h,"perfective: expected 'tukhanelhv'i', got [""teukhanehiv'i"", ""tukhanehiv'i""]; imperative: expected 'thikhaneka', got ['thikhanehi', 'tihikhanehi', 'tshikhanehi']; infinitive: expected 'tsukhanehsti', got ['tiukhanehii', 'tsukhanehii', 'tukhanehii']"
946,he/she is tying up a leg,stative-h,"perfective: expected 'unvlholhv'i', got [""unvlhohiv'i""]; imperative: expected 'hinvlhoka', got ['hinvlhohi']; infinitive: expected 'unvlhohsti', got ['unvlhohii']"
946,he/she is tying up a leg,stative-h,"perfective: expected 'unvlholhv'i', got [""unvlhohiv'i""]; imperative: expected 'hinvlhoka', got ['hinvlhohi']; infinitive: expected 'unvlhohsti', got ['unvlhohii']"
18,he/she is visiting,stative-h,"perfective: expected 'utawhahthvhitolv'i', got [""utawhahthvhitov'i""]; imperative: expected 'hatawhahthvhita', got ['hatawhahthvhito']; infinitive: expected 'utawhahthvhitahsti', got ['utawhahthvhitoi']"
18,he/she is visiting,stative-h,"perfective: expected 'utawhahthvhitolv'i', got [""utawhahthvhitov'i""]; imperative: expected 'hatawhahthvhita', got ['hatawhahthvhito']; infinitive: expected 'utawhahthvhitahsti', got ['utawhahthvhitoi']"
18,he/she is visiting,stative-h,"perfective: expected 'utawhahthvhitolv'i', got [""utawhahthvhitov'i""]; imperative: expected 'hatawhahthvhita', got ['hatawhahthvhito']; infinitive: expected 'utawhahthvhitahsti', got ['utawhahthvhitoi']"
18,he/she is visiting,stative-h,"perfective: expected 'utawhahthvhitolv'i', got [""utawhahthvhitov'i""]; imperative: expected 'hatawhahthvhita', got ['hatawhahthvhito']; infinitive: expected 'utawhahthvhitahsti', got ['utawhahthvhitoi']"
208,he/she is visiting him/her,stative-h,"perfective: expected 'uwhahthvhitolv'i', got [""uwhahthvhitov'i""]; imperative: expected 'hiwahthvhita', got ['hiwahthvhito']; infinitive: expected 'uwhahthvhitahsti', got ['uwhahthvhitoi']"
208,he/she is visiting him/her,stative-h,"perfective: expected 'uwhahthvhitolv'i', got [""uwhahthvhitov'i""]; imperative: expected 'hiwahthvhita', got ['hiwahthvhito']; infinitive: expected 'uwhahthvhitahsti', got ['uwhahthvhitoi']"
547,he/she is weeping,stative-h,"perfective: expected 'tutloyhilv'i', got [""teutloyhiv'i"", ""tutloyhiv'i""]; imperative: expected 'thatloyhka', got ['thatloyhi', 'tihatloyhi', 'tshatloyhi']; infinitive: expected 'tsutloyhsti', got ['tiutloyhii', 'tsutloyhii', 'tutloyhii']"
547,he/she is weeping,stative-h,"perfective: expected 'tutloyhilv'i', got [""teutloyhiv'i"", ""tutloyhiv'i""]; imperative: expected 'thatloyhka', got ['thatloyhi', 'tihatloyhi', 'tshatloyhi']; infinitive: expected 'tsutloyhsti', got ['tiutloyhii', 'tsutloyhii', 'tutloyhii']"
735,he/she is working,stative-h,"perfective: expected 'tulvwhihstanelv'i', got [""teulvwhihstanev'i"", ""tulvwhihstanev'i""]; imperative: expected 'titsalvwhihstahsi', got ['titsalvwhihstane', 'tstsalvwhihstane', 'ttsalvwhihstane']; infinitive: expected 'tsulvwhihstanehti', got ['tiulvwhihstanei', 'tsulvwhihstanei', 'tulvwhihstanei']"
191,he/she is wrestling,stative-h,"perfective: expected 'unhelhv'i', got [""unhehiv'i""]; imperative: expected 'hanheka', got ['hanhehi']; infinitive: expected 'unhehsti', got ['unhehii']"
1646,he/she knows it,stative-h,"perfective: expected 'unhthv'i', got [""unhtv'i""]; imperative: expected 'tsanhthehsti', got ['tsanht']"
746,he/she lives,stative-h,"imperative: expected 'hehehsti', got ['he']"
378,it’s becoming crisp,stative-h,"perfective: expected 'uhstakayvlhv'i', got [""uhstakayvhiv'i""]"
378,it’s becoming crisp,stative-h,"perfective: expected 'uhstakayvlhv'i', got [""uhstakayvhiv'i""]"
378,it’s becoming crisp,stative-h,"perfective: expected 'uhstakayvlhv'i', got [""uhstakayvhiv'i""]"
378,it’s becoming crisp,stative-h,"perfective: expected 'uhstakayvlhv'i', got [""uhstakayvhiv'i""]"
378,it’s becoming crisp,stative-h,"perfective: expected 'uhstakayvlhv'i', got [""uhstakayvhiv'i""]"
378,it’s becoming crisp,stative-h,"perfective: expected 'uhstakayvlhv'i', got [""uhstakayvhiv'i""]"
378,it’s becoming crisp,stative-h,"perfective: expected 'uhstakayvlhv'i', got [""uhstakayvhiv'i""]"
378,it’s becoming crisp,stative-h,"perfective: expected 'uhstakayvlhv'i', got [""uhstakayvhiv'i""]"
378,it’s becoming crisp,stative-h,"perfective: expected 'uhstakayvlhv'i', got [""uhstakayvhiv'i""]"
378,it’s becoming crisp,stative-h,"perfective: expected 'uhstakayvlhv'i', got [""uhstakayvhiv'i""]"
378,it’s becoming crisp,stative-h,"perfective: expected 'uhstakayvlhv'i', got [""uhstakayvhiv'i""]"
378,it’s becoming crisp,stative-h,"perfective: expected 'uhstakayvlhv'i', got [""uhstakayvhiv'i""]"
965,it’s dripping,stative-h,"perfective: expected 'uwahskwolv'i', got [""uwahskwo'iv'i""]; infinitive: expected 'uwahskwo'ihsti', got [""uwahskwo'ii""]"
965,it’s dripping,stative-h,"perfective: expected 'uwahskwolv'i', got [""uwahskwo'iv'i""]; infinitive: expected 'uwahskwo'ihsti', got [""uwahskwo'ii""]"
965,it’s dripping,stative-h,"perfective: expected 'uwahskwolv'i', got [""uwahskwo'iv'i""]; infinitive: expected 'uwahskwo'ihsti', got [""uwahskwo'ii""]"
965,it’s dripping,stative-h,"perfective: expected 'uwahskwolv'i', got [""uwahskwo'iv'i""]; infinitive: expected 'uwahskwo'ihsti', got [""uwahskwo'ii""]"
970,it’s hanging,stative-h,"imperative: expected 'hathehsti', got ['hat']"
970,it’s hanging,stative-h,"imperative: expected 'hathehsti', got ['hat']"
970,it’s hanging,stative-h,"imperative: expected 'hathehsti', got ['hat']"
1616,it’s happening to him,stative-h,"perfective: expected 'ulhstanhelv'i', got [""ulhstanhev'i""]; imperative: expected 'tsalhstahsi', got ['tsalhstanhe']; infinitive: expected 'ulhstanhehti', got ['ulhstanhei']"
1616,it’s happening to him,stative-h,"perfective: expected 'ulhstanhelv'i', got [""ulhstanhev'i""]; imperative: expected 'tsalhstahsi', got ['tsalhstanhe']; infinitive: expected 'ulhstanhehti', got ['ulhstanhei']"
1470,it’s in view,stative-h,"perfective: expected 'utayvlathv'i', got [""utayvlatv'i""]; imperative: expected 'tsatayvlathehsti', got ['tsatayvlat']; infinitive: expected 'utayvlathti', got ['utayvlati']"
1470,it’s in view,stative-h,"perfective: expected 'utayvlathv'i', got [""utayvlatv'i""]; imperative: expected 'tsatayvlathehsti', got ['tsatayvlat']; infinitive: expected 'utayvlathti', got ['utayvlati']"
1470,it’s in view,stative-h,"perfective: expected 'utayvlathv'i', got [""utayvlatv'i""]; imperative: expected 'tsatayvlathehsti', got ['tsatayvlat']; infinitive: expected 'utayvlathti', got ['utayvlati']"
1470,it’s in view,stative-h,"perfective: expected 'utayvlathv'i', got [""utayvlatv'i""]; imperative: expected 'tsatayvlathehsti', got ['tsatayvlat']; infinitive: expected 'utayvlathti', got ['utayvlati']"
1592,it’s sticking out,stative-h,"perfective: expected 'ukhsathv'i', got [""ukhsatv'i""]; imperative: expected 'tsakhsathehsti', got ['tsakhsat']; infinitive: expected 'ukhsathti', got ['ukhsati']"
172,it’s taking time,stative-h,"perfective: expected 'ulhi'ilitolv'i', got [""ulhi'ilitov'i""]; infinitive: expected 'ulhi'ilitahsti', got [""ulhi'ilitoi""]"
172,it’s taking time,stative-h,"perfective: expected 'ulhi'ilitolv'i', got [""ulhi'ilitov'i""]; infinitive: expected 'ulhi'ilitahsti', got [""ulhi'ilitoi""]"
172,it’s taking time,stative-h,"perfective: expected 'ulhi'ilitolv'i', got [""ulhi'ilitov'i""]; infinitive: expected 'ulhi'ilitahsti', got [""ulhi'ilitoi""]"
172,it’s taking time,stative-h,"perfective: expected 'ulhi'ilitolv'i', got [""ulhi'ilitov'i""]; infinitive: expected 'ulhi'ilitahsti', got [""ulhi'ilitoi""]"
172,it’s taking time,stative-h,"perfective: expected 'ulhi'ilitolv'i', got [""ulhi'ilitov'i""]; infinitive: expected 'ulhi'ilitahsti', got [""ulhi'ilitoi""]"
172,it’s taking time,stative-h,"perfective: expected 'ulhi'ilitolv'i', got [""ulhi'ilitov'i""]; infinitive: expected 'ulhi'ilitahsti', got [""ulhi'ilitoi""]"
172,it’s taking time,stative-h,"perfective: expected 'ulhi'ilitolv'i', got [""ulhi'ilitov'i""]; infinitive: expected 'ulhi'ilitahsti', got [""ulhi'ilitoi""]"
172,it’s taking time,stative-h,"perfective: expected 'ulhi'ilitolv'i', got [""ulhi'ilitov'i""]; infinitive: expected 'ulhi'ilitahsti', got [""ulhi'ilitoi""]"
172,it’s taking time,stative-h,"perfective: expected 'ulhi'ilitolv'i', got [""ulhi'ilitov'i""]; infinitive: expected 'ulhi'ilitahsti', got [""ulhi'ilitoi""]"
172,it’s taking time,stative-h,"perfective: expected 'ulhi'ilitolv'i', got [""ulhi'ilitov'i""]; infinitive: expected 'ulhi'ilitahsti', got [""ulhi'ilitoi""]"
172,it’s taking time,stative-h,"perfective: expected 'ulhi'ilitolv'i', got [""ulhi'ilitov'i""]; infinitive: expected 'ulhi'ilitahsti', got [""ulhi'ilitoi""]"
172,it’s taking time,stative-h,"perfective: expected 'ulhi'ilitolv'i', got [""ulhi'ilitov'i""]; infinitive: expected 'ulhi'ilitahsti', got [""ulhi'ilitoi""]"
172,it’s taking time,stative-h,"perfective: expected 'ulhi'ilitolv'i', got [""ulhi'ilitov'i""]; infinitive: expected 'ulhi'ilitahsti', got [""ulhi'ilitoi""]"
172,it’s taking time,stative-h,"perfective: expected 'ulhi'ilitolv'i', got [""ulhi'ilitov'i""]; infinitive: expected 'ulhi'ilitahsti', got [""ulhi'ilitoi""]"
172,it’s taking time,stative-h,"perfective: expected 'ulhi'ilitolv'i', got [""ulhi'ilitov'i""]; infinitive: expected 'ulhi'ilitahsti', got [""ulhi'ilitoi""]"
172,it’s taking time,stative-h,"perfective: expected 'ulhi'ilitolv'i', got [""ulhi'ilitov'i""]; infinitive: expected 'ulhi'ilitahsti', got [""ulhi'ilitoi""]"
172,it’s taking time,stative-h,"perfective: expected 'ulhi'ilitolv'i', got [""ulhi'ilitov'i""]; infinitive: expected 'ulhi'ilitahsti', got [""ulhi'ilitoi""]"
172,it’s taking time,stative-h,"perfective: expected 'ulhi'ilitolv'i', got [""ulhi'ilitov'i""]; infinitive: expected 'ulhi'ilitahsti', got [""ulhi'ilitoi""]"
172,it’s taking time,stative-h,"perfective: expected 'ulhi'ilitolv'i', got [""ulhi'ilitov'i""]; infinitive: expected 'ulhi'ilitahsti', got [""ulhi'ilitoi""]"
172,it’s taking time,stative-h,"perfective: expected 'ulhi'ilitolv'i', got [""ulhi'ilitov'i""]; infinitive: expected 'ulhi'ilitahsti', got [""ulhi'ilitoi""]"
44,it’s twisting,stative-h,"perfective: expected 'utanutheyolv'i', got [""utanutheyov'i""]; imperative: expected 'hatanutheyaka', got ['hatanutheyo']; infinitive: expected 'utanutheyoti', got ['utanutheyoi']"
44,it’s twisting,stative-h,"perfective: expected 'utanutheyolv'i', got [""utanutheyov'i""]; imperative: expected 'hatanutheyaka', got ['hatanutheyo']; infinitive: expected 'utanutheyoti', got ['utanutheyoi']"
44,it’s twisting,stative-h,"perfective: expected 'utanutheyolv'i', got [""utanutheyov'i""]; imperative: expected 'hatanutheyaka', got ['hatanutheyo']; infinitive: expected 'utanutheyoti', got ['utanutheyoi']"
44,it’s twisting,stative-h,"perfective: expected 'utanutheyolv'i', got [""utanutheyov'i""]; imperative: expected 'hatanutheyaka', got ['hatanutheyo']; infinitive: expected 'utanutheyoti', got ['utanutheyoi']"
1535,there is dew,stative-h,"perfective: expected 'uhihsathv'i', got [""uhihsatv'i""]; imperative: expected 'tsahihsathehsti', got ['tsahihsat']"
1479,he/she has a fever,stative-k,"perfective: expected 'utilhehvhskv'i', got [""utilhehvhsv'i""]; imperative: expected 'tsatilhehvhi', got ['tsatilhehvhs']; infinitive: expected 'utilhehvhsti', got ['utilhehvhsi']"
1479,he/she has a fever,stative-k,"perfective: expected 'utilhehvhskv'i', got [""utilhehvhsv'i""]; imperative: expected 'tsatilhehvhi', got ['tsatilhehvhs']; infinitive: expected 'utilhehvhsti', got ['utilhehvhsi']"
1479,he/she has a fever,stative-k,"perfective: expected 'utilhehvhskv'i', got [""utilhehvhsv'i""]; imperative: expected 'tsatilhehvhi', got ['tsatilhehvhs']; infinitive: expected 'utilhehvhsti', got ['utilhehvhsi']"
1479,he/she has a fever,stative-k,"perfective: expected 'utilhehvhskv'i', got [""utilhehvhsv'i""]; imperative: expected 'tsatilhehvhi', got ['tsatilhehvhs']; infinitive: expected 'utilhehvhsti', got ['utilhehvhsi']"
1479,he/she has a fever,stative-k,"perfective: expected 'utilhehvhskv'i', got [""utilhehvhsv'i""]; imperative: expected 'tsatilhehvhi', got ['tsatilhehvhs']; infinitive: expected 'utilhehvhsti', got ['utilhehvhsi']"
542,he/she is accepting him/her,stative-k,"perfective: expected 'tutanilvtsv'i', got [""teutanilvv'i"", ""tutanilvv'i""]; imperative: expected 'thiyatanilvki', got ['thiyatanilv', 'tihiyatanilv', 'tshiyatanilv']; infinitive: expected 'tsutanilvhsti', got ['tiutanilvi', 'tsutanilvi', 'tutanilvi']"
542,he/she is accepting him/her,stative-k,"perfective: expected 'tutanilvtsv'i', got [""teutanilvv'i"", ""tutanilvv'i""]; imperative: expected 'thiyatanilvki', got ['thiyatanilv', 'tihiyatanilv', 'tshiyatanilv']; infinitive: expected 'tsutanilvhsti', got ['tiutanilvi', 'tsutanilvi', 'tutanilvi']"
542,he/she is accepting him/her,stative-k,"perfective: expected 'tutanilvtsv'i', got [""teutanilvv'i"", ""tutanilvv'i""]; imperative: expected 'thiyatanilvki', got ['thiyatanilv', 'tihiyatanilv', 'tshiyatanilv']; infinitive: expected 'tsutanilvhsti', got ['tiutanilvi', 'tsutanilvi', 'tutanilvi']"
542,he/she is accepting him/her,stative-k,"perfective: expected 'tutanilvtsv'i', got [""teutanilvv'i"", ""tutanilvv'i""]; imperative: expected 'thiyatanilvki', got ['thiyatanilv', 'tihiyatanilv', 'tshiyatanilv']; infinitive: expected 'tsutanilvhsti', got ['tiutanilvi', 'tsutanilvi', 'tutanilvi']"
242,he/she is acting like him/her,stative-k,"perfective: expected 'utselvnhv'i', got [""utselvhsv'i""]; imperative: expected 'hatselvna', got ['hatselvhs']; infinitive: expected 'utselhti', got ['utselvhsi']"
622,he/she is advertising it,stative-k,"perfective: expected 'tunotsalhanv'i', got [""teunotsalhvhsv'i"", ""tunotsalhvhsv'i""]; imperative: expected 'thinotsalhvka', got ['thinotsalhvhs', 'tihinotsalhvhs', 'tshinotsalhvhs']; infinitive: expected 'tsunotsalhti', got ['tiunotsalhvhsi', 'tsunotsalhvhsi', 'tunotsalhvhsi']"
622,he/she is advertising it,stative-k,"perfective: expected 'tunotsalhanv'i', got [""teunotsalhvhsv'i"", ""tunotsalhvhsv'i""]; imperative: expected 'thinotsalhvka', got [""thinotsa'lvhs"", ""tihinotsa'lvhs"", ""tshinotsa'lvhs""]; infinitive: expected 'tsunotsalhti', got ['tiunotsalhvhsi', 'tsunotsalhvhsi', 'tunotsalhvhsi']"
427,he/she is amazed,stative-k,"imperative: expected 'hihskwanikohi', got ['hihskwanikohs']; infinitive: expected 'uhskwanikohihsti', got ['uhskwanikohsi']"
427,he/she is amazed,stative-k,"imperative: expected 'hihskwanikohi', got ['hihskwanikohs']; infinitive: expected 'uhskwanikohihsti', got ['uhskwanikohsi']"
427,he/she is amazed,stative-k,"imperative: expected 'hihskwanikohi', got ['hihskwanikohs']; infinitive: expected 'uhskwanikohihsti', got ['uhskwanikohsi']"
427,he/she is amazed,stative-k,"imperative: expected 'hihskwanikohi', got ['hihskwanikohs']; infinitive: expected 'uhskwanikohihsti', got ['uhskwanikohsi']"
858,he/she is arriving,stative-k,"perfective: expected 'uluhtsv'i', got [""uluhv'i""]; imperative: expected 'hi'luhki', got [""hi'luh""]; infinitive: expected 'uluhihsti', got ['uluhi']"
1221,he/she is ascending an incline,stative-k,"imperative: expected 'hinhaluhi', got ['hinhaluhs']; infinitive: expected 'unhaluhihsti', got ['unhaluhsi']"
1221,he/she is ascending an incline,stative-k,"imperative: expected 'hinhaluhi', got ['hinhaluhs']; infinitive: expected 'unhaluhihsti', got ['unhaluhsi']"
495,he/she is asking him/her a question,stative-k,"perfective: expected 'uthvtvnhv'i', got [""uthvtvhvhsv'i""]; imperative: expected 'hiyathvtvhvka', got ['hiyathvtvhvhs']; infinitive: expected 'uthvthti', got ['uthvtvhvhsi']"
495,he/she is asking him/her a question,stative-k,"perfective: expected 'uthvtvnhv'i', got [""uthvtvhvhsv'i""]; imperative: expected 'hiyathvtvhvka', got ['hiyathvtvhvhs']; infinitive: expected 'uthvthti', got ['uthvtvhvhsi']"
960,he/she is attaching the object behind it (refers to a flexible object),stative-k,"perfective: expected 'uwahsanenatvnv'i', got [""uwahsanenatvhsv'i""]; imperative: expected 'hihsanenatvka', got ['hihsanenatvhs']; infinitive: expected 'uwahsanenatvti', got ['uwahsanenatvhsi']"
574,he/she is attacking him/her,stative-k,"perfective: expected 'tukhthilvhsv'i', got [""teukhthilev'i"", ""tukhthilev'i""]; imperative: expected 'thikathiluka', got ['thikathile', 'tihikathile', 'tshikathile']; infinitive: expected 'tsukhthilvhsti', got ['tiukhthilei', 'tsukhthilei', 'tukhthilei']"
574,he/she is attacking him/her,stative-k,"perfective: expected 'tukhthilvhsv'i', got [""teukhthilev'i"", ""tukhthilev'i""]; imperative: expected 'thikathiluka', got ['thikathile', 'tihikathile', 'tshikathile']; infinitive: expected 'tsukhthilvhsti', got ['tiukhthilei', 'tsukhthilei', 'tukhthilei']"
432,he/she is backing up,stative-k,"perfective: expected 'uhsinvhsv'i', got [""uhsinev'i""]; imperative: expected 'hahsinuka', got ['hahsine']; infinitive: expected 'uhsinvhsti', got ['uhsinei']"
182,he/she is beating him/her at a game,stative-k,"imperative: expected 'hilhohi', got ['hilhohs']; infinitive: expected 'ulhohihsti', got ['ulhohsi']"
182,he/she is beating him/her at a game,stative-k,"imperative: expected 'hilhohi', got ['hilhohs']; infinitive: expected 'ulhohihsti', got ['ulhohsi']"
182,he/she is beating him/her at a game,stative-k,"imperative: expected 'hilhohi', got ['hilhohs']; infinitive: expected 'ulhohihsti', got ['ulhohsi']"
182,he/she is beating him/her at a game,stative-k,"imperative: expected 'hilhohi', got ['hilhohs']; infinitive: expected 'ulhohihsti', got ['ulhohsi']"
1544,he/she is becoming angry,stative-k,"perfective: expected 'unhalvtsv'i', got [""unhalvv'i""]; imperative: expected 'tshanalvki', got ['tshanalv']; infinitive: expected 'unhalv'ihsti', got ['unhalvi']"
568,he/she is becoming blind,stative-k,"perfective: expected 'tukhewatsv'i', got [""teukhewav'i"", ""tukhewav'i""]; imperative: expected 'thikhewaki', got ['thikhewa', 'tihikhewa', 'tshikhewa']; infinitive: expected 'tsukhewa'ihsti', got ['tiukhewai', 'tsukhewai', 'tukhewai']"
568,he/she is becoming blind,stative-k,"perfective: expected 'tukhewatsv'i', got [""teukhewav'i"", ""tukhewav'i""]; imperative: expected 'thikhewaki', got ['thikhewa', 'tihikhewa', 'tshikhewa']; infinitive: expected 'tsukhewa'ihsti', got ['tiukhewai', 'tsukhewai', 'tukhewai']"
1684,he/she is becoming enraged,stative-k,"imperative: expected 'tsthalhawohi', got ['tsthalhawohs']; infinitive: expected 'uthalhawohihsti', got ['uthalhawohsi']"
1514,he/she is becoming warm,stative-k,"imperative: expected 'tsakanawohi', got ['tsakanawohs']; infinitive: expected 'ukanawohihsti', got ['ukanawohsi']"
286,he/she is becoming wise,stative-k,"imperative: expected 'hikhtho'vhi', got ['hikhthohvhs']; infinitive: expected 'ukhtho'vhihsti', got ['ukhthohvhsi']"
286,he/she is becoming wise,stative-k,"imperative: expected 'hikhtho'vhi', got ['hikhthohvhs']; infinitive: expected 'ukhtho'vhihsti', got ['ukhthohvhsi']"
63,he/she is being born,stative-k,"perfective: expected 'utenhv'i', got [""utehvhsv'i""]; imperative: expected 'hatehvka', got ['hatehvhs']; infinitive: expected 'utehti', got ['utehvhsi']"
63,he/she is being born,stative-k,"perfective: expected 'utenhv'i', got [""utehvhsv'i""]; imperative: expected 'hatehvka', got ['hatehvhs']; infinitive: expected 'utehti', got ['utehvhsi']"
1699,he/she is belching,stative-k,"perfective: expected 'uwakhuletsv'i', got [""uwakhulev'i""]; imperative: expected 'tsakhuleki', got ['tsakhule']; infinitive: expected 'uwakhule'ihsti', got ['uwakhulei']"
228,he/she is bending it,stative-k,"perfective: expected 'uyhvhkwitvnv'i', got [""uyhvhkwitvhsv'i""]; imperative: expected 'hiyhvhkwitv'vka', got ['hiyhvhkwitvhs']; infinitive: expected 'uyhvhkwitvti', got ['uyhvhkwitvhsi']"
228,he/she is bending it,stative-k,"perfective: expected 'uyhvhkwitvnv'i', got [""uyhvhkwitvhsv'i""]; imperative: expected 'hiyhvhkwitv'vka', got ['hiyhvhkwitvhs']; infinitive: expected 'uyhvhkwitvti', got ['uyhvhkwitvhsi']"
402,he/she is biting him/her,stative-k,"perfective: expected 'uhskalhtsv'i', got [""uhskalhv'i""]; imperative: expected 'hihskala', got ['hihskalh']; infinitive: expected 'uhskalhsti', got ['uhskalhi']"
402,he/she is biting him/her,stative-k,"perfective: expected 'uhskalhtsv'i', got [""uhskalhv'i""]; imperative: expected 'hihskala', got ['hihskalh']; infinitive: expected 'uhskalhsti', got ['uhskalhi']"
402,he/she is biting him/her,stative-k,"perfective: expected 'uhskalhtsv'i', got [""uhskalhv'i""]; imperative: expected 'hihskala', got ['hihskalh']; infinitive: expected 'uhskalhsti', got ['uhskalhi']"
402,he/she is biting him/her,stative-k,"perfective: expected 'uhskalhtsv'i', got [""uhskalhv'i""]; imperative: expected 'hihskala', got ['hihskalh']; infinitive: expected 'uhskalhsti', got ['uhskalhi']"
572,he/she is blinking,stative-k,"imperative: expected 'thakhthanawha', got ['thakhthanawhs', 'tihakhthanawhs', 'tshakhthanawhs']; infinitive: expected 'tsukhthanawhsti', got ['tiukhthanawhsi', 'tsukhthanawhsi', 'tukhthanawhsi']"
254,he/she is blowing,stative-k,"perfective: expected 'utsothahv'i', got [""utsothahsv'i""]; imperative: expected 'hatsotha', got ['hatsothahs']; infinitive: expected 'utsothahsti', got ['utsothahsi']"
487,he/she is borrowing him/her,stative-k,"imperative: expected 'hiyathola', got ['hiyatholhs']; infinitive: expected 'utholhihsti', got ['utholhsi']"
487,he/she is borrowing him/her,stative-k,"imperative: expected 'hiyathola', got ['hiyatholhs']; infinitive: expected 'utholhihsti', got ['utholhsi']"
100,he/she is bragging,stative-k,"imperative: expected 'hatlvkwha', got ['hatlvkwhs']; infinitive: expected 'utlvkwhihsti', got ['utlvkwhsi']"
100,he/she is bragging,stative-k,"imperative: expected 'hatlvkwha', got ['hatlvkwhs']; infinitive: expected 'utlvkwhihsti', got ['utlvkwhsi']"
424,he/she is breaking it (refers to a long object),stative-k,"imperative: expected 'hihskwala', got ['hihskwalhs']; infinitive: expected 'uhskwalhsti', got ['uhskwalhsi']"
424,he/she is breaking it (refers to a long object),stative-k,"imperative: expected 'hihskwala', got ['hihskwalhs']; infinitive: expected 'uhskwalhsti', got ['uhskwalhsi']"
424,he/she is breaking it (refers to a long object),stative-k,"imperative: expected 'hihskwala', got ['hihskwalhs']; infinitive: expected 'uhskwalhsti', got ['uhskwalhsi']"
424,he/she is breaking it (refers to a long object),stative-k,"imperative: expected 'hihskwala', got ['hihskwalhs']; infinitive: expected 'uhskwalhsti', got ['uhskwalhsi']"
1043,he/she is building a fire,stative-k,"perfective: expected 'uwothanv'i', got [""uwothvhsv'i""]; imperative: expected 'hothvka', got ['hothvhs']; infinitive: expected 'uwothti', got ['uwothvhsi']"
837,he/she is burning,stative-k,"imperative: expected 'hileyvhi', got ['hileyvhs']; infinitive: expected 'uleyvhihsti', got ['uleyvhsi']"
837,he/she is burning,stative-k,"imperative: expected 'hileyvhi', got ['hileyvhs']; infinitive: expected 'uleyvhihsti', got ['uleyvhsi']"
1561,he/she is buying it,stative-k,"imperative: expected 'tshawahi', got ['tshawahs']; infinitive: expected 'uwhahihsti', got ['uwhahsi']"
198,he/she is carrying it on his/her shoulder (refers to a long object),stative-k,"perfective: expected 'unholhinvhsv'i', got [""unholhinev'i""]; imperative: expected 'hanholhinuka', got ['hanholhine']; infinitive: expected 'unholhinvhsti', got ['unholhinei']"
101,he/she is catching up with him/her,stative-k,"perfective: expected 'utlvthahv'i', got [""utlvthahsv'i""]; imperative: expected 'hiyatlvtha', got ['hiyatlvthahs']; infinitive: expected 'utlvthahsti', got ['utlvthahsi']"
101,he/she is catching up with him/her,stative-k,"perfective: expected 'utlvthahv'i', got [""utlvthahsv'i""]; imperative: expected 'hiyatlvtha', got ['hiyatlvthahs']; infinitive: expected 'utlvthahsti', got ['utlvthahsi']"
259,he/she is chasing him/her,stative-k,"perfective: expected 'ukhehvhsv'i', got [""ukhehev'i""]; imperative: expected 'hikhehuka', got ['hikhehe']; infinitive: expected 'ukhehvhsti', got ['ukhehei']"
259,he/she is chasing him/her,stative-k,"perfective: expected 'ukhehvhsv'i', got [""ukhehev'i""]; imperative: expected 'hikhehuka', got ['hikhehe']; infinitive: expected 'ukhehvhsti', got ['ukhehei']"
259,he/she is chasing him/her,stative-k,"perfective: expected 'ukhehvhsv'i', got [""ukhehev'i""]; imperative: expected 'hikhehuka', got ['hikhehe']; infinitive: expected 'ukhehvhsti', got ['ukhehei']"
259,he/she is chasing him/her,stative-k,"perfective: expected 'ukhehvhsv'i', got [""ukhehev'i""]; imperative: expected 'hikhehuka', got ['hikhehe']; infinitive: expected 'ukhehvhsti', got ['ukhehei']"
1571,he/she is choking on it,stative-k,"perfective: expected 'uyhvhtsinvtsv'i', got [""uyhvhtsinvthv'i""]; imperative: expected 'tshayvhtsinvthki', got ['tshayvhtsinvth']; infinitive: expected 'uyhvhtsinvtsti', got ['uyhvhtsinvthi']"
862,he/she is chopping it,stative-k,"perfective: expected 'uluyhv'i', got [""uluyhsv'i""]; imperative: expected 'hiluyha', got ['hiluyhs']; infinitive: expected 'uluyhsti', got ['uluyhsi']"
862,he/she is chopping it,stative-k,"perfective: expected 'uluyhv'i', got [""uluyhsv'i""]; imperative: expected 'hiluyha', got ['hiluyhs']; infinitive: expected 'uluyhsti', got ['uluyhsi']"
149,he/she is chopping it up,stative-k,"perfective: expected 'ukvhaluyhv'i', got [""ukvhaluyhsv'i""]; imperative: expected 'hikvhaluyha', got ['hikvhaluyhs']; infinitive: expected 'ukvhaluyhsti', got ['ukvhaluyhsi']"
632,he/she is clawing him/her,stative-k,"imperative: expected 'thinukola', got ['thinukohs', 'tihinukohs', 'tshinukohs']; infinitive: expected 'tsunhukohsti', got ['tiunhukohsi', 'tsunhukohsi', 'tunhukohsi']"
632,he/she is clawing him/her,stative-k,"imperative: expected 'thinukola', got ['thinukohs', 'tihinukohs', 'tshinukohs']; infinitive: expected 'tsunhukohsti', got ['tiunhukohsi', 'tsunhukohsi', 'tunhukohsi']"
389,he/she is closing it,stative-k,"perfective: expected 'uhstunhv'i', got [""uhstuhvhsv'i""]; imperative: expected 'hihstuhvka', got ['hihstuhvhs']; infinitive: expected 'uhstuti', got ['uhstuhvhsi']"
389,he/she is closing it,stative-k,"perfective: expected 'uhstunhv'i', got [""uhstuhvhsv'i""]; imperative: expected 'hihstuhvka', got ['hihstuhvhs']; infinitive: expected 'uhstuti', got ['uhstuhvhsi']"
389,he/she is closing it,stative-k,"perfective: expected 'uhstunhv'i', got [""uhstuhvhsv'i""]; imperative: expected 'hihstuhvka', got ['hihstuhvhs']; infinitive: expected 'uhstuti', got ['uhstuhvhsi']"
389,he/she is closing it,stative-k,"perfective: expected 'uhstunhv'i', got [""uhstuhvhsv'i""]; imperative: expected 'hihstuhvka', got ['hihstuhvhs']; infinitive: expected 'uhstuti', got ['uhstuhvhsi']"
1229,he/she is cold,stative-k,"perfective: expected 'unhawotsv'i', got [""unhawov'i""]; imperative: expected 'hinhawoki', got ['hinhawo']; infinitive: expected 'unhawohsti', got ['unhawoi']"
1229,he/she is cold,stative-k,"perfective: expected 'unhawotsv'i', got [""unhawov'i""]; imperative: expected 'hinhawoki', got ['hinhawo']; infinitive: expected 'unhawohsti', got ['unhawoi']"
1241,he/she is collecting from him/her,stative-k,"perfective: expected 'unhilhanv'i', got [""unhilhvhsv'i""]; imperative: expected 'hinilhvka', got ['hinilhvhs']; infinitive: expected 'unhilhti', got ['unhilhvhsi']"
1241,he/she is collecting from him/her,stative-k,"perfective: expected 'unhilhanv'i', got [""unhilhvhsv'i""]; imperative: expected 'hinilhvka', got ['hinilhvhs']; infinitive: expected 'unhilhti', got ['unhilhvhsi']"
405,he/she is committing a crime,stative-k,"perfective: expected 'uhskanvtsv'i', got [""uhskanvv'i""]; imperative: expected 'hihskanvki', got ['hihskanv']; infinitive: expected 'uhskanvyhsti', got ['uhskanvi']"
405,he/she is committing a crime,stative-k,"perfective: expected 'uhskanvtsv'i', got [""uhskanvv'i""]; imperative: expected 'hihskanvki', got ['hihskanv']; infinitive: expected 'uhskanvyhsti', got ['uhskanvi']"
405,he/she is committing a crime,stative-k,"perfective: expected 'uhskanvtsv'i', got [""uhskanvv'i""]; imperative: expected 'hihskanvki', got ['hihskanv']; infinitive: expected 'uhskanvyhsti', got ['uhskanvi']"
405,he/she is committing a crime,stative-k,"perfective: expected 'uhskanvtsv'i', got [""uhskanvv'i""]; imperative: expected 'hihskanvki', got ['hihskanv']; infinitive: expected 'uhskanvyhsti', got ['uhskanvi']"
722,he/she is confronted with it,stative-k,"imperative: expected 'titsatlohi', got ['titsatlohs', 'tstsatlohs', 'ttsatlohs']; infinitive: expected 'tsutlohihsti', got ['tiutlohsi', 'tsutlohsi', 'tutlohsi']"
722,he/she is confronted with it,stative-k,"imperative: expected 'titsatlohi', got ['titsatlohs', 'tstsatlohs', 'ttsatlohs']; infinitive: expected 'tsutlohihsti', got ['tiutlohsi', 'tsutlohsi', 'tutlohsi']"
1236,he/she is contaminating it (refers to contaminated by visible foreign matter),stative-k,"perfective: expected 'unhehsalhanv'i', got [""unhehsalhvhsv'i""]; imperative: expected 'hinhehsalhvka', got ['hinhehsalhvhs']; infinitive: expected 'unhehsalhti', got ['unhehsalhvhsi']"
1236,he/she is contaminating it (refers to contaminated by visible foreign matter),stative-k,"perfective: expected 'unhehsalhanv'i', got [""unhehsalhvhsv'i""]; imperative: expected 'hinhehsalhvka', got ['hinhehsalhvhs']; infinitive: expected 'unhehsalhti', got ['unhehsalhvhsi']"
48,he/she is cooking a meal,stative-k,"perfective: expected 'utahstayvnhv'i', got [""utahstayvhvhsv'i""]; imperative: expected 'hatahstayvhvka', got ['hatahstayvhvhs']; infinitive: expected 'utahstayhti', got ['utahstayvhvhsi']"
48,he/she is cooking a meal,stative-k,"perfective: expected 'utahstayvnhv'i', got [""utahstayvhvhsv'i""]; imperative: expected 'hatahstayvhvka', got ['hatahstayvhvhs']; infinitive: expected 'utahstayhti', got ['utahstayvhvhsi']"
48,he/she is cooking a meal,stative-k,"perfective: expected 'utahstayvnhv'i', got [""utahstayvhvhsv'i""]; imperative: expected 'hatahstayvhvka', got ['hatahstayvhvhs']; infinitive: expected 'utahstayhti', got ['utahstayvhvhsi']"
48,he/she is cooking a meal,stative-k,"perfective: expected 'utahstayvnhv'i', got [""utahstayvhvhsv'i""]; imperative: expected 'hatahstayvhvka', got ['hatahstayvhvhs']; infinitive: expected 'utahstayhti', got ['utahstayvhvhsi']"
1055,he/she is covering it,stative-k,"perfective: expected 'uwulhvnv'i', got [""uwulhvhsv'i""]; imperative: expected 'hulhv'vka', got ['hulhvhs']; infinitive: expected 'uwulhvti', got ['uwulhvhsi']"
621,he/she is crossing (refers to a road‚ bridge‚ etc.),stative-k,"imperative: expected 'thinatiwhi', got ['thinatiwhs', 'tihinatiwhs', 'tshinatiwhs']; infinitive: expected 'tsunatiwhihsti', got ['tiunatiwhsi', 'tsunatiwhsi', 'tunatiwhsi']"
621,he/she is crossing (refers to a road‚ bridge‚ etc.),stative-k,"imperative: expected 'thinatiwhi', got ['thinatiwhs', 'tihinatiwhs', 'tshinatiwhs']; infinitive: expected 'tsunatiwhihsti', got ['tiunatiwhsi', 'tsunatiwhsi', 'tunatiwhsi']"
623,he/she is crossing it (refers to a body of water),stative-k,"perfective: expected 'tuwahsohtsv'i', got [""teuwahsohv'i"", ""tuwahsohv'i""]; imperative: expected 'thihsohki', got ['thihsoh', 'tihihsoh', 'tshihsoh']; infinitive: expected 'tsuwahsohihsti', got ['tiuwahsohi', 'tsuwahsohi', 'tuwahsohi']"
526,he/she is destroying it,stative-k,"perfective: expected 'uyohsthanonhv'i', got [""uyohsthanohvhsv'i""]; imperative: expected 'hiyohsthanonha', got ['hiyohsthanohvhs']; infinitive: expected 'uyohsthanohvhsti', got ['uyohsthanohvhsi']"
526,he/she is destroying it,stative-k,"perfective: expected 'uyohsthanonhv'i', got [""uyohsthanohvhsv'i""]; imperative: expected 'hiyohsthanonha', got ['hiyohsthanohvhs']; infinitive: expected 'uyohsthanohvhsti', got ['uyohsthanohvhsi']"
417,he/she is digging it,stative-k,"imperative: expected 'hahskola', got ['hahskohs']; infinitive: expected 'uhskohsti', got ['uhskohsi']"
69,he/she is diving,stative-k,"perfective: expected 'utethinv'i', got [""utethvhsv'i""]; imperative: expected 'hatethvka', got ['hatethvhs']; infinitive: expected 'utethti', got ['utethvhsi']"
69,he/she is diving,stative-k,"perfective: expected 'utethinv'i', got [""utethvhsv'i""]; imperative: expected 'hatethvka', got ['hatethvhs']; infinitive: expected 'utethti', got ['utethvhsi']"
931,he/she is dragging him/her,stative-k,"perfective: expected 'unhsinvhsv'i', got [""unhsinev'i""]; imperative: expected 'hinahsinuka', got ['hinahsine']; infinitive: expected 'unhsinvhsti', got ['unhsinei']"
931,he/she is dragging him/her,stative-k,"perfective: expected 'unhsinvhsv'i', got [""unhsinev'i""]; imperative: expected 'hinahsinuka', got ['hinahsine']; infinitive: expected 'unhsinvhsti', got ['unhsinei']"
380,he/she is drawing a line,stative-k,"perfective: expected 'uhstanvnhanv'i', got [""uhstanvnhvhsv'i""]; imperative: expected 'hihstanvnhvka', got ['hihstanvnhvhs']; infinitive: expected 'uhstanvnhti', got ['uhstanvnhvhsi']"
380,he/she is drawing a line,stative-k,"perfective: expected 'uhstanvnhanv'i', got [""uhstanvnhvhsv'i""]; imperative: expected 'hihstanvnhvka', got ['hihstanvnhvhs']; infinitive: expected 'uhstanvnhti', got ['uhstanvnhvhsi']"
380,he/she is drawing a line,stative-k,"perfective: expected 'uhstanvnhanv'i', got [""uhstanvnhvhsv'i""]; imperative: expected 'hihstanvnhvka', got ['hihstanvnhvhs']; infinitive: expected 'uhstanvnhti', got ['uhstanvnhvhsi']"
380,he/she is drawing a line,stative-k,"perfective: expected 'uhstanvnhanv'i', got [""uhstanvnhvhsv'i""]; imperative: expected 'hihstanvnhvka', got ['hihstanvnhvhs']; infinitive: expected 'uhstanvnhti', got ['uhstanvnhvhsi']"
410,he/she is dreaming about him/her,stative-k,"imperative: expected 'hiyahskitsa', got ['hiyahskits']; infinitive: expected 'uhskitsti', got ['uhskitsi']"
239,he/she is dressing up,stative-k,"perfective: expected 'utsanvnhv'i', got [""utsanvhsv'i""]; imperative: expected 'hatsanvna', got ['hatsanvhs']; infinitive: expected 'utsanvhti', got ['utsanvhsi']"
465,he/she is drilling a hole,stative-k,"imperative: expected 'hithalaka', got ['hithalehs']; infinitive: expected 'uthalehsti', got ['uthalehsi']"
465,he/she is drilling a hole,stative-k,"imperative: expected 'hithalaka', got ['hithalehs']; infinitive: expected 'uthalehsti', got ['uthalehsi']"
465,he/she is drilling a hole,stative-k,"imperative: expected 'hithalaka', got ['hithalehs']; infinitive: expected 'uthalehsti', got ['uthalehsi']"
465,he/she is drilling a hole,stative-k,"imperative: expected 'hithalaka', got ['hithalehs']; infinitive: expected 'uthalehsti', got ['uthalehsi']"
82,he/she is drinking it,stative-k,"perfective: expected 'utithahv'i', got [""utithahsv'i""]; imperative: expected 'hatitha', got ['hatithahs']; infinitive: expected 'utithahsti', got ['utithahsi']"
82,he/she is drinking it,stative-k,"perfective: expected 'utithahv'i', got [""utithahsv'i""]; imperative: expected 'hatitha', got ['hatithahs']; infinitive: expected 'utithahsti', got ['utithahsi']"
82,he/she is drinking it,stative-k,"perfective: expected 'utithahv'i', got [""utithahsv'i""]; imperative: expected 'hatitha', got ['hatithahs']; infinitive: expected 'utithahsti', got ['utithahsi']"
82,he/she is drinking it,stative-k,"perfective: expected 'utithahv'i', got [""utithahsv'i""]; imperative: expected 'hatitha', got ['hatithahs']; infinitive: expected 'utithahsti', got ['utithahsi']"
82,he/she is drinking it,stative-k,"perfective: expected 'utithahv'i', got [""utithahsv'i""]; imperative: expected 'hatitha', got ['hatithahs']; infinitive: expected 'utithahsti', got ['utithahsi']"
459,he/she is drinking it up,stative-k,"perfective: expected 'uhsvnhv'i', got [""uhsvhvhsv'i""]; imperative: expected 'hihsvnha', got ['hihsvhvhs']; infinitive: expected 'uhsvhvhsti', got ['uhsvhvhsi']"
459,he/she is drinking it up,stative-k,"perfective: expected 'uhsvnhv'i', got [""uhsvhvhsv'i""]; imperative: expected 'hihsvnha', got ['hihsvhvhs']; infinitive: expected 'uhsvhvhsti', got ['uhsvhvhsi']"
459,he/she is drinking it up,stative-k,"perfective: expected 'uhsvnhv'i', got [""uhsvhvhsv'i""]; imperative: expected 'hihsvnha', got ['hihsvhvhs']; infinitive: expected 'uhsvhvhsti', got ['uhsvhvhsi']"
459,he/she is drinking it up,stative-k,"perfective: expected 'uhsvnhv'i', got [""uhsvhvhsv'i""]; imperative: expected 'hihsvnha', got ['hihsvhvhs']; infinitive: expected 'uhsvhvhsti', got ['uhsvhvhsi']"
327,he/she is eating a meal,stative-k,"perfective: expected 'ulhstayvnhv'i', got [""ulhstayvhvhsv'i""]; imperative: expected 'halhstayvhvka', got ['halhstayvhvhs']; infinitive: expected 'ulhstayhti', got ['ulhstayvhvhsi']"
327,he/she is eating a meal,stative-k,"perfective: expected 'ulhstayvnhv'i', got [""ulhstayvhvhsv'i""]; imperative: expected 'halhstayvhvka', got ['halhstayvhvhs']; infinitive: expected 'ulhstayhti', got ['ulhstayvhvhsi']"
62,he/she is embarrassed,stative-k,"imperative: expected 'hatehohi', got ['hatehohs']; infinitive: expected 'utehohihsti', got ['utehohsi']"
62,he/she is embarrassed,stative-k,"imperative: expected 'hatehohi', got ['hatehohs']; infinitive: expected 'utehohihsti', got ['utehohsi']"
624,he/she is enduring it (idiom),stative-k,"perfective: expected 'tuwethinv'i', got [""teuwethvhsv'i"", ""tuwethvhsv'i""]; imperative: expected 'thethvka', got ['thethvhs', 'tihethvhs', 'tshethvhs']; infinitive: expected 'tsuwethti', got ['tiuwethvhsi', 'tsuwethvhsi', 'tuwethvhsi']"
932,he/she is exiting,stative-k,"perfective: expected 'unukotsv'i', got [""unukov'i""]; imperative: expected 'hinuko'i', got ['hinuko']; infinitive: expected 'unukohsti', got ['unukoi']"
932,he/she is exiting,stative-k,"perfective: expected 'unukotsv'i', got [""unukov'i""]; imperative: expected 'hinuko'i', got ['hinuko']; infinitive: expected 'unukohsti', got ['unukoi']"
857,he/she is falling from an elevated position,stative-k,"imperative: expected 'hilohi', got ['hilohs']; infinitive: expected 'ulohihsti', got ['ulohsi']"
857,he/she is falling from an elevated position,stative-k,"imperative: expected 'hilohi', got ['hilohs']; infinitive: expected 'ulohihsti', got ['ulohsi']"
940,he/she is falling from an upright position,stative-k,"perfective: expected 'unvtsv'i', got [""unvv'i""]; imperative: expected 'hinvki', got ['hinv']; infinitive: expected 'unv'ihsti', got ['unvi']"
940,he/she is falling from an upright position,stative-k,"perfective: expected 'unvtsv'i', got [""unvv'i""]; imperative: expected 'hinvki', got ['hinv']; infinitive: expected 'unv'ihsti', got ['unvi']"
67,he/she is finding it out,stative-k,"imperative: expected 'hatelohohi', got ['hatelohohs']; infinitive: expected 'utelohohihsti', got ['utelohohsi']"
67,he/she is finding it out,stative-k,"imperative: expected 'hatelohohi', got ['hatelohohs']; infinitive: expected 'utelohohihsti', got ['utelohohsi']"
444,he/she is fishing,stative-k,"perfective: expected 'uhsunhv'i', got [""uhsuhvhsv'i""]; imperative: expected 'hahsuhvka', got ['hahsuhvhs']; infinitive: expected 'uhsuhti', got ['uhsuhvhsi']"
381,he/she is following him/her,stative-k,"perfective: expected 'uhstawatvhsv'i', got [""uhstawatev'i""]; imperative: expected 'hihstawatuka', got ['hihstawate']; infinitive: expected 'uhstawatvhsti', got ['uhstawatei']"
381,he/she is following him/her,stative-k,"perfective: expected 'uhstawatvhsv'i', got [""uhstawatev'i""]; imperative: expected 'hihstawatuka', got ['hihstawate']; infinitive: expected 'uhstawatvhsti', got ['uhstawatei']"
381,he/she is following him/her,stative-k,"perfective: expected 'uhstawatvhsv'i', got [""uhstawatev'i""]; imperative: expected 'hihstawatuka', got ['hihstawate']; infinitive: expected 'uhstawatvhsti', got ['uhstawatei']"
381,he/she is following him/her,stative-k,"perfective: expected 'uhstawatvhsv'i', got [""uhstawatev'i""]; imperative: expected 'hihstawatuka', got ['hihstawate']; infinitive: expected 'uhstawatvhsti', got ['uhstawatei']"
1698,he/she is forgetting it,stative-k,"imperative: expected 'witsvkhewa', got ['witsvkhewhs', 'wtsvkhewhs']; infinitive: expected 'uwakhewhihsti', got ['uwakhewhsi']"
194,he/she is frolicking,stative-k,"perfective: expected 'unhetsonv'i', got [""unhetsohsv'i""]; imperative: expected 'hanhetso'vka', got ['hanhetsohs']; infinitive: expected 'unhetsoti', got ['unhetsohsi']"
1076,he/she is frying it,stative-k,"perfective: expected 'uwvtsalhanv'i', got [""uwvtsalhvhsv'i""]; imperative: expected 'hvtsalhvka', got ['hvtsalhvhs']; infinitive: expected 'uwvtsalhti', got ['uwvtsalhvhsi']"
725,he/she is getting a rash,stative-k,"imperative: expected 'titsakwenothihi', got ['titsakwenothihs', 'tstsakwenothihs', 'ttsakwenothihs']; infinitive: expected 'tsukwenothihsti', got ['tiukwenothihsi', 'tsukwenothihsi', 'tukwenothihsi']"
610,he/she is getting exhausted,stative-k,"imperative: expected 'thahsthayehi', got ['thahsthayehs', 'tihahsthayehs', 'tshahsthayehs']; infinitive: expected 'tsuhsthayehihsti', got ['tiuhsthayehsi', 'tsuhsthayehsi', 'tuhsthayehsi']"
1021,he/she is getting full,stative-k,"imperative: expected 'holhvhi', got ['holhvhs']; infinitive: expected 'uwolhvhihsti', got ['uwolhvhsi']"
240,he/she is getting in (in a car‚ box‚ etc),stative-k,"perfective: expected 'utsanv'i', got [""utsa'vhsv'i""]; imperative: expected 'hatsa'vka', got [""hatsa'vhs""]; infinitive: expected 'utsoti', got [""utsa'vhsi""]"
99,he/she is getting off,stative-k,"imperative: expected 'hatlohi', got ['hatloyhs']; infinitive: expected 'utlohihsti', got ['utloyhsi']"
99,he/she is getting off,stative-k,"imperative: expected 'hatlohi', got ['hatloyhs']; infinitive: expected 'utlohihsti', got ['utloyhsi']"
587,he/she is getting up (from sitting or from involuntarily assumed prone position),stative-k,"perfective: expected 'tulenhv'i', got [""teulehvhsv'i"", ""tulehvhsv'i""]; imperative: expected 'thalehvka', got ['thalehvhs', 'tihalehvhs', 'tshalehvhs']; infinitive: expected 'tsulehti', got ['tiulehvhsi', 'tsulehvhsi', 'tulehvhsi']"
1481,he/she is getting well,stative-k,"imperative: expected 'tsatiwhi', got ['tsatiwhs']; infinitive: expected 'utiwhihsti', got ['utiwhsi']"
1481,he/she is getting well,stative-k,"imperative: expected 'tsatiwhi', got ['tsatiwhs']; infinitive: expected 'utiwhihsti', got ['utiwhsi']"
1481,he/she is getting well,stative-k,"imperative: expected 'tsatiwhi', got ['tsatiwhs']; infinitive: expected 'utiwhihsti', got ['utiwhsi']"
1481,he/she is getting well,stative-k,"imperative: expected 'tsatiwhi', got ['tsatiwhs']; infinitive: expected 'utiwhihsti', got ['utiwhsi']"
1481,he/she is getting well,stative-k,"imperative: expected 'tsatiwhi', got ['tsatiwhs']; infinitive: expected 'utiwhihsti', got ['utiwhsi']"
545,he/she is giving up,stative-k,"imperative: expected 'thatayohi', got ['thatayohs', 'tihatayohs', 'tshatayohs']; infinitive: expected 'tsutayohihsti', got ['tiutayohsi', 'tsutayohsi', 'tutayohsi']"
545,he/she is giving up,stative-k,"imperative: expected 'thatayohi', got ['thatayohs', 'tihatayohs', 'tshatayohs']; infinitive: expected 'tsutayohihsti', got ['tiutayohsi', 'tsutayohsi', 'tutayohsi']"
545,he/she is giving up,stative-k,"imperative: expected 'thatayohi', got ['thatayohs', 'tihatayohs', 'tshatayohs']; infinitive: expected 'tsutayohihsti', got ['tiutayohsi', 'tsutayohsi', 'tutayohsi']"
545,he/she is giving up,stative-k,"imperative: expected 'thatayohi', got ['thatayohs', 'tihatayohs', 'tshatayohs']; infinitive: expected 'tsutayohihsti', got ['tiutayohsi', 'tsutayohsi', 'tutayohsi']"
743,he/she is going,stative-k,"perfective: expected 'uwenvhsv'i', got [""uwev'i""]; imperative: expected 'hena', got ['he']; infinitive: expected 'uwenvhsti', got ['uwei']"
270,he/she is going down-hill,stative-k,"imperative: expected 'hikhsohi', got ['hikhsohs']; infinitive: expected 'ukhsohihsti', got ['ukhsohsi']"
270,he/she is going down-hill,stative-k,"imperative: expected 'hikhsohi', got ['hikhsohs']; infinitive: expected 'ukhsohihsti', got ['ukhsohsi']"
1778,he/she is going out of sight,stative-k,"perfective: expected 'wutelitsv'i', got [""wiuteliv'i"", ""wuteliv'i""]; imperative: expected 'witsateliki', got ['witsateli', 'wtsateli']; infinitive: expected 'wutelihsti', got ['wiutelii', 'wutelii']"
1778,he/she is going out of sight,stative-k,"perfective: expected 'wutelitsv'i', got [""wiuteliv'i"", ""wuteliv'i""]; imperative: expected 'witsateliki', got ['witsateli', 'wtsateli']; infinitive: expected 'wutelihsti', got ['wiutelii', 'wutelii']"
290,he/she is going through it,stative-k,"imperative: expected 'hikhthvlehi', got ['hikhthvlehs']; infinitive: expected 'ukhthvlehihsti', got ['ukhthvlehsi']"
290,he/she is going through it,stative-k,"imperative: expected 'hikhthvlehi', got ['hikhthvlehs']; infinitive: expected 'ukhthvlehihsti', got ['ukhthvlehsi']"
498,he/she is growing,stative-k,"imperative: expected 'hathvhi', got ['hathvhs']; infinitive: expected 'uthvhihsti', got ['uthvhsi']"
976,he/she is hanging it up,stative-k,"perfective: expected 'uthanv'i', got [""uthvhsv'i""]; imperative: expected 'hathvka', got ['hathvhs']; infinitive: expected 'uthti', got ['uthvhsi']"
315,he/she is happy,stative-k,"perfective: expected 'ulihelitsv'i', got [""uliheliv'i""]; imperative: expected 'haliheliki', got ['haliheli']; infinitive: expected 'ulihelihsti', got ['ulihelii']"
315,he/she is happy,stative-k,"perfective: expected 'ulihelitsv'i', got [""uliheliv'i""]; imperative: expected 'haliheliki', got ['haliheli']; infinitive: expected 'ulihelihsti', got ['ulihelii']"
79,he/she is hiding,stative-k,"perfective: expected 'utihskalhanv'i', got [""utihskalhvhsv'i""]; imperative: expected 'hatihskalhvka', got ['hatihskalhvhs']; infinitive: expected 'utihskalhti', got ['utihskalhvhsi']"
79,he/she is hiding,stative-k,"perfective: expected 'utihskalhanv'i', got [""utihskalhvhsv'i""]; imperative: expected 'hatihskalhvka', got ['hatihskalhvhs']; infinitive: expected 'utihskalhti', got ['utihskalhvhsi']"
79,he/she is hiding,stative-k,"perfective: expected 'utihskalhanv'i', got [""utihskalhvhsv'i""]; imperative: expected 'hatihskalhvka', got ['hatihskalhvhs']; infinitive: expected 'utihskalhti', got ['utihskalhvhsi']"
79,he/she is hiding,stative-k,"perfective: expected 'utihskalhanv'i', got [""utihskalhvhsv'i""]; imperative: expected 'hatihskalhvka', got ['hatihskalhvhs']; infinitive: expected 'utihskalhti', got ['utihskalhvhsi']"
79,he/she is hiding,stative-k,"perfective: expected 'utihskalhanv'i', got [""utihskalhvhsv'i""]; imperative: expected 'hatihskalhvka', got ['hatihskalhvhs']; infinitive: expected 'utihskalhti', got ['utihskalhvhsi']"
1085,he/she is hiding him/her (refers to a flexible object),stative-k,"perfective: expected 'uwahskalvnv'i', got [""uwahskalvhsv'i""]; imperative: expected 'hiyvhskalv'vka', got ['hiyvhskalvhs']; infinitive: expected 'uwahskalvti', got ['uwahskalvhsi']"
1083,he/she is hiding it,stative-k,"perfective: expected 'uwahskalhanv'i', got [""uwahskalhvhsv'i""]; imperative: expected 'hvhskalhvka', got ['hvhskalhvhs']; infinitive: expected 'uwahskalhti', got ['uwahskalhvhsi']"
873,he/she is hiring him/her,stative-k,"perfective: expected 'unalhvnv'i', got [""unalhvhsv'i""]; imperative: expected 'hinalhv'vka', got ['hinalhvhs']; infinitive: expected 'unalhvti', got ['unalhvhsi']"
873,he/she is hiring him/her,stative-k,"perfective: expected 'unalhvnv'i', got [""unalhvhsv'i""]; imperative: expected 'hinalhv'vka', got ['hinalhvhs']; infinitive: expected 'unalhvti', got ['unalhvhsi']"
1045,he/she is hitching him/her up,stative-k,"perfective: expected 'uwutalvnv'i', got [""uwutalvhsv'i""]; imperative: expected 'hiyutalv'vka', got ['hiyutalvhs']; infinitive: expected 'uwutalvti', got ['uwutalvhsi']"
278,he/she is hitting him/her on the eye,stative-k,"perfective: expected 'ukhthelunhv'i', got [""ukhtheluhvhsv'i""]; imperative: expected 'hikatheluhvka', got ['hikatheluhvhs']; infinitive: expected 'ukhtheluhti', got ['ukhtheluhvhsi']"
278,he/she is hitting him/her on the eye,stative-k,"perfective: expected 'ukhthelunhv'i', got [""ukhtheluhvhsv'i""]; imperative: expected 'hikatheluhvka', got ['hikatheluhvhs']; infinitive: expected 'ukhtheluhti', got ['ukhtheluhvhsi']"
233,he/she is hitting him/her on the nose,stative-k,"perfective: expected 'uyhvhstelunhv'i', got [""uyhvhsteluhvhsv'i""]; imperative: expected 'hiyvhsteluhvka', got ['hiyvhsteluhvhs']; infinitive: expected 'uyhvhsteluhti', got ['uyhvhsteluhvhsi']"
233,he/she is hitting him/her on the nose,stative-k,"perfective: expected 'uyhvhstelunhv'i', got [""uyhvhsteluhvhsv'i""]; imperative: expected 'hiyvhsteluhvka', got ['hiyvhsteluhvhs']; infinitive: expected 'uyhvhsteluhti', got ['uyhvhsteluhvhsi']"
993,he/she is howling,stative-k,"perfective: expected 'uwelhunhv'i', got [""uwelhuhvhsv'i""]; imperative: expected 'helhuhvka', got ['helhuhvhs']; infinitive: expected 'uwelhuhvhsti', got ['uwelhuhvhsi']"
1704,he/she is in a hurry,stative-k,"perfective: expected 'uwanvkv'i', got [""uwanvv'i""]; imperative: expected 'tsvnvki', got ['tsvnv']; infinitive: expected 'uwanvhsti', got ['uwanvi']"
130,he/she is in agony,stative-k,"perfective: expected 'ukilhiyotsv'i', got [""ukilhiyov'i""]; imperative: expected 'hikilhiyoki', got ['hikilhiyo']; infinitive: expected 'ukilhiyohsti', got ['ukilhiyoi']"
130,he/she is in agony,stative-k,"perfective: expected 'ukilhiyotsv'i', got [""ukilhiyov'i""]; imperative: expected 'hikilhiyoki', got ['hikiliyo']; infinitive: expected 'ukilhiyohsti', got ['ukilhiyoi']"
555,he/she is jumping,stative-k,"perfective: expected 'tulhthatinvhsv'i', got [""teulhthatev'i"", ""tulhthatev'i""]; imperative: expected 'thalhthatuka', got ['thalhthate', 'tihalhthate', 'tshalhthate']; infinitive: expected 'tsulhthatinvti', got ['tiulhthatei', 'tsulhthatei', 'tulhthatei']"
555,he/she is jumping,stative-k,"perfective: expected 'tulhthatinvhsv'i', got [""teulhthatev'i"", ""tulhthatev'i""]; imperative: expected 'thalhthatuka', got ['thalhthate', 'tihalhthate', 'tshalhthate']; infinitive: expected 'tsulhthatinvti', got ['tiulhthatei', 'tsulhthatei', 'tulhthatei']"
472,he/she is kissing him/her,stative-k,"perfective: expected 'uthawetonv'i', got [""uthaweto'vhsv'i""]; imperative: expected 'hitaweto'vka', got [""hitaweto'vhs""]; infinitive: expected 'uthawetoti', got [""uthaweto'vhsi""]"
472,he/she is kissing him/her,stative-k,"perfective: expected 'uthawetonv'i', got [""uthaweto'vhsv'i""]; imperative: expected 'hitaweto'vka', got [""hitaweto'vhs""]; infinitive: expected 'uthawetoti', got [""uthaweto'vhsi""]"
1523,he/she is late,stative-k,"perfective: expected 'ukonhiyotsv'i', got [""ukonhiyov'i""]; imperative: expected 'tsakonhiyoki', got ['tsakonhiyo']; infinitive: expected 'ukonhiyohsti', got ['ukonhiyoi']"
1739,he/she is laughing,stative-k,"imperative: expected 'tsayetsa', got ['tsayets']; infinitive: expected 'uyetsti', got ['uyetsi']"
1014,he/she is leading him/her by the hand,stative-k,"perfective: expected 'uwohinvhsv'i', got [""uwohinev'i""]; imperative: expected 'hiyo'inuka', got [""hiyo'ine""]; infinitive: expected 'uwohinvhsti', got ['uwohinei']"
253,he/she is lighting a fire,stative-k,"perfective: expected 'utsihslhanv'i', got [""utsihslhvhsv'i""]; imperative: expected 'hitsihslhvka', got ['hitsihslhvhs']; infinitive: expected 'utsihslhvhsti', got ['utsihslhvhsi']"
253,he/she is lighting a fire,stative-k,"perfective: expected 'utsihslhanv'i', got [""utsihslhvhsv'i""]; imperative: expected 'hitsihslhvka', got ['hitsihslhvhs']; infinitive: expected 'utsihslhvhsti', got ['utsihslhvhsi']"
5,he/she is limping,stative-k,"perfective: expected 'utatehsv'i', got [""utatev'i""]; imperative: expected 'hatatuka', got ['hatate']; infinitive: expected 'utatinvti', got ['utatei']"
5,he/she is limping,stative-k,"perfective: expected 'utatehsv'i', got [""utatev'i""]; imperative: expected 'hatatuka', got ['hatate']; infinitive: expected 'utatinvti', got ['utatei']"
5,he/she is limping,stative-k,"perfective: expected 'utatehsv'i', got [""utatev'i""]; imperative: expected 'hatatuka', got ['hatate']; infinitive: expected 'utatinvti', got ['utatei']"
5,he/she is limping,stative-k,"perfective: expected 'utatehsv'i', got [""utatev'i""]; imperative: expected 'hatatuka', got ['hatate']; infinitive: expected 'utatinvti', got ['utatei']"
5,he/she is limping,stative-k,"perfective: expected 'utatehsv'i', got [""utatev'i""]; imperative: expected 'hatatuka', got ['hatate']; infinitive: expected 'utatinvti', got ['utatei']"
490,he/she is lying,stative-k,"perfective: expected 'utskonv'i', got [""utsko'vhsv'i""]; imperative: expected 'hatsko'vka', got [""hatsko'vhs""]; infinitive: expected 'utskoti', got [""utsko'vhsi""]"
899,he/she is lying down,stative-k,"imperative: expected 'hinhkehsti', got ['hinh']"
899,he/she is lying down,stative-k,"imperative: expected 'hinhkehsti', got ['hinh']"
899,he/she is lying down,stative-k,"imperative: expected 'hinhkehsti', got ['hinh']"
737,he/she is making footsteps,stative-k,"perfective: expected 'tuhstanoyhvhkv'i', got [""teuhstanoyhvhv'i"", ""tuhstanoyhvhv'i""]; imperative: expected 'titsahstanoyhvla', got ['titsahstanoyhvh', 'tstsahstanoyhvh', 'ttsahstanoyhvh']; infinitive: expected 'tsuhstanoyhvlhihsti', got ['tiuhstanoyhvhi', 'tsuhstanoyhvhi', 'tuhstanoyhvhi']"
1022,he/she is making it,stative-k,"perfective: expected 'uwolhvnhv'i', got [""uwolhvhsv'i""]; imperative: expected 'holhvna', got ['holhvhs']; infinitive: expected 'uwolhvnhti', got ['uwolhvhsi']"
454,he/she is mixing it in,stative-k,"perfective: expected 'uhsuyvnv'i', got [""uhsuyvhsv'i""]; imperative: expected 'hahsuyv'vka', got ['hahsuyvhs']; infinitive: expected 'uhsuyvti', got ['uhsuyvhsi']"
185,he/she is moving (without changing location),stative-k,"perfective: expected 'ulhthelvnhv'i', got [""ulhthelvhvhsv'i""]; imperative: expected 'halhthelvhvka', got ['halhthelvhvhs']; infinitive: expected 'ulhthelhti', got ['ulhthelvhvhsi']"
185,he/she is moving (without changing location),stative-k,"perfective: expected 'ulhthelvnhv'i', got [""ulhthelvhvhsv'i""]; imperative: expected 'halhthelvhvka', got ['halhthelvhvhs']; infinitive: expected 'ulhthelhti', got ['ulhthelvhvhsi']"
338,he/she is nodding his/her head,stative-k,"perfective: expected 'ulhskuyhv'i', got [""ulhskuhsv'i""]; imperative: expected 'halhskuyha', got ['halhskuhs']; infinitive: expected 'ulhskuhsti', got ['ulhskuhsi']"
338,he/she is nodding his/her head,stative-k,"perfective: expected 'ulhskuyhv'i', got [""ulhskuhsv'i""]; imperative: expected 'halhskuyha', got ['halhskuhs']; infinitive: expected 'ulhskuhsti', got ['ulhskuhsi']"
1599,he/she is not having luck at hunting,stative-k,"perfective: expected 'ukwholvhsv'i', got [""ukwholev'i""]; imperative: expected 'tsakwholuka', got ['tsakwhole']; infinitive: expected 'ukwholvhsti', got ['ukwholei']"
46,he/she is ordering it,stative-k,"imperative: expected 'hatanvla', got ['hatanvhs']; infinitive: expected 'utanvhsti', got ['utanvhsi']"
46,he/she is ordering it,stative-k,"imperative: expected 'hatanvla', got ['hatanvhs']; infinitive: expected 'utanvhsti', got ['utanvhsi']"
46,he/she is ordering it,stative-k,"imperative: expected 'hatanvla', got ['hatanvhs']; infinitive: expected 'utanvhsti', got ['utanvhsi']"
46,he/she is ordering it,stative-k,"imperative: expected 'hatanvla', got ['hatanvhs']; infinitive: expected 'utanvhsti', got ['utanvhsi']"
445,he/she is painting it,stative-k,"imperative: expected 'hihsuwha', got ['hihsuwhihs']; infinitive: expected 'uhsuwhihsti', got ['uhsuwhihsi']"
445,he/she is painting it,stative-k,"imperative: expected 'hihsuwha', got ['hihsuwhihs']; infinitive: expected 'uhsuwhihsti', got ['uhsuwhihsi']"
445,he/she is painting it,stative-k,"imperative: expected 'hihsuwha', got ['hihsuwhihs']; infinitive: expected 'uhsuwhihsti', got ['uhsuwhihsi']"
445,he/she is painting it,stative-k,"imperative: expected 'hihsuwha', got ['hihsuwhihs']; infinitive: expected 'uhsuwhihsti', got ['uhsuwhihsi']"
856,he/she is passing by without stopping,stative-k,"imperative: expected 'hilohi', got ['hilohs']; infinitive: expected 'ulohihsti', got ['ulohsi']"
856,he/she is passing by without stopping,stative-k,"imperative: expected 'hilohi', got ['hilohs']; infinitive: expected 'ulohihsti', got ['ulohsi']"
212,he/she is peeling it,stative-k,"imperative: expected 'hiyhahkhetsa', got ['hiyhahkhets']; infinitive: expected 'uyhahkhetsti', got ['uyhahkhetsi']"
212,he/she is peeling it,stative-k,"imperative: expected 'hiyhahkhetsa', got ['hiyhahkhets']; infinitive: expected 'uyhahkhetsti', got ['uyhahkhetsi']"
809,he/she is piling it up,stative-k,"perfective: expected 'uwalhunv'i', got [""uwalhuhsv'i""]; imperative: expected 'hilhuka', got ['hilhuhs']; infinitive: expected 'uwalhuhsti', got ['uwalhuhsi']"
969,he/she is piling it up,stative-k,"perfective: expected 'uwahsvthanv'i', got [""uwahsvthvhsv'i""]; imperative: expected 'hihsvthvka', got ['hihsvthvhs']; infinitive: expected 'uwahsvthti', got ['uwahsvthvhsi']"
775,he/she is pitying him/her,stative-k,"perfective: expected 'uwatolitsv'i', got [""uwatoliv'i""]; imperative: expected 'hiyatoliki', got ['hiyatoli']; infinitive: expected 'uwatolihsti', got ['uwatolii']"
210,he/she is planting it,stative-k,"imperative: expected 'hiwhi', got ['hiwhihs']; infinitive: expected 'uwhihsti', got ['uwhihsi']"
210,he/she is planting it,stative-k,"imperative: expected 'hiwhi', got ['hiwhihs']; infinitive: expected 'uwhihsti', got ['uwhihsi']"
600,he/she is playing,stative-k,"perfective: expected 'tunelonhv'i', got [""teunelohvhsv'i"", ""tunelohvhsv'i""]; imperative: expected 'thanelohvka', got ['thanelohvhs', 'tihanelohvhs', 'tshanelohvhs']; infinitive: expected 'tsunelhti', got ['tiunelohvhsi', 'tsunelohvhsi', 'tunelohvhsi']"
177,he/she is preaching,stative-k,"perfective: expected 'ulhtsatonhv'i', got [""ulhtsatohvhsv'i""]; imperative: expected 'halhtsatohvka', got ['halhtsatohvhs']; infinitive: expected 'ulhtsathti', got ['ulhtsatohvhsi']"
177,he/she is preaching,stative-k,"perfective: expected 'ulhtsatonhv'i', got [""ulhtsatohvhsv'i""]; imperative: expected 'halhtsatohvka', got ['halhtsatohvhs']; infinitive: expected 'ulhtsathti', got ['ulhtsatohvhsi']"
955,he/she is pushing him/her,stative-k,"perfective: expected 'uwahsatoyhv'i', got [""uwahsatohsv'i""]; imperative: expected 'hiyahsatoyha', got ['hiyahsatohs']; infinitive: expected 'uwahsatohsti', got ['uwahsatohsi']"
1050,he/she is putting a handle on a tool,stative-k,"perfective: expected 'uwuhalhanv'i', got [""uwuhalhvhsv'i""]; imperative: expected 'huhalhvka', got ['huhalhvhs']; infinitive: expected 'uwuhalhti', got ['uwuhalhvhsi']"
322,he/she is putting a ring on his/her finger,stative-k,"perfective: expected 'uliyehsuhsthanv'i', got [""uliyehsuhsthvhsv'i""]; imperative: expected 'haliyehsuhsthvka', got ['haliyehsuhsthvhs']; infinitive: expected 'uliyehsuhsthvhsti', got ['uliyehsuhsthvhsi']"
322,he/she is putting a ring on his/her finger,stative-k,"perfective: expected 'uliyehsuhsthanv'i', got [""uliyehsuhsthvhsv'i""]; imperative: expected 'haliyehsuhsthvka', got ['haliyehsuhsthvhs']; infinitive: expected 'uliyehsuhsthvhsti', got ['uliyehsuhsthvhsi']"
561,he/she is putting fuel into a fire (refers to solid fuel),stative-k,"perfective: expected 'tuhvthanv'i', got [""teuhvthvhsv'i"", ""tuhvthvhsv'i""]; imperative: expected 'thihvthvka', got ['thihvthvhs', 'tihihvthvhs', 'tshihvthvhs']; infinitive: expected 'tsuhvthti', got ['tiuhvthvhsi', 'tsuhvthvhsi', 'tuhvthvhsi']"
342,he/she is putting his/her hat on,stative-k,"perfective: expected 'ulhskwethunhv'i', got [""ulhskwethuhvhsv'i""]; imperative: expected 'halhskwethuhvka', got ['halhskwethuhvhs']; infinitive: expected 'ulhskwethuhsti', got ['ulhskwethuhvhsi']"
342,he/she is putting his/her hat on,stative-k,"perfective: expected 'ulhskwethunhv'i', got [""ulhskwethuhvhsv'i""]; imperative: expected 'halhskwethuhvka', got ['halhskwethuhvhs']; infinitive: expected 'ulhskwethuhsti', got ['ulhskwethuhvhsi']"
1087,he/she is putting it into a fire,stative-k,"perfective: expected 'uwvthanv'i', got [""uwvthvhsv'i""]; imperative: expected 'hvthvka', got ['hvthvhs']; infinitive: expected 'uwvthti', got ['uwvthvhsi']"
576,he/she is putting on glasses,stative-k,"perfective: expected 'tukhthinvthanv'i', got [""teukhthinvthvhsv'i"", ""tukhthinvthvhsv'i""]; imperative: expected 'thakhthinvthvka', got ['thakhthinvthvhs', 'tihakhthinvthvhs', 'tshakhthinvthvhs']; infinitive: expected 'tsukhthinvthti', got ['tiukhthinvthvhsi', 'tsukhthinvthvhsi', 'tukhthinvthvhsi']"
582,he/she is putting on shoes,stative-k,"perfective: expected 'tulahsulhanv'i', got [""teulahsulhvhsv'i"", ""tulahsulhvhsv'i""]; imperative: expected 'thalahsulhvka', got ['thalahsulhvhs', 'tihalahsulhvhs', 'tshalahsulhvhs']; infinitive: expected 'tsulahsulhti', got ['tiulahsulhvhsi', 'tsulahsulhvhsi', 'tulahsulhvhsi']"
218,he/she is quilting it,stative-k,"perfective: expected 'uyhehkalhanv'i', got [""uyhehkalhvhsv'i""]; imperative: expected 'hiyhehkalhvka', got ['hiyhehkalhvhs']; infinitive: expected 'uyhehkalhti', got ['uyhehkalhvhsi']"
218,he/she is quilting it,stative-k,"perfective: expected 'uyhehkalhanv'i', got [""uyhehkalhvhsv'i""]; imperative: expected 'hiyhehkalhvka', got ['hiyhehkalhvhs']; infinitive: expected 'uyhehkalhti', got ['uyhehkalhvhsi']"
449,he/she is quitting,stative-k,"perfective: expected 'uhsulikotsv'i', got [""uhsulikov'i""]; imperative: expected 'hihsuliko'i', got ['hihsuliko']; infinitive: expected 'uhsulikohsti', got ['uhsulikoi']"
449,he/she is quitting,stative-k,"perfective: expected 'uhsulikotsv'i', got [""uhsulikov'i""]; imperative: expected 'hihsuliko'i', got ['hihsuliko']; infinitive: expected 'uhsulikohsti', got ['uhsulikoi']"
449,he/she is quitting,stative-k,"perfective: expected 'uhsulikotsv'i', got [""uhsulikov'i""]; imperative: expected 'hihsuliko'i', got ['hihsuliko']; infinitive: expected 'uhsulikohsti', got ['uhsulikoi']"
449,he/she is quitting,stative-k,"perfective: expected 'uhsulikotsv'i', got [""uhsulikov'i""]; imperative: expected 'hihsuliko'i', got ['hihsuliko']; infinitive: expected 'uhsulikohsti', got ['uhsulikoi']"
1017,he/she is recognizing him/her,stative-k,"perfective: expected 'uwolhtsv'i', got [""uwolhv'i""]; imperative: expected 'hiyoliki', got ['hiyoli']; infinitive: expected 'uwolhihsti', got ['uwolhi']"
618,he/she is releasing him/her,stative-k,"imperative: expected 'thiyohi', got ['thiyohs', 'tihiyohs', 'tshiyohs']; infinitive: expected 'tsuyohihsti', got ['tiuyohsi', 'tsuyohsi', 'tuyohsi']"
618,he/she is releasing him/her,stative-k,"imperative: expected 'thiyohi', got ['thiyohs', 'tihiyohs', 'tshiyohs']; infinitive: expected 'tsuyohihsti', got ['tiuyohsi', 'tsuyohsi', 'tuyohsi']"
740,he/she is releasing it (refers to voluntarily releasing),stative-k,"imperative: expected 'titsayohi', got ['titsayohs', 'tstsayohs', 'ttsayohs']; infinitive: expected 'tsuyohihsti', got ['tiuyohsi', 'tsuyohsi', 'tuyohsi']"
400,he/she is reprimanding him/her,stative-k,"perfective: expected 'uhskatsv'i', got [""uhskav'i""]; imperative: expected 'hihskaki', got ['hihska']; infinitive: expected 'uhskayhsti', got ['uhskai']"
400,he/she is reprimanding him/her,stative-k,"perfective: expected 'uhskatsv'i', got [""uhskav'i""]; imperative: expected 'hihskaki', got ['hihska']; infinitive: expected 'uhskayhsti', got ['uhskai']"
400,he/she is reprimanding him/her,stative-k,"perfective: expected 'uhskatsv'i', got [""uhskav'i""]; imperative: expected 'hihskaki', got ['hihska']; infinitive: expected 'uhskayhsti', got ['uhskai']"
400,he/she is reprimanding him/her,stative-k,"perfective: expected 'uhskatsv'i', got [""uhskav'i""]; imperative: expected 'hihskaki', got ['hihska']; infinitive: expected 'uhskayhsti', got ['uhskai']"
791,he/she is rowing,stative-k,"imperative: expected 'hikawehi', got ['hikawehs']; infinitive: expected 'uwakawehsti', got ['uwakawehsi']"
392,he/she is sandwiching it,stative-k,"perfective: expected 'uhstvhalhanv'i', got [""uhstvhalhvhsv'i""]; imperative: expected 'hihstvhalhvka', got ['hihstvhalhvhs']; infinitive: expected 'uhstvhalhti', got ['uhstvhalhvhsi']"
392,he/she is sandwiching it,stative-k,"perfective: expected 'uhstvhalhanv'i', got [""uhstvhalhvhsv'i""]; imperative: expected 'hihstvhalhvka', got ['hihstvhalhvhs']; infinitive: expected 'uhstvhalhti', got ['uhstvhalhvhsi']"
392,he/she is sandwiching it,stative-k,"perfective: expected 'uhstvhalhanv'i', got [""uhstvhalhvhsv'i""]; imperative: expected 'hihstvhalhvka', got ['hihstvhalhvhs']; infinitive: expected 'uhstvhalhti', got ['uhstvhalhvhsi']"
392,he/she is sandwiching it,stative-k,"perfective: expected 'uhstvhalhanv'i', got [""uhstvhalhvhsv'i""]; imperative: expected 'hihstvhalhvka', got ['hihstvhalhvhs']; infinitive: expected 'uhstvhalhti', got ['uhstvhalhvhsi']"
152,he/she is scolding him/her,stative-k,"perfective: expected 'ukvhskolvnv'i', got [""ukvhskolvhsv'i""]; imperative: expected 'hikvhskolv'vka', got ['hikvhskolvhs']; infinitive: expected 'ukvhskolvti', got ['ukvhskolvhsi']"
152,he/she is scolding him/her,stative-k,"perfective: expected 'ukvhskolvnv'i', got [""ukvhskolvhsv'i""]; imperative: expected 'hikvhskolv'vka', got ['hikvhskolvhs']; infinitive: expected 'ukvhskolvti', got ['ukvhskolvhsi']"
85,he/she is scratching,stative-k,"imperative: expected 'hatlakola', got ['hatlakohs']; infinitive: expected 'utlakohsti', got ['utlakohsi']"
85,he/she is scratching,stative-k,"imperative: expected 'hatlakola', got ['hatlakohs']; infinitive: expected 'utlakohsti', got ['utlakohsi']"
821,he/she is scratching him/her,stative-k,"imperative: expected 'hiyatsalikola', got ['hiyatsalikohs']; infinitive: expected 'uwatsalikohsti', got ['uwatsalikohsi']"
871,he/she is selling it,stative-k,"perfective: expected 'unatinvhsv'i', got [""unatev'i""]; imperative: expected 'hinatuka', got ['hinate']; infinitive: expected 'unatinvti', got ['unatei']"
871,he/she is selling it,stative-k,"perfective: expected 'unatinvhsv'i', got [""unatev'i""]; imperative: expected 'hinatuka', got ['hinate']; infinitive: expected 'unatinvti', got ['unatei']"
1774,he/she is sending it,stative-k,"perfective: expected 'wuwakhanv'i', got [""wiuwakhahvhsv'i"", ""wuwakhahvhsv'i""]; imperative: expected 'whiyakhahvka', got ['whiyakhahvhs', 'wihiyakhahvhs']; infinitive: expected 'wuwakhohti', got ['wiuwakhahvhsi', 'wuwakhahvhsi']"
1001,he/she is setting a post into the ground (refers to a post or other long object),stative-k,"perfective: expected 'uwethinv'i', got [""uwethvhsv'i""]; imperative: expected 'hethvka', got ['hethvhs']; infinitive: expected 'uwethti', got ['uwethvhsi']"
373,he/she is setting a trap,stative-k,"perfective: expected 'uhsatvnv'i', got [""uhsatvhsv'i""]; imperative: expected 'hihsatv'vka', got ['hihsatvhs']; infinitive: expected 'uhsatvti', got ['uhsatvhsi']"
373,he/she is setting a trap,stative-k,"perfective: expected 'uhsatvnv'i', got [""uhsatvhsv'i""]; imperative: expected 'hihsatv'vka', got ['hihsatvhs']; infinitive: expected 'uhsatvti', got ['uhsatvhsi']"
373,he/she is setting a trap,stative-k,"perfective: expected 'uhsatvnv'i', got [""uhsatvhsv'i""]; imperative: expected 'hihsatv'vka', got ['hihsatvhs']; infinitive: expected 'uhsatvti', got ['uhsatvhsi']"
373,he/she is setting a trap,stative-k,"perfective: expected 'uhsatvnv'i', got [""uhsatvhsv'i""]; imperative: expected 'hihsatv'vka', got ['hihsatvhs']; infinitive: expected 'uhsatvti', got ['uhsatvhsi']"
986,he/she is sewing it,stative-k,"imperative: expected 'hiyewa', got ['hiyewhs']; infinitive: expected 'uwayewhsti', got ['uwayewhsi']"
477,he/she is shaking him/her,stative-k,"perfective: expected 'uthelvnhv'i', got [""uthelvhvhsv'i""]; imperative: expected 'hithelvna', got ['hithelvhvhs']; infinitive: expected 'uthelhti', got ['uthelvhvhsi']"
477,he/she is shaking him/her,stative-k,"perfective: expected 'uthelvnhv'i', got [""uthelvhvhsv'i""]; imperative: expected 'hithelvna', got ['hithelvhvhs']; infinitive: expected 'uthelhti', got ['uthelvhvhsi']"
477,he/she is shaking him/her,stative-k,"perfective: expected 'uthelvnhv'i', got [""uthelvhvhsv'i""]; imperative: expected 'hithelvna', got ['hithelvhvhs']; infinitive: expected 'uthelhti', got ['uthelvhvhsi']"
477,he/she is shaking him/her,stative-k,"perfective: expected 'uthelvnhv'i', got [""uthelvhvhsv'i""]; imperative: expected 'hithelvna', got ['hithelvhvhs']; infinitive: expected 'uthelhti', got ['uthelvhvhsi']"
30,he/she is shopping,stative-k,"perfective: expected 'utananehsvnhv'i', got [""utananehsvhvhsv'i""]; imperative: expected 'hatananehsvhvka', got ['hatananehsvhvhs']; infinitive: expected 'utananehsvhvhsti', got ['utananehsvhvhsi']"
30,he/she is shopping,stative-k,"perfective: expected 'utananehsvnhv'i', got [""utananehsvhvhsv'i""]; imperative: expected 'hatananehsvhvka', got ['hatananehsvhvhs']; infinitive: expected 'utananehsvhvhsti', got ['utananehsvhvhsi']"
30,he/she is shopping,stative-k,"perfective: expected 'utananehsvnhv'i', got [""utananehsvhvhsv'i""]; imperative: expected 'hatananehsvhvka', got ['hatananehsvhvhs']; infinitive: expected 'utananehsvhvhsti', got ['utananehsvhvhsi']"
30,he/she is shopping,stative-k,"perfective: expected 'utananehsvnhv'i', got [""utananehsvhvhsv'i""]; imperative: expected 'hatananehsvhvka', got ['hatananehsvhvhs']; infinitive: expected 'utananehsvhvhsti', got ['utananehsvhvhsi']"
928,he/she is sinking,stative-k,"perfective: expected 'unoyvtsv'i', got [""unoyvv'i""]; imperative: expected 'hinoyvki', got ['hinoyv']; infinitive: expected 'unoyv'ihsti', got ['unoyvi']"
928,he/she is sinking,stative-k,"perfective: expected 'unoyvtsv'i', got [""unoyvv'i""]; imperative: expected 'hinoyvki', got ['hinoyv']; infinitive: expected 'unoyv'ihsti', got ['unoyvi']"
812,he/she is sleepy,stative-k,"perfective: expected 'ulhvnhv'i', got [""ulhvhsv'i""]; imperative: expected 'hilhvna', got ['hilhvhs']; infinitive: expected 'ulhvnhti', got ['ulhvhsi']"
812,he/she is sleepy,stative-k,"perfective: expected 'ulhvnhv'i', got [""ulhvhsv'i""]; imperative: expected 'hilhvna', got ['hilhvhs']; infinitive: expected 'ulhvnhti', got ['ulhvhsi']"
727,he/she is sneezing,stative-k,"perfective: expected 'tuyhvhstoyhv'i', got [""teuyhvhstoyhsv'i"", ""tuyhvhstoyhsv'i""]; imperative: expected 'titshayvhstoyha', got ['titshayvhstoyhs', 'tstshayvhstoyhs', 'ttshayvhstoyhs']; infinitive: expected 'tsuyhvhstoyhsti', got ['tiuyhvhstoyhsi', 'tsuyhvhstoyhsi', 'tuyhvhstoyhsi']"
1088,he/she is soaking it (refers to a flexible object),stative-k,"perfective: expected 'uwvwalhanv'i', got [""uwvwalhvhsv'i""]; imperative: expected 'hvwalhvka', got ['hvwalhvhs']; infinitive: expected 'uwvwalhti', got ['uwvwalhvhsi']"
1230,he/she is speaking,stative-k,"perfective: expected 'unhetsv'i', got [""unhev'i""]; imperative: expected 'hinheki', got ['hinhe']; infinitive: expected 'unhehsti', got ['unhei']"
1230,he/she is speaking,stative-k,"perfective: expected 'unhetsv'i', got [""unhev'i""]; imperative: expected 'hinheki', got ['hinhe']; infinitive: expected 'unhehsti', got ['unhei']"
324,he/she is spitting,stative-k,"perfective: expected 'ultsikwhv'i', got [""ultsikwhsv'i""]; imperative: expected 'haltsikwha', got ['haltsikwhs']; infinitive: expected 'ultsikwhsti', got ['ultsikwhsi']"
605,he/she is splitting it,stative-k,"perfective: expected 'tuhstluyhv'i', got [""teuhstluhsv'i"", ""tuhstluhsv'i""]; imperative: expected 'thihstluyha', got ['thihstluhs', 'tihihstluhs', 'tshihstluhs']; infinitive: expected 'tsuhstluhsti', got ['tiuhstluhsi', 'tsuhstluhsi', 'tuhstluhsi']"
605,he/she is splitting it,stative-k,"perfective: expected 'tuhstluyhv'i', got [""teuhstluhsv'i"", ""tuhstluhsv'i""]; imperative: expected 'thihstluyha', got ['thihstluhs', 'tihihstluhs', 'tshihstluhs']; infinitive: expected 'tsuhstluhsti', got ['tiuhstluhsi', 'tsuhstluhsi', 'tuhstluhsi']"
605,he/she is splitting it,stative-k,"perfective: expected 'tuhstluyhv'i', got [""teuhstluhsv'i"", ""tuhstluhsv'i""]; imperative: expected 'thihstluyha', got ['thihstluhs', 'tihihstluhs', 'tshihstluhs']; infinitive: expected 'tsuhstluhsti', got ['tiuhstluhsi', 'tsuhstluhsi', 'tuhstluhsi']"
605,he/she is splitting it,stative-k,"perfective: expected 'tuhstluyhv'i', got [""teuhstluhsv'i"", ""tuhstluhsv'i""]; imperative: expected 'thihstluyha', got ['thihstluhs', 'tihihstluhs', 'tshihstluhs']; infinitive: expected 'tsuhstluhsti', got ['tiuhstluhsi', 'tsuhstluhsi', 'tuhstluhsi']"
579,he/she is sprinkling it (with a liquid‚ powder‚ salt‚ etc.),stative-k,"perfective: expected 'tukwhayonv'i', got [""teukwhayo'vhsv'i"", ""tukwhayo'vhsv'i""]; imperative: expected 'thikwhayo'vka', got [""thikwhayo'vhs"", ""tihikwhayo'vhs"", ""tshikwhayo'vhs""]; infinitive: expected 'tsukwhakoti', got [""tiukwhayo'vhsi"", ""tsukwhayo'vhsi"", ""tukwhayo'vhsi""]"
579,he/she is sprinkling it (with a liquid‚ powder‚ salt‚ etc.),stative-k,"perfective: expected 'tukwhayonv'i', got [""teukwhayo'vhsv'i"", ""tukwhayo'vhsv'i""]; imperative: expected 'thikwhayo'vka', got [""thikwhayo'vhs"", ""tihikwhayo'vhs"", ""tshikwhayo'vhs""]; infinitive: expected 'tsukwhakoti', got [""tiukwhayo'vhsi"", ""tsukwhayo'vhsi"", ""tukwhayo'vhsi""]"
579,he/she is sprinkling it (with a liquid‚ powder‚ salt‚ etc.),stative-k,"perfective: expected 'tukwhayonv'i', got [""teukwhayo'vhsv'i"", ""tukwhayo'vhsv'i""]; imperative: expected 'thikwhayo'vka', got [""thikwhayo'vhs"", ""tihikwhayo'vhs"", ""tshikwhayo'vhs""]; infinitive: expected 'tsukwhakoti', got [""tiukwhayo'vhsi"", ""tsukwhayo'vhsi"", ""tukwhayo'vhsi""]"
579,he/she is sprinkling it (with a liquid‚ powder‚ salt‚ etc.),stative-k,"perfective: expected 'tukwhayonv'i', got [""teukwhayo'vhsv'i"", ""tukwhayo'vhsv'i""]; imperative: expected 'thikwhayo'vka', got [""thikwhayo'vhs"", ""tihikwhayo'vhs"", ""tshikwhayo'vhs""]; infinitive: expected 'tsukwhakoti', got [""tiukwhayo'vhsi"", ""tsukwhayo'vhsi"", ""tukwhayo'vhsi""]"
772,he/she is standing,stative-k,"imperative: expected 'hitokehsti', got ['hito']"
772,he/she is standing,stative-k,"imperative: expected 'hitokehsti', got ['hito']"
772,he/she is standing,stative-k,"imperative: expected 'hitokehsti', got ['hito']"
306,he/she is standing in a certain spot,stative-k,"perfective: expected 'ulenhv'i', got [""ulehvhsv'i""]; imperative: expected 'halehvka', got ['halehvhs']; infinitive: expected 'ulehti', got ['ulehvhsi']"
297,he/she is stepping on him/her,stative-k,"perfective: expected 'ulahstvnv'i', got [""ulahstvhsv'i""]; imperative: expected 'hiyalahstv'vka', got ['hiyalahstvhs']; infinitive: expected 'ulahstvti', got ['ulahstvhsi']"
825,he/she is stinging it,stative-k,"perfective: expected 'uwatsvyhv'i', got [""uwatsvyhsv'i""]; imperative: expected 'hiyatsvyha', got ['hiyatsvyhs']; infinitive: expected 'uwatsvyhsti', got ['uwatsvyhsi']"
428,he/she is sucking it,stative-k,"imperative: expected 'hihskwanutsa', got ['hihskwanuts']; infinitive: expected 'uhskwanutsti', got ['uhskwanutsi']"
428,he/she is sucking it,stative-k,"imperative: expected 'hihskwanutsa', got ['hihskwanuts']; infinitive: expected 'uhskwanutsti', got ['uhskwanutsi']"
428,he/she is sucking it,stative-k,"imperative: expected 'hihskwanutsa', got ['hihskwanuts']; infinitive: expected 'uhskwanutsti', got ['uhskwanutsi']"
428,he/she is sucking it,stative-k,"imperative: expected 'hihskwanutsa', got ['hihskwanuts']; infinitive: expected 'uhskwanutsti', got ['uhskwanutsi']"
263,he/she is swallowing it,stative-k,"imperative: expected 'hikhihi', got ['hikhihs']; infinitive: expected 'ukhihihsti', got ['ukhihsi']"
263,he/she is swallowing it,stative-k,"imperative: expected 'hikhihi', got ['hikhihs']; infinitive: expected 'ukhihihsti', got ['ukhihsi']"
1081,he/she is sweeping it,stative-k,"perfective: expected 'uwanohsahv'i', got [""uwanohsahsv'i""]; imperative: expected 'hvnohsa', got ['hvnohsahs']; infinitive: expected 'uwanohsahsti', got ['uwanohsahsi']"
223,he/she is swimming (refers to propelling oneself through the water),stative-k,"perfective: expected 'uyhu'invhsv'i', got [""uyhu'inev'i""]; imperative: expected 'hayhu'inuka', got [""hayhu'ine""]; infinitive: expected 'uyhu'invhsti', got [""uyhu'inei""]"
902,he/she is taking a liquid somewhere by hand,stative-k,"perfective: expected 'unhtsvhsv'i', got [""unhtsev'i""]; imperative: expected 'hinhtsuka', got ['hinhtse']; infinitive: expected 'unhtsvhsti', got ['unhtsei']"
902,he/she is taking a liquid somewhere by hand,stative-k,"perfective: expected 'unhtsvhsv'i', got [""unhtsev'i""]; imperative: expected 'hinhtsuka', got ['hinhtse']; infinitive: expected 'unhtsvhsti', got ['unhtsei']"
334,he/she is taking a seat,stative-k,"perfective: expected 'ulhstvlhunv'i', got [""ulhstvlhuhsv'i""]; imperative: expected 'halhstvlhuka', got ['halhstvlhuhs']; infinitive: expected 'ulhstvlhuhsti', got ['ulhstvlhuhsi']"
334,he/she is taking a seat,stative-k,"perfective: expected 'ulhstvlhunv'i', got [""ulhstvlhuhsv'i""]; imperative: expected 'halhstvlhuka', got ['halhstvlhuhs']; infinitive: expected 'ulhstvlhuhsti', got ['ulhstvlhuhsi']"
1487,he/she is taking revenge,stative-k,"perfective: expected 'utletsv'i', got [""utlev'i""]; imperative: expected 'tsatleki', got ['tsatle']; infinitive: expected 'utle'ihsti', got ['utlei']"
1487,he/she is taking revenge,stative-k,"perfective: expected 'utletsv'i', got [""utlev'i""]; imperative: expected 'tsatleki', got ['tsatle']; infinitive: expected 'utle'ihsti', got ['utlei']"
546,he/she is teaching,stative-k,"perfective: expected 'tuteyonhv'i', got [""teuteyhohvhsv'i"", ""tuteyhohvhsv'i""]; imperative: expected 'thateyhohvka', got ['thateyhohvhs', 'tihateyhohvhs', 'tshateyhohvhs']; infinitive: expected 'tsuteyhohti', got ['tiuteyhohvhsi', 'tsuteyhohvhsi', 'tuteyhohvhsi']"
546,he/she is teaching,stative-k,"perfective: expected 'tuteyonhv'i', got [""teuteyhohvhsv'i"", ""tuteyhohvhsv'i""]; imperative: expected 'thateyhohvka', got ['thateyhohvhs', 'tihateyhohvhs', 'tshateyhohvhs']; infinitive: expected 'tsuteyhohti', got ['tiuteyhohvhsi', 'tsuteyhohvhsi', 'tuteyhohvhsi']"
739,he/she is tired,stative-k,"perfective: expected 'tuyawetsv'i', got [""teuyawev'i"", ""tuyawev'i""]; imperative: expected 'titsayaweki', got ['titsayawe', 'tstsayawe', 'ttsayawe']; infinitive: expected 'tsuyawehsti', got ['tiuyawei', 'tsuyawei', 'tuyawei']"
630,he/she is turning him/her over,stative-k,"perfective: expected 'tulhihkwatinvhsv'i', got [""teulhihkwatev'i"", ""tulhihkwatev'i""]; imperative: expected 'thilihkwatuka', got ['thilihkwate', 'tihilihkwate', 'tshilihkwate']; infinitive: expected 'tsulhihkwatinvti', got ['tiulhihkwatei', 'tsulhihkwatei', 'tulhihkwatei']"
630,he/she is turning him/her over,stative-k,"perfective: expected 'tulhihkwatinvhsv'i', got [""teulhihkwatev'i"", ""tulhihkwatev'i""]; imperative: expected 'thilihkwatuka', got ['thilihkwate', 'tihilihkwate', 'tshilihkwate']; infinitive: expected 'tsulhihkwatinvti', got ['tiulhihkwatei', 'tsulhihkwatei', 'tulhihkwatei']"
255,he/she is turning on a light,stative-k,"perfective: expected 'utsvhsthanv'i', got [""utsvhsthvhsv'i""]; imperative: expected 'hitsvhsthvka', got ['hitsvhsthvhs']; infinitive: expected 'utsvhsthvhsti', got ['utsvhsthvhsi']"
255,he/she is turning on a light,stative-k,"perfective: expected 'utsvhsthanv'i', got [""utsvhsthvhsv'i""]; imperative: expected 'hitsvhsthvka', got ['hitsvhsthvhs']; infinitive: expected 'utsvhsthvhsti', got ['utsvhsthvhsi']"
507,he/she is waking up,stative-k,"perfective: expected 'uyetsv'i', got [""uyev'i""]; imperative: expected 'hiyeki', got ['hiye']; infinitive: expected 'uye'ihsti', got ['uyei']"
507,he/she is waking up,stative-k,"perfective: expected 'uyetsv'i', got [""uyev'i""]; imperative: expected 'hiyeki', got ['hiye']; infinitive: expected 'uye'ihsti', got ['uyei']"
1622,he/she is wearing a hat,stative-k,"perfective: expected 'ulhskwethuhkv'i', got [""ulhskwethuhv'i""]; imperative: expected 'tsalhskwethuhkehsti', got ['tsalhskwethuh']"
1622,he/she is wearing a hat,stative-k,"perfective: expected 'ulhskwethuhkv'i', got [""ulhskwethuhv'i""]; imperative: expected 'tsalhskwethuhkehsti', got ['tsalhskwethuh']"
1613,he/she is wearing a ring,stative-k,"perfective: expected 'uliyehsuhsthkv'i', got [""uliyehsuhsthv'i""]; imperative: expected 'tsaliyehsuhsthkehsti', got ['tsaliyehsuhsth']"
1613,he/she is wearing a ring,stative-k,"perfective: expected 'uliyehsuhsthkv'i', got [""uliyehsuhsthv'i""]; imperative: expected 'tsaliyehsuhsthkehsti', got ['tsaliyehsuhsth']"
968,he/she is whistling,stative-k,"perfective: expected 'uwahsvnhtsv'i', got [""uwahsvnhv'i""]; imperative: expected 'hihsvnhki', got ['hihsvnh']; infinitive: expected 'uwahsvnhsti', got ['uwahsvnhi']"
519,he/she is whittling it,stative-k,"perfective: expected 'uyolhanv'i', got [""uyolhvhsv'i""]; imperative: expected 'hiyolhvka', got ['hiyolhvhs']; infinitive: expected 'uyolhvhsti', got ['uyolhvhsi']"
519,he/she is whittling it,stative-k,"perfective: expected 'uyolhanv'i', got [""uyolhvhsv'i""]; imperative: expected 'hiyolhvka', got ['hiyolvhs']; infinitive: expected 'uyolhvhsti', got ['uyolhvhsi']"
441,he/she is wounding him/her,stative-k,"perfective: expected 'uhsonvnhv'i', got [""uhsonvhsv'i""]; imperative: expected 'hihsonvna', got ['hihsonvhs']; infinitive: expected 'uhsonvhsti', got ['uhsonvhsi']"
441,he/she is wounding him/her,stative-k,"perfective: expected 'uhsonvnhv'i', got [""uhsonvhsv'i""]; imperative: expected 'hihsonvna', got ['hihsonvhs']; infinitive: expected 'uhsonvhsti', got ['uhsonvhsi']"
441,he/she is wounding him/her,stative-k,"perfective: expected 'uhsonvnhv'i', got [""uhsonvhsv'i""]; imperative: expected 'hihsonvna', got ['hihsonvhs']; infinitive: expected 'uhsonvhsti', got ['uhsonvhsi']"
441,he/she is wounding him/her,stative-k,"perfective: expected 'uhsonvnhv'i', got [""uhsonvhsv'i""]; imperative: expected 'hihsonvna', got ['hihsonvhs']; infinitive: expected 'uhsonvhsti', got ['uhsonvhsi']"
829,he/she is wrapping him/her,stative-k,"perfective: expected 'uwakwhenvnhv'i', got [""uwakwhenvhsv'i""]; imperative: expected 'hiyakwhenvna', got ['hiyakwhenvhs']; infinitive: expected 'uwakwhenvhti', got ['uwakwhenvhsi']"
1708,he/she smells it,stative-k,"perfective: expected 'uwawhsvtsv'i', got [""uwawhsvv'i""]; imperative: expected 'tsawhsvki', got ['tsawhsv']; infinitive: expected 'uwawhsvhsti', got ['uwawhsvi']"
1018,he/she understands it,stative-k,"perfective: expected 'uwolhtsv'i', got [""uwolhv'i""]; imperative: expected 'holhki', got ['holh']; infinitive: expected 'uwolhihsti', got ['uwolhi']"
924,it is blowing (refers to wind),stative-k,"perfective: expected 'unolvnv'i', got [""unolv'vhsv'i""]; infinitive: expected 'unolvti', got [""unolv'vhsi""]"
924,it is blowing (refers to wind),stative-k,"perfective: expected 'unolvnv'i', got [""unolv'vhsv'i""]; infinitive: expected 'unolvti', got [""unolv'vhsi""]"
924,it is blowing (refers to wind),stative-k,"perfective: expected 'unolvnv'i', got [""unolv'vhsv'i""]; infinitive: expected 'unolvti', got [""unolv'vhsi""]"
924,it is blowing (refers to wind),stative-k,"perfective: expected 'unolvnv'i', got [""unolv'vhsv'i""]; infinitive: expected 'unolvti', got [""unolv'vhsi""]"
924,it is blowing (refers to wind),stative-k,"perfective: expected 'unolvnv'i', got [""unolv'vhsv'i""]; infinitive: expected 'unolvti', got [""unolv'vhsi""]"
924,it is blowing (refers to wind),stative-k,"perfective: expected 'unolvnv'i', got [""unolv'vhsv'i""]; infinitive: expected 'unolvti', got [""unolv'vhsi""]"
924,it is blowing (refers to wind),stative-k,"perfective: expected 'unolvnv'i', got [""unolv'vhsv'i""]; infinitive: expected 'unolvti', got [""unolv'vhsi""]"
924,it is blowing (refers to wind),stative-k,"perfective: expected 'unolvnv'i', got [""unolv'vhsv'i""]; infinitive: expected 'unolvti', got [""unolv'vhsi""]"
840,it is burning (refers to forest or grass),stative-k,"perfective: expected 'ulitsv'i', got [""uliv'i""]"
840,it is burning (refers to forest or grass),stative-k,"perfective: expected 'ulitsv'i', got [""uliv'i""]"
840,it is burning (refers to forest or grass),stative-k,"perfective: expected 'ulitsv'i', got [""uliv'i""]"
840,it is burning (refers to forest or grass),stative-k,"perfective: expected 'ulitsv'i', got [""uliv'i""]"
840,it is burning (refers to forest or grass),stative-k,"perfective: expected 'ulitsv'i', got [""uliv'i""]"
840,it is burning (refers to forest or grass),stative-k,"perfective: expected 'ulitsv'i', got [""uliv'i""]"
840,it is burning (refers to forest or grass),stative-k,"perfective: expected 'ulitsv'i', got [""uliv'i""]"
840,it is burning (refers to forest or grass),stative-k,"perfective: expected 'ulitsv'i', got [""uliv'i""]"
840,it is burning (refers to forest or grass),stative-k,"perfective: expected 'ulitsv'i', got [""uliv'i""]"
840,it is burning (refers to forest or grass),stative-k,"perfective: expected 'ulitsv'i', got [""uliv'i""]"
840,it is burning (refers to forest or grass),stative-k,"perfective: expected 'ulitsv'i', got [""uliv'i""]"
840,it is burning (refers to forest or grass),stative-k,"perfective: expected 'ulitsv'i', got [""uliv'i""]"
842,it is dying (refers to an animal or plant),stative-k,"perfective: expected 'uliwhotsv'i', got [""uliwhov'i""]; imperative: expected 'hiliwhoki', got ['hiliwho']; infinitive: expected 'uliwhohsti', got ['uliwhoi']"
842,it is dying (refers to an animal or plant),stative-k,"perfective: expected 'uliwhotsv'i', got [""uliwhov'i""]; imperative: expected 'hiliwhoki', got ['hiliwo']; infinitive: expected 'uliwhohsti', got ['uliwhoi']"
777,it is falling from a hanging position (refers to flexible object),stative-k,"imperative: expected 'hatohi', got ['hatohs']; infinitive: expected 'utohihsti', got ['utohsi']"
777,it is falling from a hanging position (refers to flexible object),stative-k,"imperative: expected 'hatohi', got ['hatohs']; infinitive: expected 'utohihsti', got ['utohsi']"
838,it is falling from an upright position (refers to a long object eg tree‚ pole),stative-k,"imperative: expected 'hileyvhi', got ['hileyvhs']; infinitive: expected 'uleyvhihsti', got ['uleyvhsi']"
838,it is falling from an upright position (refers to a long object eg tree‚ pole),stative-k,"imperative: expected 'hileyvhi', got ['hileyvhs']; infinitive: expected 'uleyvhihsti', got ['uleyvhsi']"
1649,it is making a sound,stative-k,"perfective: expected 'unoyhvlhsv'i', got [""unoyhvhv'i""]; imperative: expected 'tsanoyhvla', got ['tsanoyhvh']; infinitive: expected 'unoyhvlhihsti', got ['unoyhvhi']"
1233,it’s accumulating,stative-k,"perfective: expected 'unhehkwotsv'i', got [""unhehkwov'i""]; imperative: expected 'hinhehkwoki', got ['hinhehkwo']; infinitive: expected 'unhehkwo'ihsti', got ['unhehkwoi']"
1233,it’s accumulating,stative-k,"perfective: expected 'unhehkwotsv'i', got [""unhehkwov'i""]; imperative: expected 'hinhehkwoki', got []; infinitive: expected 'unhehkwo'ihsti', got ['unhehkwoi']"
1233,it’s accumulating,stative-k,"perfective: expected 'unhehkwotsv'i', got [""unhehkwov'i""]; imperative: expected 'hinhehkwoki', got ['hinhehkwo']; infinitive: expected 'unhehkwo'ihsti', got ['unhehkwoi']"
1233,it’s accumulating,stative-k,"perfective: expected 'unhehkwotsv'i', got [""unhehkwov'i""]; imperative: expected 'hinhehkwoki', got []; infinitive: expected 'unhehkwo'ihsti', got ['unhehkwoi']"
611,it’s barking,stative-k,"imperative: expected 'thahsuwha', got ['thahsuwhihs', 'tihahsuwhihs', 'tshahsuwhihs']; infinitive: expected 'tsuhsuwhihsti', got ['tiuhsuwhihsi', 'tsuhsuwhihsi', 'tuhsuwhihsi']"
1082,it’s becoming done (refers to by cooking),stative-k,"imperative: expected 'hvnhi', got ['hvnhs']; infinitive: expected 'uwanhihsti', got ['uwanhsi']"
214,it’s becoming frosty (refers to the ground),stative-k,"perfective: expected 'uyhahthvnhv'i', got [""uyhahthvhvhsv'i""]; infinitive: expected 'uyhahthvthti', got ['uyhahthvhvhsi']"
214,it’s becoming frosty (refers to the ground),stative-k,"perfective: expected 'uyhahthvnhv'i', got [""uyhahthvhvhsv'i""]; infinitive: expected 'uyhahthvthti', got ['uyhahthvhvhsi']"
214,it’s becoming frosty (refers to the ground),stative-k,"perfective: expected 'uyhahthvnhv'i', got [""uyhahthvhvhsv'i""]; infinitive: expected 'uyhahthvthti', got ['uyhahthvhvhsi']"
214,it’s becoming frosty (refers to the ground),stative-k,"perfective: expected 'uyhahthvnhv'i', got [""uyhahthvhvhsv'i""]; infinitive: expected 'uyhahthvthti', got ['uyhahthvhvhsi']"
214,it’s becoming frosty (refers to the ground),stative-k,"perfective: expected 'uyhahthvnhv'i', got [""uyhahthvhvhsv'i""]; infinitive: expected 'uyhahthvthti', got ['uyhahthvhvhsi']"
214,it’s becoming frosty (refers to the ground),stative-k,"perfective: expected 'uyhahthvnhv'i', got [""uyhahthvhvhsv'i""]; infinitive: expected 'uyhahthvthti', got ['uyhahthvhvhsi']"
214,it’s becoming frosty (refers to the ground),stative-k,"perfective: expected 'uyhahthvnhv'i', got [""uyhahthvhvhsv'i""]; infinitive: expected 'uyhahthvthti', got ['uyhahthvhvhsi']"
214,it’s becoming frosty (refers to the ground),stative-k,"perfective: expected 'uyhahthvnhv'i', got [""uyhahthvhvhsv'i""]; infinitive: expected 'uyhahthvthti', got ['uyhahthvhvhsi']"
214,it’s becoming frosty (refers to the ground),stative-k,"perfective: expected 'uyhahthvnhv'i', got [""uyhahthvhvhsv'i""]; infinitive: expected 'uyhahthvthti', got ['uyhahthvhvhsi']"
214,it’s becoming frosty (refers to the ground),stative-k,"perfective: expected 'uyhahthvnhv'i', got [""uyhahthvhvhsv'i""]; infinitive: expected 'uyhahthvthti', got ['uyhahthvhvhsi']"
214,it’s becoming frosty (refers to the ground),stative-k,"perfective: expected 'uyhahthvnhv'i', got [""uyhahthvhvhsv'i""]; infinitive: expected 'uyhahthvthti', got ['uyhahthvhvhsi']"
214,it’s becoming frosty (refers to the ground),stative-k,"perfective: expected 'uyhahthvnhv'i', got [""uyhahthvhvhsv'i""]; infinitive: expected 'uyhahthvthti', got ['uyhahthvhvhsi']"
175,it’s bending,stative-k,"perfective: expected 'ulhiyvhkwitvnv'i', got [""ulhiyvhkwitvhsv'i""]; infinitive: expected 'ulhiyvhkwitvti', got ['ulhiyvhkwitvhsi']"
175,it’s bending,stative-k,"perfective: expected 'ulhiyvhkwitvnv'i', got [""ulhiyvhkwitvhsv'i""]; infinitive: expected 'ulhiyvhkwitvti', got ['ulhiyvhkwitvhsi']"
175,it’s bending,stative-k,"perfective: expected 'ulhiyvhkwitvnv'i', got [""ulhiyvhkwitvhsv'i""]; infinitive: expected 'ulhiyvhkwitvti', got ['ulhiyvhkwitvhsi']"
175,it’s bending,stative-k,"perfective: expected 'ulhiyvhkwitvnv'i', got [""ulhiyvhkwitvhsv'i""]; infinitive: expected 'ulhiyvhkwitvti', got ['ulhiyvhkwitvhsi']"
175,it’s bending,stative-k,"perfective: expected 'ulhiyvhkwitvnv'i', got [""ulhiyvhkwitvhsv'i""]; infinitive: expected 'ulhiyvhkwitvti', got ['ulhiyvhkwitvhsi']"
175,it’s bending,stative-k,"perfective: expected 'ulhiyvhkwitvnv'i', got [""ulhiyvhkwitvhsv'i""]; infinitive: expected 'ulhiyvhkwitvti', got ['ulhiyvhkwitvhsi']"
175,it’s bending,stative-k,"perfective: expected 'ulhiyvhkwitvnv'i', got [""ulhiyvhkwitvhsv'i""]; infinitive: expected 'ulhiyvhkwitvti', got ['ulhiyvhkwitvhsi']"
175,it’s bending,stative-k,"perfective: expected 'ulhiyvhkwitvnv'i', got [""ulhiyvhkwitvhsv'i""]; infinitive: expected 'ulhiyvhkwitvti', got ['ulhiyvhkwitvhsi']"
175,it’s bending,stative-k,"perfective: expected 'ulhiyvhkwitvnv'i', got [""ulhiyvhkwitvhsv'i""]; infinitive: expected 'ulhiyvhkwitvti', got ['ulhiyvhkwitvhsi']"
175,it’s bending,stative-k,"perfective: expected 'ulhiyvhkwitvnv'i', got [""ulhiyvhkwitvhsv'i""]; infinitive: expected 'ulhiyvhkwitvti', got ['ulhiyvhkwitvhsi']"
175,it’s bending,stative-k,"perfective: expected 'ulhiyvhkwitvnv'i', got [""ulhiyvhkwitvhsv'i""]; infinitive: expected 'ulhiyvhkwitvti', got ['ulhiyvhkwitvhsi']"
175,it’s bending,stative-k,"perfective: expected 'ulhiyvhkwitvnv'i', got [""ulhiyvhkwitvhsv'i""]; infinitive: expected 'ulhiyvhkwitvti', got ['ulhiyvhkwitvhsi']"
175,it’s bending,stative-k,"perfective: expected 'ulhiyvhkwitvnv'i', got [""ulhiyvhkwitvhsv'i""]; infinitive: expected 'ulhiyvhkwitvti', got ['ulhiyvhkwitvhsi']"
175,it’s bending,stative-k,"perfective: expected 'ulhiyvhkwitvnv'i', got [""ulhiyvhkwitvhsv'i""]; infinitive: expected 'ulhiyvhkwitvti', got ['ulhiyvhkwitvhsi']"
175,it’s bending,stative-k,"perfective: expected 'ulhiyvhkwitvnv'i', got [""ulhiyvhkwitvhsv'i""]; infinitive: expected 'ulhiyvhkwitvti', got ['ulhiyvhkwitvhsi']"
175,it’s bending,stative-k,"perfective: expected 'ulhiyvhkwitvnv'i', got [""ulhiyvhkwitvhsv'i""]; infinitive: expected 'ulhiyvhkwitvti', got ['ulhiyvhkwitvhsi']"
175,it’s bending,stative-k,"perfective: expected 'ulhiyvhkwitvnv'i', got [""ulhiyvhkwitvhsv'i""]; infinitive: expected 'ulhiyvhkwitvti', got ['ulhiyvhkwitvhsi']"
175,it’s bending,stative-k,"perfective: expected 'ulhiyvhkwitvnv'i', got [""ulhiyvhkwitvhsv'i""]; infinitive: expected 'ulhiyvhkwitvti', got ['ulhiyvhkwitvhsi']"
175,it’s bending,stative-k,"perfective: expected 'ulhiyvhkwitvnv'i', got [""ulhiyvhkwitvhsv'i""]; infinitive: expected 'ulhiyvhkwitvti', got ['ulhiyvhkwitvhsi']"
175,it’s bending,stative-k,"perfective: expected 'ulhiyvhkwitvnv'i', got [""ulhiyvhkwitvhsv'i""]; infinitive: expected 'ulhiyvhkwitvti', got ['ulhiyvhkwitvhsi']"
250,it’s blooming,stative-k,"perfective: expected 'utsilvnhv'i', got [""utsilvhsv'i""]; infinitive: expected 'utsilhti', got ['utsilvhsi']"
250,it’s blooming,stative-k,"perfective: expected 'utsilvnhv'i', got [""utsilvhsv'i""]; infinitive: expected 'utsilhti', got ['utsilvhsi']"
250,it’s blooming,stative-k,"perfective: expected 'utsilvnhv'i', got [""utsilvhsv'i""]; infinitive: expected 'utsilhti', got ['utsilvhsi']"
250,it’s blooming,stative-k,"perfective: expected 'utsilvnhv'i', got [""utsilvhsv'i""]; infinitive: expected 'utsilhti', got ['utsilvhsi']"
250,it’s blooming,stative-k,"perfective: expected 'utsilvnhv'i', got [""utsilvhsv'i""]; infinitive: expected 'utsilhti', got ['utsilvhsi']"
250,it’s blooming,stative-k,"perfective: expected 'utsilvnhv'i', got [""utsilvhsv'i""]; infinitive: expected 'utsilhti', got ['utsilvhsi']"
250,it’s blooming,stative-k,"perfective: expected 'utsilvnhv'i', got [""utsilvhsv'i""]; infinitive: expected 'utsilhti', got ['utsilvhsi']"
250,it’s blooming,stative-k,"perfective: expected 'utsilvnhv'i', got [""utsilvhsv'i""]; infinitive: expected 'utsilhti', got ['utsilvhsi']"
4,it’s bouncing,stative-k,"perfective: expected 'utatinvhsv'i', got [""utatev'i""]; imperative: expected 'hatatuka', got ['hatate']; infinitive: expected 'utatinvti', got ['utatei']"
4,it’s bouncing,stative-k,"perfective: expected 'utatinvhsv'i', got [""utatev'i""]; imperative: expected 'hatatuka', got ['hatate']; infinitive: expected 'utatinvti', got ['utatei']"
4,it’s bouncing,stative-k,"perfective: expected 'utatinvhsv'i', got [""utatev'i""]; imperative: expected 'hatatuka', got ['hatate']; infinitive: expected 'utatinvti', got ['utatei']"
4,it’s bouncing,stative-k,"perfective: expected 'utatinvhsv'i', got [""utatev'i""]; imperative: expected 'hatatuka', got ['hatate']; infinitive: expected 'utatinvti', got ['utatei']"
4,it’s bouncing,stative-k,"perfective: expected 'utatinvhsv'i', got [""utatev'i""]; imperative: expected 'hatatuka', got ['hatate']; infinitive: expected 'utatinvti', got ['utatei']"
515,it’s breaking,stative-k,"perfective: expected 'uyotsv'i', got [""uyov'i""]; imperative: expected 'hiyoki', got ['hiyo']; infinitive: expected 'uyoyhsti', got ['uyoi']"
515,it’s breaking,stative-k,"perfective: expected 'uyotsv'i', got [""uyov'i""]; imperative: expected 'hiyoki', got ['hiyo']; infinitive: expected 'uyoyhsti', got ['uyoi']"
136,it’s burning,stative-k,"perfective: expected 'ukonhv'i', got [""ukohvhsv'i""]; imperative: expected 'hakonha', got ['hakohvhs']; infinitive: expected 'ukohvhsti', got ['ukohvhsi']"
1623,it’s dark,stative-k,"perfective: expected 'ulhsihkv'i', got [""ulhsihv'i""]; imperative: expected 'tsalhsihkehsti', got ['tsalhsih']"
1623,it’s dark,stative-k,"perfective: expected 'ulhsihkv'i', got [""ulhsihv'i""]; imperative: expected 'tsalhsihkehsti', got ['tsalhsih']"
1623,it’s dark,stative-k,"perfective: expected 'ulhsihkv'i', got [""ulhsihv'i""]; imperative: expected 'tsalhsihkehsti', got ['tsalhsih']"
1524,it’s decaying,stative-k,"imperative: expected 'tsakohi', got ['tsakohs']; infinitive: expected 'ukohihsti', got ['ukohsi']"
416,it’s fading,stative-k,"perfective: expected 'uhskolvtsv'i', got [""uhskolvv'i""]; infinitive: expected 'uhskolvyhsti', got ['uhskolvi']"
416,it’s fading,stative-k,"perfective: expected 'uhskolvtsv'i', got [""uhskolvv'i""]; infinitive: expected 'uhskolvyhsti', got ['uhskolvi']"
416,it’s fading,stative-k,"perfective: expected 'uhskolvtsv'i', got [""uhskolvv'i""]; infinitive: expected 'uhskolvyhsti', got ['uhskolvi']"
416,it’s fading,stative-k,"perfective: expected 'uhskolvtsv'i', got [""uhskolvv'i""]; infinitive: expected 'uhskolvyhsti', got ['uhskolvi']"
416,it’s fading,stative-k,"perfective: expected 'uhskolvtsv'i', got [""uhskolvv'i""]; infinitive: expected 'uhskolvyhsti', got ['uhskolvi']"
416,it’s fading,stative-k,"perfective: expected 'uhskolvtsv'i', got [""uhskolvv'i""]; infinitive: expected 'uhskolvyhsti', got ['uhskolvi']"
416,it’s fading,stative-k,"perfective: expected 'uhskolvtsv'i', got [""uhskolvv'i""]; infinitive: expected 'uhskolvyhsti', got ['uhskolvi']"
416,it’s fading,stative-k,"perfective: expected 'uhskolvtsv'i', got [""uhskolvv'i""]; infinitive: expected 'uhskolvyhsti', got ['uhskolvi']"
416,it’s fading,stative-k,"perfective: expected 'uhskolvtsv'i', got [""uhskolvv'i""]; infinitive: expected 'uhskolvyhsti', got ['uhskolvi']"
416,it’s fading,stative-k,"perfective: expected 'uhskolvtsv'i', got [""uhskolvv'i""]; infinitive: expected 'uhskolvyhsti', got ['uhskolvi']"
416,it’s fading,stative-k,"perfective: expected 'uhskolvtsv'i', got [""uhskolvv'i""]; infinitive: expected 'uhskolvyhsti', got ['uhskolvi']"
416,it’s fading,stative-k,"perfective: expected 'uhskolvtsv'i', got [""uhskolvv'i""]; infinitive: expected 'uhskolvyhsti', got ['uhskolvi']"
1024,it’s falling (refers to a round‚ long object),stative-k,"imperative: expected 'hohohi', got ['hohohs']; infinitive: expected 'uwohohihsti', got ['uwohohsi']"
488,it’s flashing (refers to reflected light),stative-k,"infinitive: expected 'uthoyawhsti', got ['uthoyawhsi']"
488,it’s flashing (refers to reflected light),stative-k,"infinitive: expected 'uthoyawhsti', got ['uthoyawhsi']"
488,it’s flashing (refers to reflected light),stative-k,"infinitive: expected 'uthoyawhsti', got ['uthoyawhsi']"
488,it’s flashing (refers to reflected light),stative-k,"infinitive: expected 'uthoyawhsti', got ['uthoyawhsi']"
488,it’s flashing (refers to reflected light),stative-k,"infinitive: expected 'uthoyawhsti', got ['uthoyawhsi']"
488,it’s flashing (refers to reflected light),stative-k,"infinitive: expected 'uthoyawhsti', got ['uthoyawhsi']"
488,it’s flashing (refers to reflected light),stative-k,"infinitive: expected 'uthoyawhsti', got ['uthoyawhsi']"
488,it’s flashing (refers to reflected light),stative-k,"infinitive: expected 'uthoyawhsti', got ['uthoyawhsi']"
488,it’s flashing (refers to reflected light),stative-k,"infinitive: expected 'uthoyawhsti', got ['uthoyawhsi']"
488,it’s flashing (refers to reflected light),stative-k,"infinitive: expected 'uthoyawhsti', got ['uthoyawhsi']"
488,it’s flashing (refers to reflected light),stative-k,"infinitive: expected 'uthoyawhsti', got ['uthoyawhsi']"
488,it’s flashing (refers to reflected light),stative-k,"infinitive: expected 'uthoyawhsti', got ['uthoyawhsi']"
488,it’s flashing (refers to reflected light),stative-k,"infinitive: expected 'uthoyawhsti', got ['uthoyawhsi']"
488,it’s flashing (refers to reflected light),stative-k,"infinitive: expected 'uthoyawhsti', got ['uthoyawhsi']"
488,it’s flashing (refers to reflected light),stative-k,"infinitive: expected 'uthoyawhsti', got ['uthoyawhsi']"
488,it’s flashing (refers to reflected light),stative-k,"infinitive: expected 'uthoyawhsti', got ['uthoyawhsi']"
488,it’s flashing (refers to reflected light),stative-k,"infinitive: expected 'uthoyawhsti', got ['uthoyawhsi']"
488,it’s flashing (refers to reflected light),stative-k,"infinitive: expected 'uthoyawhsti', got ['uthoyawhsi']"
488,it’s flashing (refers to reflected light),stative-k,"infinitive: expected 'uthoyawhsti', got ['uthoyawhsi']"
488,it’s flashing (refers to reflected light),stative-k,"infinitive: expected 'uthoyawhsti', got ['uthoyawhsi']"
423,it’s getting shorter,stative-k,"perfective: expected 'uhskwalotsv'i', got [""uhskwalov'i""]; imperative: expected 'hihskwaloki', got ['hihskwalo']; infinitive: expected 'uhskwaloyhsti', got ['uhskwaloi']"
423,it’s getting shorter,stative-k,"perfective: expected 'uhskwalotsv'i', got [""uhskwalov'i""]; imperative: expected 'hihskwaloki', got ['hihskwalo']; infinitive: expected 'uhskwaloyhsti', got ['uhskwaloi']"
423,it’s getting shorter,stative-k,"perfective: expected 'uhskwalotsv'i', got [""uhskwalov'i""]; imperative: expected 'hihskwaloki', got ['hihskwalo']; infinitive: expected 'uhskwaloyhsti', got ['uhskwaloi']"
423,it’s getting shorter,stative-k,"perfective: expected 'uhskwalotsv'i', got [""uhskwalov'i""]; imperative: expected 'hihskwaloki', got ['hihskwalo']; infinitive: expected 'uhskwaloyhsti', got ['uhskwaloi']"
118,it’s getting warm,stative-k,"infinitive: expected 'ukanawohihsti', got ['ukanawohsi']"
118,it’s getting warm,stative-k,"infinitive: expected 'ukanawohihsti', got ['ukanawohsi']"
118,it’s getting warm,stative-k,"infinitive: expected 'ukanawohihsti', got ['ukanawohsi']"
118,it’s getting warm,stative-k,"infinitive: expected 'ukanawohihsti', got ['ukanawohsi']"
118,it’s getting warm,stative-k,"infinitive: expected 'ukanawohihsti', got ['ukanawohsi']"
118,it’s getting warm,stative-k,"infinitive: expected 'ukanawohihsti', got ['ukanawohsi']"
118,it’s getting warm,stative-k,"infinitive: expected 'ukanawohihsti', got ['ukanawohsi']"
118,it’s getting warm,stative-k,"infinitive: expected 'ukanawohihsti', got ['ukanawohsi']"
896,it’s hailing,stative-k,"infinitive: expected 'unehsoyhsti', got ['unehsoyhsi']"
896,it’s hailing,stative-k,"infinitive: expected 'unehsoyhsti', got ['unehsoyhsi']"
896,it’s hailing,stative-k,"infinitive: expected 'unehsoyhsti', got ['unehsoyhsi']"
896,it’s hailing,stative-k,"infinitive: expected 'unehsoyhsti', got ['unehsoyhsi']"
896,it’s hailing,stative-k,"infinitive: expected 'unehsoyhsti', got ['unehsoyhsi']"
896,it’s hailing,stative-k,"infinitive: expected 'unehsoyhsti', got ['unehsoyhsi']"
896,it’s hailing,stative-k,"infinitive: expected 'unehsoyhsti', got ['unehsoyhsi']"
896,it’s hailing,stative-k,"infinitive: expected 'unehsoyhsti', got ['unehsoyhsi']"
1478,it’s hot,stative-k,"perfective: expected 'utilhehkv'i', got [""utilhehv'i""]; imperative: expected 'tsatilhehkehsti', got ['tsatilheh']"
1478,it’s hot,stative-k,"perfective: expected 'utilhehkv'i', got [""utilhehv'i""]; imperative: expected 'tsatilhehkehsti', got ['tsatilheh']"
1478,it’s hot,stative-k,"perfective: expected 'utilhehkv'i', got [""utilhehv'i""]; imperative: expected 'tsatilhehkehsti', got ['tsatilheh']"
1478,it’s hot,stative-k,"perfective: expected 'utilhehkv'i', got [""utilhehv'i""]; imperative: expected 'tsatilhehkehsti', got ['tsatilheh']"
1478,it’s hot,stative-k,"perfective: expected 'utilhehkv'i', got [""utilhehv'i""]; imperative: expected 'tsatilhehkehsti', got ['tsatilheh']"
1478,it’s hot,stative-k,"perfective: expected 'utilhehkv'i', got [""utilhehv'i""]; imperative: expected 'tsatilhehkehsti', got ['tsatilheh']"
859,it’s lacking,stative-k,"perfective: expected 'ululotsv'i', got [""ululov'i""]; imperative: expected 'hiluloki', got ['hilulo']; infinitive: expected 'ululohsti', got ['ululoi']"
859,it’s lacking,stative-k,"perfective: expected 'ululotsv'i', got [""ululov'i""]; imperative: expected 'hiluloki', got ['hilulo']; infinitive: expected 'ululohsti', got ['ululoi']"
1064,it’s leaking,stative-k,"infinitive: expected 'uwakuhsti', got ['uwakuhsi']"
1064,it’s leaking,stative-k,"infinitive: expected 'uwakuhsti', got ['uwakuhsi']"
1064,it’s leaking,stative-k,"infinitive: expected 'uwakuhsti', got ['uwakuhsi']"
1064,it’s leaking,stative-k,"infinitive: expected 'uwakuhsti', got ['uwakuhsi']"
1079,it’s melting,stative-k,"imperative: expected 'hvnawohi', got ['hvnawohs']; infinitive: expected 'uwanawohihsti', got ['uwanawohsi']"
94,it’s pouring into a container (refers to liquid),stative-k,"perfective: expected 'utlitsv'i', got [""utliv'i""]; infinitive: expected 'utliyhsti', got ['utlii']"
94,it’s pouring into a container (refers to liquid),stative-k,"perfective: expected 'utlitsv'i', got [""utliv'i""]; infinitive: expected 'utliyhsti', got ['utlii']"
94,it’s pouring into a container (refers to liquid),stative-k,"perfective: expected 'utlitsv'i', got [""utliv'i""]; infinitive: expected 'utliyhsti', got ['utlii']"
94,it’s pouring into a container (refers to liquid),stative-k,"perfective: expected 'utlitsv'i', got [""utliv'i""]; infinitive: expected 'utliyhsti', got ['utlii']"
94,it’s pouring into a container (refers to liquid),stative-k,"perfective: expected 'utlitsv'i', got [""utliv'i""]; infinitive: expected 'utliyhsti', got ['utlii']"
94,it’s pouring into a container (refers to liquid),stative-k,"perfective: expected 'utlitsv'i', got [""utliv'i""]; infinitive: expected 'utliyhsti', got ['utlii']"
94,it’s pouring into a container (refers to liquid),stative-k,"perfective: expected 'utlitsv'i', got [""utliv'i""]; infinitive: expected 'utliyhsti', got ['utlii']"
94,it’s pouring into a container (refers to liquid),stative-k,"perfective: expected 'utlitsv'i', got [""utliv'i""]; infinitive: expected 'utliyhsti', got ['utlii']"
94,it’s pouring into a container (refers to liquid),stative-k,"perfective: expected 'utlitsv'i', got [""utliv'i""]; infinitive: expected 'utliyhsti', got ['utlii']"
94,it’s pouring into a container (refers to liquid),stative-k,"perfective: expected 'utlitsv'i', got [""utliv'i""]; infinitive: expected 'utliyhsti', got ['utlii']"
94,it’s pouring into a container (refers to liquid),stative-k,"perfective: expected 'utlitsv'i', got [""utliv'i""]; infinitive: expected 'utliyhsti', got ['utlii']"
94,it’s pouring into a container (refers to liquid),stative-k,"perfective: expected 'utlitsv'i', got [""utliv'i""]; infinitive: expected 'utliyhsti', got ['utlii']"
119,it’s raining,stative-k,"perfective: expected 'ukanhanv'i', got [""ukahsv'i""]; infinitive: expected 'ukanhti', got ['ukahsi']"
119,it’s raining,stative-k,"perfective: expected 'ukanhanv'i', got [""ukahsv'i""]; infinitive: expected 'ukanhti', got ['ukahsi']"
119,it’s raining,stative-k,"perfective: expected 'ukanhanv'i', got [""ukahsv'i""]; infinitive: expected 'ukanhti', got ['ukahsi']"
119,it’s raining,stative-k,"perfective: expected 'ukanhanv'i', got [""ukahsv'i""]; infinitive: expected 'ukanhti', got ['ukahsi']"
75,it’s scattering,stative-k,"perfective: expected 'utikaleyotsv'i', got [""utikaleyov'i""]; infinitive: expected 'utikaleyoyhsti', got ['utikaleyoi']"
75,it’s scattering,stative-k,"perfective: expected 'utikaleyotsv'i', got [""utikaleyov'i""]; infinitive: expected 'utikaleyoyhsti', got ['utikaleyoi']"
75,it’s scattering,stative-k,"perfective: expected 'utikaleyotsv'i', got [""utikaleyov'i""]; infinitive: expected 'utikaleyoyhsti', got ['utikaleyoi']"
75,it’s scattering,stative-k,"perfective: expected 'utikaleyotsv'i', got [""utikaleyov'i""]; infinitive: expected 'utikaleyoyhsti', got ['utikaleyoi']"
75,it’s scattering,stative-k,"perfective: expected 'utikaleyotsv'i', got [""utikaleyov'i""]; infinitive: expected 'utikaleyoyhsti', got ['utikaleyoi']"
75,it’s scattering,stative-k,"perfective: expected 'utikaleyotsv'i', got [""utikaleyov'i""]; infinitive: expected 'utikaleyoyhsti', got ['utikaleyoi']"
75,it’s scattering,stative-k,"perfective: expected 'utikaleyotsv'i', got [""utikaleyov'i""]; infinitive: expected 'utikaleyoyhsti', got ['utikaleyoi']"
75,it’s scattering,stative-k,"perfective: expected 'utikaleyotsv'i', got [""utikaleyov'i""]; infinitive: expected 'utikaleyoyhsti', got ['utikaleyoi']"
75,it’s scattering,stative-k,"perfective: expected 'utikaleyotsv'i', got [""utikaleyov'i""]; infinitive: expected 'utikaleyoyhsti', got ['utikaleyoi']"
75,it’s scattering,stative-k,"perfective: expected 'utikaleyotsv'i', got [""utikaleyov'i""]; infinitive: expected 'utikaleyoyhsti', got ['utikaleyoi']"
75,it’s scattering,stative-k,"perfective: expected 'utikaleyotsv'i', got [""utikaleyov'i""]; infinitive: expected 'utikaleyoyhsti', got ['utikaleyoi']"
75,it’s scattering,stative-k,"perfective: expected 'utikaleyotsv'i', got [""utikaleyov'i""]; infinitive: expected 'utikaleyoyhsti', got ['utikaleyoi']"
75,it’s scattering,stative-k,"perfective: expected 'utikaleyotsv'i', got [""utikaleyov'i""]; infinitive: expected 'utikaleyoyhsti', got ['utikaleyoi']"
75,it’s scattering,stative-k,"perfective: expected 'utikaleyotsv'i', got [""utikaleyov'i""]; infinitive: expected 'utikaleyoyhsti', got ['utikaleyoi']"
75,it’s scattering,stative-k,"perfective: expected 'utikaleyotsv'i', got [""utikaleyov'i""]; infinitive: expected 'utikaleyoyhsti', got ['utikaleyoi']"
75,it’s scattering,stative-k,"perfective: expected 'utikaleyotsv'i', got [""utikaleyov'i""]; infinitive: expected 'utikaleyoyhsti', got ['utikaleyoi']"
75,it’s scattering,stative-k,"perfective: expected 'utikaleyotsv'i', got [""utikaleyov'i""]; infinitive: expected 'utikaleyoyhsti', got ['utikaleyoi']"
75,it’s scattering,stative-k,"perfective: expected 'utikaleyotsv'i', got [""utikaleyov'i""]; infinitive: expected 'utikaleyoyhsti', got ['utikaleyoi']"
75,it’s scattering,stative-k,"perfective: expected 'utikaleyotsv'i', got [""utikaleyov'i""]; infinitive: expected 'utikaleyoyhsti', got ['utikaleyoi']"
75,it’s scattering,stative-k,"perfective: expected 'utikaleyotsv'i', got [""utikaleyov'i""]; infinitive: expected 'utikaleyoyhsti', got ['utikaleyoi']"
75,it’s scattering,stative-k,"perfective: expected 'utikaleyotsv'i', got [""utikaleyov'i""]; infinitive: expected 'utikaleyoyhsti', got ['utikaleyoi']"
75,it’s scattering,stative-k,"perfective: expected 'utikaleyotsv'i', got [""utikaleyov'i""]; infinitive: expected 'utikaleyoyhsti', got ['utikaleyoi']"
75,it’s scattering,stative-k,"perfective: expected 'utikaleyotsv'i', got [""utikaleyov'i""]; infinitive: expected 'utikaleyoyhsti', got ['utikaleyoi']"
75,it’s scattering,stative-k,"perfective: expected 'utikaleyotsv'i', got [""utikaleyov'i""]; infinitive: expected 'utikaleyoyhsti', got ['utikaleyoi']"
179,it’s shattering,stative-k,"perfective: expected 'ulhkhotvnhv'i', got [""ulhkhotvhsv'i""]"
179,it’s shattering,stative-k,"perfective: expected 'ulhkhotvnhv'i', got [""ulhkhotvhsv'i""]"
179,it’s shattering,stative-k,"perfective: expected 'ulhkhotvnhv'i', got [""ulhkhotvhsv'i""]"
179,it’s shattering,stative-k,"perfective: expected 'ulhkhotvnhv'i', got [""ulhkhotvhsv'i""]"
179,it’s shattering,stative-k,"perfective: expected 'ulhkhotvnhv'i', got [""ulhkhotvhsv'i""]"
179,it’s shattering,stative-k,"perfective: expected 'ulhkhotvnhv'i', got [""ulhkhotvhsv'i""]"
179,it’s shattering,stative-k,"perfective: expected 'ulhkhotvnhv'i', got [""ulhkhotvhsv'i""]"
179,it’s shattering,stative-k,"perfective: expected 'ulhkhotvnhv'i', got [""ulhkhotvhsv'i""]"
179,it’s shattering,stative-k,"perfective: expected 'ulhkhotvnhv'i', got [""ulhkhotvhsv'i""]"
179,it’s shattering,stative-k,"perfective: expected 'ulhkhotvnhv'i', got [""ulhkhotvhsv'i""]"
179,it’s shattering,stative-k,"perfective: expected 'ulhkhotvnhv'i', got [""ulhkhotvhsv'i""]"
179,it’s shattering,stative-k,"perfective: expected 'ulhkhotvnhv'i', got [""ulhkhotvhsv'i""]"
179,it’s shattering,stative-k,"perfective: expected 'ulhkhotvnhv'i', got [""ulhkhotvhsv'i""]"
179,it’s shattering,stative-k,"perfective: expected 'ulhkhotvnhv'i', got [""ulhkhotvhsv'i""]"
179,it’s shattering,stative-k,"perfective: expected 'ulhkhotvnhv'i', got [""ulhkhotvhsv'i""]"
179,it’s shattering,stative-k,"perfective: expected 'ulhkhotvnhv'i', got [""ulhkhotvhsv'i""]"
467,it’s steaming,stative-k,"perfective: expected 'uthanolvhsv'i', got [""uthanolev'i""]; infinitive: expected 'uthanolvhsti', got ['uthanolei']"
467,it’s steaming,stative-k,"perfective: expected 'uthanolvhsv'i', got [""uthanolev'i""]; infinitive: expected 'uthanolvhsti', got ['uthanolei']"
467,it’s steaming,stative-k,"perfective: expected 'uthanolvhsv'i', got [""uthanolev'i""]; infinitive: expected 'uthanolvhsti', got ['uthanolei']"
467,it’s steaming,stative-k,"perfective: expected 'uthanolvhsv'i', got [""uthanolev'i""]; infinitive: expected 'uthanolvhsti', got ['uthanolei']"
467,it’s steaming,stative-k,"perfective: expected 'uthanolvhsv'i', got [""uthanolev'i""]; infinitive: expected 'uthanolvhsti', got ['uthanolei']"
467,it’s steaming,stative-k,"perfective: expected 'uthanolvhsv'i', got [""uthanolev'i""]; infinitive: expected 'uthanolvhsti', got ['uthanolei']"
467,it’s steaming,stative-k,"perfective: expected 'uthanolvhsv'i', got [""uthanolev'i""]; infinitive: expected 'uthanolvhsti', got ['uthanolei']"
467,it’s steaming,stative-k,"perfective: expected 'uthanolvhsv'i', got [""uthanolev'i""]; infinitive: expected 'uthanolvhsti', got ['uthanolei']"
467,it’s steaming,stative-k,"perfective: expected 'uthanolvhsv'i', got [""uthanolev'i""]; infinitive: expected 'uthanolvhsti', got ['uthanolei']"
467,it’s steaming,stative-k,"perfective: expected 'uthanolvhsv'i', got [""uthanolev'i""]; infinitive: expected 'uthanolvhsti', got ['uthanolei']"
467,it’s steaming,stative-k,"perfective: expected 'uthanolvhsv'i', got [""uthanolev'i""]; infinitive: expected 'uthanolvhsti', got ['uthanolei']"
467,it’s steaming,stative-k,"perfective: expected 'uthanolvhsv'i', got [""uthanolev'i""]; infinitive: expected 'uthanolvhsti', got ['uthanolei']"
467,it’s steaming,stative-k,"perfective: expected 'uthanolvhsv'i', got [""uthanolev'i""]; infinitive: expected 'uthanolvhsti', got ['uthanolei']"
467,it’s steaming,stative-k,"perfective: expected 'uthanolvhsv'i', got [""uthanolev'i""]; infinitive: expected 'uthanolvhsti', got ['uthanolei']"
467,it’s steaming,stative-k,"perfective: expected 'uthanolvhsv'i', got [""uthanolev'i""]; infinitive: expected 'uthanolvhsti', got ['uthanolei']"
467,it’s steaming,stative-k,"perfective: expected 'uthanolvhsv'i', got [""uthanolev'i""]; infinitive: expected 'uthanolvhsti', got ['uthanolei']"
467,it’s steaming,stative-k,"perfective: expected 'uthanolvhsv'i', got [""uthanolev'i""]; infinitive: expected 'uthanolvhsti', got ['uthanolei']"
467,it’s steaming,stative-k,"perfective: expected 'uthanolvhsv'i', got [""uthanolev'i""]; infinitive: expected 'uthanolvhsti', got ['uthanolei']"
467,it’s steaming,stative-k,"perfective: expected 'uthanolvhsv'i', got [""uthanolev'i""]; infinitive: expected 'uthanolvhsti', got ['uthanolei']"
467,it’s steaming,stative-k,"perfective: expected 'uthanolvhsv'i', got [""uthanolev'i""]; infinitive: expected 'uthanolvhsti', got ['uthanolei']"
1041,it’s swelling,stative-k,"imperative: expected 'hothihi', got ['hothihs']; infinitive: expected 'uwothihihsti', got ['uwothihsi']"
359,they are getting together,stative-k,"perfective: expected 'unalikonhv'i', got [""unalikohvhsv'i""]; imperative: expected 'itsalikohvka', got ['itsalikohvhs']; infinitive: expected 'unalikhti', got ['unalikohvhsi']"
359,they are getting together,stative-k,"perfective: expected 'unalikonhv'i', got [""unalikohvhsv'i""]; imperative: expected 'itsalikohvka', got ['itsalikohvhs']; infinitive: expected 'unalikhti', got ['unalikohvhsi']"
359,they are getting together,stative-k,"perfective: expected 'unalikonhv'i', got [""unalikohvhsv'i""]; imperative: expected 'itsalikohvka', got ['itsalikohvhs']; infinitive: expected 'unalikhti', got ['unalikohvhsi']"
359,they are getting together,stative-k,"perfective: expected 'unalikonhv'i', got [""unalikohvhsv'i""]; imperative: expected 'itsalikohvka', got ['itsalikohvhs']; infinitive: expected 'unalikhti', got ['unalikohvhsi']"
1545,he/she is angry,stative-s,"perfective: expected 'unhalvhsv'i', got [""unhalvv'i""]; imperative: expected 'tshanalvhsehsti', got ['tshanalv']"
1729,he/she is confident,stative-s,"perfective: expected 'uwohiyuhsv'i', got [""uwohiyuv'i""]; imperative: expected 'tsohiyuhsehsti', got ['tsohiyu']"
1516,he/she is possessive of him/her,stative-s,"perfective: expected 'ukeyuhsv'i', got [""ukeyuv'i""]; imperative: expected 'hikeyuhsehsti', got ['hikeyu']; infinitive: expected 'ukeyhti', got ['ukeyui']"
1516,he/she is possessive of him/her,stative-s,"perfective: expected 'ukeyuhsv'i', got [""ukeyuv'i""]; imperative: expected 'hikeyuhsehsti', got ['hikeyu']; infinitive: expected 'ukeyhti', got ['ukeyui']"
1505,he/she is standing in liquid,stative-s,"perfective: expected 'utuhsv'i', got [""utuv'i""]; imperative: expected 'tsatuhsehsti', got ['tsatu']; infinitive: expected 'utuhti', got ['utui']"
1505,he/she is standing in liquid,stative-s,"perfective: expected 'utuhsv'i', got [""utuv'i""]; imperative: expected 'tsatuhsehsti', got ['tsatu']; infinitive: expected 'utuhti', got ['utui']"
1451,he/she loves,stative-s,"perfective: expected 'utakeyuhsv'i', got [""utakeyuv'i""]; imperative: expected 'tsatakeyuhsehsti', got ['tsatakeyu']; infinitive: expected 'utakeyhti', got ['utakeyui']"
1451,he/she loves,stative-s,"perfective: expected 'utakeyuhsv'i', got [""utakeyuv'i""]; imperative: expected 'tsatakeyuhsehsti', got ['tsatakeyu']; infinitive: expected 'utakeyhti', got ['utakeyui']"
1451,he/she loves,stative-s,"perfective: expected 'utakeyuhsv'i', got [""utakeyuv'i""]; imperative: expected 'tsatakeyuhsehsti', got ['tsatakeyu']; infinitive: expected 'utakeyhti', got ['utakeyui']"
1451,he/she loves,stative-s,"perfective: expected 'utakeyuhsv'i', got [""utakeyuv'i""]; imperative: expected 'tsatakeyuhsehsti', got ['tsatakeyu']; infinitive: expected 'utakeyhti', got ['utakeyui']"
1459,it’s wrinkled,stative-s,"perfective: expected 'utanekoyuhsv'i', got [""utanekoyuv'i""]; imperative: expected 'tsatanekoyuhsehsti', got ['tsatanekoyu']"
1459,it’s wrinkled,stative-s,"perfective: expected 'utanekoyuhsv'i', got [""utanekoyuv'i""]; imperative: expected 'tsatanekoyuhsehsti', got ['tsatanekoyu']"
1459,it’s wrinkled,stative-s,"perfective: expected 'utanekoyuhsv'i', got [""utanekoyuv'i""]; imperative: expected 'tsatanekoyuhsehsti', got ['tsatanekoyu']"
1459,it’s wrinkled,stative-s,"perfective: expected 'utanekoyuhsv'i', got [""utanekoyuv'i""]; imperative: expected 'tsatanekoyuhsehsti', got ['tsatanekoyu']"
1061,it’s snowing,stative[inf2],"imperfective: expected 'kuthihsko'i', got [""kuthiho'i""]; perfective: expected 'uwuthanhv'i', got [""uwuthihv'i""]; infinitive: expected 'uwuthohti', got ['uwuthihohti']"
1061,it’s snowing,stative[inf2],"imperfective: expected 'kuthihsko'i', got [""kuthiho'i""]; perfective: expected 'uwuthanhv'i', got [""uwuthihv'i""]; infinitive: expected 'uwuthohti', got ['uwuthihohti']"
1061,it’s snowing,stative[inf2],"imperfective: expected 'kuthihsko'i', got [""kuthiho'i""]; perfective: expected 'uwuthanhv'i', got [""uwuthihv'i""]; infinitive: expected 'uwuthohti', got ['uwuthihohti']"
1061,it’s snowing,stative[inf2],"imperfective: expected 'kuthihsko'i', got [""kuthiho'i""]; perfective: expected 'uwuthanhv'i', got [""uwuthihv'i""]; infinitive: expected 'uwuthohti', got ['uwuthihohti']"
977,he/she is joking,vnh-ih-a,"imperative: expected 'hiwelhvna', got ['hiwelha']; infinitive: expected 'uwelhvhti', got ['uwelhhti']"
977,he/she is joking,vnh-ih-a,"imperative: expected 'hiwelhvna', got ['hiwelha']; infinitive: expected 'uwelhvhti', got ['uwelhhti']"
239,he/she is dressing up,vnh-vsk,"infinitive: expected 'utsanvhti', got ['utsanhti']"
1022,he/she is making it,vnh-vsk,"infinitive: expected 'uwolhvnhti', got ['uwolhhti']"
477,he/she is shaking him/her,vnh-vsk,"perfective: expected 'uthelvnhv'i', got [""uthelvhvnhv'i""]; imperative: expected 'hithelvna', got ['hithelvhvna']; infinitive: expected 'uthelhti', got ['uthelvhhti']"
477,he/she is shaking him/her,vnh-vsk,"perfective: expected 'uthelvnhv'i', got [""uthelvhvnhv'i""]; imperative: expected 'hithelvna', got ['hithelvhvna']; infinitive: expected 'uthelhti', got ['uthelvhhti']"
477,he/she is shaking him/her,vnh-vsk,"perfective: expected 'uthelvnhv'i', got [""uthelvhvnhv'i""]; imperative: expected 'hithelvna', got ['hithelvhvna']; infinitive: expected 'uthelhti', got ['uthelvhhti']"
477,he/she is shaking him/her,vnh-vsk,"perfective: expected 'uthelvnhv'i', got [""uthelvhvnhv'i""]; imperative: expected 'hithelvna', got ['hithelvhvna']; infinitive: expected 'uthelhti', got ['uthelvhhti']"
812,he/she is sleepy,vnh-vsk,"infinitive: expected 'ulhvnhti', got ['ulhhti']"
812,he/she is sleepy,vnh-vsk,"infinitive: expected 'ulhvnhti', got ['ulhhti']"
829,he/she is wrapping him/her,vnh-vsk,"infinitive: expected 'uwakwhenvhti', got ['uwakwhenhti']"
214,it’s becoming frosty (refers to the ground),vnh-vsk,"perfective: expected 'uyhahthvnhv'i', got [""uyhahthvhvnhv'i""]; infinitive: expected 'uyhahthvthti', got ['uyhahthvhhti']"
214,it’s becoming frosty (refers to the ground),vnh-vsk,"perfective: expected 'uyhahthvnhv'i', got [""uyhahthvhvnhv'i""]; infinitive: expected 'uyhahthvthti', got ['uyhahthvhhti']"
214,it’s becoming frosty (refers to the ground),vnh-vsk,"perfective: expected 'uyhahthvnhv'i', got [""uyhahthvhvnhv'i""]; infinitive: expected 'uyhahthvthti', got ['uyhahthvhhti']"
214,it’s becoming frosty (refers to the ground),vnh-vsk,"perfective: expected 'uyhahthvnhv'i', got [""uyhahthvhvnhv'i""]; infinitive: expected 'uyhahthvthti', got ['uyhahthvhhti']"
214,it’s becoming frosty (refers to the ground),vnh-vsk,"perfective: expected 'uyhahthvnhv'i', got [""uyhahthvhvnhv'i""]; infinitive: expected 'uyhahthvthti', got ['uyhahthvhhti']"
214,it’s becoming frosty (refers to the ground),vnh-vsk,"perfective: expected 'uyhahthvnhv'i', got [""uyhahthvhvnhv'i""]; infinitive: expected 'uyhahthvthti', got ['uyhahthvhhti']"
214,it’s becoming frosty (refers to the ground),vnh-vsk,"perfective: expected 'uyhahthvnhv'i', got [""uyhahthvhvnhv'i""]; infinitive: expected 'uyhahthvthti', got ['uyhahthvhhti']"
214,it’s becoming frosty (refers to the ground),vnh-vsk,"perfective: expected 'uyhahthvnhv'i', got [""uyhahthvhvnhv'i""]; infinitive: expected 'uyhahthvthti', got ['uyhahthvhhti']"
214,it’s becoming frosty (refers to the ground),vnh-vsk,"perfective: expected 'uyhahthvnhv'i', got [""uyhahthvhvnhv'i""]; infinitive: expected 'uyhahthvthti', got ['uyhahthvhhti']"
214,it’s becoming frosty (refers to the ground),vnh-vsk,"perfective: expected 'uyhahthvnhv'i', got [""uyhahthvhvnhv'i""]; infinitive: expected 'uyhahthvthti', got ['uyhahthvhhti']"
214,it’s becoming frosty (refers to the ground),vnh-vsk,"perfective: expected 'uyhahthvnhv'i', got [""uyhahthvhvnhv'i""]; infinitive: expected 'uyhahthvthti', got ['uyhahthvhhti']"
214,it’s becoming frosty (refers to the ground),vnh-vsk,"perfective: expected 'uyhahthvnhv'i', got [""uyhahthvhvnhv'i""]; infinitive: expected 'uyhahthvthti', got ['uyhahthvhhti']"
228,he/she is bending it,vsk,"imperative: expected 'hiyhvhkwitv'vka', got ['hiyhvhkwitvka']"
228,he/she is bending it,vsk,"imperative: expected 'hiyhvhkwitv'vka', got ['hiyhvhkwitvka']"
1055,he/she is covering it,vsk,"imperative: expected 'hulhv'vka', got ['hulhvka']"
1085,he/she is hiding him/her (refers to a flexible object),vsk,"imperative: expected 'hiyvhskalv'vka', got ['hiyvhskalvka']"
873,he/she is hiring him/her,vsk,"imperative: expected 'hinalhv'vka', got ['hinalhvka']"
873,he/she is hiring him/her,vsk,"imperative: expected 'hinalhv'vka', got ['hinalhvka']"
1045,he/she is hitching him/her up,vsk,"imperative: expected 'hiyutalv'vka', got ['hiyutalvka']"
454,he/she is mixing it in,vsk,"imperative: expected 'hahsuyv'vka', got ['hahsuyvka']"
870,he/she is putting it in a hole or a container (refers to a flexible object),vsk,"imperative: expected 'hilv'vka', got ['hilvka']"
870,he/she is putting it in a hole or a container (refers to a flexible object),vsk,"imperative: expected 'hilv'vka', got ['hilvka']"
152,he/she is scolding him/her,vsk,"imperative: expected 'hikvhskolv'vka', got ['hikvhskolvka']"
152,he/she is scolding him/her,vsk,"imperative: expected 'hikvhskolv'vka', got ['hikvhskolvka']"
1776,he/she is sending it (refers to a flexible object),vsk,"perfective: expected 'wunvnv'i', got [""wiunv'vnv'i"", ""wunv'vnv'i""]; infinitive: expected 'wunvti', got [""wiunv'vti"", ""wunv'vti""]"
1776,he/she is sending it (refers to a flexible object),vsk,"perfective: expected 'wunvnv'i', got [""wiunv'vnv'i"", ""wunv'vnv'i""]; infinitive: expected 'wunvti', got [""wiunv'vti"", ""wunv'vti""]"
373,he/she is setting a trap,vsk,"imperative: expected 'hihsatv'vka', got ['hihsatvka']"
373,he/she is setting a trap,vsk,"imperative: expected 'hihsatv'vka', got ['hihsatvka']"
373,he/she is setting a trap,vsk,"imperative: expected 'hihsatv'vka', got ['hihsatvka']"
373,he/she is setting a trap,vsk,"imperative: expected 'hihsatv'vka', got ['hihsatvka']"
297,he/she is stepping on him/her,vsk,"imperative: expected 'hiyalahstv'vka', got ['hiyalahstvka']"
924,it is blowing (refers to wind),vsk,"perfective: expected 'unolvnv'i', got [""unolv'vnv'i""]; infinitive: expected 'unolvti', got [""unolv'vti""]"
924,it is blowing (refers to wind),vsk,"perfective: expected 'unolvnv'i', got [""unolv'vnv'i""]; infinitive: expected 'unolvti', got [""unolv'vti""]"
924,it is blowing (refers to wind),vsk,"perfective: expected 'unolvnv'i', got [""unolv'vnv'i""]; infinitive: expected 'unolvti', got [""unolv'vti""]"
924,it is blowing (refers to wind),vsk,"perfective: expected 'unolvnv'i', got [""unolv'vnv'i""]; infinitive: expected 'unolvti', got [""unolv'vti""]"
924,it is blowing (refers to wind),vsk,"perfective: expected 'unolvnv'i', got [""unolv'vnv'i""]; infinitive: expected 'unolvti', got [""unolv'vti""]"
924,it is blowing (refers to wind),vsk,"perfective: expected 'unolvnv'i', got [""unolv'vnv'i""]; infinitive: expected 'unolvti', got [""unolv'vti""]"
924,it is blowing (refers to wind),vsk,"perfective: expected 'unolvnv'i', got [""unolv'vnv'i""]; infinitive: expected 'unolvti', got [""unolv'vti""]"
924,it is blowing (refers to wind),vsk,"perfective: expected 'unolvnv'i', got [""unolv'vnv'i""]; infinitive: expected 'unolvti', got [""unolv'vti""]"
1776,he/she is sending it (refers to a flexible object),vsk-long,"imperative: expected 'whinv'vka', got ['whinvka', 'wihinvka']"
1776,he/she is sending it (refers to a flexible object),vsk-long,"imperative: expected 'whinv'vka', got ['whinvka', 'wihinvka']"
240,he/she is getting in (in a car‚ box‚ etc),vsk-post-v,"infinitive: expected 'utsoti', got ['utsati']"
579,he/she is sprinkling it (with a liquid‚ powder‚ salt‚ etc.),vsk-post-v,"infinitive: expected 'tsukwhakoti', got ['tiukwhayoti', 'tsukwhayoti', 'tukwhayoti']"
579,he/she is sprinkling it (with a liquid‚ powder‚ salt‚ etc.),vsk-post-v,"infinitive: expected 'tsukwhakoti', got ['tiukwhayoti', 'tsukwhayoti', 'tukwhayoti']"
579,he/she is sprinkling it (with a liquid‚ powder‚ salt‚ etc.),vsk-post-v,"infinitive: expected 'tsukwhakoti', got ['tiukwhayoti', 'tsukwhayoti', 'tukwhayoti']"
579,he/she is sprinkling it (with a liquid‚ powder‚ salt‚ etc.),vsk-post-v,"infinitive: expected 'tsukwhakoti', got ['tiukwhayoti', 'tsukwhayoti', 'tukwhayoti']"
1776,he/she is sending it (refers to a flexible object),vsk[imp2],"perfective: expected 'wunvnv'i', got [""wiunv'vnv'i"", ""wunv'vnv'i""]; imperative: expected 'whinv'vka', got [""whinv'v'vka"", ""wihinv'v'vka""]; infinitive: expected 'wunvti', got [""wiunv'vti"", ""wunv'vti""]"
1776,he/she is sending it (refers to a flexible object),vsk[imp2],"perfective: expected 'wunvnv'i', got [""wiunv'vnv'i"", ""wunv'vnv'i""]; imperative: expected 'whinv'vka', got [""whinv'v'vka"", ""wihinv'v'vka""]; infinitive: expected 'wunvti', got [""wiunv'vti"", ""wunv'vti""]"
