corpus_id,form_name,surface,segmented
4,imperative,hatatuka,h-at-at-uka
4,imperfective,atateko'i,a->at-at-ek-o'i
4,infinitive,utatinvti,u->at-at-invt-i
4,perfective,utatinvhsv'i,u->at-at-invhs-v'i
4,present,atateka,a->at-at-ek-a
4,present_1sg,katateka,k-at-at-ek-a
5,imperative,hatatuka,h-at-at-uka
5,imperfective,atateko'i,a->at-at-ek-o'i
5,infinitive,utatinvti,u->at-at-invt-i
5,perfective,utatehsv'i,u->at-at-ehs-v'i
5,present,atateka,a->at-at-ek-a
5,present_1sg,katateka,k-at-at-ek-a
6,imperative,hatatinvta,h-at-atinvt-a
6,imperfective,atatinvtihsko'i,a->at-atinvt-ihsk-o'i
6,infinitive,utatinvtohti,u->at-atinvt-oht-i
6,perfective,utatinvthanv'i,u->at-atinvt-han-v'i
6,present,atatinvtiha,a->at-atinvt-ih-a
6,present_1sg,katatinvtiha,k-at-atinvt-ih-a
7,imperative,hatatloka,h-ata->:tlo-ka
7,imperfective,atatlohiho'i,a->ata->:tlo-hih-o'i
7,infinitive,utatlohsti,u->ata->:tlo-hst-i
7,perfective,utatlolhv'i,u->ata->:tlo-lh-v'i
7,present,atatlohiha,a->ata->:tlo-hih-a
7,present_1sg,katatlohiha,k-ata->:tlo-hih-a
10,imperative,hatatolihsta,h-ata->:tolihst-a
10,imperfective,atatolihstihsko'i,a->ata->:tolihst-ihsk-o'i
10,infinitive,utatolihstohti,u->ata->:tolihst-oht-i
10,perfective,utatolihsthanv'i,u->ata->:tolihst-han-v'i
10,present,atatolihstiha,a->ata->:tolihst-ih-a
10,present_1sg,katatolihstiha,k-ata->:tolihst-ih-a
16,imperative,hatanhoyvla,h-ata-nhoy-vla
16,imperfective,atanhoyehsko'i,a->ata-nhoy-ehsk-o'i
16,infinitive,utanhoyehti,u->ata-nhoy-eht-i
16,perfective,utanhoyehv'i,u->ata-nhoy-eh-v'i
16,present,atanhoyeha,a->ata-nhoy-eh-a
16,present_1sg,katanoyeha,k-ata-noy-eh-a
18,imperative,hatawhahthvhita,h-ata-whahthvh-it-a
18,imperfective,atawhahthvhitoho'i,a->ata-whahthvh-it-oh-o'i
18,infinitive,utawhahthvhitahsti,u->ata-whahthvh-it-ahst-i
18,perfective,utawhahthvhitolv'i,u->ata-whahthvh-it-ol-v'i
18,present,atawhahthvhitoha,a->ata-whahthvh-it-oh-a
18,present_1sg,katawahthvhitoha,k-ata-wahthvh-it-oh-a
19,imperative,hatayhahsta,h-ata-yhahst-a
19,imperfective,atayhahstihsko'i,a->ata-yhahst-ihsk-o'i
19,infinitive,utayhahstohti,u->ata-yhahst-oht-i
19,perfective,utayhahsthanv'i,u->ata-yhahst-han-v'i
19,present,atayhahstiha,a->ata-yhahst-ih-a
19,present_1sg,katayahstiha,k-ata-yahst-ih-a
21,imperative,hiyatayika,hiy-atay-ika
21,imperfective,atayhiho'i,a->atay-hih-o'i
21,infinitive,utayhsti,u->atay-hst-i
21,perfective,utayhilv'i,u->atay-hil-v'i
21,present,atayhiha,a->atay-hih-a
21,present_1sg,tsiyata'yiha,tsiy-atay-'ih-a
22,imperative,hatayhonvla,h-atayhon-vla
22,imperfective,atayhoneho'i,a->atayhon-eh-o'i
22,infinitive,utayhonehti,u->atayhon-eht-i
22,perfective,utayhonelv'i,u->atayhon-el-v'i
22,present,atayhoneha,a->atayhon-eh-a
22,present_1sg,katayoneha,k-atayon-eh-a
25,imperative,hatatsakala,h-ata->:tsakal-a
25,imperfective,atatsakalihsko'i,a->ata->:tsakal-ihsk-o'i
25,infinitive,utatsakalhti,u->ata->:tsakal-ht-i
25,perfective,utatsakalvhv'i,u->ata->:tsakal-vh-v'i
25,present,atatsakaliha,a->ata->:tsakal-ih-a
25,present_1sg,katatsakali'a,k-ata->:tsakal-i'-a
27,imperative,hatakhvla,h-ata-kh-vla
27,imperfective,atakhehsko'i,a->ata-kh-ehsk-o'i
27,infinitive,utakhehti,u->ata-kh-eht-i
27,perfective,utakhehv'i,u->ata-kh-eh-v'i
27,present,atakheha,a->ata-kh-eh-a
27,present_1sg,katakheha,k-ata-kh-eh-a
29,imperfective,atalenihsko'i,a->ata-len-ihsk-o'i
29,infinitive,utalenhti,u->ata-len-ht-i
29,perfective,utalenvhv'i,u->ata-len-vh-v'i
29,present,ataleniha,a->ata-len-ih-a
30,imperative,hatananehsvhvka,h-atananehs-vhvka
30,imperfective,atananehsvhvhsko'i,a->atananehs-vhvhsk-o'i
30,infinitive,utananehsvhvhsti,u->atananehs-vhvhst-i
30,perfective,utananehsvnhv'i,u->atananehs-vnh-v'i
30,present,atananehsvhvhska,a->atananehs-vhvhsk-a
30,present_1sg,katananehsvhvhska,k-atananehs-vhvhsk-a
32,imperative,hatanawhsta,h-at-anawhst-a
32,imperfective,atanawhstihsko'i,a->at-anawhst-ihsk-o'i
32,infinitive,utanawhstohti,u->at-anawhst-oht-i
32,perfective,utanawhsthanv'i,u->at-anawhst-han-v'i
32,present,atanawhstiha,a->at-anawhst-ih-a
32,present_1sg,katanawhstiha,k-at-anawhst-ih-a
33,imperative,hatanetliyvna,h-ata-netl-iy-vna
33,imperfective,atanetliyvhsko'i,a->ata-netl-iy-vhsk-o'i
33,infinitive,utanetliyvhsti,u->ata-netl-iy-vhst-i
33,perfective,utanetliyvhsv'i,u->ata-netl-iy-vhs-v'i
33,present,atanetliyv'a,a->ata-netl-iy-v'-a
33,present_1sg,katanetliyv'a,k-ata-netl-iy-v'-a
34,imperative,hatanetliyvhsta,h-ata-netliyvhst-a
34,imperfective,atanetliyvhstihsko'i,a->ata-netliyvhst-ihsk-o'i
34,infinitive,utanetliyvhstohti,u->ata-netliyvhst-oht-i
34,perfective,utanetliyvhsthanv'i,u->ata-netliyvhst-han-v'i
34,present,atanetliyvhstiha,a->ata-netliyvhst-ih-a
34,present_1sg,katanetliyvhstiha,k-ata-netliyvhst-ih-a
39,imperative,hatanhthvla,h-at-anht-hvla
39,imperfective,atanhthehsko'i,a->at-anht-hehsk-o'i
39,infinitive,utanhthehti,u->at-anht-heht-i
39,perfective,utanhthelhv'i,u->at-anht-helh-v'i
39,present,atanhtheha,a->at-anht-heh-a
39,present_1sg,katanvtheha,k-at-anvt-heh-a
41,imperative,hatanhthehilotsa,h-at-anhtheh-il-otsa
41,imperfective,atanhthehilohsko'i,a->at-anhtheh-il-ohsk-o'i
41,infinitive,utanhthehilohsti,u->at-anhtheh-il-ohst-i
41,perfective,utanhthehilo'v'i,u->at-anhtheh-il-o'-v'i
41,present,atanhthehilo'a,a->at-anhtheh-il-o'-a
41,present_1sg,katanvthehilo'a,k-at-anvtheh-il-o'-a
43,imperative,hatanhsinuka,h-ata-nhsin-uka
43,imperfective,atanhsineko'i,a->ata-nhsin-ek-o'i
43,infinitive,utanhsinvhsti,u->ata-nhsin-vhst-i
43,perfective,utanhsinvhsv'i,u->ata-nhsin-vhs-v'i
43,present,atanhsini,a->ata-nhsin-i
43,present_1sg,katanahsini,k-ata-nahsin-i
44,imperative,hatanutheyaka,h-ata-nuthey-aka
44,imperfective,atanutheyoho'i,a->ata-nuthey-oh-o'i
44,infinitive,utanutheyoti,u->ata-nuthey-ot-i
44,perfective,utanutheyolv'i,u->ata-nuthey-ol-v'i
44,present,atanutheyoha,a->ata-nuthey-oh-a
44,present_1sg,katanutheyoha,k-ata-nuthey-oh-a
46,imperative,hatanvla,h-atanv-la
46,imperfective,atanvhsko'i,a->atanv-hsk-o'i
46,infinitive,utanvhsti,u->atanv-hst-i
46,perfective,utanvhsv'i,u->atanv-hs-v'i
46,present,atanvhska,a->atanv-hsk-a
46,present_1sg,katanvhska,k-atanv-hsk-a
48,imperative,hatahstayvhvka,h-ata-hstay-vhvka
48,imperfective,atahstayvhvhsko'i,a->ata-hstay-vhvhsk-o'i
48,infinitive,utahstayhti,u->ata-hstay-ht-i
48,perfective,utahstayvnhv'i,u->ata-hstay-vnh-v'i
48,present,atahstayvhvhska,a->ata-hstay-vhvhsk-a
48,present_1sg,katahstayvhvhska,k-ata-hstay-vhvhsk-a
51,imperative,hatawelaka,h-atawelak-a
51,imperfective,atawelakihsko'i,a->atawelak-ihsk-o'i
51,infinitive,utawelakihsti,u->atawelak-ihst-i
51,perfective,utawelakv'i,u->atawelak-v'i
51,present,atawelaki'a,a->atawelak-i'-a
51,present_1sg,katawelaki'a,k-atawelak-i'-a
54,imperative,hatawehsolvhsta,h-ata-wehsolvhst-a
54,imperfective,atawehsolvhstihsko'i,a->ata-wehsolvhst-ihsk-o'i
54,infinitive,utawehsolvhstohti,u->ata-wehsolvhst-oht-i
54,perfective,utawehsolvhsthanv'i,u->ata-wehsolvhst-han-v'i
54,present,atawehsolvhstiha,a->ata-wehsolvhst-ih-a
54,present_1sg,katawehsolvhstiha,k-ata-wehsolvhst-ih-a
56,imperative,hatawotsa,h-at-aw-otsa
56,imperfective,atawohsko'i,a->at-aw-ohsk-o'i
56,infinitive,utawohsti,u->at-aw-ohst-i
56,perfective,utawo'v'i,u->at-aw-o'-v'i
56,present,atawo'a,a->at-aw-o'-a
56,present_1sg,katawo'a,k-at-aw-o'-a
59,imperative,hitihsi,hi-t-ihsi
59,imperfective,ateho'i,a-t-eh-o'i
59,infinitive,utehti,u-t-eht-i
59,perfective,utelv'i,u-t-el-v'i
59,present,ateha,a-t-eh-a
59,present_1sg,tsiteha,tsi-t-eh-a
61,imperative,hiyate'ohihsta,hiy-ate'ohihst-a
61,imperfective,atehohihstihsko'i,a->atehohihst-ihsk-o'i
61,infinitive,utehohihstohti,u->atehohihst-oht-i
61,perfective,utehohihsthanv'i,u->atehohihst-han-v'i
61,present,atehohihstiha,a->atehohihst-ih-a
61,present_1sg,tsiyate'ohihstiha,tsiy-ate'ohihst-ih-a
62,imperative,hatehohi,h-ateho-hi
62,imperfective,atehohsko'i,a->ateho-hsk-o'i
62,infinitive,utehohihsti,u->ateho-hihst-i
62,perfective,utehohsv'i,u->ateho-hs-v'i
62,present,atehohska,a->ateho-hsk-a
62,present_1sg,kate'ohska,k-ate'o-hsk-a
63,imperative,hatehvka,h-at-e-hvka
63,imperfective,atehvhsko'i,a->at-e-hvhsk-o'i
63,infinitive,utehti,u->at-e-ht-i
63,perfective,utenhv'i,u->at-e-nh-v'i
63,present,atehvhska,a->at-e-hvhsk-a
63,present_1sg,kate'vhska,k-at-e-'vhsk-a
67,imperative,hatelohohi,h-ateloho-hi
67,imperfective,atelohohsko'i,a->ateloho-hsk-o'i
67,infinitive,utelohohihsti,u->ateloho-hihst-i
67,perfective,utelohohsv'i,u->ateloho-hs-v'i
67,present,atelohohska,a->ateloho-hsk-a
67,present_1sg,katelo'ohska,k-atelo'o-hsk-a
70,imperative,hateyaka,h-a-tey-aka
70,imperfective,ateyoho'i,a->a-tey-oh-o'i
70,infinitive,uteyhsti,u->a-tey-hst-i
70,perfective,uteyolv'i,u->a-tey-ol-v'i
70,present,ateyoha,a->a-tey-oh-a
70,present_1sg,kateyoha,k-a-tey-oh-a
72,imperative,hita,hi--t-a
72,imperfective,atihsko'i,a--t-ihsk-o'i
72,infinitive,utihsti,u--t-ihst-i
72,perfective,utv'i,u--t-v'i
72,present,ati'a,a--t-i'-a
72,present_1sg,tsiti'a,tsi--t-i'-a
73,imperative,hatita,h-atit-a
73,imperfective,atitihsko'i,a->atit-ihsk-o'i
73,infinitive,utithti,u->atit-ht-i
73,perfective,utitvhv'i,u->atit-vh-v'i
73,present,atitiha,a->atit-ih-a
73,present_1sg,katiti'a,k-atit-i'-a
74,imperative,hatikaleya,h-atikaley-a
74,imperfective,atikaleyahsko'i,a->atikaley-ahsk-o'i
74,infinitive,utikaleyahsti,u->atikaley-ahst-i
74,perfective,utikaleyv'i,u->atikaley-v'i
74,present,atikaleya'a,a->atikaley-a'-a
74,present_1sg,katikaleya'a,k-atikaley-a'-a
75,imperfective,atikaleyoko'i,a->atikaleyo-k-o'i
75,infinitive,utikaleyoyhsti,u->atikaleyo-yhst-i
75,perfective,utikaleyotsv'i,u->atikaleyo-ts-v'i
75,present,atikaleyoka,a->atikaleyo-k-a
76,imperative,hatikwalvteyaka,h-ati-kwalv-tey-aka
76,imperfective,atikwalvteyoho'i,a->ati-kwalv-tey-oh-o'i
76,infinitive,utikwalvteyhsti,u->ati-kwalv-tey-hst-i
76,perfective,utikwalvteyolv'i,u->ati-kwalv-tey-ol-v'i
76,present,atikwalvteyoha,a->ati-kwalv-tey-oh-a
76,present_1sg,katikwalvteyoha,k-ati-kwalv-tey-oh-a
77,imperative,hata,h-at-a
77,imperfective,atihsko'i,a->at-ihsk-o'i
77,infinitive,uthti,u->at-ht-i
77,perfective,utvnhv'i,u->at-vnh-v'i
77,present,atiha,a->at-ih-a
77,present_1sg,kati'a,k-at-i'-a
78,imperative,hiyatinvta,hiy-atinvt-a
78,imperfective,atinvtihsko'i,a->atinvt-ihsk-o'i
78,infinitive,utinvtohti,u->atinvt-oht-i
78,perfective,utinvthanv'i,u->atinvt-han-v'i
78,present,atinvtiha,a->atinvt-ih-a
78,present_1sg,tsiyatinvtiha,tsiy-atinvt-ih-a
79,imperative,hatihskalhvka,h-ati->vhskal-hvka
79,imperfective,atihskalhvhsko'i,a->ati->vhskal-hvhsk-o'i
79,infinitive,utihskalhti,u->ati->vhskal-ht-i
79,perfective,utihskalhanv'i,u->ati->vhskal-han-v'i
79,present,atihskalhvhska,a->ati->vhskal-hvhsk-a
79,present_1sg,katihskalhvhska,k-ati->vhskal-hvhsk-a
80,imperative,hitihsiya,hi-tihs-iy-a
80,imperfective,atihsiyahsko'i,a-tihs-iy-ahsk-o'i
80,infinitive,utihsiyahsti,u-tihs-iy-ahst-i
80,perfective,utihsiyv'i,u-tihs-iy-v'i
80,present,atihsiya'a,a-tihs-iy-a'-a
80,present_1sg,tsitihsiya'a,tsi-tihs-iy-a'-a
82,imperative,hatitha,h-atitha-
82,imperfective,atithahsko'i,a->atitha-hsk-o'i
82,infinitive,utithahsti,u->atitha-hst-i
82,perfective,utithahv'i,u->atitha-h-v'i
82,present,atithahska,a->atitha-hsk-a
82,present_1sg,katithahska,k-atitha-hsk-a
85,imperative,hatlakola,h-at-lako-la
85,imperfective,atlakohsko'i,a->at-lako-hsk-o'i
85,infinitive,utlakohsti,u->at-lako-hst-i
85,perfective,utlakohsv'i,u->at-lako-hs-v'i
85,present,atlakohska,a->at-lako-hsk-a
85,present_1sg,katlakohska,k-at-lako-hsk-a
87,imperative,hatlaki,h-atl-aki
87,imperfective,atlehsko'i,a->atl-ehsk-o'i
87,infinitive,utlehsti,u->atl-ehst-i
87,perfective,utlehsv'i,u->atl-ehs-v'i
87,present,atle'a,a->atl-e'-a
87,present_1sg,katle'a,k-atl-e'-a
88,imperative,hiyatletshihsi,hiy-atletsh-ihsi
88,imperfective,atletsheho'i,a->atletsh-eh-o'i
88,infinitive,utletshehti,u->atletsh-eht-i
88,perfective,utletshelv'i,u->atletsh-el-v'i
88,present,atletsheha,a->atletsh-eh-a
88,present_1sg,tsiyatletsheha,tsiy-atletsh-eh-a
94,imperfective,atliko'i,a-tli-k-o'i
94,infinitive,utliyhsti,u-tli-yhst-i
94,perfective,utlitsv'i,u-tli-ts-v'i
94,present,atlika,a-tli-k-a
95,imperative,hitla,hi-tl-a
95,imperfective,atlihsko'i,a-tl-ihsk-o'i
95,infinitive,utlvhti,u-tl-vht-i
95,perfective,utlvhv'i,u-tl-vh-v'i
95,present,atliha,a-tl-ih-a
95,present_1sg,tsitli'a,tsi-tl-i'-a
96,imperative,hitlihsta,hi-tlihst-a
96,imperfective,atlihstihsko'i,a-tlihst-ihsk-o'i
96,infinitive,utlihstohti,u-tlihst-oht-i
96,perfective,utlihsthanv'i,u-tlihst-han-v'i
96,present,atlihstiha,a-tlihst-ih-a
96,present_1sg,tsitlihstiha,tsi-tlihst-ih-a
98,imperative,hatloyhka,h-atloy-hka
98,imperfective,atloyhiho'i,a->atloy-hih-o'i
98,infinitive,utloyhsti,u->atloy-hst-i
98,perfective,utloyhilv'i,u->atloy-hil-v'i
98,present,atloyhiha,a->atloy-hih-a
98,present_1sg,katloyiha,k-atloy-ih-a
101,imperative,hiyatlvtha,hiy-atlvtha-
101,imperfective,atlvthahsko'i,a->atlvtha-hsk-o'i
101,infinitive,utlvthahsti,u->atlvtha-hst-i
101,perfective,utlvthahv'i,u->atlvtha-h-v'i
101,present,atlvthahska,a->atlvtha-hsk-a
101,present_1sg,tsiyatlvthahska,tsiy-atlvtha-hsk-a
107,imperative,hatvnela,h-at-vnel-a
107,imperfective,atvnelihsko'i,a->at-vnel-ihsk-o'i
107,infinitive,utvnelhti,u->at-vnel-ht-i
107,perfective,utvnelvnhv'i,u->at-vnel-vnh-v'i
107,present,atvneliha,a->at-vnel-ih-a
107,present_1sg,katvneliha,k-at-vnel-ih-a
109,imperative,hatvnv'ihsta,h-atvnv'ihst-a
109,imperfective,atvnv'ihstihsko'i,a->atvnv'ihst-ihsk-o'i
109,infinitive,utvnv'ihstohti,u->atvnv'ihst-oht-i
109,perfective,utvnv'ihsthanv'i,u->atvnv'ihst-han-v'i
109,present,atvnv'ihstiha,a->atvnv'ihst-ih-a
109,present_1sg,katvnv'ihstiha,k-atvnv'ihst-ih-a
112,imperfective,akalihsko'i,a->akal-ihsk-o'i
112,infinitive,ukalihihsti,u->akal-ihihst-i
112,perfective,ukalihsv'i,u->akal-ihs-v'i
112,present,akaliha,a->akal-ih-a
115,imperative,hikanata,hi-kana-t-a
115,imperfective,akanatihsko'i,a-kana-t-ihsk-o'i
115,infinitive,ukanatihsti,u-kana-t-ihst-i
115,perfective,ukanatv'i,u-kana-t-v'i
115,present,akanati'a,a-kana-t-i'-a
115,present_1sg,tsikanati'a,tsi-kana-t-i'-a
117,imperative,hikanawhta,hi-kanawht-a
117,imperfective,akanawhtihsko'i,a-kanawht-ihsk-o'i
117,infinitive,ukanawhtohti,u-kanawht-oht-i
117,perfective,ukanawhthanv'i,u-kanawht-han-v'i
117,present,akanawhtiha,a-kanawht-ih-a
117,present_1sg,tsikanawotiha,tsi-kanawot-ih-a
118,imperfective,akanawohsko'i,a-kanawo-hsk-o'i
118,infinitive,ukanawohihsti,u-kanawo-hihst-i
118,perfective,ukanawohsv'i,u-kanawo-hs-v'i
118,present,akanawohska,a-kanawo-hsk-a
127,imperative,hika,hi-k-a
127,imperfective,akihsko'i,a-k-ihsk-o'i
127,infinitive,ukihsti,u-k-ihst-i
127,perfective,ukv'i,u-k-v'i
127,present,aki'a,a-k-i'-a
127,present_1sg,tsiki'a,tsi-k-i'-a
128,imperative,hiki,hi--ki
128,imperfective,akihsko'i,a--kihsk-o'i
128,infinitive,ukihsti,u--kihst-i
128,perfective,ukihsv'i,u--kihs-v'i
128,present,aki'a,a--ki'-a
128,present_1sg,tsiki'a,tsi--ki'-a
130,imperative,hikilhiyoki,hi-kilhiyo-ki
130,imperfective,akilhiyoko'i,a-kilhiyo-k-o'i
130,infinitive,ukilhiyohsti,u-kilhiyo-hst-i
130,perfective,ukilhiyotsv'i,u-kilhiyo-ts-v'i
130,present,akilhiyoka,a-kilhiyo-k-a
130,present_1sg,tsikiliyoka,tsi-kiliyo-k-a
133,imperative,hikihstotsa,hi-kihst-otsa
133,imperfective,akihstohsko'i,a-kihst-ohsk-o'i
133,infinitive,ukihstohsti,u-kihst-ohst-i
133,perfective,ukihsto'v'i,u-kihst-o'-v'i
133,present,akihsto'a,a-kihst-o'-a
133,present_1sg,tsikihsto'a,tsi-kihst-o'-a
135,imperative,hiyakohvhsta,hiy-akohvhst-a
135,imperfective,akohvhstihsko'i,a->akohvhst-ihsk-o'i
135,infinitive,ukohvhstohti,u->akohvhst-oht-i
135,perfective,ukohvhsthanv'i,u->akohvhst-han-v'i
135,present,akohvhstiha,a->akohvhst-ih-a
135,present_1sg,tsiyakohvhstiha,tsiy-akohvhst-ih-a
136,imperative,hakonha,h-ak-onha
136,imperfective,akohvhsko'i,a->ak-ohvhsk-o'i
136,infinitive,ukohvhsti,u->ak-ohvhst-i
136,perfective,ukonhv'i,u->ak-onh-v'i
136,present,akohvhska,a->ak-ohvhsk-a
136,present_1sg,kakohvhska,k-ak-ohvhsk-a
138,imperative,hikoliya,hi-koliy-a
138,imperfective,akoliyehsko'i,a-koliy-ehsk-o'i
138,infinitive,ukoliyeti,u-koliy-et-i
138,perfective,ukoliye'v'i,u-koliy-e'-v'i
138,present,akoliye'a,a-koliy-e'-a
138,present_1sg,tsikoliye'a,tsi-koliy-e'-a
140,imperative,hakona,h-akon-a
140,imperfective,akonihsko'i,a->akon-ihsk-o'i
140,infinitive,ukonhti,u->akon-ht-i
140,perfective,ukonvhv'i,u->akon-vh-v'i
140,present,akoniha,a->akon-ih-a
140,present_1sg,kakoniha,k-akon-ih-a
145,imperative,hikowhthvhta,hi-kowhthvht-a
145,imperfective,akowhthvhtihsko'i,a-kowhthvht-ihsk-o'i
145,infinitive,ukowhthvhtohti,u-kowhthvht-oht-i
145,perfective,ukowhthvhthanv'i,u-kowhthvht-han-v'i
145,present,akowhthvhtiha,a-kowhthvht-ih-a
145,present_1sg,tsikowhthvhtiha,tsi-kowhthvht-ih-a
148,imperative,hikvhala,hi-kvhal-a
148,imperfective,akvhalihsko'i,a-kvhal-ihsk-o'i
148,infinitive,ukvhalhti,u-kvhal-ht-i
148,perfective,ukvhalvhv'i,u-kvhal-vh-v'i
148,present,akvhaliha,a-kvhal-ih-a
148,present_1sg,tsikv'aliha,tsi-kv'al-ih-a
149,imperative,hikvhaluyha,hi-kvhaluy-ha
149,imperfective,akvhaluyhsko'i,a-kvhaluy-hsk-o'i
149,infinitive,ukvhaluyhsti,u-kvhaluy-hst-i
149,perfective,ukvhaluyhv'i,u-kvhaluy-h-v'i
149,present,akvhaluyhska,a-kvhaluy-hsk-a
149,present_1sg,tsikv'aluyhska,tsi-kv'aluy-hsk-a
152,imperative,hikvhskolv'vka,hi-kvhskol-v'vka
152,imperfective,akvhskolvhsko'i,a-kvhskol-vhsk-o'i
152,infinitive,ukvhskolvti,u-kvhskol-vt-i
152,perfective,ukvhskolvnv'i,u-kvhskol-vn-v'i
152,present,akvhskolvhska,a-kvhskol-vhsk-a
152,present_1sg,tsikvhskolvhska,tsi-kvhskol-vhsk-a
153,imperative,hakvhskwotsa,h-akvhskw-otsa
153,imperfective,akvhskwohsko'i,a->akvhskw-ohsk-o'i
153,infinitive,ukvhskwohsti,u->akvhskw-ohst-i
153,perfective,ukvhskwo'v'i,u->akvhskw-o'-v'i
153,present,akvhskwo'a,a->akvhskw-o'-a
153,present_1sg,kakvhskwo'a,k-akvhskw-o'-a
155,imperative,hi'aluki,hi-'alu-ki
155,imperfective,ahalukihsko'i,a-halu-kihsk-o'i
155,infinitive,uhalukihsti,u-halu-kihst-i
155,perfective,uhalukihsv'i,u-halu-kihs-v'i
155,present,ahaluki'a,a-halu-ki'-a
155,present_1sg,tsi'aluki'a,tsi-'alu-ki'-a
158,imperative,hi'awohsta,hi-'awohst-a
158,imperfective,ahawohstihsko'i,a-hawohst-ihsk-o'i
158,infinitive,uhawohstohti,u-hawohst-oht-i
158,perfective,uhawohsthanv'i,u-hawohst-han-v'i
158,present,ahawohstiha,a-hawohst-ih-a
158,present_1sg,tsi'awohstiha,tsi-'awohst-ih-a
160,imperative,hihita,hi-h-it-a
160,imperfective,ahitoho'i,a-h-it-oh-o'i
160,infinitive,uhitahsti,u-h-it-ahst-i
160,perfective,uhitolv'i,u-h-it-ol-v'i
160,present,ahitoha,a-h-it-oh-a
160,present_1sg,tsi'itoha,tsi-'-it-oh-a
165,imperative,hihiya,hi-h-iy-a
165,imperfective,ahiyahsko'i,a-h-iy-ahsk-o'i
165,infinitive,uhiyahsti,u-h-iy-ahst-i
165,perfective,uhiyv'i,u-h-iy-v'i
165,present,ahiya'a,a-h-iy-a'-a
165,present_1sg,tsi'iya'a,tsi-'-iy-a'-a
166,imperative,hilhahvka,hi-lha-hvka
166,imperfective,alhahvhsko'i,a-lha-hvhsk-o'i
166,infinitive,ulhohti,u-lha*-oht-i
166,perfective,ulhanhv'i,u-lha-nh-v'i
166,present,alhahvhska,a-lha-hvhsk-a
166,present_1sg,tsilhahvhska,tsi-lha-hvhsk-a
167,imperative,halhawita,h-alhawit-a
167,imperfective,alhawitihsko'i,a->alhawit-ihsk-o'i
167,infinitive,ulhawithti,u->alhawit-ht-i
167,perfective,ulhawitvhv'i,u->alhawit-vh-v'i
167,present,alhawitiha,a->alhawit-ih-a
167,present_1sg,katlawitiha,k-atlawit-ih-a
169,imperative,hiyatlawithta,hiy-atlawitht-a
169,imperfective,alhawithtihsko'i,a->alhawitht-ihsk-o'i
169,infinitive,ulhawithtohti,u->alhawitht-oht-i
169,perfective,ulhawithtanv'i,u->alhawitht-an-v'i
169,present,alhawithtiha,a->alhawitht-ih-a
169,present_1sg,tsiyatlawithtiha,tsiy-atlawitht-ih-a
171,imperative,halhiki,h-alhi-ki
171,imperfective,alhikihsko'i,a->alhi-kihsk-o'i
171,infinitive,ulhikihsti,u->alhi-kihst-i
171,perfective,ulhikihsv'i,u->alhi-kihs-v'i
171,present,alhiki'a,a->alhi-ki'-a
171,present_1sg,katliki'a,k-atli-ki'-a
172,imperfective,alhi'ilitoho'i,a->alhi-'il-it-oh-o'i
172,infinitive,ulhi'ilitahsti,u->alhi-'il-it-ahst-i
172,perfective,ulhi'ilitolv'i,u->alhi-'il-it-ol-v'i
172,present,alhi'ilitoha,a->alhi-'il-it-oh-a
173,imperative,halhilotsa,h-alh-il-otsa
173,imperfective,alhilohsko'i,a->alh-il-ohsk-o'i
173,infinitive,ulhilohsti,u->alh-il-ohst-i
173,perfective,ulhilo'v'i,u->alh-il-o'-v'i
173,present,alhilo'a,a->alh-il-o'-a
173,present_1sg,katlilo'a,k-atl-il-o'-a
175,imperfective,alhiyvhkwitvhsko'i,a->alhi-yvhkwit-vhsk-o'i
175,infinitive,ulhiyvhkwitvti,u->alhi-yvhkwit-vt-i
175,perfective,ulhiyvhkwitvnv'i,u->alhi-yvhkwit-vn-v'i
175,present,alhiyvhkwitvhska,a->alhi-yvhkwit-vhsk-a
176,imperative,halhiyvhsanawhsta,h-alhi-yvhsanawhst-a
176,imperfective,alhiyvhsanawhstihsko'i,a->alhi-yvhsanawhst-ihsk-o'i
176,infinitive,ulhiyvhsanawhstohti,u->alhi-yvhsanawhst-oht-i
176,perfective,ulhiyvhsanawhsthanv'i,u->alhi-yvhsanawhst-han-v'i
176,present,alhiyvhsanawhstiha,a->alhi-yvhsanawhst-ih-a
176,present_1sg,kaliyvhsanawhstiha,k-ali-yvhsanawhst-ih-a
177,imperative,halhtsatohvka,h-al-htsato-hvka
177,imperfective,alhtsatohvhsko'i,a->al-htsato-hvhsk-o'i
177,infinitive,ulhtsathti,u->al-htsato*-ht-i
177,perfective,ulhtsatonhv'i,u->al-htsato-nh-v'i
177,present,alhtsatohvhska,a->al-htsato-hvhsk-a
177,present_1sg,kalitsatohvhska,k-ali-tsato-hvhsk-a
179,imperfective,alhkhotvhsko'i,a->al-hkhot-vhsk-o'i
179,perfective,ulhkhotvnhv'i,u->al-hkhot-vnh-v'i
179,present,alhkhotvhska,a->al-hkhot-vhsk-a
180,imperative,halhkhothta,h-al-hkhotht-a
180,imperfective,alhkhothtihsko'i,a->al-hkhotht-ihsk-o'i
180,infinitive,ulhkhothtohti,u->al-hkhotht-oht-i
180,perfective,ulhkhoththanv'i,u->al-hkhotht-han-v'i
180,present,alhkhothtiha,a->al-hkhotht-ih-a
180,present_1sg,kalikhothtiha,k-ali-khotht-ih-a
182,imperative,hilhohi,hi-lho-hi
182,imperfective,alhohsko'i,a-lho-hsk-o'i
182,infinitive,ulhohihsti,u-lho-hihst-i
182,perfective,ulhohsv'i,u-lho-hs-v'i
182,present,alhohska,a-lho-hsk-a
182,present_1sg,tsilhohska,tsi-lho-hsk-a
183,imperative,halhthawotsa,h-al-hthaw-otsa
183,imperfective,alhthawohsko'i,a->al-hthaw-ohsk-o'i
183,infinitive,ulhthawohsti,u->al-hthaw-ohst-i
183,perfective,ulhthawo'v'i,u->al-hthaw-o'-v'i
183,present,alhthawo'a,a->al-hthaw-o'-a
183,present_1sg,kalithawo'a,k-ali-thaw-o'-a
185,imperative,halhthelvhvka,h-al-hthel-vhvka
185,imperfective,alhthelvhvhsko'i,a->al-hthel-vhvhsk-o'i
185,infinitive,ulhthelhti,u->al-hthel-ht-i
185,perfective,ulhthelvnhv'i,u->al-hthel-vnh-v'i
185,present,alhthelvhvhska,a->al-hthel-vhvhsk-a
185,present_1sg,kalithelvhvhska,k-ali-thel-vhvhsk-a
186,imperative,hanhawa'iyvna,h-anhaw-a'iy-vna
186,imperfective,anhawa'iyvhsko'i,a->anhaw-a'iy-vhsk-o'i
186,infinitive,unhawa'iyvhsti,u->anhaw-a'iy-vhst-i
186,perfective,unhawa'iyvhsv'i,u->anhaw-a'iy-vhs-v'i
186,present,anhawa'iyv'a,a->anhaw-a'iy-v'-a
186,present_1sg,kaniwa'iyv'a,k-aniw-a'iy-v'-a
187,imperative,hanhawaki,h-anhaw-aki
187,imperfective,anhawehsko'i,a->anhaw-ehsk-o'i
187,infinitive,unhawehsti,u->anhaw-ehst-i
187,perfective,unhawehsv'i,u->anhaw-ehs-v'i
187,present,anhawe'a,a->anhaw-e'-a
187,present_1sg,kaniwe'a,k-aniw-e'-a
189,imperative,hanhawotsa,h-anhaw-otsa
189,imperfective,anhawohsko'i,a->anhaw-ohsk-o'i
189,infinitive,unhawohsti,u->anhaw-ohst-i
189,perfective,unhawo'v'i,u->anhaw-o'-v'i
189,present,anhawo'a,a->anhaw-o'-a
189,present_1sg,kaniwo'a,k-aniw-o'-a
191,imperative,hanheka,h-anhe-ka
191,imperfective,anhehiho'i,a->anhe-hih-o'i
191,infinitive,unhehsti,u->anhe-hst-i
191,perfective,unhelhv'i,u->anhe-lh-v'i
191,present,anhehiha,a->anhe-hih-a
191,present_1sg,kanhehiha,k-anhe-hih-a
192,imperative,hanhelhta,h-anhelht-a
192,imperfective,anhelhtihsko'i,a->anhelht-ihsk-o'i
192,infinitive,unhelhtohti,u->anhelht-oht-i
192,perfective,unhelhthanv'i,u->anhelht-han-v'i
192,present,anhelhtiha,a->anhelht-ih-a
192,present_1sg,kanelhtiha,k-anelht-ih-a
195,imperative,hanhehskvla,h-anhehsk-vla
195,imperfective,anhehskehsko'i,a->anhehsk-ehsk-o'i
195,infinitive,unhehskehti,u->anhehsk-eht-i
195,perfective,unhehskehv'i,u->anhehsk-eh-v'i
195,present,anhehskeha,a->anhehsk-eh-a
195,present_1sg,kanehskeha,k-anehsk-eh-a
196,imperative,hanhiki,h-anhi-ki
196,imperfective,anhikihsko'i,a->anhi-kihsk-o'i
196,infinitive,unhikihsti,u->anhi-kihst-i
196,perfective,unhikihsv'i,u->anhi-kihs-v'i
196,present,anhiki'a,a->anhi-ki'-a
196,present_1sg,kaniki'a,k-ani-ki'-a
197,imperative,hanhikihsta,h-anhikihst-a
197,imperfective,anhikihstihsko'i,a->anhikihst-ihsk-o'i
197,infinitive,unhikihstohti,u->anhikihst-oht-i
197,perfective,unhikihsthanv'i,u->anhikihst-han-v'i
197,present,anhikihstiha,a->anhikihst-ih-a
197,present_1sg,kanikihstiha,k-anikihst-ih-a
198,imperative,hanholhinuka,h-anholh-in-uka
198,imperfective,anholhineko'i,a->anholh-in-ek-o'i
198,infinitive,unholhinvhsti,u->anholh-in-vhst-i
198,perfective,unholhinvhsv'i,u->anholh-in-vhs-v'i
198,present,anholhineka,a->anholh-in-ek-a
198,present_1sg,kanolhineka,k-anolh-in-ek-a
200,imperative,hihuta,hi-hu-t-a
200,imperfective,ahutihsko'i,a-hu-t-ihsk-o'i
200,infinitive,uhutihsti,u-hu-t-ihst-i
200,perfective,uhutv'i,u-hu-t-v'i
200,present,ahuti'a,a-hu-t-i'-a
200,present_1sg,tsi'uti'a,tsi-'u-t-i'-a
204,imperative,hi'ulvnika,hi-'ul-vn-ika
204,imperfective,ahulvniho'i,a-hul-vn-ih-o'i
204,infinitive,uhulvnihsti,u-hul-vn-ihst-i
204,perfective,uhulvnilv'i,u-hul-vn-il-v'i
204,present,ahulvniha,a-hul-vn-ih-a
204,present_1sg,tsi'ulvniha,tsi-'ul-vn-ih-a
205,imperative,hihvna,hi-h-vna
205,imperfective,ahvhsko'i,a-h-vhsk-o'i
205,infinitive,uhvhsti,u-h-vhst-i
205,perfective,uhvhsv'i,u-h-vhs-v'i
205,present,ahv'a,a-h-v'-a
205,present_1sg,tsi'v'a,tsi-'-v'-a
206,imperative,hihvka,hi--hvka
206,imperfective,ahvhsko'i,a--hvhsk-o'i
206,infinitive,uhti,u--ht-i
206,perfective,unhv'i,u--nh-v'i
206,present,ahvhska,a--hvhsk-a
206,present_1sg,tsi'vhska,tsi--'vhsk-a
207,imperative,hiwahtha,hi-wahth-a
207,imperfective,awhahthihsko'i,a-whahth-ihsk-o'i
207,infinitive,uwhahthvhti,u-whahth-vht-i
207,perfective,uwhahthvhv'i,u-whahth-vh-v'i
207,present,awhahthiha,a-whahth-ih-a
207,present_1sg,tsiwahthiha,tsi-wahth-ih-a
208,imperative,hiwahthvhita,hi-wahthvh-it-a
208,imperfective,awhahthvhitoho'i,a-whahthvh-it-oh-o'i
208,infinitive,uwhahthvhitahsti,u-whahthvh-it-ahst-i
208,perfective,uwhahthvhitolv'i,u-whahthvh-it-ol-v'i
208,present,awhahthvhitoha,a-whahthvh-it-oh-a
208,present_1sg,tsiwahthvhitoha,tsi-wahthvh-it-oh-a
210,imperative,hiwhi,hi-whi-
210,imperfective,awhihsko'i,a-whi-hsk-o'i
210,infinitive,uwhihsti,u-whi-hst-i
210,perfective,uwhihsv'i,u-whi-hs-v'i
210,present,awhihska,a-whi-hsk-a
210,present_1sg,tsiwihska,tsi-wi-hsk-a
215,imperative,hiyana,hi-yan-a
215,imperfective,ayhanihsko'i,a-yhan-ihsk-o'i
215,infinitive,uyhanhti,u-yhan-ht-i
215,perfective,uyhanvhv'i,u-yhan-vh-v'i
215,present,ayhaniha,a-yhan-ih-a
215,present_1sg,tsiyaniha,tsi-yan-ih-a
216,imperative,hiyhuka,hi-yh-uka
216,imperfective,ayheko'i,a-yh-ek-o'i
216,infinitive,uyhvhsti,u-yh-vhst-i
216,perfective,uyhvhsv'i,u-yh-vhs-v'i
216,present,ayheka,a-yh-ek-a
216,present_1sg,tsiyeka,tsi-y-ek-a
217,imperfective,ayheho'i,a-yh-eh-o'i
217,perfective,ayhehv'i,a-yh-eh-v'i
217,present,ayheha,a-yh-eh-a
217,present_1sg,tsiyeha,tsi-y-eh-a
218,imperative,hiyhehkalhvka,hi-yhehkal-hvka
218,imperfective,ayhehkalhvhsko'i,a-yhehkal-hvhsk-o'i
218,infinitive,uyhehkalhti,u-yhehkal-ht-i
218,perfective,uyhehkalhanv'i,u-yhehkal-han-v'i
218,present,ayhehkalhvhska,a-yhehkal-hvhsk-a
218,present_1sg,tsiyehkalhvhska,tsi-yehkal-hvhsk-a
219,imperative,hiyelaka,hi-yel-aka
219,imperfective,ayhelhoho'i,a-yhel-hoh-o'i
219,infinitive,uyhelhsti,u-yhel-hst-i
219,perfective,uyhelhalv'i,u-yhel-hal-v'i
219,present,ayhelhoha,a-yhel-hoh-a
219,present_1sg,tsiyelhoha,tsi-yel-hoh-a
220,imperative,hiyela,hi-yel-a
220,imperfective,ayhelihsko'i,a-yhel-ihsk-o'i
220,infinitive,uyhelihsti,u-yhel-ihst-i
220,perfective,uyhelihsv'i,u-yhel-ihs-v'i
220,present,ayheli'a,a-yhel-i'-a
220,present_1sg,tsiyeli'a,tsi-yel-i'-a
222,imperative,hiyhka,hi-y-hka
222,imperfective,ayhoho'i,a-y-hoh-o'i
222,infinitive,uyhsti,u-y-hst-i
222,perfective,uyhalv'i,u-y-hal-v'i
222,present,ayhoha,a-y-hoh-a
222,present_1sg,tsiyoha,tsi-y-oh-a
223,imperative,hayhu'inuka,h-ayhu'-in-uka
223,imperfective,ayhu'ineko'i,a->ayhu'-in-ek-o'i
223,infinitive,uyhu'invhsti,u->ayhu'-in-vhst-i
223,perfective,uyhu'invhsv'i,u->ayhu'-in-vhs-v'i
223,present,ayhu'ineka,a->ayhu'-in-ek-a
223,present_1sg,kayu'ineka,k-ayu'-in-ek-a
224,imperfective,ayhvtakwalohsko'i,a-yhvtakwal-ohsk-o'i
224,infinitive,uyhvtakwalohsti,u-yhvtakwal-ohst-i
224,perfective,uyhvtakwalo'v'i,u-yhvtakwal-o'-v'i
224,present,ayhvtakwalo'a,a-yhvtakwal-o'-a
228,imperative,hiyhvhkwitv'vka,hi-yhvhkwit-v'vka
228,imperfective,ayhvhkwitvhsko'i,a-yhvhkwit-vhsk-o'i
228,infinitive,uyhvhkwitvti,u-yhvhkwit-vt-i
228,perfective,uyhvhkwitvnv'i,u-yhvhkwit-vn-v'i
228,present,ayhvhkwitvhska,a-yhvhkwit-vhsk-a
228,present_1sg,tsiyvhkwitvhska,tsi-yvhkwit-vhsk-a
232,imperative,hiyvkhita,hi-yvkhi-t-a
232,imperfective,ayhvkhitihsko'i,a-yhvkhi-t-ihsk-o'i
232,infinitive,uyhvkhitihsti,u-yhvkhi-t-ihst-i
232,perfective,uyhvkhitv'i,u-yhvkhi-t-v'i
232,present,ayhvkhiti'a,a-yhvkhi-t-i'-a
232,present_1sg,tsiyvkhiti'a,tsi-yvkhi-t-i'-a
233,imperative,hiyvhsteluhvka,hi-yvhs-telu-hvka
233,imperfective,ayhvhsteluhvhsko'i,a-yhvhs-telu-hvhsk-o'i
233,infinitive,uyhvhsteluhti,u-yhvhs-telu-ht-i
233,perfective,uyhvhstelunhv'i,u-yhvhs-telu-nh-v'i
233,present,ayhvhsteluhvhska,a-yhvhs-telu-hvhsk-a
233,present_1sg,tsiyvhsteluhvhska,tsi-yvhs-telu-hvhsk-a
234,imperative,hiyvhskiya,hi-yvhskiy-a
234,imperfective,ayhvhskiyihsko'i,a-yhvhskiy-ihsk-o'i
234,infinitive,uyhvhskiyhti,u-yhvhskiy-ht-i
234,perfective,uyhvhskiyvhv'i,u-yhvhskiy-vh-v'i
234,present,ayhvhskiyiha,a-yhvhskiy-ih-a
234,present_1sg,tsiyvhskiyiha,tsi-yvhskiy-ih-a
238,imperative,hatsa'i,h-atsa'-i
238,imperfective,atsa'ihsko'i,a->atsa'-ihsk-o'i
238,infinitive,utsa'ihsti,u->atsa'-ihst-i
238,perfective,utsa'ihsv'i,u->atsa'-ihs-v'i
238,present,atsa'i'a,a->atsa'-i'-a
238,present_1sg,katsa'i'a,k-atsa'-i'-a
239,imperative,hatsanvna,h-atsan-vna
239,imperfective,atsanvhsko'i,a->atsan-vhsk-o'i
239,infinitive,utsanvhti,u->atsan-vht-i
239,perfective,utsanvnhv'i,u->atsan-vnh-v'i
239,present,atsanvhska,a->atsan-vhsk-a
239,present_1sg,katsanvhska,k-atsan-vhsk-a
242,imperative,hatselvna,h-atsel-vna
242,imperfective,atselvhsko'i,a->atsel-vhsk-o'i
242,infinitive,utselhti,u->atsel-ht-i
242,perfective,utselvnhv'i,u->atsel-vnh-v'i
242,present,atselvhska,a->atsel-vhsk-a
242,present_1sg,katselvhska,k-atsel-vhsk-a
250,imperfective,atsilvhsko'i,a-tsil-vhsk-o'i
250,infinitive,utsilhti,u-tsil-ht-i
250,perfective,utsilvnhv'i,u-tsil-vnh-v'i
250,present,atsilvhska,a-tsil-vhsk-a
253,imperative,hitsihslhvka,hi-tsihsl-hvka
253,imperfective,atsihslhvhsko'i,a-tsihsl-hvhsk-o'i
253,infinitive,utsihslhvhsti,u-tsihsl-hvhst-i
253,perfective,utsihslhanv'i,u-tsihsl-han-v'i
253,present,atsihslhvhska,a-tsihsl-hvhsk-a
253,present_1sg,tsitsihslhvhska,tsi-tsihsl-hvhsk-a
254,imperative,hatsotha,h-atsotha-
254,imperfective,atsothahsko'i,a->atsotha-hsk-o'i
254,infinitive,utsothahsti,u->atsotha-hst-i
254,perfective,utsothahv'i,u->atsotha-h-v'i
254,present,atsothahska,a->atsotha-hsk-a
254,present_1sg,katsothahska,k-atsotha-hsk-a
255,imperative,hitsvhsthvka,hi-tsvhst-hvka
255,imperfective,atsvhsthvhsko'i,a-tsvhst-hvhsk-o'i
255,infinitive,utsvhsthvhsti,u-tsvhst-hvhst-i
255,perfective,utsvhsthanv'i,u-tsvhst-han-v'i
255,present,atsvhsthvhska,a-tsvhst-hvhsk-a
255,present_1sg,tsitsvhsthvhska,tsi-tsvhst-hvhsk-a
259,imperative,hikhehuka,hi-kheh-uka
259,imperfective,akheheko'i,a-kheh-ek-o'i
259,infinitive,ukhehvhsti,u-kheh-vhst-i
259,perfective,ukhehvhsv'i,u-kheh-vhs-v'i
259,present,akheheka,a-kheh-ek-a
259,present_1sg,tsikheheka,tsi-kheh-ek-a
261,imperative,hiyakhilvta,hiy-akhilvt-a
261,imperfective,akhilvtihsko'i,a->akhilvt-ihsk-o'i
261,infinitive,ukhilvtohti,u->akhilvt-oht-i
261,perfective,ukhilvthanv'i,u->akhilvt-han-v'i
261,present,akhilvtiha,a->akhilvt-ih-a
261,present_1sg,tsiyakhilvtiha,tsiy-akhilvt-ih-a
263,imperative,hikhihi,hi-khi-hi
263,imperfective,akhihsko'i,a-khi-hsk-o'i
263,infinitive,ukhihihsti,u-khi-hihst-i
263,perfective,ukhihsv'i,u-khi-hs-v'i
263,present,akhihska,a-khi-hsk-a
263,present_1sg,tsi'kihska,tsi-'ki-hsk-a
266,imperative,hikhotaki,hi-khot-aki
266,imperfective,akhotehsko'i,a-khot-ehsk-o'i
266,infinitive,ukhotehsti,u-khot-ehst-i
266,perfective,ukhotehsv'i,u-khot-ehs-v'i
266,present,akhote'a,a-khot-e'-a
266,present_1sg,tsikhote'a,tsi-khot-e'-a
270,imperative,hikhsohi,hi-khso-hi
270,imperfective,akhsohsko'i,a-khso-hsk-o'i
270,infinitive,ukhsohihsti,u-khso-hihst-i
270,perfective,ukhsohsv'i,u-khso-hs-v'i
270,present,akhsohska,a-khso-hsk-a
270,present_1sg,tsikahsohska,tsi-kahso-hsk-a
273,imperfective,akhthaho'i,a-khtha-h-o'i
273,present,akhthaha,a-khtha-h-a
273,present_1sg,tsikathaha,tsi-katha-h-a
276,imperative,hakhthahvna,h-akhthah-vna
276,imperfective,akhthahvhsko'i,a->akhthah-vhsk-o'i
276,infinitive,ukhthahvhsti,u->akhthah-vhst-i
276,perfective,ukhthahvhsv'i,u->akhthah-vhs-v'i
276,present,akhthahv'a,a->akhthah-v'-a
276,present_1sg,kakathahv'a,k-akathah-v'-a
277,imperative,hakhthahsta,h-akhthahst-a
277,imperfective,akhthahstihsko'i,a->akhthahst-ihsk-o'i
277,infinitive,ukhthahstohti,u->akhthahst-oht-i
277,perfective,ukhthahsthanv'i,u->akhthahst-han-v'i
277,present,akhthahstiha,a->akhthahst-ih-a
277,present_1sg,kakathahstiha,k-akathahst-ih-a
278,imperative,hikatheluhvka,hi-kath-elu-hvka
278,imperfective,akhtheluhvhsko'i,a-khth-elu-hvhsk-o'i
278,infinitive,ukhtheluhti,u-khth-elu-ht-i
278,perfective,ukhthelunhv'i,u-khth-elu-nh-v'i
278,present,akhtheluhvhska,a-khth-elu-hvhsk-a
278,present_1sg,tsikatheluhvhska,tsi-kath-elu-hvhsk-a
280,imperative,hikhthenaka,hi-khthen-aka
280,imperfective,akhthenoho'i,a-khthen-oh-o'i
280,infinitive,ukhthenahsti,u-khthen-ahst-i
280,perfective,ukhthenolv'i,u-khthen-ol-v'i
280,present,akhthenoha,a-khthen-oh-a
280,present_1sg,tsikathenoha,tsi-kathen-oh-a
281,imperative,hakhtha,h-akhth-a
281,imperfective,akhthihsko'i,a->akhth-ihsk-o'i
281,infinitive,ukhthohti,u->akhth-oht-i
281,perfective,ukhthanhv'i,u->akhth-anh-v'i
281,present,akhthiha,a->akhth-ih-a
281,present_1sg,kakathiha,k-akath-ih-a
288,imperative,hiyakathohsta,hiy-akathohst-a
288,imperfective,akhthohstihsko'i,a->akhthohst-ihsk-o'i
288,infinitive,ukhthohstohti,u->akhthohst-oht-i
288,perfective,ukhthohsthanv'i,u->akhthohst-han-v'i
288,present,akhthohsti,a->akhthohst-i
288,present_1sg,tsiyakathohsti,tsiy-akathohst-i
290,imperative,hikhthvlehi,hi-khthvle-hi
290,imperfective,akhthvlehsko'i,a-khthvle-hsk-o'i
290,infinitive,ukhthvlehihsti,u-khthvle-hihst-i
290,perfective,ukhthvlehsv'i,u-khthvle-hs-v'i
290,present,akhthvlehska,a-khthvle-hsk-a
290,present_1sg,tsikathvlehska,tsi-kathvle-hsk-a
291,imperative,hikhuki,hi-khu-ki
291,imperfective,akhukihsko'i,a-khu-kihsk-o'i
291,infinitive,ukhukihsti,u-khu-kihst-i
291,perfective,ukhukihsv'i,u-khu-kihs-v'i
291,present,akhuki'a,a-khu-ki'-a
291,present_1sg,tsi'kuki'a,tsi-'ku-ki'-a
293,imperative,hakwhiya,h-akwhiy-a
293,imperfective,akwhiyihsko'i,a->akwhiy-ihsk-o'i
293,infinitive,ukwhiyhti,u->akwhiy-ht-i
293,perfective,ukwhiyvhv'i,u->akwhiy-vh-v'i
293,present,akwhiyiha,a->akwhiy-ih-a
293,present_1sg,kakwiyiha,k-akwiy-ih-a
294,imperative,hiyakwiyvhsi,hiy-akwiyv'*-hsi
294,imperfective,akwhiyv'eho'i,a->akwhiyv'-eh-o'i
294,infinitive,ukwhiyv'ehti,u->akwhiyv'-eht-i
294,perfective,ukwhiyv'elv'i,u->akwhiyv'-el-v'i
294,present,akwhiyv'eha,a->akwhiyv'-eh-a
294,present_1sg,tsiyakwiyv'eha,tsiy-akwiyv'-eh-a
296,imperative,hiyalahsta'vla,hiy-alahsta'-vla
296,imperfective,alahsta'ehsko'i,a->alahsta'-ehsk-o'i
296,infinitive,ulahsta'ehti,u->alahsta'-eht-i
296,perfective,ulahsta'elhv'i,u->alahsta'-elh-v'i
296,present,alahsta'eha,a->alahsta'-eh-a
296,present_1sg,tsiyalahsta'eha,tsiy-alahsta'-eh-a
297,imperative,hiyalahstv'vka,hiy-alahst-v'vka
297,imperfective,alahstvhsko'i,a->alahst-vhsk-o'i
297,infinitive,ulahstvti,u->alahst-vt-i
297,perfective,ulahstvnv'i,u->alahst-vn-v'i
297,present,alahstvhska,a->alahst-vhsk-a
297,present_1sg,tsiyalahstvhska,tsiy-alahst-vhsk-a
298,imperative,halahskala,h-alahskal-a
298,imperfective,alahskalihsko'i,a->alahskal-ihsk-o'i
298,infinitive,ulahskalhti,u->alahskal-ht-i
298,perfective,ulahskalvhv'i,u->alahskal-vh-v'i
298,present,alahskaliha,a->alahskal-ih-a
298,present_1sg,kalahskaliha,k-alahskal-ih-a
300,imperative,halahskvna,h-alahsk-vna
300,imperfective,alahskvhsko'i,a->alahsk-vhsk-o'i
300,infinitive,ulahskvhsti,u->alahsk-vhst-i
300,perfective,ulahskvhsv'i,u->alahsk-vhs-v'i
300,present,alahskv'a,a->alahsk-v'-a
300,present_1sg,kalahskv'a,k-alahsk-v'-a
305,imperative,halehta,h-aleht-a
305,imperfective,alehtihsko'i,a->aleht-ihsk-o'i
305,infinitive,ulehtohti,u->aleht-oht-i
305,perfective,ulehthanv'i,u->aleht-han-v'i
305,present,alehtiha,a->aleht-ih-a
305,present_1sg,kaletiha,k-alet-ih-a
306,imperative,halehvka,h-ale-hvka
306,imperfective,alehvhsko'i,a->ale-hvhsk-o'i
306,infinitive,ulehti,u->ale-ht-i
306,perfective,ulenhv'i,u->ale-nh-v'i
306,present,alehvhska,a->ale-hvhsk-a
306,present_1sg,kale'vhska,k-ale-'vhsk-a
307,imperative,halewhihsta,h-alewhihst-a
307,imperfective,alewhihstihsko'i,a->alewhihst-ihsk-o'i
307,infinitive,ulewhihstohti,u->alewhihst-oht-i
307,perfective,ulewhihsthanv'i,u->alewhihst-han-v'i
307,present,alewhihstiha,a->alewhihst-ih-a
307,present_1sg,kalewihstiha,k-alewihst-ih-a
308,imperative,hiyalewihstohta,hiy-alewihstoht-a
308,imperfective,alewhihstohtihsko'i,a->alewhihstoht-ihsk-o'i
308,infinitive,ulewhihstohtohti,u->alewhihstoht-oht-i
308,perfective,ulewhihstohthanv'i,u->alewhihstoht-han-v'i
308,present,alewhihstohtiha,a->alewhihstoht-ih-a
308,present_1sg,tsiyalewihstohtiha,tsiy-alewihstoht-ih-a
309,imperative,halena,h-alen-a
309,imperfective,alenihsko'i,a->alen-ihsk-o'i
309,infinitive,ulenhti,u->alen-ht-i
309,perfective,ulenvhv'i,u->alen-vh-v'i
309,present,aleniha,a->alen-ih-a
309,present_1sg,kaleni'a,k-alen-i'-a
314,imperative,hiyali'elitshihsi,hiy-ali'elitsh-ihsi
314,imperfective,alihelitsheho'i,a->alihelitsh-eh-o'i
314,infinitive,ulihelitshehti,u->alihelitsh-eht-i
314,perfective,ulihelitshelv'i,u->alihelitsh-el-v'i
314,present,alihelitsheha,a->alihelitsh-eh-a
314,present_1sg,tsiyali'elitsheha,tsiy-ali'elitsh-eh-a
315,imperative,haliheliki,h-aliheli-ki
315,imperfective,aliheliko'i,a->aliheli-k-o'i
315,infinitive,ulihelihsti,u->aliheli-hst-i
315,perfective,ulihelitsv'i,u->aliheli-ts-v'i
315,present,alihelika,a->aliheli-k-a
315,present_1sg,kali'elika,k-ali'eli-k-a
317,imperative,hali'ita,h-ali'it-a
317,imperfective,ali'itihsko'i,a->ali'it-ihsk-o'i
317,infinitive,uli'itihsti,u->ali'it-ihst-i
317,perfective,uli'itv'i,u->ali'it-v'i
317,present,ali'iti'a,a->ali'it-i'-a
317,present_1sg,kali'iti'a,k-ali'it-i'-a
318,imperative,halithi,h-alith-i
318,imperfective,alithihsko'i,a->alith-ihsk-o'i
318,infinitive,ulithihsti,u->alith-ihst-i
318,perfective,ulithihsv'i,u->alith-ihs-v'i
318,present,alithi'a,a->alith-i'-a
318,present_1sg,kalithi'a,k-alith-i'-a
320,imperative,haliyehsuhsthki,h-ali-yehsuhsth-ki
320,imperfective,aliyehsuhsthkihsko'i,a->ali-yehsuhsth-kihsk-o'i
320,infinitive,uliyehsuhsthkihsti,u->ali-yehsuhsth-kihst-i
320,perfective,uliyehsuhsthkihsv'i,u->ali-yehsuhsth-kihs-v'i
320,present,aliyehsuhsthki'a,a->ali-yehsuhsth-ki'-a
320,present_1sg,kaliyehsuhsthki'a,k-ali-yehsuhsth-ki'-a
322,imperative,haliyehsuhsthvka,h-ali-yehsuhst-hvka
322,imperfective,aliyehsuhsthvhsko'i,a->ali-yehsuhst-hvhsk-o'i
322,infinitive,uliyehsuhsthvhsti,u->ali-yehsuhst-hvhst-i
322,perfective,uliyehsuhsthanv'i,u->ali-yehsuhst-han-v'i
322,present,aliyehsuhsthvhska,a->ali-yehsuhst-hvhsk-a
322,present_1sg,kaliyehsuhsthvhska,k-ali-yehsuhst-hvhsk-a
324,imperative,haltsikwha,h-altsikw-ha
324,imperfective,altsikwhsko'i,a->altsikw-hsk-o'i
324,infinitive,ultsikwhsti,u->altsikw-hst-i
324,perfective,ultsikwhv'i,u->altsikw-h-v'i
324,present,altsikwhska,a->altsikw-hsk-a
324,present_1sg,kaltsikwhska,k-altsikw-hsk-a
325,imperative,halhsalatvka,h-al-hsalat-vka
325,imperfective,alhsalatihsko'i,a->al-hsalat-ihsk-o'i
325,infinitive,ulhsalatoti,u->al-hsalat-ot-i
325,perfective,ulhsalatanv'i,u->al-hsalat-an-v'i
325,present,alhsalati'a,a->al-hsalat-i'-a
325,present_1sg,kalihsalati'a,k-ali-hsalat-i'-a
327,imperative,halhstayvhvka,h-al-hstay-vhvka
327,imperfective,alhstayvhvhsko'i,a->al-hstay-vhvhsk-o'i
327,infinitive,ulhstayhti,u->al-hstay-ht-i
327,perfective,ulhstayvnhv'i,u->al-hstay-vnh-v'i
327,present,alhstayvhvhska,a->al-hstay-vhvhsk-a
327,present_1sg,kalihstayvhvhska,k-ali-hstay-vhvhsk-a
329,imperative,halhstela,h-al-hstel-a
329,imperfective,alhstelihsko'i,a->al-hstel-ihsk-o'i
329,infinitive,ulhstelhti,u->al-hstel-ht-i
329,perfective,ulhstelvhv'i,u->al-hstel-vh-v'i
329,present,alhsteliha,a->al-hstel-ih-a
329,present_1sg,kalihsteliha,k-ali-hstel-ih-a
330,imperative,halhstulaki,h-al-hstul-aki
330,imperfective,alhstulehsko'i,a->al-hstul-ehsk-o'i
330,infinitive,ulhstulehsti,u->al-hstul-ehst-i
330,perfective,ulhstulehsv'i,u->al-hstul-ehs-v'i
330,present,alhstule'a,a->al-hstul-e'-a
330,present_1sg,kalihstule'a,k-ali-hstul-e'-a
331,imperative,halhstula,h-al-hstul-a
331,imperfective,alhstulehsko'i,a->al-hstul-ehsk-o'i
331,infinitive,ulhstulhti,u->al-hstul-ht-i
331,perfective,ulhstulehv'i,u->al-hstul-eh-v'i
331,present,alhstuleha,a->al-hstul-eh-a
331,present_1sg,kalihstuleha,k-ali-hstul-eh-a
332,imperative,halhstulvka,h-al-hstul-vka
332,imperfective,alhstulihsko'i,a->al-hstul-ihsk-o'i
332,infinitive,ulhstuloti,u->al-hstul-ot-i
332,perfective,ulhstulanv'i,u->al-hstul-an-v'i
332,present,alhstuli'a,a->al-hstul-i'-a
332,present_1sg,kalihstuli'a,k-ali-hstul-i'-a
334,imperative,halhstvlhuka,h-al-hstvl-huka
334,imperfective,alhstvlhuhsko'i,a->al-hstvl-huhsk-o'i
334,infinitive,ulhstvlhuhsti,u->al-hstvl-huhst-i
334,perfective,ulhstvlhunv'i,u->al-hstvl-hun-v'i
334,present,alhstvlhuhska,a->al-hstvl-huhsk-a
334,present_1sg,kalihstvlhuhska,k-ali-hstvl-huhsk-a
336,imperative,halhski,h-alhs-ki
336,imperfective,alhskihsko'i,a->alhs-kihsk-o'i
336,infinitive,ulhskihsti,u->alhs-kihst-i
336,perfective,ulhskihsv'i,u->alhs-kihs-v'i
336,present,alhski'a,a->alhs-ki'-a
336,present_1sg,kalihski'a,k-alihs-ki'-a
337,imperative,hiyalihskolhtahsi,hiy-ali-hskolhtan*-hsi
337,imperfective,alhskolhtaneho'i,a->al-hskolhtan-eh-o'i
337,infinitive,ulhskolhtanehti,u->al-hskolhtan-eht-i
337,perfective,ulhskolhtanelv'i,u->al-hskolhtan-el-v'i
337,present,alhskolhtaneha,a->al-hskolhtan-eh-a
337,present_1sg,tsiyalihskolhtaneha,tsiy-ali-hskolhtan-eh-a
338,imperative,halhskuyha,h-al-hsku-yha
338,imperfective,alhskuhsko'i,a->al-hsku-hsk-o'i
338,infinitive,ulhskuhsti,u->al-hsku-hst-i
338,perfective,ulhskuyhv'i,u->al-hsku-yh-v'i
338,present,alhskuhska,a->al-hsku-hsk-a
338,present_1sg,kalihskuhska,k-ali-hsku-hsk-a
339,imperfective,alhskwatihsko'i,a->al-hskw-at-ihsk-o'i
339,infinitive,ulhskwatihsti,u->al-hskw-at-ihst-i
339,perfective,ulhskwatv'i,u->al-hskw-at-v'i
339,present,alhskwati'a,a->al-hskw-at-i'-a
340,imperative,halhskwalutvka,h-al-hskwalut-vka
340,imperfective,alhskwalutihsko'i,a->al-hskwalut-ihsk-o'i
340,infinitive,ulhskwalutoti,u->al-hskwalut-ot-i
340,perfective,ulhskwalutanv'i,u->al-hskwalut-an-v'i
340,present,alhskwaluti'a,a->al-hskwalut-i'-a
340,present_1sg,kalihskwaluti'a,k-ali-hskwalut-i'-a
341,imperative,halhskwethuhki,h-al-hskwethuh-ki
341,imperfective,alhskwethuhkihsko'i,a->al-hskwethuh-kihsk-o'i
341,infinitive,ulhskwethuhkihsti,u->al-hskwethuh-kihst-i
341,perfective,ulhskwethuhkihsv'i,u->al-hskwethuh-kihs-v'i
341,present,alhskwethuhki'a,a->al-hskwethuh-ki'-a
341,present_1sg,kalihskwethuhki'a,k-ali-hskwethuh-ki'-a
344,imperative,halhsohsta,h-al-hsohst-a
344,imperfective,alhsohstihsko'i,a->al-hsohst-ihsk-o'i
344,infinitive,ulhsohstohti,u->al-hsohst-oht-i
344,perfective,ulhsohsthanv'i,u->al-hsohst-han-v'i
344,present,alhsohstiha,a->al-hsohst-ih-a
344,present_1sg,kalihsohstiha,k-ali-hsohst-ih-a
345,imperative,halhsvhsta,h-al-hsvhst-a
345,imperfective,alhsvhstihsko'i,a->al-hsvhst-ihsk-o'i
345,infinitive,ulhsvhstohti,u->al-hsvhst-oht-i
345,perfective,ulhsvhsthanv'i,u->al-hsvhst-han-v'i
345,present,alhsvhstiha,a->al-hsvhst-ih-a
345,present_1sg,kalihsvhstiha,k-ali-hsvhst-ih-a
355,imperative,itsatalhihsa,its-ata->:lh-ihs-a
355,imperfective,anatalhihsihsko'i,an-ata->:lh-ihs-ihsk-o'i
355,infinitive,unatalhihsohti,un-ata->:lh-ihs-oht-i
355,perfective,unatalhihsanhv'i,un-ata->:lh-ihs-anh-v'i
355,present,anatalhihsiha,an-ata->:lh-ihs-ih-a
355,present_1sg,otsatalhihsiha,ots-ata->:lh-ihs-ih-a
356,imperfective,anakalihsko'i,a-nakal-ihsk-o'i
356,perfective,unakalvhv'i,u-nakal-vh-v'i
356,present,anakaliha,a-nakal-ih-a
359,imperative,itsalikohvka,its-aliko-hvka
359,imperfective,analikohvhsko'i,an-aliko-hvhsk-o'i
359,infinitive,unalikhti,un-aliko*-ht-i
359,perfective,unalikonhv'i,un-aliko-nh-v'i
359,present,analikohvhska,an-aliko-hvhsk-a
359,present_1sg,otsalikohvhska,ots-aliko-hvhsk-a
361,imperative,hanelhta,h-anelht-a
361,imperfective,anelhtihsko'i,a->anelht-ihsk-o'i
361,infinitive,unelhtohti,u->anelht-oht-i
361,perfective,unelhthanv'i,u->anelht-han-v'i
361,present,anelhtiha,a->anelht-ih-a
361,present_1sg,kanelhtiha,k-anelht-ih-a
362,imperative,hanelata,h-anel-at-a
362,imperfective,anelatihsko'i,a->anel-at-ihsk-o'i
362,infinitive,unelatihsti,u->anel-at-ihst-i
362,perfective,unelatv'i,u->anel-at-v'i
362,present,anelati'a,a->anel-at-i'-a
362,present_1sg,kanelati'a,k-anel-at-i'-a
363,imperative,hiyanvtata,hiy-anvt-at-a
363,imperfective,anhtatihsko'i,a->anht-at-ihsk-o'i
363,infinitive,unhtatihsti,u->anht-at-ihst-i
363,perfective,unhtatv'i,u->anht-at-v'i
363,present,anhtati'a,a->anht-at-i'-a
363,present_1sg,tsiyanvtati'a,tsiy-anvt-at-i'-a
365,imperfective,anitona'o'i,ani-ton-a'-o'i
365,perfective,anitona'v'i,ani-ton-a'-v'i
365,present,anitona'a,ani-ton-a'-a
365,present_1sg,otsitona'a,otsi-ton-a'-a
366,imperfective,anilhino'i,ani-lhin-o'i
366,present,anilhina,ani-lhin-a
366,present_1sg,otsilhina,otsi-lhin-a
367,imperfective,ani'no'i,ani->''n-o'i
367,perfective,ani'nv'i,ani->''n-v'i
367,present,ani'na,ani->''n-a
367,present_1sg,otsi'na,otsi->''n-a
373,imperative,hihsatv'vka,hi-hsat-v'vka
373,imperfective,ahsatvhsko'i,a-hsat-vhsk-o'i
373,infinitive,uhsatvti,u-hsat-vt-i
373,perfective,uhsatvnv'i,u-hsat-vn-v'i
373,present,ahsatvhska,a-hsat-vhsk-a
373,present_1sg,tsihsatvhska,tsi-hsat-vhsk-a
374,imperative,hihsalatvka,hi-hsalat-vka
374,imperfective,ahsalatihsko'i,a-hsalat-ihsk-o'i
374,infinitive,uhsalatoti,u-hsalat-ot-i
374,perfective,uhsalatanv'i,u-hsalat-an-v'i
374,present,ahsalati'a,a-hsalat-i'-a
374,present_1sg,tsihsalati'a,tsi-hsalat-i'-a
377,imperative,hihstakayhta,hi-hstakayht-a
377,imperfective,ahstakayhtihsko'i,a-hstakayht-ihsk-o'i
377,infinitive,uhstakayhtohti,u-hstakayht-oht-i
377,perfective,uhstakayhthanv'i,u-hstakayht-han-v'i
377,present,ahstakayhtiha,a-hstakayht-ih-a
377,present_1sg,tsihstakayhtiha,tsi-hstakayht-ih-a
378,imperfective,ahstakayvhiho'i,a-hstakayv-hih-o'i
378,perfective,uhstakayvlhv'i,u-hstakayv-lh-v'i
378,present,ahstakayvhiha,a-hstakayv-hih-a
380,imperative,hihstanvnhvka,hi-hstanvn-hvka
380,imperfective,ahstanvnhvhsko'i,a-hstanvn-hvhsk-o'i
380,infinitive,uhstanvnhti,u-hstanvn-ht-i
380,perfective,uhstanvnhanv'i,u-hstanvn-han-v'i
380,present,ahstanvnhvhska,a-hstanvn-hvhsk-a
380,present_1sg,tsihstanvnhvhska,tsi-hstanvn-hvhsk-a
381,imperative,hihstawatuka,hi-hstawat-uka
381,imperfective,ahstawateko'i,a-hstawat-ek-o'i
381,infinitive,uhstawatvhsti,u-hstawat-vhst-i
381,perfective,uhstawatvhsv'i,u-hstawat-vhs-v'i
381,present,ahstawateka,a-hstawat-ek-a
381,present_1sg,tsihstawateka,tsi-hstawat-ek-a
382,imperative,hihstela,hi-hstel-a
382,imperfective,ahstelihsko'i,a-hstel-ihsk-o'i
382,infinitive,uhstelhti,u-hstel-ht-i
382,perfective,uhstelvhv'i,u-hstel-vh-v'i
382,present,ahsteliha,a-hstel-ih-a
382,present_1sg,tsihsteliha,tsi-hstel-ih-a
383,imperative,hihsteyaka,hi-hs-tey-aka
383,imperfective,ahsteyoho'i,a-hs-tey-oh-o'i
383,infinitive,uhsteyoti,u-hs-tey-ot-i
383,perfective,uhsteyolv'i,u-hs-tey-ol-v'i
383,present,ahsteyoha,a-hs-tey-oh-a
383,present_1sg,tsihsteyoha,tsi-hs-tey-oh-a
384,imperative,hihstika,hi-hstik-a
384,imperfective,ahstikihsko'i,a-hstik-ihsk-o'i
384,infinitive,uhstikihsti,u-hstik-ihst-i
384,perfective,uhstikv'i,u-hstik-v'i
384,present,ahstiki'a,a-hstik-i'-a
384,present_1sg,tsihstiki'a,tsi-hstik-i'-a
386,imperative,hihstotsa,hi-hst-otsa
386,imperfective,ahstohsko'i,a-hst-ohsk-o'i
386,infinitive,uhstohsti,u-hst-ohst-i
386,perfective,uhsto'v'i,u-hst-o'-v'i
386,present,ahsto'a,a-hst-o'-a
386,present_1sg,tsihsto'a,tsi-hst-o'-a
388,imperative,hihstoya,hi-hstoy-a
388,imperfective,ahstoyehsko'i,a-hstoy-ehsk-o'i
388,infinitive,uhstoyhti,u-hstoy-ht-i
388,perfective,uhstoyehv'i,u-hstoy-eh-v'i
388,present,ahstoyeha,a-hstoy-eh-a
388,present_1sg,tsihstoyeha,tsi-hstoy-eh-a
390,imperative,hihstu'i,hi-hstu-'i
390,imperfective,ahstu'ihsko'i,a-hstu-'ihsk-o'i
390,infinitive,uhstu'ihsti,u-hstu-'ihst-i
390,perfective,uhstu'ihsv'i,u-hstu-'ihs-v'i
390,present,ahstu'i'a,a-hstu-'i'-a
390,present_1sg,tsihstu'i'a,tsi-hstu-'i'-a
392,imperative,hihstvhalhvka,hi-hstvhal-hvka
392,imperfective,ahstvhalhvhsko'i,a-hstvhal-hvhsk-o'i
392,infinitive,uhstvhalhti,u-hstvhal-ht-i
392,perfective,uhstvhalhanv'i,u-hstvhal-han-v'i
392,present,ahstvhalhvhska,a-hstvhal-hvhsk-a
392,present_1sg,tsihstvhalhvhska,tsi-hstvhal-hvhsk-a
397,imperative,hiyahsehsta,hiy-ahsehst-a
397,imperfective,ahsehstihsko'i,a->ahsehst-ihsk-o'i
397,infinitive,uhsehstohti,u->ahsehst-oht-i
397,perfective,uhsehsthanv'i,u->ahsehst-han-v'i
397,present,ahsehstiha,a->ahsehst-ih-a
397,present_1sg,tsiyahsehstiha,tsiy-ahsehst-ih-a
398,imperative,hahsehsa,h-ahse-hs-a
398,imperfective,ahsehsihsko'i,a->ahse-hs-ihsk-o'i
398,infinitive,uhsehsvhti,u->ahse-hs-vht-i
398,perfective,uhsehsvhv'i,u->ahse-hs-vh-v'i
398,present,ahsehsiha,a->ahse-hs-ih-a
398,present_1sg,kahsehsiha,k-ahse-hs-ih-a
400,imperative,hihskaki,hi-hska-ki
400,imperfective,ahskako'i,a-hska-k-o'i
400,infinitive,uhskayhsti,u-hska-yhst-i
400,perfective,uhskatsv'i,u-hska-ts-v'i
400,present,ahskaka,a-hska-k-a
400,present_1sg,tsihskaka,tsi-hska-k-a
405,imperative,hihskanvki,hi-hskanv-ki
405,imperfective,ahskanvko'i,a-hskanv-k-o'i
405,infinitive,uhskanvyhsti,u-hskanv-yhst-i
405,perfective,uhskanvtsv'i,u-hskanv-ts-v'i
405,present,ahskanvka,a-hskanv-k-a
405,present_1sg,tsihskanvka,tsi-hskanv-k-a
411,imperative,hihskoka,hi-hskok-a
411,imperfective,ahskokihsko'i,a-hskok-ihsk-o'i
411,infinitive,uhskokihsti,u-hskok-ihst-i
411,perfective,uhskokv'i,u-hskok-v'i
411,present,ahskoki'a,a-hskok-i'-a
411,present_1sg,tsihskoki'a,tsi-hskok-i'-a
412,imperative,hihskonhka,hi-hskon-hka
412,imperfective,ahskonhiho'i,a-hskon-hih-o'i
412,infinitive,uhskonhsti,u-hskon-hst-i
412,perfective,uhskonhilv'i,u-hskon-hil-v'i
412,present,ahskonhiha,a-hskon-hih-a
412,present_1sg,tsihskonhiha,tsi-hskon-hih-a
413,imperative,hiyahskoliya,hiy-ahskoliy-a
413,imperfective,ahskoliyehsko'i,a->ahskoliy-ehsk-o'i
413,infinitive,uhskoliyeti,u->ahskoliy-et-i
413,perfective,uhskoliye'v'i,u->ahskoliy-e'-v'i
413,present,ahskoliye'a,a->ahskoliy-e'-a
413,present_1sg,tsiyahskoliye'a,tsiy-ahskoliy-e'-a
416,imperfective,ahskolvko'i,a-hskolv-k-o'i
416,infinitive,uhskolvyhsti,u-hskolv-yhst-i
416,perfective,uhskolvtsv'i,u-hskolv-ts-v'i
416,present,ahskolvka,a-hskolv-k-a
417,imperative,hahskola,h-ahsko-la
417,imperfective,ahskohsko'i,a->ahsko-hsk-o'i
417,infinitive,uhskohsti,u->ahsko-hst-i
417,perfective,uhskohsv'i,u->ahsko-hs-v'i
417,present,ahskohska,a->ahsko-hsk-a
417,present_1sg,kahskohska,k-ahsko-hsk-a
419,imperative,hihskwata,hi-hskw-at-a
419,imperfective,ahskwatihsko'i,a-hskw-at-ihsk-o'i
419,infinitive,uhskwatihsti,u-hskw-at-ihst-i
419,perfective,uhskwatv'i,u-hskw-at-v'i
419,present,ahskwati'a,a-hskw-at-i'-a
419,present_1sg,tsihskwati'a,tsi-hskw-at-i'-a
421,imperative,hihskwalhaki,hi-hskwalh-aki
421,imperfective,ahskwalhehsko'i,a-hskwalh-ehsk-o'i
421,infinitive,uhskwalhehsti,u-hskwalh-ehst-i
421,perfective,uhskwalhehsv'i,u-hskwalh-ehs-v'i
421,present,ahskwalhe'a,a-hskwalh-e'-a
421,present_1sg,tsihskwalhe'a,tsi-hskwalh-e'-a
423,imperative,hihskwaloki,hi-hskwal-o-ki
423,imperfective,ahskwaloko'i,a-hskwal-o-k-o'i
423,infinitive,uhskwaloyhsti,u-hskwal-o-yhst-i
423,perfective,uhskwalotsv'i,u-hskwal-o-ts-v'i
423,present,ahskwaloka,a-hskwal-o-k-a
423,present_1sg,tsihskwaloka,tsi-hskwal-o-k-a
424,imperative,hihskwala,hi-hskwal-a
424,imperfective,ahskwalhsko'i,a-hskwal-hsk-o'i
424,infinitive,uhskwalhsti,u-hskwal-hst-i
424,perfective,uhskwalhsv'i,u-hskwal-hs-v'i
424,present,ahskwalhska,a-hskwal-hsk-a
424,present_1sg,tsihskwalhska,tsi-hskwal-hsk-a
425,imperative,hihskwalvnika,hi-hskwal-vn-ika
425,imperfective,ahskwalvniho'i,a-hskwal-vn-ih-o'i
425,infinitive,uhskwalvnihsti,u-hskwal-vn-ihst-i
425,perfective,uhskwalvnilv'i,u-hskwal-vn-il-v'i
425,present,ahskwalvniha,a-hskwal-vn-ih-a
425,present_1sg,tsihskwalvniha,tsi-hskwal-vn-ih-a
427,imperative,hihskwanikohi,hi-hskwaniko-hi
427,imperfective,ahskwanikohsko'i,a-hskwaniko-hsk-o'i
427,infinitive,uhskwanikohihsti,u-hskwaniko-hihst-i
427,perfective,uhskwanikohsv'i,u-hskwaniko-hs-v'i
427,present,ahskwanikohska,a-hskwaniko-hsk-a
427,present_1sg,tsihskwanikohska,tsi-hskwaniko-hsk-a
429,imperative,hihskwohalvnika,hi-hskwohal-vn-ika
429,imperfective,ahskwohalvniho'i,a-hskwohal-vn-ih-o'i
429,infinitive,uhskwohalvnihsti,u-hskwohal-vn-ihst-i
429,perfective,uhskwohalvnilv'i,u-hskwohal-vn-il-v'i
429,present,ahskwohalvniha,a-hskwohal-vn-ih-a
429,present_1sg,tsihskwohalvniha,tsi-hskwohal-vn-ih-a
430,imperative,hiyahsihthata,hiy-ahsihth-at-a
430,imperfective,ahsihthatihsko'i,a->ahsihth-at-ihsk-o'i
430,infinitive,uhsihthatihsti,u->ahsihth-at-ihst-i
430,perfective,uhsihthatv'i,u->ahsihth-at-v'i
430,present,ahsihthati'a,a->ahsihth-at-i'-a
430,present_1sg,tsiyahsihthati'a,tsiy-ahsihth-at-i'-a
431,imperative,hiyahsihthvnika,hiy-ahsihth-vn-ika
431,imperfective,ahsihthvniho'i,a->ahsihth-vn-ih-o'i
431,infinitive,uhsihthvnihsti,u->ahsihth-vn-ihst-i
431,perfective,uhsihthvnilv'i,u->ahsihth-vn-il-v'i
431,present,ahsihthvniha,a->ahsihth-vn-ih-a
431,present_1sg,tsiyahsihthvniha,tsiy-ahsihth-vn-ih-a
432,imperative,hahsinuka,h-ahs-in-uka
432,imperfective,ahsineko'i,a->ahs-in-ek-o'i
432,infinitive,uhsinvhsti,u->ahs-in-vhst-i
432,perfective,uhsinvhsv'i,u->ahs-in-vhs-v'i
432,present,ahsineka,a->ahs-in-ek-a
432,present_1sg,kahsineka,k-ahs-in-ek-a
436,imperative,hihslhata,hi-hslh-at-a
436,imperfective,ahslhatihsko'i,a-hslh-at-ihsk-o'i
436,infinitive,uhslhatihsti,u-hslh-at-ihst-i
436,perfective,uhslhatv'i,u-hslh-at-v'i
436,present,ahslhati'a,a-hslh-at-i'-a
436,present_1sg,tsihslhati'a,tsi-hslh-at-i'-a
437,imperative,hahsoyhka,h-ahsoy-hka
437,imperfective,ahsoyhoho'i,a->ahsoy-hoh-o'i
437,infinitive,uhsoyhsti,u->ahsoy-hst-i
437,perfective,uhsoyhalv'i,u->ahsoy-hal-v'i
437,present,ahsoyhoha,a->ahsoy-hoh-a
437,present_1sg,kahsoyhoha,k-ahsoy-hoh-a
439,imperative,hahsolvtaki,h-ahsolvta-ki
439,imperfective,ahsolvtakihsko'i,a->ahsolvta-kihsk-o'i
439,infinitive,uhsolvtakihsti,u->ahsolvta-kihst-i
439,perfective,uhsolvtakihsv'i,u->ahsolvta-kihs-v'i
439,present,ahsolvtaki'a,a->ahsolvta-ki'-a
439,present_1sg,kahsolvtaki'a,k-ahsolvta-ki'-a
440,imperative,hiyahsonhsta,hiy-ahsonhst-a
440,imperfective,ahsonhstihsko'i,a->ahsonhst-ihsk-o'i
440,infinitive,uhsonhstohti,u->ahsonhst-oht-i
440,perfective,uhsonhsthanv'i,u->ahsonhst-han-v'i
440,present,ahsonhstiha,a->ahsonhst-ih-a
440,present_1sg,tsiyahsonhstiha,tsiy-ahsonhst-ih-a
441,imperative,hihsonvna,hi-hson-vna
441,imperfective,ahsonvhsko'i,a-hson-vhsk-o'i
441,infinitive,uhsonvhsti,u-hson-vhst-i
441,perfective,uhsonvnhv'i,u-hson-vnh-v'i
441,present,ahsonvhska,a-hson-vhsk-a
441,present_1sg,tsihsonvhska,tsi-hson-vhsk-a
444,imperative,hahsuhvka,h-ahsu-hvka
444,imperfective,ahsuhvhsko'i,a->ahsu-hvhsk-o'i
444,infinitive,uhsuhti,u->ahsu-ht-i
444,perfective,uhsunhv'i,u->ahsu-nh-v'i
444,present,ahsuhvhska,a->ahsu-hvhsk-a
444,present_1sg,kahsuhvhska,k-ahsu-hvhsk-a
445,imperative,hihsuwha,hi-hsuwh-a
445,imperfective,ahsuwhihsko'i,a-hsuwh-ihsk-o'i
445,infinitive,uhsuwhihsti,u-hsuwh-ihst-i
445,perfective,uhsuwhihsv'i,u-hsuwh-ihs-v'i
445,present,ahsuwhihska,a-hsuwh-ihsk-a
445,present_1sg,tsihsuwhihska,tsi-hsuwh-ihsk-a
446,imperative,hahsula'iyvna,h-ahsul-a'iy-vna
446,imperfective,ahsula'iyvhsko'i,a->ahsul-a'iy-vhsk-o'i
446,infinitive,uhsula'iyvhsti,u->ahsul-a'iy-vhst-i
446,perfective,uhsula'iyvhsv'i,u->ahsul-a'iy-vhs-v'i
446,present,ahsula'iyv'a,a->ahsul-a'iy-v'-a
446,present_1sg,kahsula'iyv'a,k-ahsul-a'iy-v'-a
447,imperative,hahsulaki,h-ahsul-aki
447,imperfective,ahsulehsko'i,a->ahsul-ehsk-o'i
447,infinitive,uhsulehsti,u->ahsul-ehst-i
447,perfective,uhsulehsv'i,u->ahsul-ehs-v'i
447,present,ahsule'a,a->ahsul-e'-a
447,present_1sg,kahsule'a,k-ahsul-e'-a
448,imperative,hahsulvka,h-ahsul-vka
448,imperfective,ahsulihsko'i,a->ahsul-ihsk-o'i
448,infinitive,uhsuloti,u->ahsul-ot-i
448,perfective,uhsulanv'i,u->ahsul-an-v'i
448,present,ahsuli'a,a->ahsul-i'-a
448,present_1sg,kahsuli'a,k-ahsul-i'-a
449,imperative,hihsuliko'i,hi-hsuli-ko'i
449,imperfective,ahsulikoko'i,a-hsuli-kok-o'i
449,infinitive,uhsulikohsti,u-hsuli-kohst-i
449,perfective,uhsulikotsv'i,u-hsuli-kots-v'i
449,present,ahsulikoka,a-hsuli-kok-a
449,present_1sg,tsihsulikoka,tsi-hsuli-kok-a
452,imperative,hiyahsuyaki,hiy-ahsuy-aki
452,imperfective,ahsuyehsko'i,a->ahsuy-ehsk-o'i
452,infinitive,uhsuyehsti,u->ahsuy-ehst-i
452,perfective,uhsuyehsv'i,u->ahsuy-ehs-v'i
452,present,ahsuye'a,a->ahsuy-e'-a
452,present_1sg,tsiyahsuye'a,tsiy-ahsuy-e'-a
453,imperative,hahsuyvla,h-ahsuy-vla
453,imperfective,ahsuyehsko'i,a->ahsuy-ehsk-o'i
453,infinitive,uhsuyehti,u->ahsuy-eht-i
453,perfective,uhsuyehv'i,u->ahsuy-eh-v'i
453,present,ahsuyeha,a->ahsuy-eh-a
453,present_1sg,kahsuyeha,k-ahsuy-eh-a
454,imperative,hahsuyv'vka,h-ahsuy-v'vka
454,imperfective,ahsuyvhsko'i,a->ahsuy-vhsk-o'i
454,infinitive,uhsuyvti,u->ahsuy-vt-i
454,perfective,uhsuyvnv'i,u->ahsuy-vn-v'i
454,present,ahsuyvhska,a->ahsuy-vhsk-a
454,present_1sg,kahsuyvhska,k-ahsuy-vhsk-a
455,imperfective,ahsvko'i,a-hsv-k-o'i
455,present,ahsvka,a-hsv-k-a
455,present_1sg,tsihsvka,tsi-hsv-k-a
458,imperative,hiyahsvnhka,hiy-ahs-vn-hka
458,imperfective,ahsvnhiho'i,a->ahs-vn-hih-o'i
458,infinitive,uhsvnhsti,u->ahs-vn-hst-i
458,perfective,uhsvnhilv'i,u->ahs-vn-hil-v'i
458,present,ahsvnhiha,a->ahs-vn-hih-a
458,present_1sg,tsiyahsvnhiha,tsiy-ahs-vn-hih-a
459,imperative,hihsvnha,hi-hsv-nha
459,imperfective,ahsvhvhsko'i,a-hsv-hvhsk-o'i
459,infinitive,uhsvhvhsti,u-hsv-hvhst-i
459,perfective,uhsvnhv'i,u-hsv-nh-v'i
459,present,ahsvhvhska,a-hsv-hvhsk-a
459,present_1sg,tsihsvhvhska,tsi-hsv-hvhsk-a
463,imperative,hathawhohsta,h-athawhohst-a
463,imperfective,athawhohstihsko'i,a->athawhohst-ihsk-o'i
463,infinitive,uthawhohstohti,u->athawhohst-oht-i
463,perfective,uthawhohsthanv'i,u->athawhohst-han-v'i
463,present,athawhohstiha,a->athawhohst-ih-a
463,present_1sg,ka'tawhohstiha,k-a'tawhohst-ih-a
464,imperative,hithalata,hi-thal-at-a
464,imperfective,athalatihsko'i,a-thal-at-ihsk-o'i
464,infinitive,uthalatihsti,u-thal-at-ihst-i
464,perfective,uthalatv'i,u-thal-at-v'i
464,present,athalati'a,a-thal-at-i'-a
464,present_1sg,tsithalati'a,tsi-thal-at-i'-a
467,imperfective,athanoleko'i,a-thanol-ek-o'i
467,infinitive,uthanolvhsti,u-thanol-vhst-i
467,perfective,uthanolvhsv'i,u-thanol-vhs-v'i
467,present,athanoleka,a-thanol-ek-a
469,imperative,hathahski,h-athahs-ki
469,imperfective,athahskihsko'i,a->athahs-kihsk-o'i
469,infinitive,uthahskihsti,u->athahs-kihst-i
469,perfective,uthahskihsv'i,u->athahs-kihs-v'i
469,present,athahski'a,a->athahs-ki'-a
472,imperative,hitaweto'vka,hi-taweto-'vka
472,imperfective,athaweto'vhsko'i,a-thaweto-'vhsk-o'i
472,infinitive,uthawetoti,u-thaweto-t-i
472,perfective,uthawetonv'i,u-thaweto-n-v'i
472,present,athaweto'vhska,a-thaweto-'vhsk-a
472,present_1sg,tsitaweto'vhska,tsi-taweto-'vhsk-a
474,imperative,hithayoha,hi-thayo-ha
474,imperfective,athayohiho'i,a-thayo-hih-o'i
474,infinitive,uthayohsti,u-thayo-hst-i
474,perfective,uthayolhv'i,u-thayo-lh-v'i
474,present,athayohiha,a-thayo-hih-a
474,present_1sg,tsithayohiha,tsi-thayo-hih-a
477,imperative,hithelvna,hi-thel-vna
477,imperfective,athelvhvhsko'i,a-thel-vhvhsk-o'i
477,infinitive,uthelhti,u-thel-ht-i
477,perfective,uthelvnhv'i,u-thel-vnh-v'i
477,present,athelvhvhska,a-thel-vhvhsk-a
477,present_1sg,tsithelvhvhska,tsi-thel-vhvhsk-a
479,imperative,hiyathinhuka,hiy-athinh-uka
479,imperfective,athinheko'i,a->athinh-ek-o'i
479,infinitive,uthinhvhsti,u->athinh-vhst-i
479,perfective,uthinhvhsv'i,u->athinh-vhs-v'i
479,present,athinhi,a->athinh-i
479,present_1sg,tsiyathinhi,tsiy-athinh-i
480,imperative,hathiyoka,h-athiyo-ka
480,imperfective,athiyohiho'i,a->athiyo-hih-o'i
480,infinitive,uthiyohsti,u->athiyo-hst-i
480,perfective,uthiyolhv'i,u->athiyo-lh-v'i
480,present,athiyohiha,a->athiyo-hih-a
480,present_1sg,ka'tiyohiha,k-a'tiyo-hih-a
483,imperative,hathohkiya,h-athohk-iy-a
483,imperfective,athohkiyahsko'i,a->athohk-iy-ahsk-o'i
483,infinitive,uthohkiyahsti,u->athohk-iy-ahst-i
483,perfective,uthohkiyv'i,u->athohk-iy-v'i
483,present,athohkiya'a,a->athohk-iy-a'-a
483,present_1sg,kathohkiya'a,k-athohk-iy-a'-a
486,imperative,hiyatholhsta,hiy-atholhst-a
486,imperfective,atholhstihsko'i,a->atholhst-ihsk-o'i
486,infinitive,utholhstohti,u->atholhst-oht-i
486,perfective,utholhsthanv'i,u->atholhst-han-v'i
486,present,atholhstiha,a->atholhst-ih-a
486,present_1sg,tsiyatholhstiha,tsiy-atholhst-ih-a
487,imperative,hiyathola,hiy-athol-a
487,imperfective,atholhsko'i,a->athol-hsk-o'i
487,infinitive,utholhihsti,u->athol-hihst-i
487,perfective,utholhsv'i,u->athol-hs-v'i
487,present,atholhska,a->athol-hsk-a
487,present_1sg,tsiyatholhska,tsiy-athol-hsk-a
488,imperfective,athoyawhsko'i,a-thoyaw-hsk-o'i
488,infinitive,uthoyawhsti,u-thoyaw-hst-i
488,perfective,uthoyawhsv'i,u-thoyaw-hs-v'i
488,present,athoyawhska,a-thoyaw-hsk-a
489,imperative,hatstaki,h-atst-aki
489,imperfective,atstehsko'i,a->atst-ehsk-o'i
489,infinitive,utstehsti,u->atst-ehst-i
489,perfective,utstehsv'i,u->atst-ehs-v'i
489,present,atste'a,a->atst-e'-a
489,present_1sg,katsihste'a,k-atsihst-e'-a
490,imperative,hatsko'vka,h-atsko-'vka
490,imperfective,atsko'vhsko'i,a->atsko-'vhsk-o'i
490,infinitive,utskoti,u->atsko-t-i
490,perfective,utskonv'i,u->atsko-n-v'i
490,present,atsko'vhska,a->atsko-'vhsk-a
490,present_1sg,katsihsko'vhska,k-atsihsko-'vhsk-a
491,imperative,hathuki,h-athu-ki
491,imperfective,athukihsko'i,a->athu-kihsk-o'i
491,infinitive,uthukihsti,u->athu-kihst-i
491,perfective,uthukihsv'i,u->athu-kihs-v'i
491,present,athuki'a,a->athu-ki'-a
491,present_1sg,ka'tuki'a,k-a'tu-ki'-a
493,imperative,hithu'ihsta,hi-thu'ihst-a
493,imperfective,athu'ihstihsko'i,a-thu'ihst-ihsk-o'i
493,infinitive,uthu'ihstohti,u-thu'ihst-oht-i
493,perfective,uthu'ihsthanv'i,u-thu'ihst-han-v'i
493,present,athu'ihstiha,a-thu'ihst-ih-a
493,present_1sg,tsithu'ihstiha,tsi-thu'ihst-ih-a
494,imperative,hiyathvtahsta,hiy-athvtahst-a
494,imperfective,athvtahstihsko'i,a->athvtahst-ihsk-o'i
494,infinitive,uthvtahstohti,u->athvtahst-oht-i
494,perfective,uthvtahsthanv'i,u->athvtahst-han-v'i
494,present,athvtahstiha,a->athvtahst-ih-a
494,present_1sg,tsiyathvtahstiha,tsiy-athvtahst-ih-a
495,imperative,hiyathvtvhvka,hiy-athvt-vhvka
495,imperfective,athvtvhvhsko'i,a->athvt-vhvhsk-o'i
495,infinitive,uthvthti,u->athvt-ht-i
495,perfective,uthvtvnhv'i,u->athvt-vnh-v'i
495,present,athvtvhvhska,a->athvt-vhvhsk-a
495,present_1sg,tsiyathvtvhvhska,tsiy-athvt-vhvhsk-a
496,imperative,hiyathvkvka,hiy-athvk-vka
496,imperfective,athvkihsko'i,a->athvk-ihsk-o'i
496,infinitive,uthvkoti,u->athvk-ot-i
496,perfective,uthvkanv'i,u->athvk-an-v'i
496,present,athvki'a,a->athvk-i'-a
496,present_1sg,tsiyathvki'a,tsiy-athvk-i'-a
497,imperative,hiya'tvhihsta,hiy-a'tvhihst-a
497,imperfective,athvhihstihsko'i,a->athvhihst-ihsk-o'i
497,infinitive,uthvhihstohti,u->athvhihst-oht-i
497,perfective,uthvhihsthanv'i,u->athvhihst-han-v'i
497,present,athvhihstiha,a->athvhihst-ih-a
497,present_1sg,tsiya'tvhihstiha,tsiy-a'tvhihst-ih-a
498,imperative,hathvhi,h-athv-hi
498,imperfective,athvhsko'i,a->athv-hsk-o'i
498,infinitive,uthvhihsti,u->athv-hihst-i
498,perfective,uthvhsv'i,u->athv-hs-v'i
498,present,athvhska,a->athv-hsk-a
498,present_1sg,ka'tvhska,k-a'tv-hsk-a
502,imperfective,aya'o'i,a-y-a'-o'i
502,present,aya'a,a-y-a'-a
502,present_1sg,tsiya'a,tsi-y-a'-a
507,imperative,hiyeki,hi-ye-ki
507,imperfective,ayeko'i,a-ye-k-o'i
507,infinitive,uye'ihsti,u-ye-'ihst-i
507,perfective,uyetsv'i,u-ye-ts-v'i
507,present,ayeka,a-ye-k-a
507,present_1sg,tsiyeka,tsi-ye-k-a
509,imperative,hiye'ihsta,hi-ye'ihst-a
509,imperfective,aye'ihstihsko'i,a-ye'ihst-ihsk-o'i
509,infinitive,uye'ihstohti,u-ye'ihst-oht-i
509,perfective,uye'ihsthanv'i,u-ye'ihst-han-v'i
509,present,aye'ihstiha,a-ye'ihst-ih-a
509,present_1sg,tsiye'ihstiha,tsi-ye'ihst-ih-a
511,imperative,hiyvta,hi-yvt-a
511,imperfective,ayhtihsko'i,a-yht-ihsk-o'i
511,infinitive,uyhtohti,u-yht-oht-i
511,perfective,uyhthanv'i,u-yht-han-v'i
511,present,ayhtiha,a-yht-ih-a
511,present_1sg,tsiyvtiha,tsi-yvt-ih-a
513,imperative,hiya,hi-y-a
513,imperfective,ayihsko'i,a-y-ihsk-o'i
513,infinitive,uyhti,u-y-ht-i
513,perfective,uyvhv'i,u-y-vh-v'i
513,present,ayiha,a-y-ih-a
513,present_1sg,tsiyi'a,tsi-y-i'-a
515,imperative,hiyoki,hi-yo-ki
515,imperfective,ayoko'i,a-yo-k-o'i
515,infinitive,uyoyhsti,u-yo-yhst-i
515,perfective,uyotsv'i,u-yo-ts-v'i
515,present,ayoka,a-yo-k-a
515,present_1sg,tsiyoka,tsi-yo-k-a
516,imperative,hiyo'a,hi-yo-'a
516,imperfective,ayohiho'i,a-yo-hih-o'i
516,infinitive,uyohsti,u-yo-hst-i
516,perfective,uyolhv'i,u-yo-lh-v'i
516,present,ayohiha,a-yo-hih-a
516,present_1sg,tsiyo'iha,tsi-yo-'ih-a
519,imperative,hiyolhvka,hi-yol-hvka
519,imperfective,ayolhvhsko'i,a-yol-hvhsk-o'i
519,infinitive,uyolhvhsti,u-yol-hvhst-i
519,perfective,uyolhanv'i,u-yol-han-v'i
519,present,ayolhvhska,a-yol-hvhsk-a
519,present_1sg,tsiyolvhska,tsi-yol-vhsk-a
521,imperative,hiyohuhi,hi-yohu-hi
521,imperfective,ayohuhsko'i,a-yohu-hsk-o'i
521,infinitive,uyohuhihsti,u-yohu-hihst-i
521,perfective,uyohuhsv'i,u-yohu-hs-v'i
521,present,ayohuhska,a-yohu-hsk-a
521,present_1sg,tsiyo'uhska,tsi-yo'u-hsk-a
523,imperative,hiyolika,hi-yol-ika
523,imperfective,ayoliho'i,a-yol-ih-o'i
523,infinitive,uyolihsti,u-yol-ihst-i
523,perfective,uyolilv'i,u-yol-il-v'i
523,present,ayoliha,a-yol-ih-a
523,present_1sg,tsiyoliha,tsi-yol-ih-a
524,imperative,hiyohsta,hi-yohst-a
524,imperfective,ayohstihsko'i,a-yohst-ihsk-o'i
524,infinitive,uyohstohti,u-yohst-oht-i
524,perfective,uyohsthanv'i,u-yohst-han-v'i
524,present,ayohstiha,a-yohst-ih-a
524,present_1sg,tsiyohstiha,tsi-yohst-ih-a
526,imperative,hiyohsthanonha,hi-yohsthan-onha
526,imperfective,ayohsthanohvhsko'i,a-yohsthan-ohvhsk-o'i
526,infinitive,uyohsthanohvhsti,u-yohsthan-ohvhst-i
526,perfective,uyohsthanonhv'i,u-yohsthan-onh-v'i
526,present,ayohsthanohvhska,a-yohsthan-ohvhsk-a
526,present_1sg,tsiyohsthanohvhska,tsi-yohsthan-ohvhsk-a
529,imperative,hiyvha,hi-yv-ha
529,imperfective,ayvhiho'i,a-yv-hih-o'i
529,infinitive,uyvhsti,u-yv-hst-i
529,perfective,uyvlhv'i,u-yv-lh-v'i
529,present,ayvhiha,a-yv-hih-a
529,present_1sg,tsiyv'iha,tsi-yv-'ih-a
530,imperative,hiyvwhahtha,hi-yvwhahth-a
530,imperfective,ayvwhahthihsko'i,a-yvwhahth-ihsk-o'i
530,infinitive,uyvwhahthvhti,u-yvwhahth-vht-i
530,perfective,uyvwhahthvhv'i,u-yvwhahth-vh-v'i
530,present,ayvwhahthiha,a-yvwhahth-ih-a
530,present_1sg,tsiyvwahthiha,tsi-yvwahth-ih-a
531,imperative,hiyvwhita,hi-yvwhit-a
531,imperfective,ayvwhitihsko'i,a-yvwhit-ihsk-o'i
531,infinitive,uyvwhithti,u-yvwhit-ht-i
531,perfective,uyvwhitvhv'i,u-yvwhit-vh-v'i
531,present,ayvwhitiha,a-yvwhit-ih-a
531,present_1sg,tsiyvwitiha,tsi-yvwit-ih-a
539,imperative,thatanhawhsta,t-h-atanhawhst-a
539,imperfective,tatanhawhstihsko'i,t-a->atanhawhst-ihsk-o'i
539,infinitive,tsutanhawhstohti,ts-u->atanhawhst-oht-i
539,perfective,tutanhawhsthanv'i,t-u->atanhawhst-han-v'i
539,present,tatanhawhstiha,t-a->atanhawhst-ih-a
539,present_1sg,tekatanawhstiha,te-k-atanawhst-ih-a
541,imperative,thatanhehsaka,t-h-ata-nhehs-aka
541,imperfective,tatanhehsehsko'i,t-a->ata-nhehs-ehsk-o'i
541,infinitive,tsutanhehsehsti,ts-u->ata-nhehs-ehst-i
541,perfective,tutanhehsa'v'i,t-u->ata-nhehs-a'-v'i
541,present,tatanhehse'a,t-a->ata-nhehs-e'-a
541,present_1sg,tekatanehse'a,te-k-ata-nehs-e'-a
542,imperative,thiyatanilvki,t-hiy-atanilv-ki
542,imperfective,tatanilvko'i,t-a->atanilv-k-o'i
542,infinitive,tsutanilvhsti,ts-u->atanilv-hst-i
542,perfective,tutanilvtsv'i,t-u->atanilv-ts-v'i
542,present,tatanilvka,t-a->atanilv-k-a
542,present_1sg,tetsiyatanilvka,te-tsiy-atanilv-k-a
543,imperative,thatanvtihsta,t-h-ata-nvtihst-a
543,imperfective,tatanvtihstihsko'i,t-a->ata-nvtihst-ihsk-o'i
543,infinitive,tsutanvtihstohti,ts-u->ata-nvtihst-oht-i
543,perfective,tutanvtihsthanv'i,t-u->ata-nvtihst-han-v'i
543,present,tatanvtihstiha,t-a->ata-nvtihst-ih-a
543,present_1sg,tekatanvtihstiha,te-k-ata-nvtihst-ih-a
544,imperative,thatawotsa,t-h-at-aw-otsa
544,imperfective,tatawohsko'i,t-a->at-aw-ohsk-o'i
544,infinitive,tsutawohsti,ts-u->at-aw-ohst-i
544,perfective,tutawo'v'i,t-u->at-aw-o'-v'i
544,present,tatawo'a,t-a->at-aw-o'-a
544,present_1sg,tekatawo'a,te-k-at-aw-o'-a
545,imperative,thatayohi,t-h-ata-yo-hi
545,imperfective,tatayohsko'i,t-a->ata-yo-hsk-o'i
545,infinitive,tsutayohihsti,ts-u->ata-yo-hihst-i
545,perfective,tutayohsv'i,t-u->ata-yo-hs-v'i
545,present,tatayohska,t-a->ata-yo-hsk-a
545,present_1sg,tekatayohska,te-k-ata-yo-hsk-a
547,imperative,thatloyhka,t-h-atloy-hka
547,imperfective,tatloyhiho'i,t-a->atloy-hih-o'i
547,infinitive,tsutloyhsti,ts-u->atloy-hst-i
547,perfective,tutloyhilv'i,t-u->atloy-hil-v'i
547,present,tatloyhiha,t-a->atloy-hih-a
547,present_1sg,tekatloyiha,te-k-atloy-ih-a
550,imperative,thikvwalhta,t-hi-kvwalht-a
550,imperfective,takvwalhtihsko'i,t-a-kvwalht-ihsk-o'i
550,infinitive,tsukvwalhtohti,ts-u-kvwalht-oht-i
550,perfective,tukvwalhthanv'i,t-u-kvwalht-han-v'i
550,present,takvwalhtiha,t-a-kvwalht-ih-a
550,present_1sg,tetsikvwalotiha,te-tsi-kvwalot-ih-a
552,imperative,thalhihkvla,t-h-alhihk-vla
552,imperfective,talhihkehsko'i,t-a->alhihk-ehsk-o'i
552,infinitive,tsulhihkehti,ts-u->alhihk-eht-i
552,perfective,tulhihkehv'i,t-u->alhihk-eh-v'i
552,present,talhihkeha,t-a->alhihk-eh-a
552,present_1sg,tekalihkeha,te-k-alihk-eh-a
553,imperative,thiyatlilohsta,t-hiy-atlilohst-a
553,imperfective,talhilohstihsko'i,t-a->alhilohst-ihsk-o'i
553,infinitive,tsulhilohstohti,ts-u->alhilohst-oht-i
553,perfective,tulhilohsthanv'i,t-u->alhilohst-han-v'i
553,present,talhilohstiha,t-a->alhilohst-ih-a
553,present_1sg,tetsiyatlilohstiha,te-tsiy-atlilohst-ih-a
554,imperative,thalhinohvla,t-h-alhi-no-hvla
554,imperfective,talhinohehsko'i,t-a->alhi-no-hehsk-o'i
554,infinitive,tsulhinohehti,ts-u->alhi-no-heht-i
554,perfective,tulhinohelhv'i,t-u->alhi-no-helh-v'i
554,present,talhinoheha,t-a->alhi-no-heh-a
554,present_1sg,tekalinoheha,te-k-ali-no-heh-a
555,imperative,thalhthatuka,t-h-al-hthat-uka
555,imperfective,talhthateko'i,t-a->al-hthat-ek-o'i
555,infinitive,tsulhthatinvti,ts-u->al-hthat-invt-i
555,perfective,tulhthatinvhsv'i,t-u->al-hthat-invhs-v'i
555,present,talhthateka,t-a->al-hthat-ek-a
555,present_1sg,tekalithateka,te-k-ali-that-ek-a
557,imperative,thanhawa'iyvna,t-h-anhaw-a'iy-vna
557,imperfective,tanhawa'iyvhsko'i,t-a->anhaw-a'iy-vhsk-o'i
557,infinitive,tsunhawa'iyvhsti,ts-u->anhaw-a'iy-vhst-i
557,perfective,tunhawa'iyvhsv'i,t-u->anhaw-a'iy-vhs-v'i
557,present,tanhawa'iyv'a,t-a->anhaw-a'iy-v'-a
557,present_1sg,tekaniwa'iyv'a,te-k-aniw-a'iy-v'-a
558,imperative,thanhawaki,t-h-anhaw-aki
558,imperfective,tanhawehsko'i,t-a->anhaw-ehsk-o'i
558,infinitive,tsunhawehsti,ts-u->anhaw-ehst-i
558,perfective,tunhawehsv'i,t-u->anhaw-ehs-v'i
558,present,tanhawe'a,t-a->anhaw-e'-a
558,present_1sg,tekaniwe'a,te-k-aniw-e'-a
559,imperative,thanhawotsa,t-h-anhaw-otsa
559,imperfective,tanhawohsko'i,t-a->anhaw-ohsk-o'i
559,infinitive,tsunhawohsti,ts-u->anhaw-ohst-i
559,perfective,tunhawo'v'i,t-u->anhaw-o'-v'i
559,present,tanhawo'a,t-a->anhaw-o'-a
559,present_1sg,tekaniwo'a,te-k-aniw-o'-a
561,imperative,thihvthvka,t-hi-hvt-hvka
561,imperfective,tahvthvhsko'i,t-a-hvt-hvhsk-o'i
561,infinitive,tsuhvthti,ts-u-hvt-ht-i
561,perfective,tuhvthanv'i,t-u-hvt-han-v'i
561,present,tahvthvhska,t-a-hvt-hvhsk-a
561,present_1sg,tetsi'vthvhska,te-tsi-'vt-hvhsk-a
562,imperative,thiyvka,t-hi-yvk-a
562,imperfective,tayhvkihsko'i,t-a-yhvk-ihsk-o'i
562,infinitive,tsuyhvkihsti,ts-u-yhvk-ihst-i
562,perfective,tuyhvkv'i,t-u-yhvk-v'i
562,present,tayhvki'a,t-a-yhvk-i'-a
562,present_1sg,tetsiyvki'a,te-tsi-yvk-i'-a
565,imperative,thikhaneka,t-hi-khane-ka
565,imperfective,takhanehiho'i,t-a-khane-hih-o'i
565,infinitive,tsukhanehsti,ts-u-khane-hst-i
565,perfective,tukhanelhv'i,t-u-khane-lh-v'i
565,present,takhanehiha,t-a-khane-hih-a
565,present_1sg,tetsikanehiha,te-tsi-kane-hih-a
566,imperative,thikhaneyha,t-hi-khaneyh-a
566,imperfective,takhaneyhihsko'i,t-a-khaneyh-ihsk-o'i
566,infinitive,tsukhaneyhvhti,ts-u-khaneyh-vht-i
566,perfective,tukhaneyhvhv'i,t-u-khaneyh-vh-v'i
566,present,takhaneyhiha,t-a-khaneyh-ih-a
566,present_1sg,tetsikaneyhiha,te-tsi-kaneyh-ih-a
567,imperative,thikanowatita,t-hi-kanowat-it-a
567,imperfective,takhanowatitoho'i,t-a-khanowat-it-oh-o'i
567,infinitive,tsukhanowatitahsti,ts-u-khanowat-it-ahst-i
567,perfective,tukhanowatitolv'i,t-u-khanowat-it-ol-v'i
567,present,takhanowatitoha,t-a-khanowat-it-oh-a
567,present_1sg,tetsikanowatitoha,te-tsi-kanowat-it-oh-a
568,imperative,thikhewaki,t-hi-khewa-ki
568,imperfective,takhewako'i,t-a-khewa-k-o'i
568,infinitive,tsukhewa'ihsti,ts-u-khewa-'ihst-i
568,perfective,tukhewatsv'i,t-u-khewa-ts-v'i
568,present,takhewaka,t-a-khewa-k-a
568,present_1sg,tetsi'kewaka,te-tsi-'kewa-k-a
571,imperative,thikhsvhsta,t-hi-khsvhst-a
571,imperfective,takhsvhstihsko'i,t-a-khsvhst-ihsk-o'i
571,infinitive,tsukhsvhstohti,ts-u-khsvhst-oht-i
571,perfective,tukhsvhsthanv'i,t-u-khsvhst-han-v'i
571,present,takhsvhstiha,t-a-khsvhst-ih-a
571,present_1sg,tetsikahsvhstiha,te-tsi-kahsvhst-ih-a
573,imperative,thakhthahsta,t-h-akhthahst-a
573,imperfective,takhthahstihsko'i,t-a->akhthahst-ihsk-o'i
573,infinitive,tsukhthahstohti,ts-u->akhthahst-oht-i
573,perfective,tukhthahsthanv'i,t-u->akhthahst-han-v'i
573,present,takhthahstiha,t-a->akhthahst-ih-a
573,present_1sg,tekakathahstiha,te-k-akathahst-ih-a
574,imperative,thikathiluka,t-hi-kathil-uka
574,imperfective,takhthileko'i,t-a-khthil-ek-o'i
574,infinitive,tsukhthilvhsti,ts-u-khthil-vhst-i
574,perfective,tukhthilvhsv'i,t-u-khthil-vhs-v'i
574,present,takhthileka,t-a-khthil-ek-a
574,present_1sg,tetsikathileka,te-tsi-kathil-ek-a
575,imperative,thakhthinvtaki,t-h-akhthinvt-aki
575,imperfective,takhthinvtehsko'i,t-a->akhthinvt-ehsk-o'i
575,infinitive,tsukhthinvtehsti,ts-u->akhthinvt-ehst-i
575,perfective,tukhthinvtehsv'i,t-u->akhthinvt-ehs-v'i
575,present,takhthinvte'a,t-a->akhthinvt-e'-a
575,present_1sg,tekakathinvte'a,te-k-akathinvt-e'-a
576,imperative,thakhthinvthvka,t-h-akhthinvt-hvka
576,imperfective,takhthinvthvhsko'i,t-a->akhthinvt-hvhsk-o'i
576,infinitive,tsukhthinvthti,ts-u->akhthinvt-ht-i
576,perfective,tukhthinvthanv'i,t-u->akhthinvt-han-v'i
576,present,takhthinvthvhska,t-a->akhthinvt-hvhsk-a
576,present_1sg,tekakathinvthvhska,te-k-akathinvt-hvhsk-a
577,imperative,thikhtlha,t-hi-khtlh-a
577,imperfective,takhtlhihsko'i,t-a-khtlh-ihsk-o'i
577,infinitive,tsukhtlhvhti,ts-u-khtlh-vht-i
577,perfective,tukhtlhvhv'i,t-u-khtlh-vh-v'i
577,present,takhtlhiha,t-a-khtlh-ih-a
577,present_1sg,tetsikatlhiha,te-tsi-katlh-ih-a
578,imperative,thikwhalaki,t-hi-kwhala-ki
578,imperfective,takwhalakihsko'i,t-a-kwhala-kihsk-o'i
578,infinitive,tsukwhalakihsti,ts-u-kwhala-kihst-i
578,perfective,tukwhalakihsv'i,t-u-kwhala-kihs-v'i
578,present,takwhalaki'a,t-a-kwhala-ki'-a
578,present_1sg,tetsikwhalaki'a,te-tsi-kwhala-ki'-a
582,imperative,thalahsulhvka,t-h-alahsul-hvka
582,imperfective,talahsulhvhsko'i,t-a->alahsul-hvhsk-o'i
582,infinitive,tsulahsulhti,ts-u->alahsul-ht-i
582,perfective,tulahsulhanv'i,t-u->alahsul-han-v'i
582,present,talahsulhvhska,t-a->alahsul-hvhsk-a
582,present_1sg,tekalahsulhvhska,te-k-alahsul-hvhsk-a
583,imperative,thalahsula'iyvna,t-h-alahsul-a'iy-vna
583,imperfective,talahsula'iyvhsko'i,t-a->alahsul-a'iy-vhsk-o'i
583,infinitive,tsulahsula'iyvhsti,ts-u->alahsul-a'iy-vhst-i
583,perfective,tulahsula'iyvhsv'i,t-u->alahsul-a'iy-vhs-v'i
583,present,talahsula'iyv'a,t-a->alahsul-a'iy-v'-a
583,present_1sg,tekalahsula'iyv'a,te-k-alahsul-a'iy-v'-a
584,imperative,thalahsulaki,t-h-alahsul-aki
584,imperfective,talahsulehsko'i,t-a->alahsul-ehsk-o'i
584,infinitive,tsulahsulehsti,ts-u->alahsul-ehst-i
584,perfective,tulahsulehsv'i,t-u->alahsul-ehs-v'i
584,present,talahsule'a,t-a->alahsul-e'-a
584,present_1sg,tekalahsule'a,te-k-alahsul-e'-a
585,imperative,thiyaleta,t-hiy-alet-a
585,imperfective,talehtihsko'i,t-a->aleht-ihsk-o'i
585,infinitive,tsulehtohti,ts-u->aleht-oht-i
585,perfective,tulehthanv'i,t-u->aleht-han-v'i
585,present,talehtiha,t-a->aleht-ih-a
585,present_1sg,tetsiyaletiha,te-tsiy-alet-ih-a
586,imperative,thalehihsa,t-h-aleh-ihs-a
586,imperfective,talehihsihsko'i,t-a->aleh-ihs-ihsk-o'i
586,infinitive,tsulehihsohti,ts-u->aleh-ihs-oht-i
586,perfective,tulehihsanhv'i,t-u->aleh-ihs-anh-v'i
586,present,talehihsiha,t-a->aleh-ihs-ih-a
586,present_1sg,tekale'ihsiha,te-k-ale'-ihs-ih-a
587,imperative,thalehvka,t-h-ale-hvka
587,imperfective,talehvhsko'i,t-a->ale-hvhsk-o'i
587,infinitive,tsulehti,ts-u->ale-ht-i
587,perfective,tulenhv'i,t-u->ale-nh-v'i
587,present,talehvhska,t-a->ale-hvhsk-a
587,present_1sg,tekale'vhska,te-k-ale-'vhsk-a
589,imperative,thaliyehsulaki,t-h-ali-yehsul-aki
589,imperfective,taliyehsulehsko'i,t-a->ali-yehsul-ehsk-o'i
589,infinitive,tsuliyehsulehsti,ts-u->ali-yehsul-ehst-i
589,perfective,tuliyehsulehsv'i,t-u->ali-yehsul-ehs-v'i
589,present,taliyehsule'a,t-a->ali-yehsul-e'-a
589,present_1sg,tekaliyehsule'a,te-k-ali-yehsul-e'-a
590,imperative,thaliyehsulvka,t-h-ali-yehsul-vka
590,imperfective,taliyehsulihsko'i,t-a->ali-yehsul-ihsk-o'i
590,infinitive,tsuliyehsuloti,ts-u->ali-yehsul-ot-i
590,perfective,tuliyehsulanv'i,t-u->ali-yehsul-an-v'i
590,present,taliyehsuli'a,t-a->ali-yehsul-i'-a
590,present_1sg,tekaliyehsuli'a,te-k-ali-yehsul-i'-a
591,imperative,thaliyoki,t-h-aliyo-ki
591,imperfective,taliyokihsko'i,t-a->aliyo-kihsk-o'i
591,infinitive,tsuliyokihsti,ts-u->aliyo-kihst-i
591,perfective,tuliyokihsv'i,t-u->aliyo-kihs-v'i
591,present,taliyoki'a,t-a->aliyo-ki'-a
591,present_1sg,tekaliyoki'a,te-k-aliyo-ki'-a
592,imperative,thaliyoka,t-h-aliyo-ka
592,imperfective,taliyohiho'i,t-a->aliyo-hih-o'i
592,infinitive,tsuliyohsti,ts-u->aliyo-hst-i
592,perfective,tuliyolhv'i,t-u->aliyo-lh-v'i
592,present,taliyohiha,t-a->aliyo-hih-a
592,present_1sg,tekaliyo'iha,te-k-aliyo-'ih-a
593,imperative,thaliyohsa,t-h-aliyo-hs-a
593,imperfective,taliyohsiho'i,t-a->aliyo-hs-ih-o'i
593,infinitive,tsuliyohsvhti,ts-u->aliyo-hs-vht-i
593,perfective,tuliyohsvhv'i,t-u->aliyo-hs-vh-v'i
593,present,taliyohsiha,t-a->aliyo-hs-ih-a
593,present_1sg,tekaliyohsiha,te-k-aliyo-hs-ih-a
594,imperative,thiyalihsohsta,t-hiy-ali-hsohst-a
594,imperfective,talhsohstihsko'i,t-a->al-hsohst-ihsk-o'i
594,infinitive,tsulhsohstohti,ts-u->al-hsohst-oht-i
594,perfective,tulhsohsthanv'i,t-u->al-hsohst-han-v'i
594,present,talhsohstiha,t-a->al-hsohst-ih-a
594,present_1sg,tetsiyalihsohstiha,te-tsiy-ali-hsohst-ih-a
599,imperative,thiyanelhta,t-hiy-anelht-a
599,imperfective,tanelhtihsko'i,t-a->anelht-ihsk-o'i
599,infinitive,tsunelhtohti,ts-u->anelht-oht-i
599,perfective,tunelhthanv'i,t-u->anelht-han-v'i
599,present,tanelhtiha,t-a->anelht-ih-a
599,present_1sg,tetsiyanelhtiha,te-tsiy-anelht-ih-a
600,imperative,thanelohvka,t-h-anelo-hvka
600,imperfective,tanelohvhsko'i,t-a->anelo-hvhsk-o'i
600,infinitive,tsunelhti,ts-u->anelo*-ht-i
600,perfective,tunelonhv'i,t-u->anelo-nh-v'i
600,present,tanelohvhska,t-a->anelo-hvhsk-a
600,present_1sg,tekanelohvhska,te-k-anelo-hvhsk-a
604,imperative,thihstayoha,t-hi-hstayo-ha
604,imperfective,tahstayohiho'i,t-a-hstayo-hih-o'i
604,infinitive,tsuhstayohsti,ts-u-hstayo-hst-i
604,perfective,tuhstayolhv'i,t-u-hstayo-lh-v'i
604,present,tahstayohiha,t-a-hstayo-hih-a
604,present_1sg,tetsihstayohiha,te-tsi-hstayo-hih-a
605,imperative,thihstluyha,t-hi-hstlu-yha
605,imperfective,tahstluhsko'i,t-a-hstlu-hsk-o'i
605,infinitive,tsuhstluhsti,ts-u-hstlu-hst-i
605,perfective,tuhstluyhv'i,t-u-hstlu-yh-v'i
605,present,tahstluhska,t-a-hstlu-hsk-a
605,present_1sg,tetsihstluhska,te-tsi-hstlu-hsk-a
606,imperative,thihstutla,t-hi-hstutl-a
606,imperfective,tahstutlihsko'i,t-a-hstutl-ihsk-o'i
606,infinitive,tsuhstutlihsti,ts-u-hstutl-ihst-i
606,perfective,tuhstutlv'i,t-u-hstutl-v'i
606,present,tahstutli'a,t-a-hstutl-i'-a
606,present_1sg,tetsihstutli'a,te-tsi-hstutl-i'-a
607,imperative,thahseka,t-h-ahse-ka
607,imperfective,tahsehiho'i,t-a->ahse-hih-o'i
607,infinitive,tsuhsehsti,ts-u->ahse-hst-i
607,perfective,tuhselhv'i,t-u->ahse-lh-v'i
607,present,tahsehiha,t-a->ahse-hih-a
607,present_1sg,tekahsehiha,te-k-ahse-hih-a
608,imperative,thihskinata,t-hi-hskin-at-a
608,imperfective,tahskinatihsko'i,t-a-hskin-at-ihsk-o'i
608,infinitive,tsuhskinatihsti,ts-u-hskin-at-ihst-i
608,perfective,tuhskinatv'i,t-u-hskin-at-v'i
608,present,tahskinati'a,t-a-hskin-at-i'-a
608,present_1sg,tetsihskinati'a,te-tsi-hskin-at-i'-a
609,imperative,thahsihthvnika,t-h-ahsihth-vn-ika
609,imperfective,tahsihthvniho'i,t-a->ahsihth-vn-ih-o'i
609,infinitive,tsuhsihthvnihsti,ts-u->ahsihth-vn-ihst-i
609,perfective,tuhsihthvnilv'i,t-u->ahsihth-vn-il-v'i
609,present,tahsihthvniha,t-a->ahsihth-vn-ih-a
609,present_1sg,tekahsihthvniha,te-k-ahsihth-vn-ih-a
610,imperative,thahsthayehi,t-h-ahsthaye-hi
610,imperfective,tahsthayehsko'i,t-a->ahsthaye-hsk-o'i
610,infinitive,tsuhsthayehihsti,ts-u->ahsthaye-hihst-i
610,perfective,tuhsthayehsv'i,t-u->ahsthaye-hs-v'i
610,present,tahsthayehska,t-a->ahsthaye-hsk-a
610,present_1sg,tekahsthayehska,te-k-ahsthaye-hsk-a
611,imperative,thahsuwha,t-h-ahsuwh-a
611,imperfective,tahsuwhihsko'i,t-a->ahsuwh-ihsk-o'i
611,infinitive,tsuhsuwhihsti,ts-u->ahsuwh-ihst-i
611,perfective,tuhsuwhihsv'i,t-u->ahsuwh-ihs-v'i
611,present,tahsuwhihska,t-a->ahsuwh-ihsk-a
611,present_1sg,tekahsuwhihska,te-k-ahsuwh-ihsk-a
612,imperative,thihsvhsta,t-hi-hsvhst-a
612,imperfective,tahsvhstihsko'i,t-a-hsvhst-ihsk-o'i
612,infinitive,tsuhsvhstohti,ts-u-hsvhst-oht-i
612,perfective,tuhsvhsthanv'i,t-u-hsvhst-han-v'i
612,present,tahsvhstiha,t-a-hsvhst-ih-a
612,present_1sg,tetsihsvhstiha,te-tsi-hsvhst-ih-a
618,imperative,thiyohi,t-hi-yo-hi
618,imperfective,tayohsko'i,t-a-yo-hsk-o'i
618,infinitive,tsuyohihsti,ts-u-yo-hihst-i
618,perfective,tuyohsv'i,t-u-yo-hs-v'i
618,present,tayohska,t-a-yo-hsk-a
618,present_1sg,tetsiyohska,te-tsi-yo-hsk-a
620,imperative,thilvtvnihsta,t-hi-lvtvnihst-a
620,imperfective,tekalvtvnihstihsko'i,te-ka-lvtvnihst-ihsk-o'i
620,infinitive,tsulvtvnihstohti,ts-u-lvtvnihst-oht-i
620,perfective,tulvtvnihsthanv'i,t-u-lvtvnihst-han-v'i
620,present,tekalvtvnihstiha,te-ka-lvtvnihst-ih-a
620,present_1sg,tetsilvtvnihstiha,te-tsi-lvtvnihst-ih-a
621,imperative,thinatiwhi,t-hi-natiw-hi
621,imperfective,tekanatiwhsko'i,te-ka-natiw-hsk-o'i
621,infinitive,tsunatiwhihsti,ts-u-natiw-hihst-i
621,perfective,tunatiwhsv'i,t-u-natiw-hs-v'i
621,present,tekanatiwhska,te-ka-natiw-hsk-a
621,present_1sg,tetsinatiwhska,te-tsi-natiw-hsk-a
622,imperative,thinotsalhvka,t-hi-notsal-hvka
622,imperfective,tekanotsalhvhsko'i,te-ka-notsal-hvhsk-o'i
622,infinitive,tsunotsalhti,ts-u-notsal-ht-i
622,perfective,tunotsalhanv'i,t-u-notsal-han-v'i
622,present,tekanotsalhvhska,te-ka-notsal-hvhsk-a
622,present_1sg,tetsinotsa'lvhska,te-tsi-notsal-'vhsk-a
623,imperative,thihsohki,t-hi-:hsoh-ki
623,imperfective,tekahsohko'i,te-ka-:hsoh-k-o'i
623,infinitive,tsuwahsohihsti,ts-uwa-:hsoh-ihst-i
623,perfective,tuwahsohtsv'i,t-uwa-:hsoh-ts-v'i
623,present,tekahsohka,te-ka-:hsoh-k-a
623,present_1sg,tetsihsohka,te-tsi-:hsoh-k-a
625,imperative,thohsihsa,t-h-ohs-ihs-a
625,imperfective,tekohsihsihsko'i,te-k-ohs-ihs-ihsk-o'i
625,infinitive,tsuwohsihsohti,ts-uw-ohs-ihs-oht-i
625,perfective,tuwohsihsanhv'i,t-uw-ohs-ihs-anh-v'i
625,present,tekohsihsiha,te-k-ohs-ihs-ih-a
625,present_1sg,tekohsihsiha,te-k-ohs-ihs-ih-a
626,imperative,thukhta,t-h-ukht-a
626,imperfective,tekukhtihsko'i,te-k-ukht-ihsk-o'i
626,infinitive,tsuwukhtohti,ts-uw-ukht-oht-i
626,perfective,tuwukhthanv'i,t-uw-ukht-han-v'i
626,present,tekukhtiha,te-k-ukht-ih-a
626,present_1sg,tekukotiha,te-k-ukot-ih-a
627,imperative,thvtiya,t-h-vtiy-a
627,imperfective,tekvtiyehsko'i,te-k-vtiy-ehsk-o'i
627,infinitive,tsuwatiyeti,ts-uwa->vtiy-et-i
627,perfective,tuwatiye'v'i,t-uwa->vtiy-e'-v'i
627,present,tekvtiye'a,te-k-vtiy-e'-a
627,present_1sg,tekvtiye'a,te-k-vtiy-e'-a
628,imperative,thvthohi,t-h-vthoh-i
628,imperfective,tekvthohihsko'i,te-k-vthoh-ihsk-o'i
628,infinitive,tsuwvthohihsti,ts-uw-vthoh-ihst-i
628,perfective,tuwvthohihsv'i,t-uw-vthoh-ihs-v'i
628,present,tekvthohi'a,te-k-vthoh-i'-a
628,present_1sg,tekvthohi'a,te-k-vthoh-i'-a
630,imperative,thilihkwatuka,t-hi-lihkwat-uka
630,imperfective,tekhalihkwateko'i,te-kha-lihkwat-ek-o'i
630,infinitive,tsulhihkwatinvti,ts-u-lhihkwat-invt-i
630,perfective,tulhihkwatinvhsv'i,t-u-lhihkwat-invhs-v'i
630,present,tekhalihkwateka,te-kha-lihkwat-ek-a
630,present_1sg,tetsilihkwateka,te-tsi-lihkwat-ek-a
631,imperative,thinhoki,t-hi-nho-ki
631,imperfective,tekhanokihsko'i,te-kha-no-kihsk-o'i
631,infinitive,tsunhokihsti,ts-u-nho-kihst-i
631,perfective,tunhokihsv'i,t-u-nho-kihs-v'i
631,present,tekhanoki'a,te-kha-no-ki'-a
631,present_1sg,tetsinoki'a,te-tsi-no-ki'-a
632,imperative,thinukola,t-hi-nuko-la
632,imperfective,tekhanukohsko'i,te-kha-nuko-hsk-o'i
632,infinitive,tsunhukohsti,ts-u-nhuko-hst-i
632,perfective,tunhukohsv'i,t-u-nhuko-hs-v'i
632,present,tekhanukohska,te-kha-nuko-hsk-a
632,present_1sg,tetsinukohska,te-tsi-nuko-hsk-a
722,imperative,titsatlohi,ti-ts-at-lo-hi
722,imperfective,tutlohsko'i,t-u->at-lo-hsk-o'i
722,infinitive,tsutlohihsti,ts-u->at-lo-hihst-i
722,perfective,tutlohsv'i,t-u->at-lo-hs-v'i
722,present,tutlohska,t-u->at-lo-hsk-a
722,present_1sg,takwatlohska,t-akw-at-lo-hsk-a
723,imperative,tetsato'ehsti,te-ts-at-o'-ehsti
723,imperfective,tuto'o'i,t-u->at-o'-o'i
723,infinitive,tsutohsti,ts-u->at-o-hst-i
723,infinitive,tsutohsti,ts-u-to-hst-i
723,perfective,tuto'v'i,t-u->at-o'-v'i
723,present,tuto'a,t-u->at-o'-a
723,present_1sg,takwato'a,t-akw-at-o'-a
724,imperative,titsatokhta,ti-ts-atokht-a
724,imperfective,tutokhtihsko'i,t-u->atokht-ihsk-o'i
724,infinitive,tsutokhtohti,ts-u->atokht-oht-i
724,perfective,tutokhthanv'i,t-u->atokht-han-v'i
724,present,tutokhtiha,t-u->atokht-ih-a
724,present_1sg,takwatokhtiha,t-akw-atokht-ih-a
725,imperative,titsakwenothihi,ti-tsa-kwenothi-hi
725,imperfective,tukwenothihsko'i,t-u-kwenothi-hsk-o'i
725,infinitive,tsukwenothihsti,ts-u-kwenothi-hst-i
725,perfective,tukwenothihsv'i,t-u-kwenothi-hs-v'i
725,present,tukwenothihska,t-u-kwenothi-hsk-a
725,present_1sg,takikwenothihska,t-aki-kwenothi-hsk-a
726,imperative,tetsalhkehsti,te-tsa-lh-k-ehsti
726,imperfective,tulhko'i,t-u-lh-k-o'i
726,perfective,tulhkv'i,t-u-lh-k-v'i
726,present,tulhka,t-u-lh-k-a
726,present_1sg,takilhka,t-aki-lh-k-a
727,imperative,titshayvhstoyha,ti-tsha-yvhstoy-ha
727,imperfective,tuyhvhstoyhsko'i,t-u-yhvhstoy-hsk-o'i
727,infinitive,tsuyhvhstoyhsti,ts-u-yhvhstoy-hst-i
727,perfective,tuyhvhstoyhv'i,t-u-yhvhstoy-h-v'i
727,present,tuyhvhstoyhska,t-u-yhvhstoy-hsk-a
727,present_1sg,takhiyvhstoyhska,t-akhi-yvhstoy-hsk-a
728,imperative,titsakhsta,ti-tsa-khst-a
728,imperfective,tukhstihsko'i,t-u-khst-ihsk-o'i
728,infinitive,tsukhstohti,ts-u-khst-oht-i
728,perfective,tukhsthanv'i,t-u-khst-han-v'i
728,present,tukhstiha,t-u-khst-ih-a
728,present_1sg,takikhstiha,t-aki-khst-ih-a
729,infinitive,tsukhthinvthti,ts-u->akhthinvt-ht-i
730,imperative,tetsalahsulhehsti,te-ts-alahsul-h-ehsti
730,imperfective,tulahsulho'i,t-u->alahsul-h-o'i
730,perfective,tulahsulhv'i,t-u->alahsul-h-v'i
730,present,tulahsulha,t-u->alahsul-h-a
730,present_1sg,takwalahsulha,t-akw-alahsul-h-a
733,imperative,tetsaliyohehsti,te-ts-ali-yo-h-ehsti
733,imperfective,tuliyoho'i,t-u->ali-yo-h-o'i
733,perfective,tuliyohv'i,t-u->ali-yo-h-v'i
733,present,tuliyoha,t-u->ali-yo-h-a
733,present_1sg,takwaliyoha,t-akw-ali-yo-h-a
735,imperative,titsalvwhihstahsi,ti-tsa-lvwhihstan*-hsi
735,imperfective,tulvwhihstaneho'i,t-u-lvwhihstan-eh-o'i
735,infinitive,tsulvwhihstanehti,ts-u-lvwhihstan-eht-i
735,perfective,tulvwhihstanelv'i,t-u-lvwhihstan-el-v'i
735,present,tulvwhihstaneha,t-u-lvwhihstan-eh-a
735,present_1sg,takilvwhihstaneha,t-aki-lvwhihstan-eh-a
738,imperative,titsahskalehsta,ti-ts-ahskalehst-a
738,imperfective,tuhskalehstihsko'i,t-u->ahskalehst-ihsk-o'i
738,infinitive,tsuhskalehstohti,ts-u->ahskalehst-oht-i
738,perfective,tuhskalehsthanv'i,t-u->ahskalehst-han-v'i
738,present,tuhskalehstiha,t-u->ahskalehst-ih-a
738,present_1sg,takwahskalehstiha,t-akw-ahskalehst-ih-a
739,imperative,titsayaweki,ti-tsa-yawe-ki
739,imperfective,tuyaweko'i,t-u-yawe-k-o'i
739,infinitive,tsuyawehsti,ts-u-yawe-hst-i
739,perfective,tuyawetsv'i,t-u-yawe-ts-v'i
739,present,tuyaweka,t-u-yawe-k-a
739,present_1sg,takiyaweka,t-aki-yawe-k-a
740,imperative,titsayohi,ti-tsa-yo-hi
740,imperfective,tuyohsko'i,t-u-yo-hsk-o'i
740,infinitive,tsuyohihsti,ts-u-yo-hihst-i
740,perfective,tuyohsv'i,t-u-yo-hs-v'i
740,present,tuyohska,t-u-yo-hsk-a
740,present_1sg,takiyohska,t-aki-yo-hsk-a
742,imperative,heta,h-et-a
742,imperfective,etoho'i,-et-oh-o'i
742,infinitive,uwetahsti,uw-et-ahst-i
742,perfective,uwetolv'i,uw-et-ol-v'i
742,present,etoha,-et-oh-a
742,present_1sg,ketoha,k-et-oh-a
746,imperative,hehehsti,h-e-h-ehsti
746,imperfective,eho'i,-e-h-o'i
746,present,eha,-e-h-a
746,present_1sg,ke'a,k-e-'-a
752,imperative,hela,h-el-a
752,imperfective,elihsko'i,-el-ihsk-o'i
752,infinitive,uwelihsti,uw-el-ihst-i
752,perfective,uwelihsv'i,uw-el-ihs-v'i
752,present,eli'a,-el-i'-a
752,present_1sg,keli'a,k-el-i'-a
757,imperative,hitshinohsa,hi-:tshinohs-a
757,imperfective,katshinohsihsko'i,ka-:tshinohs-ihsk-o'i
757,infinitive,uwatshinohsohti,uwa-:tshinohs-oht-i
757,perfective,uwatshinohsanhv'i,uwa-:tshinohs-anh-v'i
757,present,katshinohsiha,ka-:tshinohs-ih-a
757,present_1sg,tsitshinohsiha,tsi-:tshinohs-ih-a
759,imperative,hata'ehsti,h-at-a'-ehsti
759,imperfective,kata'o'i,k-at-a'-o'i
759,present,kata'a,k-at-a'-a
759,present_1sg,kata'a,k-at-a'-a
764,imperative,hitalukvka,hi-:taluk-vka
764,imperfective,katalukihsko'i,ka-:taluk-ihsk-o'i
764,infinitive,uwatalukoti,uwa-:taluk-ot-i
764,perfective,uwatalukanv'i,uwa-:taluk-an-v'i
764,present,kataluki'a,ka-:taluk-i'-a
764,present_1sg,tsitaluki'a,tsi-:taluk-i'-a
766,imperative,hataki,h-at-aki
766,imperfective,katehsko'i,k-at-ehsk-o'i
766,infinitive,utehsti,u->at-ehst-i
766,perfective,utehsv'i,u->at-ehs-v'i
766,present,kate'a,k-at-e'-a
766,present_1sg,kate'a,k-at-e'-a
767,imperative,hiteyhsta,hi-:teyhst-a
767,imperfective,kateyhstihsko'i,ka-:teyhst-ihsk-o'i
767,infinitive,uwateyhstohti,uwa-:teyhst-oht-i
767,perfective,uwateyhsthanv'i,uwa-:teyhst-han-v'i
767,present,kateyhstiha,ka-:teyhst-ih-a
767,present_1sg,tsiteyahstiha,tsi-:teyahst-ih-a
769,imperative,hitikwalvteyhsta,hi-:tikwalvteyhst-a
769,imperfective,katikwalvteyhstihsko'i,ka-:tikwalvteyhst-ihsk-o'i
769,infinitive,uwatikwalvteyhstohti,uwa-:tikwalvteyhst-oht-i
769,perfective,uwatikwalvteyhsthanv'i,uwa-:tikwalvteyhst-han-v'i
769,present,katikwalvteyhstiha,ka-:tikwalvteyhst-ih-a
769,present_1sg,tsitikwalvteyhstiha,tsi-:tikwalvteyhst-ih-a
770,imperative,hitloka,hi-:tlo-ka
770,imperfective,katlohiho'i,ka-:tlo-hih-o'i
770,infinitive,uwatlohsti,uwa-:tlo-hst-i
770,perfective,uwatlolhv'i,uwa-:tlo-lh-v'i
770,present,katlohiha,ka-:tlo-hih-a
770,present_1sg,tsitlohiha,tsi-:tlo-hih-a
772,imperative,hitokehsti,hi-to-k-ehsti
772,imperfective,katoko'i,ka-to-k-o'i
772,present,katoka,ka-to-k-a
772,present_1sg,tsitoka,tsi-to-k-a
775,imperative,hiyatoliki,hiya-:toli-ki
775,imperfective,katoliko'i,ka-:toli-k-o'i
775,infinitive,uwatolihsti,uwa-:toli-hst-i
775,perfective,uwatolitsv'i,uwa-:toli-ts-v'i
775,present,katolika,ka-:toli-k-a
775,present_1sg,tsiyatolika,tsiya-:toli-k-a
776,imperative,hiyatonhta,hiy-atonht-a
776,imperfective,katonhtihsko'i,k-atonht-ihsk-o'i
776,infinitive,utonhtohti,u->atonht-oht-i
776,perfective,utonhthanv'i,u->atonht-han-v'i
776,present,katonhtiha,k-atonht-ih-a
776,present_1sg,tsiyatonhtiha,tsiy-atonht-ih-a
777,imperative,hatohi,h-ato-hi
777,imperfective,katohsko'i,k-ato-hsk-o'i
777,infinitive,utohihsti,u->ato-hihst-i
777,perfective,utohsv'i,u->ato-hs-v'i
777,present,katohska,k-ato-hsk-a
777,present_1sg,katohska,k-ato-hsk-a
784,imperative,hituhvka,hi-:tu-hvka
784,imperfective,katuhvhsko'i,ka-:tu-hvhsk-o'i
784,infinitive,uwathti,uwa-:tu*-ht-i
784,perfective,uwatunhv'i,uwa-:tu-nh-v'i
784,present,katuhvhska,ka-:tu-hvhsk-a
784,present_1sg,tsituhvhska,tsi-:tu-hvhsk-a
791,imperative,hikawehi,hi-:kawe-hi
791,imperfective,kakawehsko'i,ka-:kawe-hsk-o'i
791,infinitive,uwakawehsti,uwa-:kawe-hst-i
791,perfective,uwakawehsv'i,uwa-:kawe-hs-v'i
791,present,kakawehska,ka-:kawe-hsk-a
791,present_1sg,tsikawehska,tsi-:kawe-hsk-a
796,imperative,hiyakwayo'a,hiya-:kwayo-'a
796,imperfective,kakwayohiho'i,ka-:kwayo-hih-o'i
796,infinitive,uwakwayohsti,uwa-:kwayo-hst-i
796,perfective,uwakwayolhv'i,uwa-:kwayo-lh-v'i
796,present,kakwayohiha,ka-:kwayo-hih-a
796,present_1sg,tsiyakwayo'iha,tsiya-:kwayo-'ih-a
798,imperative,hilhta,hi-lht-a
798,imperfective,kalhtihsko'i,ka-lht-ihsk-o'i
798,infinitive,ulhtohti,u-lht-oht-i
798,perfective,ulhthanv'i,u-lht-han-v'i
798,present,kalhtiha,ka-lht-ih-a
798,present_1sg,tsilotiha,tsi-lot-ih-a
804,imperative,hilhihsa,hi-:lh-ihs-a
804,imperfective,kalhihsihsko'i,ka-:lh-ihs-ihsk-o'i
804,infinitive,uwalhihsohti,uwa-:lh-ihs-oht-i
804,perfective,uwalhihsanhv'i,uwa-:lh-ihs-anh-v'i
804,present,kalhihsiha,ka-:lh-ihs-ih-a
804,present_1sg,tsilhihsiha,tsi-:lh-ihs-ih-a
809,imperative,hilhuka,hi-:l-huka
809,imperfective,kalhuhsko'i,ka-:l-huhsk-o'i
809,infinitive,uwalhuhsti,uwa-:l-huhst-i
809,perfective,uwalhunv'i,uwa-:l-hun-v'i
809,present,kalhuhska,ka-:l-huhsk-a
809,present_1sg,tsilhuhska,tsi-:l-huhsk-a
811,imperative,hilhvka,hi-l-hvka
811,imperfective,kalhvhsko'i,ka-l-hvhsk-o'i
811,infinitive,ulhti,u-l-ht-i
811,perfective,ulhanv'i,u-l-han-v'i
811,present,kalhvhska,ka-l-hvhsk-a
811,present_1sg,tsi'lvhska,tsi-l-'vhsk-a
812,imperative,hilhvna,hi-lh-vna
812,imperfective,kalhvhsko'i,ka-lh-vhsk-o'i
812,infinitive,ulhvnhti,u-lh-vnht-i
812,perfective,ulhvnhv'i,u-lh-vnh-v'i
812,present,kalhvhska,ka-lh-vhsk-a
812,present_1sg,tsi'lvhska,tsi-'l-vhsk-a
813,imperative,hinhuka,hi-nh-uka
813,imperfective,kanheko'i,ka-nh-ek-o'i
813,infinitive,unhvhsti,u-nh-vhst-i
813,perfective,unhvhsv'i,u-nh-vhs-v'i
813,present,kanheka,ka-nh-ek-a
813,present_1sg,tsi'neka,tsi-'n-ek-a
815,imperative,hinhita,hi-nh-it-a
815,imperfective,kanhitoho'i,ka-nh-it-oh-o'i
815,infinitive,unhitahsti,u-nh-it-ahst-i
815,perfective,unhitolv'i,u-nh-it-ol-v'i
815,present,kanhitoha,ka-nh-it-oh-a
815,present_1sg,tsi'nitoha,tsi-'n-it-oh-a
818,imperative,hiyayaka,hiya-:y-aka
818,imperfective,kayhehsko'i,ka-:yh-ehsk-o'i
818,infinitive,uwayhehsti,uwa-:yh-ehst-i
818,perfective,uwayha'v'i,uwa-:yh-a'-v'i
818,present,kayhe'a,ka-:yh-e'-a
818,present_1sg,tsiyaye'a,tsiya-:y-e'-a
820,imperative,hitsakala,hi-:tsakal-a
820,imperfective,katsakalihsko'i,ka-:tsakal-ihsk-o'i
820,infinitive,uwatsakalhti,uwa-:tsakal-ht-i
820,perfective,uwatsakalvhv'i,uwa-:tsakal-vh-v'i
820,present,katsakaliha,ka-:tsakal-ih-a
820,present_1sg,tsitsakali'a,tsi-:tsakal-i'-a
821,imperative,hiyatsalikola,hiya-:tsaliko-la
821,imperfective,katsalikohsko'i,ka-:tsaliko-hsk-o'i
821,infinitive,uwatsalikohsti,uwa-:tsaliko-hst-i
821,perfective,uwatsalikohsv'i,uwa-:tsaliko-hs-v'i
821,present,katsalikohska,ka-:tsaliko-hsk-a
821,present_1sg,tsiyatsalikohska,tsiya-:tsaliko-hsk-a
823,imperative,hiyatsayo'a,hiya-:tsayo-'a
823,imperfective,katsayohiho'i,ka-:tsayo-hih-o'i
823,infinitive,uwatsayohsti,uwa-:tsayo-hst-i
823,perfective,uwatsayolhv'i,uwa-:tsayo-lh-v'i
823,present,katsayohiha,ka-:tsayo-hih-a
823,present_1sg,tsiyatsayo'iha,tsiya-:tsayo-'ih-a
824,imperative,hitsvwahsta,hi-:tsvwahst-a
824,imperfective,katsvwahstihsko'i,ka-:tsvwahst-ihsk-o'i
824,infinitive,uwatsvwahstohti,uwa-:tsvwahst-oht-i
824,perfective,uwatsvwahsthanv'i,uwa-:tsvwahst-han-v'i
824,present,katsvwahstiha,ka-:tsvwahst-ih-a
824,present_1sg,tsitsvwahstiha,tsi-:tsvwahst-ih-a
825,imperative,hiyatsvyha,hiya-:tsvy-ha
825,imperfective,katsvyhsko'i,ka-:tsvy-hsk-o'i
825,infinitive,uwatsvyhsti,uwa-:tsvy-hst-i
825,perfective,uwatsvyhv'i,uwa-:tsvy-h-v'i
825,present,katsvyhska,ka-:tsvy-hsk-a
825,present_1sg,tsiyatsvyhska,tsiya-:tsvy-hsk-a
826,imperative,hiyakhahiya,hiya-:khah-iy-a
826,imperfective,kakhahiyahsko'i,ka-:khah-iy-ahsk-o'i
826,infinitive,uwakhahiyahsti,uwa-:khah-iy-ahst-i
826,perfective,uwakhahiyv'i,uwa-:khah-iy-v'i
826,present,kakhahiya'a,ka-:khah-iy-a'-a
826,present_1sg,tsiyakhahiya'a,tsiya-:khah-iy-a'-a
827,imperative,hiyakhahsi,hiya-:khan*-hsi
827,imperfective,kakhaneho'i,ka-:khan-eh-o'i
827,infinitive,uwakhanehti,uwa-:khan-eht-i
827,perfective,uwakhanelv'i,uwa-:khan-el-v'i
827,present,kakhaneha,ka-:khan-eh-a
827,present_1sg,tsiyakhaneha,tsiya-:khan-eh-a
829,imperative,hiyakwhenvna,hiya-:kwhen-vna
829,imperfective,kakwhenvhsko'i,ka-:kwhen-vhsk-o'i
829,infinitive,uwakwhenvhti,uwa-:kwhen-vht-i
829,perfective,uwakwhenvnhv'i,uwa-:kwhen-vnh-v'i
829,present,kakwhenvhska,ka-:kwhen-vhsk-a
829,present_1sg,tsiyakwhenvhska,tsiya-:kwhen-vhsk-a
830,imperative,hilata,hi-l-at-a
830,imperfective,kalatihsko'i,ka-l-at-ihsk-o'i
830,infinitive,ulatihsti,u-l-at-ihst-i
830,perfective,ulatv'i,u-l-at-v'i
830,present,kalati'a,ka-l-at-i'-a
830,present_1sg,tsilati'a,tsi-l-at-i'-a
833,imperative,hilaki,hi-l-aki
833,imperfective,kalehsko'i,ka-l-ehsk-o'i
833,infinitive,ulehsti,u-l-ehst-i
833,perfective,ulehsv'i,u-l-ehs-v'i
833,present,kale'a,ka-l-e'-a
833,present_1sg,tsile'a,tsi-l-e'-a
834,imperative,hi'luka,hi-'l-uka
834,imperfective,ka'leko'i,ka-'l-ek-o'i
834,infinitive,ulvhsti,u->'l-vhst-i
834,perfective,ulvhsv'i,u->'l-vhs-v'i
834,present,ka'leka,ka-'l-ek-a
834,present_1sg,tsi'leka,tsi-'l-ek-a
837,imperative,hileyvhi,hi-leyv-hi
837,imperfective,kaleyvhsko'i,ka-leyv-hsk-o'i
837,infinitive,uleyvhihsti,u-leyv-hihst-i
837,perfective,uleyvhsv'i,u-leyv-hs-v'i
837,present,kaleyvhska,ka-leyv-hsk-a
837,present_1sg,tsileyvhska,tsi-leyv-hsk-a
838,imperative,hileyvhi,hi-leyv-hi
838,imperfective,kaleyvhsko'i,ka-leyv-hsk-o'i
838,infinitive,uleyvhihsti,u-leyv-hihst-i
838,perfective,uleyvhsv'i,u-leyv-hs-v'i
838,present,kaleyvhska,ka-leyv-hsk-a
838,present_1sg,tsileyvhska,tsi-leyv-hsk-a
839,imperative,hi'lita,hi-'l-it-a
839,imperfective,ka'litoho'i,ka-'l-it-oh-o'i
839,infinitive,ulitahsti,u->'l-it-ahst-i
839,perfective,ulitolv'i,u->'l-it-ol-v'i
839,present,ka'litoha,ka-'l-it-oh-a
839,present_1sg,tsi'litoha,tsi-'l-it-oh-a
840,imperfective,kaliko'i,k-ali-k-o'i
840,perfective,ulitsv'i,u->ali-ts-v'i
840,present,kalika,k-ali-k-a
842,imperative,hiliwhoki,hi-liwho-ki
842,imperfective,kaliwhoko'i,ka-liwho-k-o'i
842,infinitive,uliwhohsti,u-liwho-hst-i
842,perfective,uliwhotsv'i,u-liwho-ts-v'i
842,present,kaliwhoka,ka-liwho-k-a
842,present_1sg,tsiliwoka,tsi-liwo-k-a
845,imperative,hilokvka,hi-lok-vka
845,imperfective,kalokihsko'i,ka-lok-ihsk-o'i
845,infinitive,ulokoti,u-lok-ot-i
845,perfective,ulokanv'i,u-lok-an-v'i
845,present,kaloki'a,ka-lok-i'-a
845,present_1sg,tsiloki'a,tsi-lok-i'-a
848,imperative,hilohihsta,hi-lohihst-a
848,imperfective,kalohihstihsko'i,ka-lohihst-ihsk-o'i
848,infinitive,ulohihstohti,u-lohihst-oht-i
848,perfective,ulohihsthanv'i,u-lohihst-han-v'i
848,present,kalohihstiha,ka-lohihst-ih-a
848,present_1sg,tsilo'ihstiha,tsi-lo'ihst-ih-a
850,imperative,hilo'ihsi,hi-lo'ihs@-hsi
850,imperfective,kalohihseho'i,ka-lohihs-eh-o'i
850,infinitive,ulohihsehti,u-lohihs-eht-i
850,perfective,ulohihselv'i,u-lohihs-el-v'i
850,present,kalohihseha,ka-lohihs-eh-a
850,present_1sg,tsilo'ihseha,tsi-lo'ihs-eh-a
852,imperative,hilonahsta,hi-lonahst-a
852,imperfective,kalonahstihsko'i,ka-lonahst-ihsk-o'i
852,infinitive,ulonahstohti,u-lonahst-oht-i
852,perfective,ulonahsthanv'i,u-lonahst-han-v'i
852,present,kalonahstiha,ka-lonahst-ih-a
852,present_1sg,tsilonahstiha,tsi-lonahst-ih-a
853,imperative,hilona,hi-lon-a
853,imperfective,kalonehsko'i,ka-lon-ehsk-o'i
853,infinitive,uloneti,u-lon-et-i
853,perfective,ulone'v'i,u-lon-e'-v'i
853,present,kalone'a,ka-lon-e'-a
853,present_1sg,tsilone'a,tsi-lon-e'-a
854,imperative,hilonhta,hi-lonht-a
854,imperfective,kalonhtihsko'i,ka-lonht-ihsk-o'i
854,infinitive,ulonhtohti,u-lonht-oht-i
854,perfective,ulonhthanv'i,u-lonht-han-v'i
854,present,kalonhtiha,ka-lonht-ih-a
854,present_1sg,tsilonhtiha,tsi-lonht-ih-a
855,imperative,hilonuhvla,hi-lonu-hvla
855,imperfective,kalonuhehsko'i,ka-lonu-hehsk-o'i
855,infinitive,ulonuhehti,u-lonu-heht-i
855,perfective,ulonuhelhv'i,u-lonu-helh-v'i
855,present,kalonuheha,ka-lonu-heh-a
855,present_1sg,tsilonu'eha,tsi-lonu-'eh-a
856,imperative,hilohi,hi-lo-hi
856,imperfective,kalohsko'i,ka-lo-hsk-o'i
856,infinitive,ulohihsti,u-lo-hihst-i
856,perfective,ulohsv'i,u-lo-hs-v'i
856,present,kalohska,ka-lo-hsk-a
856,present_1sg,tsilohska,tsi-lo-hsk-a
857,imperative,hilohi,hi-lo-hi
857,imperfective,kalohsko'i,ka-lo-hsk-o'i
857,infinitive,ulohihsti,u-lo-hihst-i
857,perfective,ulohsv'i,u-lo-hs-v'i
857,present,kalohska,ka-lo-hsk-a
857,present_1sg,tsilohska,tsi-lo-hsk-a
858,imperative,hi'luhki,hi-'luh-ki
858,imperfective,ka'luhko'i,ka-'luh-k-o'i
858,infinitive,uluhihsti,u->'luh-ihst-i
858,perfective,uluhtsv'i,u->'luh-ts-v'i
858,present,ka'luhka,ka-'luh-k-a
858,present_1sg,tsi'luhka,tsi-'luh-k-a
859,imperative,hiluloki,hi-lulo-ki
859,imperfective,kaluloko'i,ka-lulo-k-o'i
859,infinitive,ululohsti,u-lulo-hst-i
859,perfective,ululotsv'i,u-lulo-ts-v'i
859,present,kaluloka,ka-lulo-k-a
859,present_1sg,tsiluloka,tsi-lulo-k-a
862,imperative,hiluyha,hi-luy-ha
862,imperfective,kaluyhsko'i,ka-luy-hsk-o'i
862,infinitive,uluyhsti,u-luy-hst-i
862,perfective,uluyhv'i,u-luy-h-v'i
862,present,kaluyhska,ka-luy-hsk-a
862,present_1sg,tsiluyhska,tsi-luy-hsk-a
864,imperative,hilvnhka,hi-l-vn-hka
864,imperfective,kalvnhiho'i,ka-l-vn-hih-o'i
864,infinitive,ulvnhsti,u-l-vn-hst-i
864,perfective,ulvnhilv'i,u-l-vn-hil-v'i
864,present,kalvnhiha,ka-l-vn-hih-a
864,present_1sg,tsilvnhiha,tsi-l-vn-hih-a
870,imperative,hilv'vka,hi-l-v'vka
870,imperfective,kalvhsko'i,ka-l-vhsk-o'i
870,infinitive,ulvti,u-l-vt-i
870,perfective,ulvnv'i,u-l-vn-v'i
870,present,kalvhska,ka-l-vhsk-a
870,present_1sg,tsilvhska,tsi-l-vhsk-a
871,imperative,hinatuka,hi-nat-uka
871,imperfective,kanateko'i,ka-nat-ek-o'i
871,infinitive,unatinvti,u-nat-invt-i
871,perfective,unatinvhsv'i,u-nat-invhs-v'i
871,present,kanateka,ka-nat-ek-a
871,present_1sg,tsinateka,tsi-nat-ek-a
873,imperative,hinalhv'vka,hi-nalh-v'vka
873,imperfective,kanalhvhsko'i,ka-nalh-vhsk-o'i
873,infinitive,unalhvti,u-nalh-vt-i
873,perfective,unalhvnv'i,u-nalh-vn-v'i
873,present,kanalhvhska,ka-nalh-vhsk-a
873,present_1sg,tsinalhvhska,tsi-nalh-vhsk-a
876,imperative,hinawhtha,hi-nawhth-a
876,imperfective,kanawhthihsko'i,ka-nawhth-ihsk-o'i
876,infinitive,unawhthvhti,u-nawhth-vht-i
876,perfective,unawhthvhv'i,u-nawhth-vh-v'i
876,present,kanawhthiha,ka-nawhth-ih-a
876,present_1sg,tsinawhthiha,tsi-nawhth-ih-a
877,imperative,hinawita,hi-nawit-a
877,imperfective,kanawitihsko'i,ka-nawit-ihsk-o'i
877,infinitive,unawithti,u-nawit-ht-i
877,perfective,unawitvhv'i,u-nawit-vh-v'i
877,present,kanawitiha,ka-nawit-ih-a
877,present_1sg,tsinawitiha,tsi-nawit-ih-a
879,imperative,hinaki,hi-n-aki
879,imperfective,kanehsko'i,ka-n-ehsk-o'i
879,infinitive,unehsti,u-n-ehst-i
879,perfective,unehsv'i,u-n-ehs-v'i
879,present,kane'a,ka-n-e'-a
879,present_1sg,tsine'a,tsi-n-e'-a
880,imperative,hinetliyvna,hi-netl-iy-vna
880,imperfective,kanetliyvhsko'i,ka-netl-iy-vhsk-o'i
880,infinitive,unetliyvhsti,u-netl-iy-vhst-i
880,perfective,unetliyvhsv'i,u-netl-iy-vhs-v'i
880,present,kanetliyv'a,ka-netl-iy-v'-a
880,present_1sg,tsinetliyv'a,tsi-netl-iy-v'-a
882,imperative,hinuka,hi-:n-uka
882,imperfective,kaneko'i,ka-:n-ek-o'i
882,infinitive,uwanvhsti,uwa-:n-vhst-i
882,perfective,uwanvhsv'i,uwa-:n-vhs-v'i
882,present,kaneka,ka-:n-ek-a
882,present_1sg,tsineka,tsi-:n-ek-a
883,imperative,hinekala,hi-nekal-a
883,imperfective,kanekalihsko'i,ka-nekal-ihsk-o'i
883,infinitive,unekalhti,u-nekal-ht-i
883,perfective,unekalvhv'i,u-nekal-vh-v'i
883,present,kanekaliha,ka-nekal-ih-a
883,present_1sg,tsinekaliha,tsi-nekal-ih-a
884,imperative,hineki,hi-ne-ki
884,imperfective,kanekihsko'i,ka-ne-kihsk-o'i
884,infinitive,unekihsti,u-ne-kihst-i
884,perfective,unekihsv'i,u-ne-kihs-v'i
884,present,kaneki'a,ka-ne-ki'-a
884,present_1sg,tsineki'a,tsi-ne-ki'-a
885,imperative,hinekihsi,hi-neki'*-hsi
885,imperfective,kaneki'eho'i,ka-neki'-eh-o'i
885,infinitive,uneki'ehti,u-neki'-eht-i
885,perfective,uneki'elv'i,u-neki'-el-v'i
885,present,kaneki'eha,ka-neki'-eh-a
885,present_1sg,tsineki'eha,tsi-neki'-eh-a
886,imperative,hinekuta,hi-neku-t-a
886,imperfective,kanekutihsko'i,ka-neku-t-ihsk-o'i
886,infinitive,unekutihsti,u-neku-t-ihst-i
886,perfective,unekutv'i,u-neku-t-v'i
886,present,kanekuti'a,ka-neku-t-i'-a
886,present_1sg,tsinekuti'a,tsi-neku-t-i'-a
887,imperative,hinehehsti,hi-:n-eh-ehsti
887,imperfective,kaneho'i,ka-:n-eh-o'i
887,present,kaneha,ka-:n-eh-a
887,present_1sg,tsineha,tsi-:n-eh-a
888,imperative,hinehiya,hi-neh-iy-a
888,imperfective,kanehiyahsko'i,ka-neh-iy-ahsk-o'i
888,infinitive,unehiyahsti,u-neh-iy-ahst-i
888,perfective,unehiyv'i,u-neh-iy-v'i
888,present,kanehiya'a,ka-neh-iy-a'-a
888,present_1sg,tsine'iya'a,tsi-ne'-iy-a'-a
890,imperative,hinewhahtha,hi-newhahth-a
890,imperfective,kanewhahthihsko'i,ka-newhahth-ihsk-o'i
890,infinitive,unewhahthvhti,u-newhahth-vht-i
890,perfective,unewhahthvhv'i,u-newhahth-vh-v'i
890,present,kanewhahthiha,ka-newhahth-ih-a
890,present_1sg,tsinewahthiha,tsi-newahth-ih-a
891,imperative,hinewhita,hi-newhit-a
891,imperfective,kanewhitihsko'i,ka-newhit-ihsk-o'i
891,infinitive,unewhithti,u-newhit-ht-i
891,perfective,unewhitvhv'i,u-newhit-vh-v'i
891,present,kanewhitiha,ka-newhit-ih-a
891,present_1sg,tsinewitiha,tsi-newit-ih-a
893,imperative,hinelehsti,hi-nel-ehsti
893,imperfective,kanelo'i,ka-nel-o'i
893,present,kanela,ka-nel-a
893,present_1sg,tsinela,tsi-nel-a
895,imperative,hinehstalata,hi-nehstal-at-a
895,imperfective,kanehstalatihsko'i,ka-nehstal-at-ihsk-o'i
895,infinitive,unehstalatihsti,u-nehstal-at-ihst-i
895,perfective,unehstalatv'i,u-nehstal-at-v'i
895,present,kanehstalati'a,ka-nehstal-at-i'-a
895,present_1sg,tsinehstalati'a,tsi-nehstal-at-i'-a
896,imperfective,kanehsoyhsko'i,ka-nehsoy-hsk-o'i
896,infinitive,unehsoyhsti,u-nehsoy-hst-i
896,perfective,unehsoyhsv'i,u-nehsoy-hs-v'i
896,present,kanehsoyhska,ka-nehsoy-hsk-a
899,imperative,hinhkehsti,hi-nh-k-ehsti
899,imperfective,kanhko'i,ka-nh-k-o'i
899,present,kanhka,ka-nh-k-a
899,present_1sg,tsinvka,tsi-nv-k-a
901,imperative,hinhkwa'vla,hi-nhkwa'-vla
901,imperfective,kanhkwa'ehsko'i,ka-nhkwa'-ehsk-o'i
901,infinitive,unhkwa'ehti,u-nhkwa'-eht-i
901,perfective,unhkwa'ehv'i,u-nhkwa'-eh-v'i
901,present,kanhkwa'eha,ka-nhkwa'-eh-a
901,present_1sg,tsinhkwa'eha,tsi-nhkwa'-eh-a
902,imperative,hinhtsuka,hi-nhts-uka
902,imperfective,kanhtseko'i,ka-nhts-ek-o'i
902,infinitive,unhtsvhsti,u-nhts-vhst-i
902,perfective,unhtsvhsv'i,u-nhts-vhs-v'i
902,present,kanhtseka,ka-nhts-ek-a
902,present_1sg,tsinvtseka,tsi-nvts-ek-a
903,imperative,hinhtsehehsti,hi-nhts-eh-ehsti
903,imperfective,kanhtseho'i,ka-nhts-eh-o'i
903,present,kanhtseha,ka-nhts-eh-a
903,present_1sg,tsinvtseha,tsi-nvts-eh-a
904,imperative,hinhtsita,hi-nhts-it-a
904,imperfective,kanhtsitoho'i,ka-nhts-it-oh-o'i
904,infinitive,unhtsitahsti,u-nhts-it-ahst-i
904,perfective,unhtsitolv'i,u-nhts-it-ol-v'i
904,present,kanhtsitoha,ka-nhts-it-oh-a
904,present_1sg,tsinvtsitoha,tsi-nvts-it-oh-a
908,imperative,hinita,hi-:n-it-a
908,imperfective,kanitoho'i,ka-:n-it-oh-o'i
908,infinitive,uwanitahsti,uwa-:n-it-ahst-i
908,perfective,uwanitolv'i,uwa-:n-it-ol-v'i
908,present,kanitoha,ka-:n-it-oh-a
908,present_1sg,tsinitoha,tsi-:n-it-oh-a
909,imperative,hinikwathika,hi-nikwat-hika
909,imperfective,kanikwathiho'i,ka-nikwat-hih-o'i
909,infinitive,unikwathihsti,u-nikwat-hihst-i
909,perfective,unikwathilhv'i,u-nikwat-hilh-v'i
909,present,kanikwathiha,ka-nikwat-hih-a
909,present_1sg,tsinikwathiha,tsi-nikwat-hih-a
910,imperative,hinilhata,hi-nilh-at-a
910,imperfective,kanilhatihsko'i,ka-nilh-at-ihsk-o'i
910,infinitive,unilhatihsti,u-nilh-at-ihst-i
910,perfective,unilhatv'i,u-nilh-at-v'i
910,present,kanilhati'a,ka-nilh-at-i'-a
910,present_1sg,tsinilhati'a,tsi-nilh-at-i'-a
913,imperative,hinilata,hi-nilat-a
913,imperfective,kanilatihsko'i,ka-nilat-ihsk-o'i
913,infinitive,unilatihsti,u-nilat-ihst-i
913,perfective,unilatv'i,u-nilat-v'i
913,present,kanilati'a,ka-nilat-i'-a
913,present_1sg,tsinilati'a,tsi-nilat-i'-a
914,imperative,hinihsa,hi->'n-ihs-a
914,imperfective,ka'nihsihsko'i,ka-'n-ihs-ihsk-o'i
914,infinitive,unihsohti,u->'n-ihs-oht-i
914,perfective,unihsanhv'i,u->'n-ihs-anh-v'i
914,present,ka'nihsiha,ka-'n-ihs-ih-a
914,present_1sg,tsinihsiha,tsi->'n-ihs-ih-a
918,imperative,hinohalita,hi-nohal-it-a
918,imperfective,kanohalitoho'i,ka-nohal-it-oh-o'i
918,infinitive,unohalitahsti,u-nohal-it-ahst-i
918,perfective,unohalitolv'i,u-nohal-it-ol-v'i
918,present,kanohalitoha,ka-nohal-it-oh-a
918,present_1sg,tsino'alitoha,tsi-no'al-it-oh-a
921,imperfective,kanohukihsko'i,ka-nohuk-ihsk-o'i
921,infinitive,unohukoti,u-nohuk-ot-i
921,perfective,unohukanv'i,u-nohuk-an-v'i
921,present,kanohuki'a,ka-nohuk-i'-a
924,imperfective,kanolv'vhsko'i,ka-nol-v'vhsk-o'i
924,infinitive,unolvti,u-nol-vt-i
924,perfective,unolvnv'i,u-nol-vn-v'i
924,present,kanolv'vhska,ka-nol-v'vhsk-a
925,imperative,hinohski,hi-nohs-ki
925,imperfective,kanohskihsko'i,ka-nohs-kihsk-o'i
925,infinitive,unohskihsti,u-nohs-kihst-i
925,perfective,unohskihsv'i,u-nohs-kihs-v'i
925,present,kanohski'a,ka-nohs-ki'-a
925,present_1sg,tsinohski'a,tsi-nohs-ki'-a
928,imperative,hinoyvki,hi-noyv-ki
928,imperfective,kanoyvko'i,ka-noyv-k-o'i
928,infinitive,unoyv'ihsti,u-noyv-'ihst-i
928,perfective,unoyvtsv'i,u-noyv-ts-v'i
928,present,kanoyvka,ka-noyv-k-a
928,present_1sg,tsinoyvka,tsi-noyv-k-a
929,imperative,hinahsanaki,hi-nahsan-aki
929,imperfective,kanhsanehsko'i,ka-nhsan-ehsk-o'i
929,infinitive,unhsanehsti,u-nhsan-ehst-i
929,perfective,unhsanehsv'i,u-nhsan-ehs-v'i
929,present,kanhsane'a,ka-nhsan-e'-a
929,present_1sg,tsinahsane'a,tsi-nahsan-e'-a
931,imperative,hinahsinuka,hi-nahs-in-uka
931,imperfective,kanhsineko'i,ka-nhs-in-ek-o'i
931,infinitive,unhsinvhsti,u-nhs-in-vhst-i
931,perfective,unhsinvhsv'i,u-nhs-in-vhs-v'i
931,present,kanhsineka,ka-nhs-in-ek-a
931,present_1sg,tsinahsineka,tsi-nahs-in-ek-a
932,imperative,hinuko'i,hi-nu-ko'i
932,imperfective,kanukoko'i,ka-nu-kok-o'i
932,infinitive,unukohsti,u-nu-kohst-i
932,perfective,unukotsv'i,u-nu-kots-v'i
932,present,kanukoka,ka-nu-kok-a
932,present_1sg,tsinukoka,tsi-nu-kok-a
937,imperative,hinutheyaka,hi-nuthey-aka
937,imperfective,kanutheyoho'i,ka-nuthey-oh-o'i
937,infinitive,unutheyahsti,u-nuthey-ahst-i
937,perfective,unutheyolv'i,u-nuthey-ol-v'i
937,present,kanutheyoha,ka-nuthey-oh-a
937,present_1sg,tsinutheyoha,tsi-nuthey-oh-a
938,imperative,hinvta,hi-nv-t-a
938,imperfective,kanvtihsko'i,ka-nv-t-ihsk-o'i
938,infinitive,unvtihsti,u-nv-t-ihst-i
938,perfective,unvtv'i,u-nv-t-v'i
938,present,kanvti'a,ka-nv-t-i'-a
938,present_1sg,tsinvti'a,tsi-nv-t-i'-a
940,imperative,hinvki,hi-nv-ki
940,imperfective,kanvko'i,ka-nv-k-o'i
940,infinitive,unv'ihsti,u-nv-'ihst-i
940,perfective,unvtsv'i,u-nv-ts-v'i
940,present,kanvka,ka-nv-k-a
940,present_1sg,tsinvka,tsi-nv-k-a
941,imperative,hinvkala,hi-nvkal-a
941,imperfective,kanvkalihsko'i,ka-nvkal-ihsk-o'i
941,infinitive,unvkalhti,u-nvkal-ht-i
941,perfective,unvkalvhv'i,u-nvkal-vh-v'i
941,present,kanvkaliha,ka-nvkal-ih-a
941,present_1sg,tsinvkali'a,tsi-nvkal-i'-a
942,imperative,hinvkwalotsa,hi-nvkwal-otsa
942,imperfective,kanvkwalohsko'i,ka-nvkwal-ohsk-o'i
942,infinitive,unvkwalohsti,u-nvkwal-ohst-i
942,perfective,unvkwalo'v'i,u-nvkwal-o'-v'i
942,present,kanvkwalo'a,ka-nvkwal-o'-a
942,present_1sg,tsinvkwalo'a,tsi-nvkwal-o'-a
946,imperative,hinvlhoka,hi-nvlho-ka
946,imperfective,kanvlhohiho'i,ka-nvlho-hih-o'i
946,infinitive,unvlhohsti,u-nvlho-hst-i
946,perfective,unvlholhv'i,u-nvlho-lh-v'i
946,present,kanvlhohiha,ka-nvlho-hih-a
946,present_1sg,tsinvlhohiha,tsi-nvlho-hih-a
949,imperative,hinvtsita,hi-nvts-it-a
949,imperfective,kanvtsitoho'i,ka-nvts-it-oh-o'i
949,infinitive,unvtsitahsti,u-nvts-it-ahst-i
949,perfective,unvtsitolv'i,u-nvts-it-ol-v'i
949,present,kanvtsitoha,ka-nvts-it-oh-a
949,present_1sg,tsinvtsitoha,tsi-nvts-it-oh-a
950,imperative,hinvhsi,hi-nvn*-hsi
950,imperfective,kanvneho'i,ka-nvn-eh-o'i
950,infinitive,unvnehti,u-nvn-eht-i
950,perfective,unvnelv'i,u-nvn-el-v'i
950,present,kanvneha,ka-nvn-eh-a
950,present_1sg,tsinvneha,tsi-nvn-eh-a
955,imperative,hiyahsatoyha,hiya-:hsato-yha
955,imperfective,kahsatohsko'i,ka-:hsato-hsk-o'i
955,infinitive,uwahsatohsti,uwa-:hsato-hst-i
955,perfective,uwahsatoyhv'i,uwa-:hsato-yh-v'i
955,present,kahsatohska,ka-:hsato-hsk-a
955,present_1sg,tsiyahsatohska,tsiya-:hsato-hsk-a
956,imperative,hiyahsakwaleka,hiya-:hsakwale-ka
956,imperfective,kahsakwalehiho'i,ka-:hsakwale-hih-o'i
956,infinitive,uwahsakwalehsti,uwa-:hsakwale-hst-i
956,perfective,uwahsakwalelhv'i,uwa-:hsakwale-lh-v'i
956,present,kahsakwalehiha,ka-:hsakwale-hih-a
956,present_1sg,tsiyahsakwalehiha,tsiya-:hsakwale-hih-a
960,imperative,hihsanenatvka,hi-:hsanenat-vka
960,imperfective,kahsanenatvhsko'i,ka-:hsanenat-vhsk-o'i
960,infinitive,uwahsanenatvti,uwa-:hsanenat-vt-i
960,perfective,uwahsanenatvnv'i,uwa-:hsanenat-vn-v'i
960,present,kahsanenatvhska,ka-:hsanenat-vhsk-a
960,present_1sg,tsihsanenatvhska,tsi-:hsanenat-vhsk-a
969,imperative,hihsvthvka,hi-:hsvt-hvka
969,imperfective,kahsvthvhsko'i,ka-:hsvt-hvhsk-o'i
969,infinitive,uwahsvthti,uwa-:hsvt-ht-i
969,perfective,uwahsvthanv'i,uwa-:hsvt-han-v'i
969,present,kahsvthvhska,ka-:hsvt-hvhsk-a
969,present_1sg,tsihsvthvhska,tsi-:hsvt-hvhsk-a
970,imperative,hathehsti,h-at-h-ehsti
970,imperfective,katho'i,k-at-h-o'i
970,present,katha,k-at-h-a
973,imperative,hiyathika,hiya-:t-hika
973,imperfective,kathiho'i,ka-:t-hih-o'i
973,infinitive,uwathihsti,uwa-:t-hihst-i
973,perfective,uwathilhv'i,uwa-:t-hilh-v'i
973,present,kathiha,ka-:t-hih-a
973,present_1sg,tsiyathiha,tsiya-:t-hih-a
976,imperative,hathvka,h-at-hvka
976,imperfective,kathvhsko'i,k-at-hvhsk-o'i
976,infinitive,uthti,u->at-ht-i
976,perfective,uthanv'i,u->at-han-v'i
976,present,kathvhska,k-at-hvhsk-a
976,present_1sg,ka'tvhska,k-at-'vhsk-a
979,imperative,hiyawotsa,hiy-aw-otsa
979,imperfective,kawohsko'i,k-aw-ohsk-o'i
979,infinitive,uwohsti,u->aw-ohst-i
979,perfective,uwo'v'i,u->aw-o'-v'i
979,present,kawo'a,k-aw-o'-a
979,present_1sg,tsiyawo'a,tsiy-aw-o'-a
980,imperative,hawohiliyvna,h-awohil-iy-vna
980,imperfective,kawohiliyvhsko'i,k-awohil-iy-vhsk-o'i
980,infinitive,uwohiliyvhsti,u->awohil-iy-vhst-i
980,perfective,uwohiliyvhsv'i,u->awohil-iy-vhs-v'i
980,present,kawohiliyv'a,k-awohil-iy-v'-a
980,present_1sg,kawo'iliyv'a,k-awo'il-iy-v'-a
981,imperative,hiwonhta,hi-wonht-a
981,imperfective,kawonhtihsko'i,ka-wonht-ihsk-o'i
981,infinitive,uwonhtohti,u-wonht-oht-i
981,perfective,uwonhthanv'i,u-wonht-han-v'i
981,present,kawonhtiha,ka-wonht-ih-a
981,present_1sg,tsiwonhtiha,tsi-wonht-ih-a
983,imperative,hiwonihi,hi-won-ihi
983,imperfective,kawonihsko'i,ka-won-ihsk-o'i
983,infinitive,uwonihihsti,u-won-ihihst-i
983,perfective,uwonihsv'i,u-won-ihs-v'i
983,present,kawoniha,ka-won-ih-a
983,present_1sg,tsiwoniha,tsi-won-ih-a
986,imperative,hiyewa,hi-:yew-a
986,imperfective,kayewhsko'i,ka-:yew-hsk-o'i
986,infinitive,uwayewhsti,uwa-:yew-hst-i
986,perfective,uwayewhsv'i,uwa-:yew-hs-v'i
986,present,kayewhska,ka-:yew-hsk-a
986,present_1sg,tsiyewihska,tsi-:yewi-hsk-a
993,imperative,helhuhvka,h-elhu-hvka
993,imperfective,kelhuhvhsko'i,k-elhu-hvhsk-o'i
993,infinitive,uwelhuhvhsti,uw-elhu-hvhst-i
993,perfective,uwelhunhv'i,uw-elhu-nh-v'i
993,present,kelhuhvhska,k-elhu-hvhsk-a
993,present_1sg,keluhvhska,k-elu-hvhsk-a
997,infinitive,uwelihsinvhsti,uw-elihsin-vhst-i
1014,imperative,hiyo'inuka,hiy-o'-in-uka
1014,imperfective,kohineko'i,k-oh-in-ek-o'i
1014,infinitive,uwohinvhsti,uw-oh-in-vhst-i
1014,perfective,uwohinvhsv'i,uw-oh-in-vhs-v'i
1014,present,kohineka,k-oh-in-ek-a
1014,present_1sg,tsiyo'ineka,tsiy-o'-in-ek-a
1015,imperative,hiyo'iyhtahsi,hiy-o'iyhtan*-hsi
1015,imperfective,kohiyhtaneho'i,k-ohiyhtan-eh-o'i
1015,infinitive,uwohiyhtanehti,uw-ohiyhtan-eht-i
1015,perfective,uwohiyhtanelv'i,uw-ohiyhtan-el-v'i
1015,present,kohiyhtaneha,k-ohiyhtan-eh-a
1015,present_1sg,tsiyo'iyhtaneha,tsiy-o'iyhtan-eh-a
1017,imperative,hiyoliki,hiy-oli-ki
1017,imperfective,kolhko'i,k-olh-k-o'i
1017,infinitive,uwolhihsti,uw-olh-ihst-i
1017,perfective,uwolhtsv'i,uw-olh-ts-v'i
1017,present,kolhka,k-olh-k-a
1017,present_1sg,tsiyolika,tsiy-oli-k-a
1018,imperative,holhki,h-olh-ki
1018,imperfective,kolhko'i,k-olh-k-o'i
1018,infinitive,uwolhihsti,uw-olh-ihst-i
1018,perfective,uwolhtsv'i,uw-olh-ts-v'i
1018,present,kolhka,k-olh-k-a
1018,present_1sg,kolika,k-oli-k-a
1021,imperative,holhvhi,h-olhv-hi
1021,imperfective,kolhvhsko'i,k-olhv-hsk-o'i
1021,infinitive,uwolhvhihsti,uw-olhv-hihst-i
1021,perfective,uwolhvhsv'i,uw-olhv-hs-v'i
1021,present,kolhvhska,k-olhv-hsk-a
1021,present_1sg,kolvhska,k-olv-hsk-a
1022,imperative,holhvna,h-olh-vna
1022,imperfective,kolhvhsko'i,k-olh-vhsk-o'i
1022,infinitive,uwolhvnhti,uw-olh-vnht-i
1022,perfective,uwolhvnhv'i,uw-olh-vnh-v'i
1022,present,kolhvhska,k-olh-vhsk-a
1022,present_1sg,kolhvhska,k-olh-vhsk-a
1023,imperative,hohonhta,h-ohonht-a
1023,imperfective,kohonhtihsko'i,k-ohonht-ihsk-o'i
1023,infinitive,uwohonhtohti,uw-ohonht-oht-i
1023,perfective,uwohonhthanv'i,uw-ohonht-han-v'i
1023,present,kohonhtiha,k-ohonht-ih-a
1023,present_1sg,ko'onhtiha,k-o'onht-ih-a
1024,imperative,hohohi,h-oho-hi
1024,imperfective,kohohsko'i,k-oho-hsk-o'i
1024,infinitive,uwohohihsti,uw-oho-hihst-i
1024,perfective,uwohohsv'i,uw-oho-hs-v'i
1024,present,kohohska,k-oho-hsk-a
1024,present_1sg,ko'ohska,k-o'o-hsk-a
1027,imperative,howhelvka,h-owhel-vka
1027,imperfective,kowhelihsko'i,k-owhel-ihsk-o'i
1027,infinitive,uwowheloti,uw-owhel-ot-i
1027,perfective,uwowhelanv'i,uw-owhel-an-v'i
1027,present,kowheli'a,k-owhel-i'-a
1027,present_1sg,koweli'a,k-owel-i'-a
1030,imperative,hotsanaki,h-otsan-aki
1030,imperfective,kotsanehsko'i,k-otsan-ehsk-o'i
1030,infinitive,uwotsanehsti,uw-otsan-ehst-i
1030,perfective,uwotsanehsv'i,uw-otsan-ehs-v'i
1030,present,kotsane'a,k-otsan-e'-a
1030,present_1sg,kotsane'a,k-otsan-e'-a
1038,imperative,hohstvnika,h-ohst-vn-ika
1038,imperfective,kohstvniho'i,k-ohst-vn-ih-o'i
1038,infinitive,uwohstvnihsti,uw-ohst-vn-ihst-i
1038,perfective,uwohstvnilv'i,uw-ohst-vn-il-v'i
1038,present,kohstvniha,k-ohst-vn-ih-a
1038,present_1sg,kohstvniha,k-ohst-vn-ih-a
1040,imperative,hiyohsi,hiy-ohs@-hsi
1040,imperfective,kohseho'i,k-ohs-eh-o'i
1040,infinitive,uwohsehti,uw-ohs-eht-i
1040,perfective,uwohselv'i,uw-ohs-el-v'i
1040,present,kohseha,k-ohs-eh-a
1040,present_1sg,tsiyohseha,tsiy-ohs-eh-a
1041,imperative,hothihi,h-othi-hi
1041,imperfective,kothihsko'i,k-othi-hsk-o'i
1041,infinitive,uwothihihsti,uw-othi-hihst-i
1041,perfective,uwothihsv'i,uw-othi-hs-v'i
1041,present,kothihska,k-othi-hsk-a
1041,present_1sg,kothihska,k-othi-hsk-a
1043,imperative,hothvka,h-ot-hvka
1043,imperfective,kothvhsko'i,k-ot-hvhsk-o'i
1043,infinitive,uwothti,uw-ot-ht-i
1043,perfective,uwothanv'i,uw-ot-han-v'i
1043,present,kothvhska,k-ot-hvhsk-a
1043,present_1sg,kotvhska,k-ot-vhsk-a
1044,imperative,hiyutalaki,hiy-utal-aki
1044,imperfective,kutalehsko'i,k-utal-ehsk-o'i
1044,infinitive,uwutalehsti,uw-utal-ehst-i
1044,perfective,uwutalehsv'i,uw-utal-ehs-v'i
1044,present,kutale'a,k-utal-e'-a
1044,present_1sg,tsiyutale'a,tsiy-utal-e'-a
1045,imperative,hiyutalv'vka,hiy-utal-v'vka
1045,imperfective,kutalvhsko'i,k-utal-vhsk-o'i
1045,infinitive,uwutalvti,uw-utal-vt-i
1045,perfective,uwutalvnv'i,uw-utal-vn-v'i
1045,present,kutalvhska,k-utal-vhsk-a
1045,present_1sg,tsiyutalvhska,tsiy-utal-vhsk-a
1050,imperative,huhalhvka,h-uhal-hvka
1050,imperfective,kuhalhvhsko'i,k-uhal-hvhsk-o'i
1050,infinitive,uwuhalhti,uw-uhal-ht-i
1050,perfective,uwuhalhanv'i,uw-uhal-han-v'i
1050,present,kuhalhvhska,k-uhal-hvhsk-a
1050,present_1sg,ku'alhvhska,k-u'al-hvhsk-a
1052,imperative,huhilotsa,h-uh-il-otsa
1052,imperfective,kuhilohsko'i,k-uh-il-ohsk-o'i
1052,infinitive,uwuhilohsti,uw-uh-il-ohst-i
1052,perfective,uwuhilo'v'i,uw-uh-il-o'-v'i
1052,present,kuhilo'a,k-uh-il-o'-a
1052,present_1sg,ku'ilo'a,k-u'-il-o'-a
1053,imperative,hiyu'ihsta,hiy-u'ihst-a
1053,imperfective,kuhihstihsko'i,k-uhihst-ihsk-o'i
1053,infinitive,uwuhihstohti,uw-uhihst-oht-i
1053,perfective,uwuhihsthanv'i,uw-uhihst-han-v'i
1053,present,kuhihstiha,k-uhihst-ih-a
1053,present_1sg,tsiyu'ihstiha,tsiy-u'ihst-ih-a
1055,imperative,hulhv'vka,h-ulh-v'vka
1055,imperfective,kulhvhsko'i,k-ulh-vhsk-o'i
1055,infinitive,uwulhvti,uw-ulh-vt-i
1055,perfective,uwulhvnv'i,uw-ulh-vn-v'i
1055,present,kulhvhska,k-ulh-vhsk-a
1055,present_1sg,kulhvhska,k-ulh-vhsk-a
1056,imperative,huhvka,h-u-hvka
1056,imperfective,kuhvhsko'i,k-u-hvhsk-o'i
1056,infinitive,uwuhti,uw-u-ht-i
1056,perfective,uwunhv'i,uw-u-nh-v'i
1056,present,kuhvhska,k-u-hvhsk-a
1056,present_1sg,ku'vhska,k-u-'vhsk-a
1060,imperative,hiyuthaki,hiy-uth-aki
1060,imperfective,kuthehsko'i,k-uth-ehsk-o'i
1060,infinitive,uwuthehsti,uw-uth-ehst-i
1060,perfective,uwuthehsv'i,uw-uth-ehs-v'i
1060,present,kuthe'a,k-uth-e'-a
1060,present_1sg,tsiyuthe'a,tsiy-uth-e'-a
1061,imperfective,kuthihsko'i,k-uth-ihsk-o'i
1061,infinitive,uwuthohti,uw-uth-oht-i
1061,perfective,uwuthanhv'i,uw-uth-anh-v'i
1061,present,kuthiha,k-uth-ih-a
1063,imperative,hvkuhsta,h-vkuhst-a
1063,imperfective,kvkuhstihsko'i,k-vkuhst-ihsk-o'i
1063,infinitive,uwakuhstohti,uwa->vkuhst-oht-i
1063,perfective,uwakuhsthanv'i,uwa->vkuhst-han-v'i
1063,present,kvkuhstiha,k-vkuhst-ih-a
1063,present_1sg,kvkuhstiha,k-vkuhst-ih-a
1064,imperfective,kvkuhsko'i,k-vku-hsk-o'i
1064,infinitive,uwakuhsti,uwa->vku-hst-i
1064,perfective,uwakuhsv'i,uwa->vku-hs-v'i
1064,present,kvkuhska,k-vku-hsk-a
1067,imperative,hvnhehsti,h-vn-h-ehsti
1067,imperfective,kvnho'i,k-vn-h-o'i
1067,present,kvnha,k-vn-h-a
1067,present_1sg,kvna,k-vn-a
1070,imperative,hiyvnika,hiy--vn-ika
1070,imperfective,kvnhiho'i,k--vn-hih-o'i
1070,infinitive,uwanhsti,uwa->-vn-hst-i
1070,perfective,uwanhilv'i,uwa->-vn-hil-v'i
1070,present,kvnhiha,k--vn-hih-a
1070,present_1sg,tsiyvniha,tsiy--vn-ih-a
1071,imperative,hvnhihsta,h-vnhihst-a
1071,imperfective,kvnhihstihsko'i,k-vnhihst-ihsk-o'i
1071,infinitive,uwanhihstohti,uwa->vnhihst-oht-i
1071,perfective,uwanhihsthanv'i,uwa->vnhihst-han-v'i
1071,present,kvnhihstiha,k-vnhihst-ih-a
1071,present_1sg,kvnihstiha,k-vnihst-ih-a
1076,imperative,hvtsalhvka,h-vtsal-hvka
1076,imperfective,kvtsalhvhsko'i,k-vtsal-hvhsk-o'i
1076,infinitive,uwvtsalhti,uw-vtsal-ht-i
1076,perfective,uwvtsalhanv'i,uw-vtsal-han-v'i
1076,present,kvtsalhvhska,k-vtsal-hvhsk-a
1076,present_1sg,kvtsalhvhska,k-vtsal-hvhsk-a
1078,imperative,hvnawhta,h-vnawht-a
1078,imperfective,kvnawhtihsko'i,k-vnawht-ihsk-o'i
1078,infinitive,uwanawhtohti,uwa->vnawht-oht-i
1078,perfective,uwanawhthanv'i,uwa->vnawht-han-v'i
1078,present,kvnawhtiha,k-vnawht-ih-a
1078,present_1sg,kvnawotiha,k-vnawot-ih-a
1079,imperative,hvnawohi,h-vnawo-hi
1079,imperfective,kvnawohsko'i,k-vnawo-hsk-o'i
1079,infinitive,uwanawohihsti,uwa->vnawo-hihst-i
1079,perfective,uwanawohsv'i,uwa->vnawo-hs-v'i
1079,present,kvnawohska,k-vnawo-hsk-a
1079,present_1sg,kvnawohska,k-vnawo-hsk-a
1081,imperative,hvnohsa,h-vnohsa-
1081,imperfective,kvnohsahsko'i,k-vnohsa-hsk-o'i
1081,infinitive,uwanohsahsti,uwa->vnohsa-hst-i
1081,perfective,uwanohsahv'i,uwa->vnohsa-h-v'i
1081,present,kvnohsahska,k-vnohsa-hsk-a
1081,present_1sg,kvnohsahska,k-vnohsa-hsk-a
1082,imperative,hvnhi,h-vn-hi
1082,imperfective,kvnhsko'i,k-vn-hsk-o'i
1082,infinitive,uwanhihsti,uwa->vn-hihst-i
1082,perfective,uwanhsv'i,uwa->vn-hs-v'i
1082,present,kvnhska,k-vn-hsk-a
1083,imperative,hvhskalhvka,h-vhskal-hvka
1083,imperfective,kvhskalhvhsko'i,k-vhskal-hvhsk-o'i
1083,infinitive,uwahskalhti,uwa->vhskal-ht-i
1083,perfective,uwahskalhanv'i,uwa->vhskal-han-v'i
1083,present,kvhskalhvhska,k-vhskal-hvhsk-a
1083,present_1sg,kvhskalhvhska,k-vhskal-hvhsk-a
1084,imperative,hvhskalata,h-vhskal-at-a
1084,imperfective,kvhskalatihsko'i,k-vhskal-at-ihsk-o'i
1084,infinitive,uwahskalatihsti,uwa->vhskal-at-ihst-i
1084,perfective,uwahskalatv'i,uwa->vhskal-at-v'i
1084,present,kvhskalati'a,k-vhskal-at-i'-a
1084,present_1sg,kvhskalati'a,k-vhskal-at-i'-a
1085,imperative,hiyvhskalv'vka,hiy-vhskal-v'vka
1085,imperfective,kvhskalvhsko'i,k-vhskal-vhsk-o'i
1085,infinitive,uwahskalvti,uwa->vhskal-vt-i
1085,perfective,uwahskalvnv'i,uwa->vhskal-vn-v'i
1085,present,kvhskalvhska,k-vhskal-vhsk-a
1085,present_1sg,tsiyvhskalvhska,tsiy-vhskal-vhsk-a
1086,imperative,hvhskwalotsa,h-vhskwal-otsa
1086,imperfective,kvhskwalohsko'i,k-vhskwal-ohsk-o'i
1086,infinitive,uwahskwalohsti,uwa->vhskwal-ohst-i
1086,perfective,uwahskwalo'v'i,uwa->vhskwal-o'-v'i
1086,present,kvhskwalo'a,k-vhskwal-o'-a
1086,present_1sg,kvhskwalo'a,k-vhskwal-o'-a
1087,imperative,hvthvka,h-vt-hvka
1087,imperfective,kvthvhsko'i,k-vt-hvhsk-o'i
1087,infinitive,uwvthti,uw-vt-ht-i
1087,perfective,uwvthanv'i,uw-vt-han-v'i
1087,present,kvthvhska,k-vt-hvhsk-a
1087,present_1sg,kvtvhska,k-vt-vhsk-a
1088,imperative,hvwalhvka,h-vwal-hvka
1088,imperfective,kvwalhvhsko'i,k-vwal-hvhsk-o'i
1088,infinitive,uwvwalhti,uw-vwal-ht-i
1088,perfective,uwvwalhanv'i,uw-vwal-han-v'i
1088,present,kvwalhvhska,k-vwal-hvhsk-a
1088,present_1sg,kvwalhvhska,k-vwal-hvhsk-a
1221,imperative,hinhaluhi,hi-nhalu-hi
1221,imperfective,khanaluhsko'i,kha-nalu-hsk-o'i
1221,infinitive,unhaluhihsti,u-nhalu-hihst-i
1221,perfective,unhaluhsv'i,u-nhalu-hs-v'i
1221,present,khanaluhska,kha-nalu-hsk-a
1221,present_1sg,tsinaluhska,tsi-nalu-hsk-a
1224,imperative,hinalvhsta,hi-nalvhst-a
1224,imperfective,khanalvhstihsko'i,kha-nalvhst-ihsk-o'i
1224,infinitive,unhalvhstohti,u-nhalvhst-oht-i
1224,perfective,unhalvhsthanv'i,u-nhalvhst-han-v'i
1224,present,khanalvhstiha,kha-nalvhst-ih-a
1224,present_1sg,tsinalvhstiha,tsi-nalvhst-ih-a
1229,imperative,hinhawoki,hi-nhawo-ki
1229,imperfective,khanawoko'i,kha-nawo-k-o'i
1229,infinitive,unhawohsti,u-nhawo-hst-i
1229,perfective,unhawotsv'i,u-nhawo-ts-v'i
1229,present,khanawoka,kha-nawo-k-a
1229,present_1sg,tsinawoka,tsi-nawo-k-a
1230,imperative,hinheki,hi-nhe-ki
1230,imperfective,khaneko'i,kha-ne-k-o'i
1230,infinitive,unhehsti,u-nhe-hst-i
1230,perfective,unhetsv'i,u-nhe-ts-v'i
1230,present,khaneka,kha-ne-k-a
1230,present_1sg,tsineka,tsi-ne-k-a
1231,imperative,hinhekwata,hi-nhekwat-a
1231,imperfective,khanekwatihsko'i,kha-nekwat-ihsk-o'i
1231,infinitive,unhekwathti,u-nhekwat-ht-i
1231,perfective,unhekwatvhv'i,u-nhekwat-vh-v'i
1231,present,khanekwatiha,kha-nekwat-ih-a
1231,present_1sg,tsinekwatiha,tsi-nekwat-ih-a
1232,imperative,hinhehkwotsa,hi-nhehkw-otsa
1232,imperfective,khanehkwohsko'i,kha-nehkw-ohsk-o'i
1232,infinitive,unhehkwohsti,u-nhehkw-ohst-i
1232,perfective,unhehkwo'v'i,u-nhehkw-o'-v'i
1232,present,khanehkwo'a,kha-nehkw-o'-a
1232,present_1sg,tsinehkwo'a,tsi-nehkw-o'-a
1233,imperative,hinhehkwoki,hi-nhehkwo-ki
1233,imperfective,khanehkwoko'i,kha-nehkwo-k-o'i
1233,infinitive,unhehkwo'ihsti,u-nhehkwo-'ihst-i
1233,perfective,unhehkwotsv'i,u-nhehkwo-ts-v'i
1233,present,khanehkwoka,kha-nehkwo-k-a
1234,imperative,hinhe'ihsta,hi-nhe'ihst-a
1234,imperfective,khane'ihstihsko'i,kha-ne'ihst-ihsk-o'i
1234,infinitive,unhe'ihstohti,u-nhe'ihst-oht-i
1234,perfective,unhe'ihsthanv'i,u-nhe'ihst-han-v'i
1234,present,khane'ihstiha,kha-ne'ihst-ih-a
1234,present_1sg,tsine'ihstiha,tsi-ne'ihst-ih-a
1235,imperfective,khanehsalho'i,kha-nehsal-h-o'i
1235,present,khanehsalha,kha-nehsal-h-a
1236,imperative,hinhehsalhvka,hi-nhehsal-hvka
1236,imperfective,khanehsalhvhsko'i,kha-nehsal-hvhsk-o'i
1236,infinitive,unhehsalhti,u-nhehsal-ht-i
1236,perfective,unhehsalhanv'i,u-nhehsal-han-v'i
1236,present,khanehsalhvhska,kha-nehsal-hvhsk-a
1236,present_1sg,tsinehsalhvhska,tsi-nehsal-hvhsk-a
1241,imperative,hinilhvka,hi-nil-hvka
1241,imperfective,khanilhvhsko'i,kha-nil-hvhsk-o'i
1241,infinitive,unhilhti,u-nhil-ht-i
1241,perfective,unhilhanv'i,u-nhil-han-v'i
1241,present,khanilhvhska,kha-nil-hvhsk-a
1241,present_1sg,tsinilhvhska,tsi-nil-hvhsk-a
1246,imperative,hinhohvla,hi-nho-hvla
1246,imperfective,khanohehsko'i,kha-no-hehsk-o'i
1246,infinitive,unhohehti,u-nho-heht-i
1246,perfective,unhohelhv'i,u-nho-helh-v'i
1246,present,khanoheha,kha-no-heh-a
1246,present_1sg,tsinoheha,tsi-no-heh-a
1247,imperative,hinohiya,hi-noh-iy-a
1247,imperfective,khanohiyahsko'i,kha-noh-iy-ahsk-o'i
1247,infinitive,unhohiyahsti,u-nhoh-iy-ahst-i
1247,perfective,unhohiyv'i,u-nhoh-iy-v'i
1247,present,khanohiya'a,kha-noh-iy-a'-a
1247,present_1sg,tsinohiya'a,tsi-noh-iy-a'-a
1249,imperative,hinoyvla,hi-noy-vla
1249,imperfective,khanoyehsko'i,kha-noy-ehsk-o'i
1249,infinitive,unhoyehti,u-nhoy-eht-i
1249,perfective,unhoyehv'i,u-nhoy-eh-v'i
1249,present,khanoyeha,kha-noy-eh-a
1249,present_1sg,tsinoyeha,tsi-noy-eh-a
1254,imperative,hinhvhsolvhsta,hi-nhvhsolvhst-a
1254,imperfective,khanvhsolvhstihsko'i,kha-nvhsolvhst-ihsk-o'i
1254,infinitive,unhvhsolvhstohti,u-nhvhsolvhst-oht-i
1254,perfective,unhvhsolvhsthanv'i,u-nhvhsolvhst-han-v'i
1254,present,khanvhsolvhstiha,kha-nvhsolvhst-ih-a
1254,present_1sg,tsinvhsolvhstiha,tsi-nvhsolvhst-ih-a
1256,imperative,hinvwvka,hi-nvw-vka
1256,imperfective,khanvwihsko'i,kha-nvw-ihsk-o'i
1256,infinitive,unhvwoti,u-nhvw-ot-i
1256,perfective,unhvwanv'i,u-nhvw-an-v'i
1256,present,khanvwi'a,kha-nvw-i'-a
1256,present_1sg,tsinvwi'a,tsi-nvw-i'-a
1258,imperative,hawholataki,h-awholat-aki
1258,imperfective,khawolatehsko'i,kh-awolat-ehsk-o'i
1258,infinitive,uwholatehsti,u->awholat-ehst-i
1258,perfective,uwholatehsv'i,u->awholat-ehs-v'i
1258,present,khawolate'a,kh-awolat-e'-a
1258,present_1sg,ka'wolate'a,k-a'wolat-e'-a
1308,imperative,nhvnhtaki,n-h-vnht-aki
1308,imperfective,nikvnhtehsko'i,ni-k-vnht-ehsk-o'i
1308,infinitive,iyuwanhtehsti,iy-uwa->vnht-ehst-i
1308,perfective,nuwanhtehsv'i,n-uwa->vnht-ehs-v'i
1308,present,nikvnhte'a,ni-k-vnht-e'-a
1308,present_1sg,nikvnhte'a,ni-k-vnht-e'-a
1309,imperative,nhvnhta,n-h-vnht-a
1309,imperfective,nikvnhtihsko'i,ni-k-vnht-ihsk-o'i
1309,infinitive,iyuwanhtohti,iy-uwa->vnht-oht-i
1309,perfective,nuwanhthanv'i,n-uwa->vnht-han-v'i
1309,present,nikvnhtiha,ni-k-vnht-ih-a
1309,present_1sg,nikvnhtiha,ni-k-vnht-ih-a
1323,imperative,nitsvnhtehsti,ni-ts-vnht-ehsti
1323,imperfective,nuwanhto'i,n-uwa->vnht-o'i
1323,perfective,nuwanhtv'i,n-uwa->vnht-v'i
1323,present,nuwanhti,n-uwa->vnht-i
1323,present_1sg,nakwvnhti,n-akw-vnht-i
1450,infinitive,utatolihstohti,u->ata->:tolihst-oht-i
1451,imperative,tsatakeyuhsehsti,ts-ata-keyu-hs-ehsti
1451,imperfective,utakeyuhso'i,u->ata-keyu-hs-o'i
1451,perfective,utakeyuhsv'i,u->ata-keyu-hs-v'i
1451,present,utakeyuha,u->ata-keyu-h-a
1451,present_1sg,akwatakeyuha,akw-ata-keyu-h-a
1459,imperative,tsatanekoyuhsehsti,ts-ata-nekoyu-hs-ehsti
1459,imperfective,utanekoyuhso'i,u->ata-nekoyu-hs-o'i
1459,perfective,utanekoyuhsv'i,u->ata-nekoyu-hs-v'i
1459,present,utanekoyuha,u->ata-nekoyu-h-a
1459,present_1sg,akwatanekoyuha,akw-ata-nekoyu-h-a
1462,imperative,tsatanhthehsti,ts-at-anht-h-ehsti
1462,imperfective,utanhtho'i,u->at-anht-h-o'i
1462,infinitive,utanhtatihsti,u->at-anht-at-ihst-i
1462,perfective,utanhthv'i,u->at-anht-h-v'i
1462,present,utanhtha,u->at-anht-h-a
1462,present_1sg,akwatanhtha,akw-at-anht-h-a
1470,infinitive,utayvlathti,u->ata-yvlat-ht-i
1471,imperative,tsatuka,ts-at-uka
1471,imperfective,uteko'i,u->at-ek-o'i
1471,infinitive,utinvti,u->at-invt-i
1471,perfective,utinvhsv'i,u->at-invhs-v'i
1471,present,uteka,u->at-ek-a
1471,present_1sg,akwateka,akw-at-ek-a
1476,imperative,tsatethiya,ts-atethiy-a
1476,imperfective,utethiyihsko'i,u->atethiy-ihsk-o'i
1476,infinitive,utethiyhti,u->atethiy-ht-i
1476,perfective,utethiyvhv'i,u->atethiy-vh-v'i
1476,present,utethiyiha,u->atethiy-ih-a
1476,present_1sg,akwatethiyiha,akw-atethiy-ih-a
1478,imperative,tsatilhehkehsti,ts-atilheh-k-ehsti
1478,imperfective,utilhehko'i,u->atilheh-k-o'i
1478,perfective,utilhehkv'i,u->atilheh-k-v'i
1478,present,utilhehka,u->atilheh-k-a
1480,infinitive,utihskalhti,u->ati->vhskal-ht-i
1481,imperative,tsatiwhi,ts-atiw-hi
1481,imperfective,utiwhsko'i,u->atiw-hsk-o'i
1481,infinitive,utiwhihsti,u->atiw-hihst-i
1481,perfective,utiwhsv'i,u->atiw-hs-v'i
1481,present,utiwhska,u->atiw-hsk-a
1481,present_1sg,akwatiwhska,akw-atiw-hsk-a
1483,imperfective,utlanvto'i,u->at-lanvt-o'i
1483,perfective,utlanvtv'i,u->at-lanvt-v'i
1483,present,utlanvta,u->at-lanvt-a
1485,imperative,tsatlahsithvhsi,ts-atlahsithv'*-hsi
1485,imperfective,utlahsithv'eho'i,u->atlahsithv'-eh-o'i
1485,infinitive,utlahsithv'ehti,u->atlahsithv'-eht-i
1485,perfective,utlahsithv'elv'i,u->atlahsithv'-el-v'i
1485,present,utlahsithv'eha,u->atlahsithv'-eh-a
1485,present_1sg,akwatlahsithv'eha,akw-atlahsithv'-eh-a
1487,imperative,tsatleki,ts-atle-ki
1487,imperfective,utleko'i,u->atle-k-o'i
1487,infinitive,utle'ihsti,u->atle-'ihst-i
1487,perfective,utletsv'i,u->atle-ts-v'i
1487,present,utleka,u->atle-k-a
1487,present_1sg,akwatleka,akw-atle-k-a
1489,imperative,tsatli'atehsti,ts-atli'at-ehsti
1489,imperfective,utli'ato'i,u->atli'at-o'i
1489,perfective,utli'atv'i,u->atli'at-v'i
1489,present,utli'ata,u->atli'at-a
1489,present_1sg,akwatli'ata,akw-atli'at-a
1505,infinitive,utuhti,u->at-u-ht-i
1507,imperative,tsatula,ts-atul-a
1507,imperfective,utulihsko'i,u->atul-ihsk-o'i
1507,infinitive,utulhti,u->atul-ht-i
1507,perfective,utulvhv'i,u->atul-vh-v'i
1507,present,utuliha,u->atul-ih-a
1507,present_1sg,akwatuliha,akw-atul-ih-a
1508,imperative,tsatvnv'ihstehsti,ts-atvnv'ihst-ehsti
1508,imperfective,utvnv'ihsto'i,u->atvnv'ihst-o'i
1508,perfective,utvnv'ihstv'i,u->atvnv'ihst-v'i
1508,present,utvnv'ihsti,u->atvnv'ihst-i
1508,present_1sg,akwatvnv'ihsti,akw-atvnv'ihst-i
1514,imperative,tsakanawohi,tsa-kanawo-hi
1514,imperfective,ukanawohsko'i,u-kanawo-hsk-o'i
1514,infinitive,ukanawohihsti,u-kanawo-hihst-i
1514,perfective,ukanawohsv'i,u-kanawo-hs-v'i
1514,present,ukanawohska,u-kanawo-hsk-a
1514,present_1sg,akikanawohska,aki-kanawo-hsk-a
1516,imperative,hikeyuhsehsti,hi-keyu-hs-ehsti
1516,imperfective,ukeyuhso'i,u-keyu-hs-o'i
1516,perfective,ukeyuhsv'i,u-keyu-hs-v'i
1516,present,ukeyuha,u-keyu-h-a
1516,present_1sg,tsikeyu'a,tsi-keyu-'-a
1523,imperative,tsakonhiyoki,tsa-konhiy-o-ki
1523,imperfective,ukonhiyoko'i,u-konhiy-o-k-o'i
1523,infinitive,ukonhiyohsti,u-konhiy-o-hst-i
1523,perfective,ukonhiyotsv'i,u-konhiy-o-ts-v'i
1523,present,ukonhiyoka,u-konhiy-o-k-a
1523,present_1sg,akikonhiyoka,aki-konhiy-o-k-a
1524,imperative,tsakohi,tsa-ko-hi
1524,imperfective,ukohsko'i,u-ko-hsk-o'i
1524,infinitive,ukohihsti,u-ko-hihst-i
1524,perfective,ukohsv'i,u-ko-hs-v'i
1524,present,ukohska,u-ko-hsk-a
1524,present_1sg,akikohska,aki-ko-hsk-a
1530,imperative,tsahehsti,tsa--h-ehsti
1530,imperfective,uho'i,u--h-o'i
1530,perfective,uhv'i,u--h-v'i
1530,present,uha,u--h-a
1530,present_1sg,akiha,aki--h-a
1531,imperative,tsahalhokvla,tsa-halhok-vla
1531,imperfective,uhalhokehsko'i,u-halhok-ehsk-o'i
1531,infinitive,uhalhokehti,u-halhok-eht-i
1531,perfective,uhalhokehv'i,u-halhok-eh-v'i
1531,present,uhalhokeha,u-halhok-eh-a
1531,present_1sg,akhalhokeha,ak-halhok-eh-a
1534,imperative,tsahawohsta,tsa-hawohst-a
1534,imperfective,uhawohstihsko'i,u-hawohst-ihsk-o'i
1534,infinitive,uhawohstohti,u-hawohst-oht-i
1534,perfective,uhawohsthanv'i,u-hawohst-han-v'i
1534,present,uhawohstiha,u-hawohst-ih-a
1534,present_1sg,akihawohstiha,aki-hawohst-ih-a
1535,imperative,tsahihsathehsti,tsa-hihsat-h-ehsti
1535,imperfective,uhihsatho'i,u-hihsat-h-o'i
1535,perfective,uhihsathv'i,u-hihsat-h-v'i
1535,present,uhihsatha,u-hihsat-h-a
1535,present_1sg,akihihsatha,aki-hihsat-h-a
1536,imperative,tsahihsohtahsi,tsa-hihsohtan*-hsi
1536,imperfective,uhihsohtaneho'i,u-hihsohtan-eh-o'i
1536,infinitive,uhihsohtanehti,u-hihsohtan-eht-i
1536,perfective,uhihsohtanelv'i,u-hihsohtan-el-v'i
1536,present,uhihsohtaneha,u-hihsohtan-eh-a
1536,present_1sg,akihihsohtaneha,aki-hihsohtan-eh-a
1537,imperfective,uhihsohto'i,u-hihsoht-o'i
1537,perfective,uhihsohtv'i,u-hihsoht-v'i
1537,present,uhihsohti,u-hihsoht-i
1544,imperative,tshanalvki,tsha-nalv-ki
1544,imperfective,unhalvko'i,u-nhalv-k-o'i
1544,infinitive,unhalv'ihsti,u-nhalv-'ihst-i
1544,perfective,unhalvtsv'i,u-nhalv-ts-v'i
1544,present,unhalvka,u-nhalv-k-a
1544,present_1sg,akhinalvka,akhi-nalv-k-a
1545,imperative,tshanalvhsehsti,tsha-nalv-hs-ehsti
1545,imperfective,unhalvhso'i,u-nhalv-hs-o'i
1545,perfective,unhalvhsv'i,u-nhalv-hs-v'i
1545,present,unhalvha,u-nhalv-h-a
1545,present_1sg,akhinalvha,akhi-nalv-h-a
1548,imperative,tshanahskwalotsa,tsha-nahskwal-otsa
1548,imperfective,unhahskwalohsko'i,u-nhahskwal-ohsk-o'i
1548,infinitive,unhahskwalohsti,u-nhahskwal-ohst-i
1548,perfective,unhahskwalo'v'i,u-nhahskwal-o'-v'i
1548,present,unhahskwalo'a,u-nhahskwal-o'-a
1548,present_1sg,akhinahskwalo'a,akhi-nahskwal-o'-a
1551,imperative,tshanawahsta,tsha-nawahst-a
1551,imperfective,unhawahstihsko'i,u-nhawahst-ihsk-o'i
1551,infinitive,unhawahstohti,u-nhawahst-oht-i
1551,perfective,unhawahsthanv'i,u-nhawahst-han-v'i
1551,present,unhawahstiha,u-nhawahst-ih-a
1551,present_1sg,akhinawahstiha,akhi-nawahst-ih-a
1554,imperative,tsanhihehsti,ts-anhi-h-ehsti
1554,imperfective,unhiho'i,u->anhi-h-o'i
1554,perfective,unhihv'i,u->anhi-h-v'i
1554,present,unhiha,u->anhi-h-a
1554,present_1sg,akwanhiha,akw-anhi-h-a
1557,imperative,tsanhuwehsti,ts-anhuw-ehsti
1557,imperfective,unhuwo'i,u->anhuw-o'i
1557,perfective,unhuwv'i,u->anhuw-v'i
1557,present,unhuwa,u->anhuw-a
1557,present_1sg,akwanhuwa,akw-anhuw-a
1561,imperative,tshawahi,tsha-wa-hi
1561,imperfective,uwhahsko'i,u-wha-hsk-o'i
1561,infinitive,uwhahihsti,u-wha-hihst-i
1561,perfective,uwhahsv'i,u-wha-hs-v'i
1561,present,uwhahska,u-wha-hsk-a
1561,present_1sg,akhiwahska,akhi-wa-hsk-a
1563,imperative,tsayhka,tsa-y-hka
1563,imperfective,uyhoho'i,u-y-hoh-o'i
1563,infinitive,uyhsti,u-y-hst-i
1563,perfective,uyhalv'i,u-y-hal-v'i
1563,present,uyhoha,u-y-hoh-a
1563,present_1sg,akiyhoha,aki-y-hoh-a
1564,imperative,hiyholuhvka,hi-yholu-hvka
1564,imperfective,uyholuhso'i,u-yholu-hs-o'i
1564,infinitive,uyholuhti,u-yholu-ht-i
1564,perfective,uyholuhsv'i,u-yholu-hs-v'i
1564,present,uyholuha,u-yholu-h-a
1564,present_1sg,akhiyoluha,akhi-yolu-h-a
1569,imperfective,uyhvtlo'i,u-yhvtl-o'i
1569,perfective,uyhvtlv'i,u-yhvtl-v'i
1569,present,uyhvtla,u-yhvtl-a
1572,imperative,tshayvhstaka,tsha-yvhst-aka
1572,imperfective,uyhvhstehsko'i,u-yhvhst-ehsk-o'i
1572,infinitive,uyhvhstehsti,u-yhvhst-ehst-i
1572,perfective,uyhvhsta'v'i,u-yhvhst-a'-v'i
1572,present,uyhvhste'a,u-yhvhst-e'-a
1572,present_1sg,akhiyvhste'a,akhi-yvhst-e'-a
1576,imperative,tsatsa'ehsti,ts-atsa'-ehsti
1576,imperfective,utsa'o'i,u->atsa'-o'i
1576,perfective,utsa'v'i,u->atsa'-v'i
1576,present,utsa'a,u->atsa'-a
1576,present_1sg,akwatsa'a,akw-atsa'-a
1580,imperative,hatsetsta,h-atsetst-a
1580,imperfective,utsetsto'i,u->atsetst-o'i
1580,infinitive,utsetstohti,u->atsetst-oht-i
1580,perfective,utsetstv'i,u->atsetst-v'i
1580,present,utsetsti,u->atsetst-i
1580,present_1sg,akwatsetsti,akw-atsetst-i
1585,imperative,hatsonathvka,h-atsonat-hvka
1585,imperfective,utsonatho'i,u->atsonat-h-o'i
1585,infinitive,utsonathti,u->atsonat-ht-i
1585,perfective,utsonathv'i,u->atsonat-h-v'i
1585,present,utsonatha,u->atsonat-h-a
1585,present_1sg,akwatsonatha,akw-atsonat-h-a
1592,infinitive,ukhsathti,u->akhsat-ht-i
1593,infinitive,ukhsehstohti,u->akhsehst-oht-i
1597,imperative,tsakhvhatehsti,tsa-khvhat-ehsti
1597,imperfective,ukhvhato'i,u-khvhat-o'i
1597,perfective,ukhvhatv'i,u-khvhat-v'i
1597,present,ukhvhata,u-khvhat-a
1597,present_1sg,akikhvhata,aki-khvhat-a
1599,imperative,tsakwholuka,tsa-kwhol-uka
1599,imperfective,ukwholeko'i,u-kwhol-ek-o'i
1599,infinitive,ukwholvhsti,u-kwhol-vhst-i
1599,perfective,ukwholvhsv'i,u-kwhol-vhs-v'i
1599,present,ukwholeka,u-kwhol-ek-a
1599,present_1sg,akikwholeka,aki-kwhol-ek-a
1602,imperative,tsalenaka,ts-alena-ka
1602,imperfective,ulenahiho'i,u->alena-hih-o'i
1602,infinitive,ulenahsti,u->alena-hst-i
1602,perfective,ulenalhv'i,u->alena-lh-v'i
1602,present,ulenahiha,u->alena-hih-a
1602,present_1sg,akwalenahiha,akw-alena-hih-a
1604,imperative,tsalitahsta,tsa-litahst-a
1604,imperfective,ulitahstihsko'i,u-litahst-ihsk-o'i
1604,infinitive,ulitahstohti,u-litahst-oht-i
1604,perfective,ulitahsthanv'i,u-litahst-han-v'i
1604,present,ulitahstiha,u-litahst-ih-a
1604,present_1sg,akilitahstiha,aki-litahst-ih-a
1612,imperative,tsaliyeta,tsa-liyet-a
1612,imperfective,uliyetihsko'i,u-liyet-ihsk-o'i
1612,infinitive,uliyetohti,u-liyet-oht-i
1612,perfective,uliyethanv'i,u-liyet-han-v'i
1612,present,uliyetiha,u-liyet-ih-a
1612,present_1sg,akiliyetiha,aki-liyet-ih-a
1613,imperative,tsaliyehsuhsthkehsti,ts-ali-yehsuhsth-k-ehsti
1613,imperfective,uliyehsuhsthko'i,u->ali-yehsuhsth-k-o'i
1613,perfective,uliyehsuhsthkv'i,u->ali-yehsuhsth-k-v'i
1613,present,uliyehsuhsthka,u->ali-yehsuhsth-k-a
1613,present_1sg,akwaliyehsuhsthka,akw-ali-yehsuhsth-k-a
1614,imperfective,ulokilo'i,u-lokil-o'i
1614,perfective,ulokilv'i,u-lokil-v'i
1614,present,ulokila,u-lokil-a
1616,imperative,tsalhstahsi,ts-al-hstanh@-hsi
1616,imperfective,ulhstanheho'i,u->al-hstanh-eh-o'i
1616,infinitive,ulhstanhehti,u->al-hstanh-eht-i
1616,perfective,ulhstanhelv'i,u->al-hstanh-el-v'i
1616,present,ulhstanheha,u->al-hstanh-eh-a
1616,present_1sg,akwalhstanheha,akw-al-hstanh-eh-a
1618,imperative,tsalhstulehsti,ts-al-hstul-ehsti
1618,imperfective,ulhstulo'i,u->al-hstul-o'i
1618,perfective,ulhstulv'i,u->al-hstul-v'i
1618,present,ulhstula,u->al-hstul-a
1618,present_1sg,akwalhstula,akw-al-hstul-a
1621,imperative,tsalhskwalutehsti,ts-al-hskwalut-ehsti
1621,imperfective,ulhskwaluto'i,u->al-hskwalut-o'i
1621,perfective,ulhskwalutv'i,u->al-hskwalut-v'i
1621,present,ulhskwaluta,u->al-hskwalut-a
1621,present_1sg,akwalhskwaluta,akw-al-hskwalut-a
1622,imperative,tsalhskwethuhkehsti,ts-al-hskwethuh-k-ehsti
1622,imperfective,ulhskwethuhko'i,u->al-hskwethuh-k-o'i
1622,perfective,ulhskwethuhkv'i,u->al-hskwethuh-k-v'i
1622,present,ulhskwethuhka,u->al-hskwethuh-k-a
1622,present_1sg,akwalhskwethuhka,akw-al-hskwethuh-k-a
1623,imperative,tsalhsihkehsti,ts-alhsih-k-ehsti
1623,imperfective,ulhsihko'i,u->alhsih-k-o'i
1623,perfective,ulhsihkv'i,u->alhsih-k-v'i
1623,present,ulhsihka,u->alhsih-k-a
1627,imperfective,ulvkwhto'i,u-lvkwht-o'i
1627,perfective,ulvkwhtv'i,u-lvkwht-v'i
1627,present,ulvkwhti,u-lvkwht-i
1627,present_1sg,tsilvkwoti,tsi-lvkwot-i
1629,imperative,tsana'ehsti,tsa-n-a'-ehsti
1629,imperfective,una'o'i,u-n-a'-o'i
1629,perfective,una'v'i,u-n-a'-v'i
1629,present,una'a,u-n-a'-a
1629,present_1sg,akina'a,aki-n-a'-a
1639,imperative,tsanekutsehsti,tsa-nekuts-ehsti
1639,imperfective,unekutso'i,u-nekuts-o'i
1639,perfective,unekutsv'i,u-nekuts-v'i
1639,present,unekutsa,u-nekuts-a
1639,present_1sg,akinekutsa,aki-nekuts-a
1642,infinitive,unehti,u-n-eht-i
1642,infinitive,unehti,u-ne-ht-i
1646,imperative,tsanhthehsti,ts-anht-h-ehsti
1646,imperfective,unhtho'i,u->anht-h-o'i
1646,perfective,unhthv'i,u->anht-h-v'i
1646,present,unhtha,u->anht-h-a
1646,present_1sg,akwanhtha,akw-anht-h-a
1677,imperative,tsahsulehsti,ts-ahsul-ehsti
1677,imperfective,uhsulo'i,u->ahsul-o'i
1677,perfective,uhsulv'i,u->ahsul-v'i
1677,present,uhsula,u->ahsul-a
1677,present_1sg,akwahsula,akw-ahsul-a
1683,imperative,tsthatekvka,ts-thatek-vka
1683,imperfective,uthatekihsko'i,u-thatek-ihsk-o'i
1683,infinitive,uthatekoti,u-thatek-ot-i
1683,perfective,uthatekanv'i,u-thatek-an-v'i
1683,present,uthateki'a,u-thatek-i'-a
1683,present_1sg,akhthateki'a,akh-thatek-i'-a
1684,imperative,tsthalhawohi,ts-thalhawo-hi
1684,imperfective,uthalhawohsko'i,u-thalhawo-hsk-o'i
1684,infinitive,uthalhawohihsti,u-thalhawo-hihst-i
1684,perfective,uthalhawohsv'i,u-thalhawo-hs-v'i
1684,present,uthalhawohska,u-thalhawo-hsk-a
1684,present_1sg,akhthalhawohska,akh-thalhawo-hsk-a
1693,infinitive,uthvtahstohti,u->athvtahst-oht-i
1698,imperative,witsvkhewa,wi-ts-vkhew-a
1698,imperfective,uwakhewhsko'i,uwa->vkhew-hsk-o'i
1698,infinitive,uwakhewhihsti,uwa->vkhew-hihst-i
1698,perfective,uwakhewhsv'i,uwa->vkhew-hs-v'i
1698,present,uwakhewhska,uwa->vkhew-hsk-a
1698,present_1sg,akwvkhewhska,akw-vkhew-hsk-a
1699,imperative,tsakhuleki,tsa-:khule-ki
1699,imperfective,uwakhuleko'i,uwa-:khule-k-o'i
1699,infinitive,uwakhule'ihsti,uwa-:khule-'ihst-i
1699,perfective,uwakhuletsv'i,uwa-:khule-ts-v'i
1699,present,uwakhuleka,uwa-:khule-k-a
1699,present_1sg,akikhuleka,aki-:khule-k-a
1700,imperative,tsanawa,tsa-:naw-a
1700,imperfective,uwanawihsko'i,uwa-:naw-ihsk-o'i
1700,infinitive,uwanawihsti,uwa-:naw-ihst-i
1700,perfective,uwanawv'i,uwa-:naw-v'i
1700,present,uwanawi'a,uwa-:naw-i'-a
1700,present_1sg,akinawi'a,aki-:naw-i'-a
1704,imperative,tsvnvki,ts-vnv-ki
1704,imperfective,uwanvko'i,uwa->vnv-k-o'i
1704,infinitive,uwanvhsti,uwa->vnv-hst-i
1704,perfective,uwanvkv'i,uwa->vnv-k-v'i
1704,present,uwanvka,uwa->vnv-k-a
1704,present_1sg,akwvnvka,akw-vnv-k-a
1708,imperative,tsawhsvki,tsa-:whsv-ki
1708,imperfective,uwawhsvko'i,uwa-:whsv-k-o'i
1708,infinitive,uwawhsvhsti,uwa-:whsv-hst-i
1708,perfective,uwawhsvtsv'i,uwa-:whsv-ts-v'i
1708,present,uwawhsvka,uwa-:whsv-k-a
1708,present_1sg,akiwhsvka,aki-:whsv-k-a
1709,imperative,tsvyehsti,ts-vy-ehsti
1709,imperfective,uwayo'i,uwa->vy-o'i
1709,perfective,uwayv'i,uwa->vy-v'i
1709,present,uwaya,uwa->vy-a
1709,present_1sg,akwvya,akw-vy-a
1710,imperative,tsehihstahsi,ts-ehihstan*-hsi
1710,imperfective,uwehihstaneho'i,uw-ehihstan-eh-o'i
1710,infinitive,uwehihstanehti,uw-ehihstan-eht-i
1710,perfective,uwehihstanelv'i,uw-ehihstan-el-v'i
1710,present,uwehihstaneha,uw-ehihstan-eh-a
1710,present_1sg,akwehihstaneha,akw-ehihstan-eh-a
1729,imperative,tsohiyuhsehsti,ts-ohiyu-hs-ehsti
1729,imperfective,uwohiyuhso'i,uw-ohiyu-hs-o'i
1729,perfective,uwohiyuhsv'i,uw-ohiyu-hs-v'i
1729,present,uwohiyuha,uw-ohiyu-h-a
1729,present_1sg,akwohiyuha,akw-ohiyu-h-a
1730,imperative,tsolhehsti,ts-ol-h-ehsti
1730,imperfective,uwolho'i,uw-ol-h-o'i
1730,perfective,uwolhv'i,uw-ol-h-v'i
1730,present,uwolha,uw-ol-h-a
1730,present_1sg,akwolha,akw-ol-h-a
1741,imperative,tsayohuhsi,tsa-yohuhs@-hsi
1741,imperfective,uyohuhseho'i,u-yohuhs-eh-o'i
1741,infinitive,uyohuhsehti,u-yohuhs-eht-i
1741,perfective,uyohuhselv'i,u-yohuhs-el-v'i
1741,present,uyohuhseha,u-yohuhs-eh-a
1741,present_1sg,akiyohuhseha,aki-yohuhs-eh-a
1754,imperative,whita,w-hi--t-a
1754,imperfective,watihsko'i,w-a--t-ihsk-o'i
1754,infinitive,wutihsti,w-u--t-ihst-i
1754,perfective,wutv'i,w-u--t-v'i
1754,present,wati'a,w-a--t-i'-a
1754,present_1sg,witsiti'a,wi-tsi--t-i'-a
1761,imperative,whihvka,w-hi--hvka
1761,imperfective,wahvhsko'i,w-a--hvhsk-o'i
1761,infinitive,wuhti,w-u--ht-i
1761,perfective,wunhv'i,w-u--nh-v'i
1761,present,wahvhska,w-a--hvhsk-a
1761,present_1sg,witsi'vhska,wi-tsi--'vhsk-a
1765,imperative,whikhthehsti,w-hi-khth-ehsti
1765,imperfective,wakhtho'i,w-a-khth-o'i
1765,perfective,wakhthv'i,w-a-khth-v'i
1765,present,wakhthi,w-a-khth-i
1765,present_1sg,witsikathi,wi-tsi-kath-i
1774,imperative,whiyakhahvka,w-hiya-:kha-hvka
1774,imperfective,wikakhahvhsko'i,wi-ka-:kha-hvhsk-o'i
1774,infinitive,wuwakhohti,w-uwa-:kha*-oht-i
1774,perfective,wuwakhanv'i,w-uwa-:kha-n-v'i
1774,present,wikakhahvhska,wi-ka-:kha-hvhsk-a
1774,present_1sg,witsiyakhahvhska,wi-tsiya-:kha-hvhsk-a
1775,imperative,whinehvka,w-hi-ne-hvka
1775,imperfective,wikanehvhsko'i,wi-ka-ne-hvhsk-o'i
1775,infinitive,wunehti,w-u-ne-ht-i
1775,perfective,wunenhv'i,w-u-ne-nh-v'i
1775,present,wikanehvhska,wi-ka-ne-hvhsk-a
1775,present_1sg,witsine'vhska,wi-tsi-ne-'vhsk-a
1776,imperative,whinv'vka,w-hi-n-v'vka
1776,imperfective,wikanv'vhsko'i,wi-ka-n-v'vhsk-o'i
1776,infinitive,wunvti,w-u-n-vt-i
1776,perfective,wunvnv'i,w-u-n-vn-v'i
1776,present,wikanv'vhska,wi-ka-n-v'vhsk-a
1776,present_1sg,witsinv'vhska,wi-tsi-n-v'vhsk-a
1778,imperative,witsateliki,wi-ts-ateli-ki
1778,imperfective,wuteliko'i,w-u->ateli-k-o'i
1778,infinitive,wutelihsti,w-u->ateli-hst-i
1778,perfective,wutelitsv'i,w-u->ateli-ts-v'i
1778,present,wutelika,w-u->ateli-k-a
1778,present_1sg,wakwatelika,w-akw-ateli-k-a
